name,ticker,status,market,dividend_group,dividend_amount,dividend_annual_amount,dividend_yield_pct,last_dividend_date,next_dividend_estimate,dividend_frequency_days,dividend_summary,etf_nav,etf_premium_pct,etf_summary,etf_now_source_date,etf_now_signal,etf_now_return_pct,etf_now_buy_price,etf_now_buy_date,etf_now_summary,preopen_score,preopen_summary,intraday_1m_score,intraday_1m_trend,intraday_1m_summary,ai_label,ai_score,ai_reason,sector,label,action,action_reason,score,raw_score,technical_score,volume_score,flow_score,news_score,market_score,risk,overheated,chase_risk,market_regime,market_risk,price,daily_close,price_source,change_source,price_drift_pct,change_pct,gap_pct,volume_ratio,trade_value_ratio,liquidity_confirmed,trade_value,rsi,macd_bullish,atr_pct,patterns,reasons,risks,flow,flow_status,foreign_net,institution_net,news,news_source,news_one_line,news_strength,headlines,data_sources,sector_score,sector_risk,sector_summary,mobile_intel_generated_at,mobile_today_score,mobile_ai_explain,mobile_lead_signal,mobile_missed_signal,mobile_risk_signal,mobile_breaking_signal,mobile_sector_rotation,mobile_market_risk,mobile_capital_flow,mobile_theme_link,mobile_position_ai,mobile_sector_keywords,mobile_news_price_forecast,mobile_news_focus
Intact Financial,IFC.TO,ok,캐나다,중간배당,1.47,6.79,2.53,2026-03-17,2026-06-16,91,중간배당 · 최근 1.47 CAD · 연 6.79 CAD · 배당률 2.53% · 최근 지급일 2026-03-17 · 다음 예상 2026-06-16,0.0,0.0,,,,0.0,0.0,,,0.0,,0.0,대기,,AI 관망,61,지금은 확실한 우위가 부족합니다.,캐나다/보험,보류,🚫 제외,리스크 과다,64,90.0,61.0,20.0,0.0,7.0,2.0,26.0,False,True,중립장,11.0,268.49,268.49,fast_quote,calculated,0.0,2.08,1.23,2.12,2.21,True,230901391.0,60.7,True,2.32,거래량 폭발,"추세 상승, 거래량/거래대금 폭발(2.1x/2.2x), 20일 고점 돌파, RSI 건강 구간, MACD 상승, 건전한 갭 상승, 뉴스 키워드: 보통 호재: 투자 / 약한 호재: 상승, 증가","거래대금 부족, 리스크 26 이상으로 신규 관심 제외",수급 확인 불가,no_code,0.0,0.0,"보통 호재: 투자 / 약한 호재: 상승, 증가",google_news,호재 뉴스: Intact Financial (TSX :IFC)이 1 분기 이익 강세와 배당금 재확인 후 5.8 % 상승한 이유와 다음 단계 - simplywal… (2026-05-19),medium,Intact Financial (TSX :IFC)이 1 분기 이익 강세와 배당금 재확인 후 5.8 % 상승한 이유와 다음 단계 - simplywall.st (2026-05-19) | 이익 증가와 꾸준한 언더라이팅이 인텍트 파이낸셜(TSX:IFC)의 투자 서사를 바꿨나요? - simplywall.st (2026-05-08),"yahoo_daily, fast_quote, news:google_news, flow:no_code",0.0,0.0,중립,2026-05-19 21:07:50 PDT,75,관심 · 거래량 2.1배 · 추격 부담 낮음 · 호재 뉴스: Intact Financial (TSX :IFC)이 1 분기 이익 강세와 배당금 재확인 후 5.8 % 상승한 이유,선행 탐지 · 아직 덜 올랐고 거래량 2.1배가 먼저 붙는 중,놓칠 가능성 높음,위험 신호 보통,뉴스+거래량 동시 감지,"보험 흐름 · 평균 +0.57% · 거래량 1.3배 · 대표 Intact Financial, Sun Life, Great-West Lifeco",공격장 · 평균 +0.65% · 하락비중 30% · 관심 종목 압축,수급 확인 불가,대표 테마 연결 대기,기준 현재가 268 · 손절 참고 260 · 1차 익절 참고 279,"최대 호재: 수주, 계약, 실적 개선, 정책 수혜 / 최대 악재: 실적 부진, 규제, 원가 상승, 수요 둔화",호재 영향 예상: +2.0~+3.4% (277.73 CAD 부근까지 시도) · 이탈 기준 263.12 CAD,"호재 뉴스: Intact Financial (TSX :IFC)이 1 분기 이익 강세와 배당금 재확인 후 5.8 % 상승한 이유와 다음 단계 - simplywal… (2026-05-19) · 최대 호재: 수주, 계약, 실적 개선, 정책 수혜 / 최대 악재: 실적 부진, 규제, 원가 상승, 수요 둔화"
Visa,V,ok,미장,해당 없음,0.0,0.0,0.0,,,0,해당 없음,0.0,0.0,,,,0.0,0.0,,,0.0,,0.0,대기,,AI 추천,91,"아직 추격 구간이 아니고 점수, 거래, 뉴스가 같이 양호합니다.",미장/결제,👍 관심,👀 관찰,조건 일부 충족,64,75.0,54.0,12.0,0.0,7.0,2.0,11.0,False,False,중립장,11.0,329.91,329.91,fast_quote,calculated,0.0,-0.82,0.21,1.66,1.7,True,4241257025.0,45.8,True,1.89,눌림 후 재상승,"추세 상승, 눌림 후 재상승, 거래량 증가(1.7x), MACD 상승, 건전한 갭 상승, 뉴스 키워드: 보통 호재: 투자 / 약한 호재: 확대",-,수급 확인 불가,no_code,0.0,0.0,보통 호재: 투자 / 약한 호재: 확대,google_news,호재 뉴스: Visa 주식은 Stochastic RSI가 과매수 상태를 나타내는 가운데 약 $333 근처에서 거래되고 있습니다: 주간 리뷰 (2026-05-19),medium,"Visa 주식은 Stochastic RSI가 과매수 상태를 나타내는 가운데 약 $333 근처에서 거래되고 있습니다: 주간 리뷰 (2026-05-19) | 비자, 수요일 주가 8% 급등한 이유는? (2026-05-18)","yahoo_daily, fast_quote, news:google_news, flow:no_code",0.0,0.0,중립,2026-05-19 21:07:50 PDT,86,우선 감시 · 거래량 1.7배 · 추격 부담 낮음 · 호재 뉴스: Visa 주식은 Stochastic RSI가 과매수 상태를 나타내는 가운데 약 $333 근처에서 거래되고 있습니다,선행 탐지 · 아직 덜 올랐고 거래량 1.7배가 먼저 붙는 중,놓침 위험 낮음,시장 방어장 · 신규 매수는 작게,급변 신호 없음,"결제 흐름 · 평균 -1.01% · 거래량 1.3배 · 대표 Visa, Mastercard",방어장 · 평균 -0.75% · 하락비중 66% · 현금 비중 높게,수급 확인 불가,대표 테마 연결 대기,기준 현재가 330 · 손절 참고 320 · 1차 익절 참고 343,"최대 호재: 수주, 계약, 실적 개선, 정책 수혜 / 최대 악재: 실적 부진, 규제, 원가 상승, 수요 둔화",호재 영향 예상: +2.0~+3.2% (340.47 USD 부근까지 시도) · 이탈 기준 323.31 USD,"호재 뉴스: Visa 주식은 Stochastic RSI가 과매수 상태를 나타내는 가운데 약 $333 근처에서 거래되고 있습니다: 주간 리뷰 (2026-05-19) · 최대 호재: 수주, 계약, 실적 개선, 정책 수혜 / 최대 악재: 실적 부진, 규제, 원가 상승, 수요 둔화"
Vermilion Energy,VET.TO,ok,캐나다,고배당,0.135,0.655,3.6,2026-03-13,2026-06-11,90,고배당 · 최근 0.14 CAD · 연 0.66 CAD · 배당률 3.60% · 최근 지급일 2026-03-13 · 다음 예상 2026-06-11,0.0,0.0,,,,0.0,0.0,,,0.0,,0.0,대기,,AI 관망,77,지금은 확실한 우위가 부족합니다.,캐나다/에너지,보류,🚫 제외,리스크 과다,56,82.0,64.0,12.0,0.0,4.0,2.0,26.0,False,False,중립장,11.0,18.17,18.17,fast_quote,calculated,0.0,3.12,1.02,1.49,1.57,True,33394643.0,52.4,True,3.89,눌림 후 재상승,"추세 상승, 눌림 후 재상승, 거래량 증가(1.5x), RSI 건강 구간, MACD 상승, 건전한 갭 상승, 뉴스 키워드: 보통 호재: 실적","거래대금 부족, 리스크 26 이상으로 신규 관심 제외",수급 확인 불가,no_code,0.0,0.0,보통 호재: 실적,google_news,호재 뉴스: Vermilion Energy(TSX:VET) 1분기 실적 발표 후 여전히 20.6% 저평가로 보이는 이유 - simplywall.st (2026-05-16),medium,Vermilion Energy(TSX:VET) 1분기 실적 발표 후 여전히 20.6% 저평가로 보이는 이유 - simplywall.st (2026-05-16),"yahoo_daily, fast_quote, news:google_news, flow:no_code",0.0,0.0,중립,2026-05-19 21:07:50 PDT,83,우선 감시 · 거래량 1.5배 · 추격 부담 낮음 · 호재 뉴스: Vermilion Energy(TSX:VET) 1분기 실적 발표 후 여전히 20.6% 저평가로 보이는 이유 - s,선행 신호 대기,놓침 위험 낮음,위험 신호 보통,급변 신호 없음,"에너지 흐름 · 평균 +2.47% · 거래량 1.2배 · 대표 Vermilion Energy, Ovintiv, Suncor Energy",공격장 · 평균 +0.65% · 하락비중 30% · 관심 종목 압축,수급 확인 불가,대표 테마 연결 대기,기준 현재가 18 · 손절 참고 17 · 1차 익절 참고 19,"최대 호재: 유가 상승, 가스 가격 상승, 정책 지원, 수소 투자 / 최대 악재: 유가 급락, 정제마진 하락, 환경 규제, 사고",호재 영향 예상: +2.0~+3.6% (18.82 CAD 부근까지 시도) · 이탈 기준 17.81 CAD,"호재 뉴스: Vermilion Energy(TSX:VET) 1분기 실적 발표 후 여전히 20.6% 저평가로 보이는 이유 - simplywall.st (2026-05-16) · 최대 호재: 유가 상승, 가스 가격 상승, 정책 지원, 수소 투자 / 최대 악재: 유가 급락, 정제마진 하락, 환경 규제, 사고"
Walmart,WMT,ok,미장,해당 없음,0.0,0.0,0.0,,,0,해당 없음,0.0,0.0,,,,0.0,0.0,,,0.0,,0.0,대기,,AI 관망,58,지금은 확실한 우위가 부족합니다.,미장/소매,👀 관찰,👀 관찰,조건 일부 충족,53,64.0,55.0,0.0,0.0,7.0,2.0,11.0,False,True,중립장,11.0,134.2,134.2,fast_quote,calculated,0.0,0.64,-0.3,1.05,1.08,True,2273763968.0,67.2,True,1.99,일반 모멘텀,"추세 상승, 20일 고점 돌파, RSI 건강 구간, MACD 상승, 뉴스 키워드: 보통 호재: 실적 / 약한 호재: 확대",-,수급 확인 불가,no_code,0.0,0.0,보통 호재: 실적 / 약한 호재: 확대,google_news,"호재 뉴스: Medicube hits Target, Walmart shelves in U.S. (2026-05-20)",medium,"Medicube hits Target, Walmart shelves in U.S. (2026-05-20) | APR 메디큐브, Target·Walmart 입점으로 U.S. 오프라인 유통 확대 (2026-05-20)","yahoo_daily, fast_quote, news:google_news, flow:no_code",0.0,0.0,중립,2026-05-19 21:07:50 PDT,75,"관심 · 추격 부담 낮음 · 호재 뉴스: Medicube hits Target, Walmart shelves in U.S. (2026-05-20)",선행 신호 대기,놓침 위험 낮음,시장 방어장 · 신규 매수는 작게,급변 신호 없음,"소매 흐름 · 평균 +1.15% · 거래량 1.3배 · 대표 Walmart, Costco",방어장 · 평균 -0.75% · 하락비중 66% · 현금 비중 높게,수급 확인 불가,대표 테마 연결 대기,기준 현재가 134 · 손절 참고 130 · 1차 익절 참고 140,"최대 호재: 수주, 계약, 실적 개선, 정책 수혜 / 최대 악재: 실적 부진, 규제, 원가 상승, 수요 둔화",호재 영향 예상: +2.0~+3.2% (138.49 USD 부근까지 시도) · 이탈 기준 131.52 USD,"호재 뉴스: Medicube hits Target, Walmart shelves in U.S. (2026-05-20) · 최대 호재: 수주, 계약, 실적 개선, 정책 수혜 / 최대 악재: 실적 부진, 규제, 원가 상승, 수요 둔화"
Suncor Energy,SU.TO,ok,캐나다,중간배당,0.6,2.91,3.04,2026-03-04,2026-06-03,91,중간배당 · 최근 0.60 CAD · 연 2.91 CAD · 배당률 3.04% · 최근 지급일 2026-03-04 · 다음 예상 2026-06-03,0.0,0.0,,,,0.0,0.0,,,0.0,,0.0,대기,,AI 관망,54,지금은 확실한 우위가 부족합니다.,캐나다/에너지,보류,🚫 제외,리스크 과다,52,82.0,61.0,12.0,0.0,7.0,2.0,30.0,False,True,중립장,11.0,95.81,95.81,fast_quote,calculated,0.0,1.94,1.05,1.72,1.82,True,793546304.0,62.7,True,2.96,일반 모멘텀,"추세 상승, 거래량 증가(1.7x), 20일 고점 돌파, RSI 건강 구간, MACD 상승, 건전한 갭 상승, 뉴스 키워드: 보통 호재: 실적 / 약한 호재: 상승 / 악재: 하락","거래대금 부족, 뉴스 리스크: 보통 호재: 실적 / 약한 호재: 상승 / 악재: 하락, 리스크 30 이상으로 신규 관심 제외",수급 확인 불가,no_code,0.0,0.0,보통 호재: 실적 / 약한 호재: 상승 / 악재: 하락,google_news,악재 뉴스: 더 큰 환매와 배당금 인상 후 Suncor Energy (TSX :SU) 7.3 % 상승 황소 케이스가 바뀌고 있습니까? - simplywall.st (2026-05-18),medium,더 큰 환매와 배당금 인상 후 Suncor Energy (TSX :SU) 7.3 % 상승 황소 케이스가 바뀌고 있습니까? - simplywall.st (2026-05-18) | TradingKey (2026-05-12),"yahoo_daily, fast_quote, news:google_news, flow:no_code",0.0,0.0,중립,2026-05-19 21:07:50 PDT,59,관망 · 거래량 1.7배 · 추격 부담 낮음 · 악재 뉴스: 더 큰 환매와 배당금 인상 후 Suncor Energy (TSX :SU) 7.3 % 상승 황소 케이스가 바뀌고 있,선행 신호 대기,놓침 위험 낮음,위험 신호 보통,뉴스+거래량 동시 감지,"에너지 흐름 · 평균 +2.47% · 거래량 1.2배 · 대표 Vermilion Energy, Ovintiv, Suncor Energy",공격장 · 평균 +0.65% · 하락비중 30% · 관심 종목 압축,수급 확인 불가,대표 테마 연결 대기,기준 현재가 96 · 손절 참고 93 · 1차 익절 참고 100,"최대 호재: 유가 상승, 가스 가격 상승, 정책 지원, 수소 투자 / 최대 악재: 유가 급락, 정제마진 하락, 환경 규제, 사고",악재 영향 예상: -3.0~-4.7% (91.30 CAD 부근까지 경계) · 회복 기준 97.73 CAD 돌파,"악재 뉴스: 더 큰 환매와 배당금 인상 후 Suncor Energy (TSX :SU) 7.3 % 상승 황소 케이스가 바뀌고 있습니까? - simplywall.st (2026-05-18) · 최대 호재: 유가 상승, 가스 가격 상승, 정책 지원, 수소 투자 / 최대 악재: 유가 급락, 정제마진 하락, 환경 규제, 사고"
한화생명,088350.KS,ok,국장,해당 없음,0.0,0.0,0.0,,,0,해당 없음,0.0,0.0,,,,0.0,0.0,,,-8.0,본장 전/초반 1시간 약세 · 초반 -8.19% · 방어 우선,6.0,양호,1분봉 양호 · 장중 -8.28% · 최근 +0.10%,AI 관망,56,지금은 확실한 우위가 부족합니다.,보험/저PBR,보류,🚫 제외,리스크 과다,51,85.0,52.0,20.0,0.0,11.0,2.0,34.0,False,False,중립장,11.0,5290.0,5800.0,naver_realtime,naver_realtime_calculated,-8.79,-6.7,0.71,2.31,2.32,True,131528369940.0,67.1,True,7.98,거래량 폭발,"추세 상승, 거래량/거래대금 폭발(2.3x/2.3x), RSI 건강 구간, MACD 상승, 건전한 갭 상승, 뉴스 키워드: 보통 호재: 투자, 실적 / 약한 호재: 상승, 증가, 1분봉 양호 · 장중 -8.28% · 최근 +0.10%","변동성 과다, 본장 전/초반 1시간 약세 · 초반 -8.19% · 방어 우선, 리스크 34 이상으로 신규 관심 제외",수급 수집 실패,unavailable,0.0,0.0,"보통 호재: 투자, 실적 / 약한 호재: 상승, 증가",google_news,호재 뉴스: [보험사 재편②]GA 대형화 등 자회사 키운다…보험 넘어 영토확장 | (2026-05-20),medium,[보험사 재편②]GA 대형화 등 자회사 키운다…보험 넘어 영토확장 | (2026-05-20) | 투자 이익 커진 보험사…본업 경쟁력은 골머리 (2026-05-18),"naver_daily, naver_realtime, news:google_news, flow:unavailable, intraday_1m",0.0,0.0,중립,2026-05-19 21:07:50 PDT,66,"관심 · 거래량 2.3배 · 중립 · 한화생명, 예실차 개선…미래수익원 조정 액수 4000억대 찍은 배경 - 블로터 · 2026-05-19T15:45:03",선행 신호 대기,놓칠 가능성 높음,급락 위험 · 거래량 2.3배 동반 하락,급변 감지 · 당일 -6.70%,"보험/저PBR 흐름 · 평균 -5.70% · 거래량 2.8배 · 대표 현대해상, 한화생명",방어장 · 평균 -5.68% · 하락비중 91% · 현금 비중 높게,수급 수집 실패,대표 테마 연결 대기,"기준 현재가 5,290 · 손절 참고 4,868 · 1차 익절 참고 5,818","최대 호재: 수주, 계약, 실적 개선, 정책 수혜 / 최대 악재: 실적 부진, 규제, 원가 상승, 수요 둔화","호재 영향 예상: +4.3~+7.8% (5,704원 부근까지 시도) · 이탈 기준 5,100원","중립 · 한화생명, 예실차 개선…미래수익원 조정 액수 4000억대 찍은 배경 - 블로터 · 2026-05-19T15:45:03+09:00 · 최대 호재: 수주, 계약, 실적 개선, 정책 수혜 / 최대 악재: 실적 부진, 규제, 원가 상승, 수요 둔화"
현대해상,001450.KS,ok,국장,해당 없음,0.0,0.0,0.0,,,0,해당 없음,0.0,0.0,,,,0.0,0.0,,,-8.0,본장 전/초반 1시간 약세 · 초반 -2.05% · 방어 우선,0.0,중립,1분봉 중립 · 장중 -6.65% · 최근 -0.27%,AI 관망,63,지금은 확실한 우위가 부족합니다.,보험/저PBR,보류,🚫 제외,리스크 과다,50,81.0,48.0,20.0,0.0,11.0,2.0,31.0,False,False,중립장,11.0,36550.0,38850.0,naver_realtime,naver_realtime_calculated,-5.92,-4.69,-2.22,3.22,3.45,True,90759863500.0,81.5,True,5.02,"눌림 후 재상승, 거래량 폭발","추세 상승, 눌림 후 재상승, 거래량/거래대금 폭발(3.2x/3.4x), MACD 상승, 뉴스 키워드: 보통 호재: 실적, 투자 / 약한 호재: 상승","RSI 과열, 본장 전/초반 1시간 약세 · 초반 -2.05% · 방어 우선, 리스크 31 이상으로 신규 관심 제외",수급 수집 실패,unavailable,0.0,0.0,"보통 호재: 실적, 투자 / 약한 호재: 상승",google_news,호재 뉴스: 컨센서스 웃돈 실적…해약환급금 제도 바뀌면 배당 재개 (2026-05-20),medium,"컨센서스 웃돈 실적…해약환급금 제도 바뀌면 배당 재개 (2026-05-20) | 삼성자산운용, ‘삼성코리아EMP적격TDF2060’ 출시…한국주식·채권에 집중투자 (2026-05-20)","naver_daily, naver_realtime, news:google_news, flow:unavailable, intraday_1m",0.0,0.0,중립,2026-05-19 21:07:50 PDT,77,"관심 · 거래량 3.2배 · 중립 · 현대해상, AI로 보험업 혁신 속도…“심사부터 보상까지 디지털로” - 뉴스톱 · 2026-05-19T14:16:53+",선행 신호 대기,놓칠 가능성 높음,급락 위험 · 거래량 3.2배 동반 하락,뉴스+거래량 동시 감지,"보험/저PBR 흐름 · 평균 -5.70% · 거래량 2.8배 · 대표 현대해상, 한화생명",방어장 · 평균 -5.68% · 하락비중 91% · 현금 비중 높게,수급 수집 실패,대표 테마 연결 대기,"기준 현재가 36,550 · 손절 참고 34,715 · 1차 익절 참고 38,844","최대 호재: 수주, 계약, 실적 개선, 정책 수혜 / 최대 악재: 실적 부진, 규제, 원가 상승, 수요 둔화","호재 영향 예상: +3.8~+6.9% (39,062원 부근까지 시도) · 이탈 기준 35,724원","중립 · 현대해상, AI로 보험업 혁신 속도…“심사부터 보상까지 디지털로” - 뉴스톱 · 2026-05-19T14:16:53+09:00 · 최대 호재: 수주, 계약, 실적 개선, 정책 수혜 / 최대 악재: 실적 부진, 규제, 원가 상승, 수요 둔화"
Ovintiv,OVV.TO,ok,캐나다,중간배당,0.409,2.078,2.48,2026-03-13,2026-06-12,91,중간배당 · 최근 0.41 CAD · 연 2.08 CAD · 배당률 2.48% · 최근 지급일 2026-03-13 · 다음 예상 2026-06-12,0.0,0.0,,,,0.0,0.0,,,0.0,,0.0,대기,,AI 관망,68,지금은 확실한 우위가 부족합니다.,캐나다/에너지,보류,🚫 제외,리스크 과다,48,74.0,64.0,0.0,0.0,8.0,2.0,26.0,False,False,중립장,11.0,83.77,83.77,fast_quote,calculated,0.0,1.47,0.69,1.23,1.27,True,21713183.0,58.4,True,3.21,눌림 후 재상승,"추세 상승, 눌림 후 재상승, RSI 건강 구간, MACD 상승, 건전한 갭 상승, 뉴스 키워드: 보통 호재: 실적, 승인","거래대금 부족, 리스크 26 이상으로 신규 관심 제외",수급 확인 불가,no_code,0.0,0.0,"보통 호재: 실적, 승인",google_news,호재 뉴스: TradingKey (2026-05-12),medium,"TradingKey (2026-05-12) | Ovintiv, 포트폴리오 재편 완료 후 실적 발표 임박 - Investing.com 한국어 (2026-05-12)","yahoo_daily, fast_quote, news:google_news, flow:no_code",0.0,0.0,중립,2026-05-19 21:07:50 PDT,77,관심 · 거래량 1.2배 · 추격 부담 낮음 · 호재 뉴스: TradingKey (2026-05-12),선행 탐지 · 아직 덜 올랐고 거래량 1.2배가 먼저 붙는 중,놓침 위험 낮음,위험 신호 보통,급변 신호 없음,"에너지 흐름 · 평균 +2.47% · 거래량 1.2배 · 대표 Vermilion Energy, Ovintiv, Suncor Energy",공격장 · 평균 +0.65% · 하락비중 30% · 관심 종목 압축,수급 확인 불가,대표 테마 연결 대기,기준 현재가 84 · 손절 참고 81 · 1차 익절 참고 87,"최대 호재: 유가 상승, 가스 가격 상승, 정책 지원, 수소 투자 / 최대 악재: 유가 급락, 정제마진 하락, 환경 규제, 사고",호재 영향 예상: +3.2~+5.7% (88.57 CAD 부근까지 시도) · 이탈 기준 82.09 CAD,"호재 뉴스: TradingKey (2026-05-12) · 최대 호재: 유가 상승, 가스 가격 상승, 정책 지원, 수소 투자 / 최대 악재: 유가 급락, 정제마진 하락, 환경 규제, 사고"
TIGER 미국S&P500,360750.KS,ok,국장,해당 없음,0.0,0.0,0.0,,,0,해당 없음,27506.54,-0.1,"NAV 27,507원 · 괴리율 -0.10% · 저평가",,,0.0,0.0,,ETF NOW 보유/매수 신호 없음 · 2026-05-20 기준,0.0,본장 전/초반 1시간 중립 · 초반 +0.07%,10.0,양호,1분봉 양호 · 장중 -0.24% · 최근 +0.07%,AI 관망,56,지금은 확실한 우위가 부족합니다.,국장/TIGER ETF/미국지수,👀 관찰,👀 관찰,조건 일부 충족,48,59.0,46.0,0.0,0.0,11.0,2.0,11.0,False,False,중립장,11.0,27480.0,27605.0,naver_realtime,naver_realtime_calculated,-0.45,0.44,0.22,1.16,1.2,True,474010818960.0,77.3,True,0.95,일반 모멘텀,"추세 상승, MACD 상승, 건전한 갭 상승, 뉴스 키워드: 강한 호재: 공급 / 보통 호재: 투자, 1분봉 양호 · 장중 -0.24% · 최근 +0.07%",-,수급 수집 실패,unavailable,0.0,0.0,강한 호재: 공급 / 보통 호재: 투자,google_news,호재 뉴스: [주식마감] 글로벌 빅테크 보안칩 공급에 아이씨티케이 상한가... 코스모로보틱스·티엠씨 등 강세 (2026-05-19),strong,"[주식마감] 글로벌 빅테크 보안칩 공급에 아이씨티케이 상한가... 코스모로보틱스·티엠씨 등 강세 (2026-05-19) | 공격적인 '70대 실버개미', 거래빈도 20대 4배…수익은 13배 (2026-05-19)","naver_daily, naver_realtime, news:google_news, flow:unavailable, intraday_1m, etf_now",0.0,0.0,중립,2026-05-19 21:07:50 PDT,75,"관심 · 추격 부담 낮음 · 중립 · [퇴직연금 ETF]미래에셋자산운용, 'TIGER 미국S&P500'…미국 우량주 장기투자 '바이블' - PRESS9 ·",선행 탐지 · 아직 덜 올랐고 거래량 1.2배가 먼저 붙는 중,놓침 위험 낮음,시장 방어장 · 신규 매수는 작게,급변 신호 없음,"TIGER ETF/미국지수 흐름 · 평균 +0.33% · 거래량 1.2배 · 대표 TIGER 미국S&P500, TIGER 미국나스닥100",방어장 · 평균 -5.68% · 하락비중 91% · 현금 비중 높게,수급 수집 실패,대표 테마 연결 대기,"기준 현재가 27,480 · 손절 참고 26,656 · 1차 익절 참고 28,579","최대 호재: 수주, 계약, 실적 개선, 정책 수혜 / 최대 악재: 실적 부진, 규제, 원가 상승, 수요 둔화","호재 영향 예상: +2.0~+3.2% (28,359원 부근까지 시도) · 이탈 기준 26,930원","중립 · [퇴직연금 ETF]미래에셋자산운용, 'TIGER 미국S&P500'…미국 우량주 장기투자 '바이블' - PRESS9 · 2026-05-19T15:22:23+09:00 · 최대 호재: 수주, 계약, 실적 개선, 정책 수혜 / 최대 악재: 실적 부진, 규제, 원가 상승, 수요 둔화"
TIGER 미국배당다우존스,458730.KS,ok,국장,해당 없음,0.0,0.0,0.0,,,0,해당 없음,15339.25,0.07,"NAV 15,339원 · 괴리율 +0.07% · 고평가",,,0.0,0.0,,ETF NOW 보유/매수 신호 없음 · 2026-05-20 기준,0.0,본장 전/초반 1시간 중립 · 초반 +0.29%,10.0,양호,1분봉 양호 · 장중 +0.00% · 최근 +0.03%,AI 관망,30,지금은 확실한 우위가 부족합니다.,국장/TIGER ETF/미국배당,👀 관찰,👀 관찰,조건 일부 충족,48,67.0,61.0,0.0,0.0,4.0,2.0,19.0,False,True,중립장,11.0,15350.0,15315.0,naver_realtime,naver_realtime_calculated,0.23,2.13,0.67,1.03,1.07,True,40467604100.0,74.8,True,0.91,일반 모멘텀,"추세 상승, 20일 고점 돌파, MACD 상승, 건전한 갭 상승, 뉴스 키워드: 보통 호재: 투자, 1분봉 양호 · 장중 +0.00% · 최근 +0.03%",20일 범위 상단 추격,수급 수집 실패,unavailable,0.0,0.0,보통 호재: 투자,google_news,호재 뉴스: TIGER 미국배당다우존스(458730) (2026-05-20),medium,TIGER 미국배당다우존스(458730) (2026-05-20) | 연금개미도 '바이 코리아'…세대별 '황금 포트폴리오'는 [투자톡] (2026-05-16),"naver_daily, naver_realtime, news:google_news, flow:unavailable, intraday_1m, etf_now",,,섹터 확인 부족,2026-05-19 21:07:50 PDT,68,관심 · 추격 부담 낮음 · 호재 뉴스: TIGER 미국배당다우존스(458730) (2026-05-20),선행 신호 대기,놓침 위험 낮음,시장 방어장 · 신규 매수는 작게,급변 신호 없음,TIGER ETF/미국배당 흐름 · 평균 +2.13% · 거래량 1.0배 · 대표 TIGER 미국배당다우존스,방어장 · 평균 -5.68% · 하락비중 91% · 현금 비중 높게,수급 수집 실패,대표 테마 연결 대기,"기준 현재가 15,350 · 손절 참고 14,890 · 1차 익절 참고 15,964","최대 호재: 수주, 계약, 실적 개선, 정책 수혜 / 최대 악재: 실적 부진, 규제, 원가 상승, 수요 둔화","호재 영향 예상: +2.0~+3.2% (15,841원 부근까지 시도) · 이탈 기준 15,043원","호재 뉴스: TIGER 미국배당다우존스(458730) (2026-05-20) · 최대 호재: 수주, 계약, 실적 개선, 정책 수혜 / 최대 악재: 실적 부진, 규제, 원가 상승, 수요 둔화"
Constellation Software,CSU.TO,ok,캐나다,저배당,1.386,6.946,0.25,2026-03-27,2026-06-26,91,저배당 · 최근 1.39 CAD · 연 6.95 CAD · 배당률 0.25% · 최근 지급일 2026-03-27 · 다음 예상 2026-06-26,0.0,0.0,,,,0.0,0.0,,,0.0,,0.0,대기,,AI 관망,31,지금은 확실한 우위가 부족합니다.,캐나다/소프트웨어,보류,🚫 제외,리스크 과다,45,71.0,41.0,20.0,0.0,8.0,2.0,26.0,False,True,중립장,11.0,2729.71,2729.71,fast_quote,calculated,0.0,4.49,0.48,2.55,2.77,True,385980988.0,67.7,True,4.8,거래량 폭발,"거래량/거래대금 폭발(2.6x/2.8x), 20일 고점 돌파, RSI 건강 구간, MACD 상승, 건전한 갭 상승, 뉴스 키워드: 보통 호재: 실적, 투자","거래대금 부족, 리스크 26 이상으로 신규 관심 제외",수급 확인 불가,no_code,0.0,0.0,"보통 호재: 실적, 투자",google_news,호재 뉴스: 결과 Constellation Software Inc. 예상치를 상회하는 실적과 애널리스트들의 새로운 전망치 발표 - simplywall.st (2026-05-14),medium,결과 Constellation Software Inc. 예상치를 상회하는 실적과 애널리스트들의 새로운 전망치 발표 - simplywall.st (2026-05-14) | 투자자들이 Constellation Software (TSX :CSU) 급증하는 2026 년 1 분기 수익 및 AI 중심 전략에 반응하는 방법 - simplywall.st (2026-05-13),"yahoo_daily, fast_quote, news:google_news, flow:no_code",0.0,0.0,중립,2026-05-19 21:07:50 PDT,68,관심 · 거래량 2.5배 · 호재 뉴스: 결과 Constellation Software Inc. 예상치를 상회하는 실적과 애널리스트들의 새로운 전망치 발표,선행 신호 대기,놓침 위험 낮음,위험 신호 보통,뉴스+거래량 동시 감지,"소프트웨어 흐름 · 평균 +2.65% · 거래량 2.0배 · 대표 Constellation Software, OpenText",공격장 · 평균 +0.65% · 하락비중 30% · 관심 종목 압축,수급 확인 불가,대표 테마 연결 대기,"기준 현재가 2,730 · 손절 참고 2,599 · 1차 익절 참고 2,893","최대 호재: 수주, 계약, 실적 개선, 정책 수혜 / 최대 악재: 실적 부진, 규제, 원가 상승, 수요 둔화","호재 영향 예상: +3.2~+5.8% (2,887.21 CAD 부근까지 시도) · 이탈 기준 2,670.75 CAD","호재 뉴스: 결과 Constellation Software Inc. 예상치를 상회하는 실적과 애널리스트들의 새로운 전망치 발표 - simplywall.st (2026-05-14) · 최대 호재: 수주, 계약, 실적 개선, 정책 수혜 / 최대 악재: 실적 부진, 규제, 원가 상승, 수요 둔화"
TIGER 미국우주테크,0183J0,ok,국장,해당 없음,0.0,0.0,0.0,,,0,해당 없음,13716.44,-0.81,"NAV 13,716원 · 괴리율 -0.81% · 저평가",,,0.0,0.0,,ETF NOW 보유/매수 신호 없음 · 2026-05-20 기준,0.0,1분봉 데이터 부족,0.0,대기,1분봉 데이터 부족,ETF 관찰,55,신규 ETF라 장기 데이터는 부족합니다. 현재가와 괴리율 중심으로 확인합니다.,국장/TIGER ETF/미국우주,👀 관찰,👀 괴리율 확인,ETF는 NAV 괴리율과 기초자산 흐름 확인,45,45.0,15.0,0.0,0.0,0.0,2.0,6.0,False,False,중립장,11.0,13605.0,13605.0,naver_realtime,naver_realtime,0.0,0.0,0.0,1.0,1.0,True,0.0,50.0,False,0.0,ETF 괴리율 확인,"NAV 13,716원 · 괴리율 -0.81% · 저평가 · ETF NOW 보유/매수 신호 없음 · 2026-05-20 기준",신규 ETF는 장기 데이터 부족,ETF 수급 별도 확인,etf,0.0,0.0,ETF 기초자산 흐름 확인,etf,ETF는 현재가와 NAV 괴리율을 같이 확인합니다.,none,-,"naver_realtime, naver_etf_nav, etf_now",,,섹터 확인 부족,2026-05-19 21:07:50 PDT,61,관망 · 추격 부담 낮음 · ETF는 현재가와 NAV 괴리율을 같이 확인합니다.,선행 신호 대기,놓침 위험 낮음,시장 방어장 · 신규 매수는 작게,급변 신호 없음,TIGER ETF/미국우주 흐름 · 평균 +0.00% · 거래량 1.0배 · 대표 TIGER 미국우주테크,방어장 · 평균 -5.68% · 하락비중 91% · 현금 비중 높게,ETF 수급 별도 확인,우주항공 → 위성 → 통신장비 → 소재,"기준 현재가 13,605 · 손절 참고 13,197 · 1차 익절 참고 14,149","최대 호재: 수주, 계약, 실적 개선, 정책 수혜 / 최대 악재: 실적 부진, 규제, 원가 상승, 수요 둔화",뉴스 영향 예상: 방향성 약함 · 가격/거래량 확인 우선,"ETF는 현재가와 NAV 괴리율을 같이 확인합니다. · 최대 호재: 수주, 계약, 실적 개선, 정책 수혜 / 최대 악재: 실적 부진, 규제, 원가 상승, 수요 둔화"
Tourmaline Oil,TOU.TO,ok,캐나다,중간배당,0.5,3.8,5.53,2026-03-16,2026-05-08,53,중간배당 · 최근 0.50 CAD · 연 3.80 CAD · 배당률 5.53% · 최근 지급일 2026-03-16 · 다음 예상 2026-05-08,0.0,0.0,,,,0.0,0.0,,,0.0,,0.0,대기,,AI 관망,28,지금은 확실한 우위가 부족합니다.,캐나다/천연가스,보류,🚫 제외,리스크 과다,41,67.0,61.0,0.0,0.0,4.0,2.0,26.0,False,True,중립장,11.0,68.73,68.73,fast_quote,calculated,0.0,1.82,1.56,1.11,1.18,True,180340655.0,68.9,True,2.63,일반 모멘텀,"추세 상승, 20일 고점 돌파, RSI 건강 구간, MACD 상승, 건전한 갭 상승, 뉴스 키워드: 보통 호재: 투자","거래대금 부족, 리스크 26 이상으로 신규 관심 제외",수급 확인 불가,no_code,0.0,0.0,보통 호재: 투자,google_news,호재 뉴스: 토르말린 오일의 2026 년 1 분기 수익 급증 (TSX :TOU)이 투자 스토리를 바꾼 방법 - simplywall.st (2026-05-16),medium,토르말린 오일의 2026 년 1 분기 수익 급증 (TSX :TOU)이 투자 스토리를 바꾼 방법 - simplywall.st (2026-05-16),"yahoo_daily, fast_quote, news:google_news, flow:no_code",0.0,0.0,중립,2026-05-19 21:07:50 PDT,64,관망 · 추격 부담 낮음 · 호재 뉴스: 토르말린 오일의 2026 년 1 분기 수익 급증 (TSX :TOU)이 투자 스토리를 바꾼 방법 - simplywa,선행 신호 대기,놓침 위험 낮음,위험 신호 보통,급변 신호 없음,"천연가스 흐름 · 평균 +3.04% · 거래량 1.2배 · 대표 Tourmaline Oil, Birchcliff Energy, ARC Resources",공격장 · 평균 +0.65% · 하락비중 30% · 관심 종목 압축,수급 확인 불가,대표 테마 연결 대기,기준 현재가 69 · 손절 참고 67 · 1차 익절 참고 71,"최대 호재: 수주, 계약, 실적 개선, 정책 수혜 / 최대 악재: 실적 부진, 규제, 원가 상승, 수요 둔화",호재 영향 예상: +2.0~+3.2% (70.93 CAD 부근까지 시도) · 이탈 기준 67.36 CAD,"호재 뉴스: 토르말린 오일의 2026 년 1 분기 수익 급증 (TSX :TOU)이 투자 스토리를 바꾼 방법 - simplywall.st (2026-05-16) · 최대 호재: 수주, 계약, 실적 개선, 정책 수혜 / 최대 악재: 실적 부진, 규제, 원가 상승, 수요 둔화"
Imperial Oil,IMO.TO,ok,캐나다,중간배당,0.87,3.75,1.98,2026-03-05,2026-06-05,92,중간배당 · 최근 0.87 CAD · 연 3.75 CAD · 배당률 1.98% · 최근 지급일 2026-03-05 · 다음 예상 2026-06-05,0.0,0.0,,,,0.0,0.0,,,0.0,,0.0,대기,,AI 관망,35,지금은 확실한 우위가 부족합니다.,캐나다/에너지,보류,🚫 제외,리스크 과다,41,67.0,61.0,0.0,0.0,4.0,2.0,26.0,False,True,중립장,11.0,189.41,189.41,fast_quote,calculated,0.0,2.24,2.34,1.02,1.09,True,131639952.0,64.4,True,2.95,일반 모멘텀,"추세 상승, 20일 고점 돌파, RSI 건강 구간, MACD 상승, 건전한 갭 상승, 뉴스 키워드: 보통 호재: 실적","거래대금 부족, 리스크 26 이상으로 신규 관심 제외",수급 확인 불가,no_code,0.0,0.0,보통 호재: 실적,google_news,호재 뉴스: TradingKey (2026-05-13),medium,TradingKey (2026-05-13) | 임페리얼 오일의 실적이 애널리스트 예상치를 하회했습니다: 애널리스트들의 현재 전망은 다음과 같습니다. - simplywall.st (2026-05-07),"yahoo_daily, fast_quote, news:google_news, flow:no_code",0.0,0.0,중립,2026-05-19 21:07:50 PDT,64,관망 · 추격 부담 낮음 · 호재 뉴스: TradingKey (2026-05-13),선행 신호 대기,놓침 위험 낮음,위험 신호 보통,급변 신호 없음,"에너지 흐름 · 평균 +2.47% · 거래량 1.2배 · 대표 Vermilion Energy, Ovintiv, Suncor Energy",공격장 · 평균 +0.65% · 하락비중 30% · 관심 종목 압축,수급 확인 불가,대표 테마 연결 대기,기준 현재가 189 · 손절 참고 184 · 1차 익절 참고 197,"최대 호재: 유가 상승, 가스 가격 상승, 정책 지원, 수소 투자 / 최대 악재: 유가 급락, 정제마진 하락, 환경 규제, 사고",호재 영향 예상: +2.0~+3.2% (195.47 CAD 부근까지 시도) · 이탈 기준 185.62 CAD,"호재 뉴스: TradingKey (2026-05-13) · 최대 호재: 유가 상승, 가스 가격 상승, 정책 지원, 수소 투자 / 최대 악재: 유가 급락, 정제마진 하락, 환경 규제, 사고"
Coca-Cola,KO,ok,미장,해당 없음,0.0,0.0,0.0,,,0,해당 없음,0.0,0.0,,,,0.0,0.0,,,0.0,,0.0,대기,,AI 관망,26,지금은 확실한 우위가 부족합니다.,미장/필수소비재,👀 관찰,대기,매매 근거 부족,41,60.0,51.0,0.0,0.0,7.0,2.0,19.0,False,True,중립장,11.0,81.92,81.92,fast_quote,calculated,0.0,0.89,0.26,1.13,1.17,True,1358880737.0,75.3,True,1.4,일반 모멘텀,"추세 상승, 20일 고점 돌파, MACD 상승, 건전한 갭 상승, 뉴스 키워드: 보통 호재: 투자 / 약한 호재: 상승",20일 범위 상단 추격,수급 확인 불가,no_code,0.0,0.0,보통 호재: 투자 / 약한 호재: 상승,google_news,"호재 뉴스: 코카콜라 낸시 콴 EVP, KO 주식 256만 달러 매도 - Investing.com 한국어 (2026-05-20)",medium,"코카콜라 낸시 콴 EVP, KO 주식 256만 달러 매도 - Investing.com 한국어 (2026-05-20) | 03화 3화 배당성장투자의 정석 코카콜라 (2026-05-20)","yahoo_daily, fast_quote, news:google_news, flow:no_code",0.0,0.0,중립,2026-05-19 21:07:50 PDT,62,"관망 · 추격 부담 낮음 · 호재 뉴스: 코카콜라 낸시 콴 EVP, KO 주식 256만 달러 매도 - Investing.com 한국어 (2026-05-20",선행 신호 대기,놓침 위험 낮음,시장 방어장 · 신규 매수는 작게,급변 신호 없음,"필수소비재 흐름 · 평균 +0.33% · 거래량 1.3배 · 대표 Coca-Cola, PepsiCo, Procter & Gamble",방어장 · 평균 -0.75% · 하락비중 66% · 현금 비중 높게,수급 확인 불가,대표 테마 연결 대기,기준 현재가 82 · 손절 참고 79 · 1차 익절 참고 85,"최대 호재: 수주, 계약, 실적 개선, 정책 수혜 / 최대 악재: 실적 부진, 규제, 원가 상승, 수요 둔화",호재 영향 예상: +2.0~+3.2% (84.54 USD 부근까지 시도) · 이탈 기준 80.28 USD,"호재 뉴스: 코카콜라 낸시 콴 EVP, KO 주식 256만 달러 매도 - Investing.com 한국어 (2026-05-20) · 최대 호재: 수주, 계약, 실적 개선, 정책 수혜 / 최대 악재: 실적 부진, 규제, 원가 상승, 수요 둔화"
TIGER 미국AI빅테크10,490090.KS,ok,국장,해당 없음,0.0,0.0,0.0,,,0,해당 없음,17135.37,-0.03,"NAV 17,135원 · 괴리율 -0.03% · 저평가",,,0.0,0.0,,ETF NOW 보유/매수 신호 없음 · 2026-05-20 기준,0.0,본장 전/초반 1시간 중립 · 초반 +0.00%,6.0,양호,1분봉 양호 · 장중 -0.32% · 최근 +0.09%,AI 관망,44,지금은 확실한 우위가 부족합니다.,국장/TIGER ETF/미국AI,👀 관찰,대기,매매 근거 부족,40,63.0,42.0,12.0,0.0,7.0,2.0,23.0,False,False,중립장,11.0,17130.0,17270.0,naver_realtime,naver_realtime_calculated,-0.81,-0.09,0.12,1.67,1.73,True,6904726140.0,78.9,True,1.32,일반 모멘텀,"추세 상승, 거래량 증가(1.7x), MACD 상승, 건전한 갭 상승, 뉴스 키워드: 강한 호재: 공급, 1분봉 양호 · 장중 -0.32% · 최근 +0.09%",RSI 과열,수급 수집 실패,unavailable,0.0,0.0,강한 호재: 공급,google_news,호재 뉴스: [재테크 인사이트] 2026년 5월 IRP 최적 포트폴리오… AI 성장성과 배당 안정성의 황금 밸런스 (2026-05-20),strong,[재테크 인사이트] 2026년 5월 IRP 최적 포트폴리오… AI 성장성과 배당 안정성의 황금 밸런스 (2026-05-20) | [주식마감] 글로벌 빅테크 보안칩 공급에 아이씨티케이 상한가... 코스모로보틱스·티엠씨 등 강세 (2026-05-19),"naver_daily, naver_realtime, news:google_news, flow:unavailable, intraday_1m, etf_now",,,섹터 확인 부족,2026-05-19 21:07:50 PDT,62,관망 · 거래량 1.7배 · 추격 부담 낮음 · 호재 뉴스: [재테크 인사이트] 2026년 5월 IRP 최적 포트폴리오… AI 성장성과 배당 안정성의 황금 밸런스 (2026-,선행 탐지 · 아직 덜 올랐고 거래량 1.7배가 먼저 붙는 중,놓침 위험 낮음,시장 방어장 · 신규 매수는 작게,급변 신호 없음,TIGER ETF/미국AI 흐름 · 평균 -0.09% · 거래량 1.7배 · 대표 TIGER 미국AI빅테크10,방어장 · 평균 -5.68% · 하락비중 91% · 현금 비중 높게,수급 수집 실패,대표 테마 연결 대기,"기준 현재가 17,130 · 손절 참고 16,616 · 1차 익절 참고 17,815","최대 호재: 수주, 계약, 실적 개선, 정책 수혜 / 최대 악재: 실적 부진, 규제, 원가 상승, 수요 둔화","호재 영향 예상: +2.0~+3.2% (17,678원 부근까지 시도) · 이탈 기준 16,787원","호재 뉴스: [재테크 인사이트] 2026년 5월 IRP 최적 포트폴리오… AI 성장성과 배당 안정성의 황금 밸런스 (2026-05-20) · 최대 호재: 수주, 계약, 실적 개선, 정책 수혜 / 최대 악재: 실적 부진, 규제, 원가 상승, 수요 둔화"
현대그린푸드,453340.KS,ok,국장,해당 없음,0.0,0.0,0.0,,,0,해당 없음,0.0,0.0,,,,0.0,0.0,,,0.0,본장 전/초반 1시간 중립 · 초반 +0.00%,14.0,강함,1분봉 강함 · 장중 -2.76% · 최근 +0.74% · 거래 1.8배,AI 관망,21,지금은 확실한 우위가 부족합니다.,음식료/급식,보류,대기,매매 근거 부족,37,54.0,52.0,0.0,0.0,0.0,2.0,17.0,False,False,중립장,11.0,17740.0,18130.0,naver_realtime,naver_realtime_calculated,-2.15,-4.16,-0.05,0.73,0.73,False,1108377460.0,66.0,True,5.99,일반 모멘텀,"추세 상승, RSI 건강 구간, MACD 상승, 1분봉 강함 · 장중 -2.76% · 최근 +0.74% · 거래 1.8배","뉴스 호재 강도 약함, 매수 확인 부족: 거래량 0.73x / 거래대금 0.73x, 음식료/급식 섹터 약세",수급 수집 실패,unavailable,0.0,0.0,약한 호재: 확대,google_news,"호재 뉴스: '현대그린푸드' 52주 신고가 경신, 성장과 환원, 재평가 지속 - 흥국증권, BUY (2026-05-12)",weak,"'현대그린푸드' 52주 신고가 경신, 성장과 환원, 재평가 지속 - 흥국증권, BUY (2026-05-12) | ""신장질환식단 연내 100종으로""…현대그린푸드 라인업 확대 - v.daum.net (2026-05-12)","naver_daily, naver_realtime, news:google_news, flow:unavailable, intraday_1m",0.0,6.0,음식료/급식 섹터 약세,2026-05-19 21:07:50 PDT,31,"관망 · 호재 뉴스: '현대그린푸드' 52주 신고가 경신, 성장과 환원, 재평가 지속 - 흥국증권, BUY (2026-05-12)",선행 신호 대기,놓침 위험 낮음,시장 방어장 · 신규 매수는 작게,급변 신호 없음,"음식료/급식 흐름 · 평균 -3.58% · 거래량 0.7배 · 대표 현대그린푸드, CJ프레시웨이",방어장 · 평균 -5.68% · 하락비중 91% · 현금 비중 높게,수급 수집 실패,대표 테마 연결 대기,"기준 현재가 17,740 · 손절 참고 16,677 · 1차 익절 참고 19,068","최대 호재: 가격 인상, 수출 증가, K푸드, 마진 개선 / 최대 악재: 원가 상승, 리콜, 식품 사고, 소비 둔화","호재 영향 예상: +2.5~+4.5% (18,537원 부근까지 시도) · 이탈 기준 17,262원","호재 뉴스: '현대그린푸드' 52주 신고가 경신, 성장과 환원, 재평가 지속 - 흥국증권, BUY (2026-05-12) · 최대 호재: 가격 인상, 수출 증가, K푸드, 마진 개선 / 최대 악재: 원가 상승, 리콜, 식품 사고, 소비 둔화"
Canadian National Railway,CNR.TO,ok,캐나다,저배당,0.915,4.467,2.87,2026-03-10,2026-06-09,91,저배당 · 최근 0.92 CAD · 연 4.47 CAD · 배당률 2.87% · 최근 지급일 2026-03-10 · 다음 예상 2026-06-09,0.0,0.0,,,,0.0,0.0,,,0.0,,0.0,대기,,AI 관망,56,지금은 확실한 우위가 부족합니다.,캐나다/철도,보류,🚫 제외,리스크 과다,37,63.0,54.0,0.0,0.0,7.0,2.0,26.0,False,False,중립장,11.0,155.68,155.68,fast_quote,calculated,0.0,1.15,0.38,1.04,1.06,True,224101349.0,47.3,True,2.21,눌림 후 재상승,"추세 상승, 눌림 후 재상승, MACD 상승, 건전한 갭 상승, 뉴스 키워드: 보통 호재: 투자 / 약한 호재: 확대","거래대금 부족, 리스크 26 이상으로 신규 관심 제외",수급 확인 불가,no_code,0.0,0.0,보통 호재: 투자 / 약한 호재: 확대,google_news,호재 뉴스: 캐나디언 내셔널 레일웨이(TSX:CNR) 신규 산업 부지 확대 이후 주가 저평가 여지 점검 - simplywall.st (2026-05-14),medium,캐나디언 내셔널 레일웨이(TSX:CNR) 신규 산업 부지 확대 이후 주가 저평가 여지 점검 - simplywall.st (2026-05-14) | CN의 7억 5천만 달러 채권 리파이낸싱이 캐나다 국영 철도(TSX:CNR) 투자자에게 미치는 영향 - simplywall.st (2026-05-09),"yahoo_daily, fast_quote, news:google_news, flow:no_code",0.0,0.0,중립,2026-05-19 21:07:50 PDT,68,관심 · 추격 부담 낮음 · 호재 뉴스: 캐나디언 내셔널 레일웨이(TSX:CNR) 신규 산업 부지 확대 이후 주가 저평가 여지 점검 - simplywall,선행 신호 대기,놓침 위험 낮음,위험 신호 보통,급변 신호 없음,"철도 흐름 · 평균 +1.21% · 거래량 1.0배 · 대표 Canadian National Railway, Canadian Pacific Kansas City",공격장 · 평균 +0.65% · 하락비중 30% · 관심 종목 압축,수급 확인 불가,대표 테마 연결 대기,기준 현재가 156 · 손절 참고 151 · 1차 익절 참고 162,"최대 호재: 수주, 계약, 실적 개선, 정책 수혜 / 최대 악재: 실적 부진, 규제, 원가 상승, 수요 둔화",호재 영향 예상: +2.0~+3.2% (160.66 CAD 부근까지 시도) · 이탈 기준 152.57 CAD,"호재 뉴스: 캐나디언 내셔널 레일웨이(TSX:CNR) 신규 산업 부지 확대 이후 주가 저평가 여지 점검 - simplywall.st (2026-05-14) · 최대 호재: 수주, 계약, 실적 개선, 정책 수혜 / 최대 악재: 실적 부진, 규제, 원가 상승, 수요 둔화"
Canadian Utilities,CU.TO,ok,캐나다,고배당,0.462,1.84,3.76,2026-05-07,2026-08-06,91,고배당 · 최근 0.46 CAD · 연 1.84 CAD · 배당률 3.76% · 최근 지급일 2026-05-07 · 다음 예상 2026-08-06,0.0,0.0,,,,0.0,0.0,,,0.0,,0.0,대기,,AI 관망,32,지금은 확실한 우위가 부족합니다.,캐나다/유틸리티,보류,🚫 제외,리스크 과다,37,63.0,61.0,0.0,0.0,0.0,2.0,26.0,False,True,중립장,11.0,49.0,49.0,fast_quote,calculated,0.0,1.47,0.12,1.03,1.05,True,33937400.0,59.1,True,1.57,일반 모멘텀,"추세 상승, 20일 고점 돌파, RSI 건강 구간, MACD 상승, 건전한 갭 상승","거래대금 부족, 리스크 26 이상으로 신규 관심 제외",수급 확인 불가,no_code,0.0,0.0,뉴스 중립,google_news,관련 뉴스: 1 년 동안 33 % 랠리 후 캐나다 유틸리티 (TSX :CU)를 고려하기에는 너무 늦었습니까? - simplywall.st (2026-05-06),none,1 년 동안 33 % 랠리 후 캐나다 유틸리티 (TSX :CU)를 고려하기에는 너무 늦었습니까? - simplywall.st (2026-05-06),"yahoo_daily, fast_quote, news:google_news, flow:no_code",0.0,0.0,중립,2026-05-19 21:07:50 PDT,44,관망 · 추격 부담 낮음 · 관련 뉴스: 1 년 동안 33 % 랠리 후 캐나다 유틸리티 (TSX :CU)를 고려하기에는 너무 늦었습니까? - simplyw,선행 신호 대기,놓침 위험 낮음,위험 신호 보통,급변 신호 없음,"유틸리티 흐름 · 평균 +1.36% · 거래량 1.1배 · 대표 Hydro One, Canadian Utilities, Emera",공격장 · 평균 +0.65% · 하락비중 30% · 관심 종목 압축,수급 확인 불가,대표 테마 연결 대기,기준 현재가 49 · 손절 참고 48 · 1차 익절 참고 51,"최대 호재: 수주, 계약, 실적 개선, 정책 수혜 / 최대 악재: 실적 부진, 규제, 원가 상승, 수요 둔화",뉴스 영향 예상: 방향성 약함 · 가격/거래량 확인 우선,"관련 뉴스: 1 년 동안 33 % 랠리 후 캐나다 유틸리티 (TSX :CU)를 고려하기에는 너무 늦었습니까? - simplywall.st (2026-05-06) · 최대 호재: 수주, 계약, 실적 개선, 정책 수혜 / 최대 악재: 실적 부진, 규제, 원가 상승, 수요 둔화"
Halliburton,HAL,ok,미장,해당 없음,0.0,0.0,0.0,,,0,해당 없음,0.0,0.0,,,,0.0,0.0,,,0.0,,0.0,대기,,AI 관망,27,지금은 확실한 우위가 부족합니다.,미장/에너지장비,보류,🚫 제외,리스크 과다,37,63.0,61.0,0.0,0.0,0.0,2.0,26.0,False,True,중립장,11.0,42.98,42.98,fast_quote,calculated,0.0,0.47,0.51,0.83,0.87,True,389850085.0,56.1,True,2.67,일반 모멘텀,"추세 상승, 20일 고점 돌파, RSI 건강 구간, MACD 상승, 건전한 갭 상승","거래대금 부족, 리스크 26 이상으로 신규 관심 제외",수급 확인 불가,no_code,0.0,0.0,뉴스 수집 실패,none,뉴스를 가져오지 못해 가격 흐름만 참고하세요.,none,-,"yahoo_daily, fast_quote, news:none, flow:no_code",0.0,0.0,중립,2026-05-19 21:07:50 PDT,38,관망 · 추격 부담 낮음 · 뉴스를 가져오지 못해 가격 흐름만 참고하세요.,선행 신호 대기,놓침 위험 낮음,시장 방어장 · 신규 매수는 작게,급변 신호 없음,"에너지장비 흐름 · 평균 -0.10% · 거래량 0.9배 · 대표 Halliburton, Schlumberger",방어장 · 평균 -0.75% · 하락비중 66% · 현금 비중 높게,수급 확인 불가,대표 테마 연결 대기,기준 현재가 43 · 손절 참고 42 · 1차 익절 참고 45,"최대 호재: 유가 상승, 가스 가격 상승, 정책 지원, 수소 투자 / 최대 악재: 유가 급락, 정제마진 하락, 환경 규제, 사고",뉴스 영향 예상: 방향성 약함 · 가격/거래량 확인 우선,"뉴스를 가져오지 못해 가격 흐름만 참고하세요. · 최대 호재: 유가 상승, 가스 가격 상승, 정책 지원, 수소 투자 / 최대 악재: 유가 급락, 정제마진 하락, 환경 규제, 사고"
NVIDIA,NVDA,ok,미장,해당 없음,0.0,0.0,0.0,,,0,해당 없음,0.0,0.0,,,,0.0,0.0,,,0.0,,0.0,대기,,AI 관망,51,지금은 확실한 우위가 부족합니다.,미장/AI반도체,보류,대기,매매 근거 부족,35,46.0,40.0,0.0,0.0,4.0,2.0,11.0,False,False,중립장,11.0,220.61,220.61,fast_quote,calculated,0.0,-0.77,-1.21,0.9,0.93,True,30929875061.0,58.5,True,3.86,일반 모멘텀,"추세 상승, RSI 건강 구간, MACD 상승, 뉴스 키워드: 보통 호재: 실적",-,수급 확인 불가,no_code,0.0,0.0,보통 호재: 실적,google_news,"호재 뉴스: 트루이스트 증권, 실적 발표 앞두고 Nvidia 주식 등급 재확인 - Investing.com 한국어 (2026-05-19)",medium,"트루이스트 증권, 실적 발표 앞두고 Nvidia 주식 등급 재확인 - Investing.com 한국어 (2026-05-19) | 2026년, 2027년, 2028~2030년 및 향후 엔비디아(NVDA) 주식 예측 및 주가 전망 (2026-05-19)","yahoo_daily, fast_quote, news:google_news, flow:no_code",,,섹터 확인 부족,2026-05-19 21:07:50 PDT,62,"관망 · 추격 부담 낮음 · 호재 뉴스: 트루이스트 증권, 실적 발표 앞두고 Nvidia 주식 등급 재확인 - Investing.com 한국어 (2026-",선행 신호 대기,놓침 위험 낮음,시장 방어장 · 신규 매수는 작게,급변 신호 없음,AI반도체 흐름 · 평균 -0.77% · 거래량 0.9배 · 대표 NVIDIA,방어장 · 평균 -0.75% · 하락비중 66% · 현금 비중 높게,수급 확인 불가,AI/반도체 → 전력 → 냉각 → 데이터센터 → 광통신,기준 현재가 221 · 손절 참고 212 · 1차 익절 참고 231,"최대 호재: HBM 수주, 엔비디아 공급, 장비 발주, 수율 개선 / 최대 악재: 어닝 쇼크, 컨센서스 하회, 수출 통제, 재고 급증",호재 영향 예상: +2.0~+3.2% (227.67 USD 부근까지 시도) · 이탈 기준 216.20 USD,"호재 뉴스: 트루이스트 증권, 실적 발표 앞두고 Nvidia 주식 등급 재확인 - Investing.com 한국어 (2026-05-19) · 최대 호재: HBM 수주, 엔비디아 공급, 장비 발주, 수율 개선 / 최대 악재: 어닝 쇼크, 컨센서스 하회, 수출 통제, 재고 급증"
Enbridge,ENB.TO,ok,캐나다,고배당,0.97,4.769,6.1,2026-05-15,2026-08-14,91,고배당 · 최근 0.97 CAD · 연 4.77 CAD · 배당률 6.10% · 최근 지급일 2026-05-15 · 다음 예상 2026-08-14,0.0,0.0,,,,0.0,0.0,,,0.0,,0.0,대기,,AI 관망,22,지금은 확실한 우위가 부족합니다.,캐나다/파이프라인,보류,🚫 제외,리스크 과다,34,65.0,51.0,12.0,0.0,0.0,2.0,31.0,False,True,중립장,11.0,78.22,78.22,fast_quote,calculated,0.0,2.75,0.96,1.5,1.59,True,1352024899.0,79.1,True,1.81,일반 모멘텀,"추세 상승, 거래량 증가(1.5x), 20일 고점 돌파, MACD 상승, 건전한 갭 상승","RSI 과열, 20일 범위 상단 추격, 리스크 31 이상으로 신규 관심 제외",수급 확인 불가,no_code,0.0,0.0,뉴스 중립,google_news,관련 뉴스: Enbridge(TSX:ENB) 장기 수익률을 바탕으로 현재 주가와 공정가치 괴리 점검하기 - simplywall.st (2026-05-18),none,Enbridge(TSX:ENB) 장기 수익률을 바탕으로 현재 주가와 공정가치 괴리 점검하기 - simplywall.st (2026-05-18) | Enbridge (TSX :ENB)의 재확인 된 2026 년 가이던스와 400 억 달러의 백 로그가 주주에게 의미하는 것 - simplywall.st (2026-05-13),"yahoo_daily, fast_quote, news:google_news, flow:no_code",0.0,0.0,중립,2026-05-19 21:07:50 PDT,42,관망 · 거래량 1.5배 · 추격 부담 낮음 · 관련 뉴스: Enbridge(TSX:ENB) 장기 수익률을 바탕으로 현재 주가와 공정가치 괴리 점검하기 - simplywall,선행 신호 대기,놓침 위험 낮음,위험 신호 보통,급변 신호 없음,"파이프라인 흐름 · 평균 +1.81% · 거래량 1.2배 · 대표 Enbridge, Pembina Pipeline, Keyera",공격장 · 평균 +0.65% · 하락비중 30% · 관심 종목 압축,수급 확인 불가,대표 테마 연결 대기,기준 현재가 78 · 손절 참고 76 · 1차 익절 참고 81,"최대 호재: 수주, 계약, 실적 개선, 정책 수혜 / 최대 악재: 실적 부진, 규제, 원가 상승, 수요 둔화",뉴스 영향 예상: 방향성 약함 · 가격/거래량 확인 우선,"관련 뉴스: Enbridge(TSX:ENB) 장기 수익률을 바탕으로 현재 주가와 공정가치 괴리 점검하기 - simplywall.st (2026-05-18) · 최대 호재: 수주, 계약, 실적 개선, 정책 수혜 / 최대 악재: 실적 부진, 규제, 원가 상승, 수요 둔화"
Sun Life,SLF.TO,ok,캐나다,고배당,0.92,4.44,4.51,2026-02-25,2026-05-27,91,고배당 · 최근 0.92 CAD · 연 4.44 CAD · 배당률 4.51% · 최근 지급일 2026-02-25 · 다음 예상 2026-05-27,0.0,0.0,,,,0.0,0.0,,,0.0,,0.0,대기,,AI 관망,35,지금은 확실한 우위가 부족합니다.,캐나다/보험,보류,🚫 제외,리스크 과다,34,60.0,54.0,0.0,0.0,4.0,2.0,26.0,False,False,중립장,11.0,98.41,98.41,fast_quote,calculated,0.0,-0.63,0.65,0.61,0.62,False,110465229.0,53.8,False,1.73,눌림 후 재상승,"추세 상승, 눌림 후 재상승, RSI 건강 구간, 건전한 갭 상승, 뉴스 키워드: 보통 호재: 실적","거래대금 부족, 매수 확인 부족: 거래량 0.61x / 거래대금 0.62x, 리스크 26 이상으로 신규 관심 제외",수급 확인 불가,no_code,0.0,0.0,보통 호재: 실적,google_news,호재 뉴스: TradingKey (2026-05-15),medium,"TradingKey (2026-05-15) | 선라이프, 일회성 비용으로 실적 시험대 올라 - Investing.com 한국어 (2026-05-07)","yahoo_daily, fast_quote, news:google_news, flow:no_code",0.0,0.0,중립,2026-05-19 21:07:50 PDT,43,관망 · 추격 부담 낮음 · 호재 뉴스: TradingKey (2026-05-15),선행 신호 대기,놓침 위험 낮음,위험 신호 보통,급변 신호 없음,"보험 흐름 · 평균 +0.57% · 거래량 1.3배 · 대표 Intact Financial, Sun Life, Great-West Lifeco",공격장 · 평균 +0.65% · 하락비중 30% · 관심 종목 압축,수급 확인 불가,대표 테마 연결 대기,기준 현재가 98 · 손절 참고 95 · 1차 익절 참고 102,"최대 호재: 수주, 계약, 실적 개선, 정책 수혜 / 최대 악재: 실적 부진, 규제, 원가 상승, 수요 둔화",호재 영향 예상: +2.0~+3.2% (101.56 CAD 부근까지 시도) · 이탈 기준 96.44 CAD,"호재 뉴스: TradingKey (2026-05-15) · 최대 호재: 수주, 계약, 실적 개선, 정책 수혜 / 최대 악재: 실적 부진, 규제, 원가 상승, 수요 둔화"
코웨이,021240.KS,ok,국장,해당 없음,0.0,0.0,0.0,,,0,해당 없음,0.0,0.0,,,,0.0,0.0,,,-8.0,본장 전/초반 1시간 약세 · 초반 -2.75% · 방어 우선,6.0,양호,1분봉 양호 · 장중 -1.98% · 최근 +0.68%,AI 관망,15,지금은 확실한 우위가 부족합니다.,렌탈/소비재,보류,🚫 제외,리스크 과다,33,58.0,52.0,0.0,0.0,4.0,2.0,25.0,False,False,중립장,11.0,88700.0,91100.0,naver_realtime,naver_realtime_calculated,-2.63,-4.11,1.41,0.79,0.8,False,27518642800.0,58.9,True,5.65,일반 모멘텀,"추세 상승, RSI 건강 구간, MACD 상승, 건전한 갭 상승, 뉴스 키워드: 보통 호재: 투자 / 악재: 악재, 1분봉 양호 · 장중 -1.98% · 최근 +0.68%","뉴스 리스크: 보통 호재: 투자 / 악재: 악재, 본장 전/초반 1시간 약세 · 초반 -2.75% · 방어 우선, 매수 확인 부족: 거래량 0.79x / 거래대금 0.80x, 리스크 25 이상으로 신규 관심 제외",수급 수집 실패,unavailable,0.0,0.0,보통 호재: 투자 / 악재: 악재,google_news,악재 뉴스: [기업 투자 X파일] 코웨이가 막은 넷마블 투자손실…431억 방어막 (2026-05-19),medium,"[기업 투자 X파일] 코웨이가 막은 넷마블 투자손실…431억 방어막 (2026-05-19) | 코웨이, 여름맞이 정수기 특집전…렌털료 반값 혜택 - v.daum.net (2026-05-18)","naver_daily, naver_realtime, news:google_news, flow:unavailable, intraday_1m",,,섹터 확인 부족,2026-05-19 21:07:50 PDT,18,관망 · 악재 뉴스: [기업 투자 X파일] 코웨이가 막은 넷마블 투자손실…431억 방어막 (2026-05-19),선행 신호 대기,놓침 위험 낮음,시장 방어장 · 신규 매수는 작게,급변 신호 없음,렌탈/소비재 흐름 · 평균 -4.11% · 거래량 0.8배 · 대표 코웨이,방어장 · 평균 -5.68% · 하락비중 91% · 현금 비중 높게,수급 수집 실패,대표 테마 연결 대기,"기준 현재가 88,700 · 손절 참고 83,688 · 1차 익절 참고 94,964","최대 호재: 수주, 계약, 실적 개선, 정책 수혜 / 최대 악재: 실적 부진, 규제, 원가 상승, 수요 둔화","악재 영향 예상: -3.9~-7.1% (82,436원 부근까지 경계) · 회복 기준 90,955원 돌파","악재 뉴스: [기업 투자 X파일] 코웨이가 막은 넷마블 투자손실…431억 방어막 (2026-05-19) · 최대 호재: 수주, 계약, 실적 개선, 정책 수혜 / 최대 악재: 실적 부진, 규제, 원가 상승, 수요 둔화"
Costco,COST,ok,미장,해당 없음,0.0,0.0,0.0,,,0,해당 없음,0.0,0.0,,,,0.0,0.0,,,0.0,,0.0,대기,,AI 관망,23,지금은 확실한 우위가 부족합니다.,미장/소매,보류,🚫 제외,리스크 과다,33,72.0,51.0,12.0,0.0,7.0,2.0,39.0,False,True,중립장,11.0,1094.32,1094.32,fast_quote,calculated,0.0,1.66,0.05,1.55,1.65,True,3120891054.0,79.2,True,1.99,일반 모멘텀,"추세 상승, 거래량 증가(1.5x), 20일 고점 돌파, MACD 상승, 건전한 갭 상승, 뉴스 키워드: 보통 호재: 투자 / 약한 호재: 상승 / 악재: 하락","RSI 과열, 20일 범위 상단 추격, 뉴스 리스크: 보통 호재: 투자 / 약한 호재: 상승 / 악재: 하락, 리스크 39 이상으로 신규 관심 제외",수급 확인 불가,no_code,0.0,0.0,보통 호재: 투자 / 약한 호재: 상승 / 악재: 하락,google_news,악재 뉴스: Amazon.com Inc (AMZN) 주식 움직였습니다 하락 3.03%에 5월19일: 어떤 신호인가요? (2026-05-20),medium,Amazon.com Inc (AMZN) 주식 움직였습니다 하락 3.03%에 5월19일: 어떤 신호인가요? (2026-05-20) | Costco Stock Analysis: A 36% Upside Case Built on Warehouses and Memberships - TIKR.com (2026-05-19),"yahoo_daily, fast_quote, news:google_news, flow:no_code",0.0,0.0,중립,2026-05-19 21:07:50 PDT,47,관망 · 거래량 1.6배 · 추격 부담 낮음 · 악재 뉴스: Amazon.com Inc (AMZN) 주식 움직였습니다 하락 3.03%에 5월19일: 어떤 신호인가요? (202,선행 신호 대기,놓침 위험 낮음,시장 방어장 · 신규 매수는 작게,급변 신호 없음,"소매 흐름 · 평균 +1.15% · 거래량 1.3배 · 대표 Walmart, Costco",방어장 · 평균 -0.75% · 하락비중 66% · 현금 비중 높게,수급 확인 불가,대표 테마 연결 대기,"기준 현재가 1,094 · 손절 참고 1,061 · 1차 익절 참고 1,138","최대 호재: 수주, 계약, 실적 개선, 정책 수혜 / 최대 악재: 실적 부진, 규제, 원가 상승, 수요 둔화","악재 영향 예상: -3.0~-4.5% (1,045.08 USD 부근까지 경계) · 회복 기준 1,116.21 USD 돌파","악재 뉴스: Amazon.com Inc (AMZN) 주식 움직였습니다 하락 3.03%에 5월19일: 어떤 신호인가요? (2026-05-20) · 최대 호재: 수주, 계약, 실적 개선, 정책 수혜 / 최대 악재: 실적 부진, 규제, 원가 상승, 수요 둔화"
Exxon Mobil,XOM,ok,미장,해당 없음,0.0,0.0,0.0,,,0,해당 없음,0.0,0.0,,,,0.0,0.0,,,0.0,,0.0,대기,,AI 관망,30,지금은 확실한 우위가 부족합니다.,미장/에너지,보류,대기,매매 근거 부족,33,50.0,41.0,0.0,0.0,7.0,2.0,17.0,False,True,중립장,11.0,162.55,162.55,fast_quote,calculated,0.0,1.28,0.63,1.22,1.31,True,3365890403.0,63.4,True,2.57,일반 모멘텀,"20일 고점 돌파, RSI 건강 구간, MACD 상승, 건전한 갭 상승, 뉴스 키워드: 보통 호재: 실적 / 약한 호재: 상승 / 악재: 소송",뉴스 리스크: 보통 호재: 실적 / 약한 호재: 상승 / 악재: 소송,수급 확인 불가,no_code,0.0,0.0,보통 호재: 실적 / 약한 호재: 상승 / 악재: 소송,google_news,악재 뉴스: 1년간 60% 급등한 엑손 모빌(XOM)을 고려하기에는 너무 늦었을까? - simplywall.st (2026-05-20),medium,1년간 60% 급등한 엑손 모빌(XOM)을 고려하기에는 너무 늦었을까? - simplywall.st (2026-05-20) | BP PLC (BP) 주식 마감했습니다 상승 3.02%에 5월18일: 핵심 원인 공개 (2026-05-19),"yahoo_daily, fast_quote, news:google_news, flow:no_code",0.0,0.0,중립,2026-05-19 21:07:50 PDT,41,관망 · 거래량 1.2배 · 추격 부담 낮음 · 악재 뉴스: 1년간 60% 급등한 엑손 모빌(XOM)을 고려하기에는 너무 늦었을까? - simplywall.st (2026-0,선행 신호 대기,놓침 위험 낮음,중대 리스크 · 악재 뉴스 우선 확인,급변 신호 없음,"에너지 흐름 · 평균 +1.00% · 거래량 1.1배 · 대표 Exxon Mobil, Chevron, Occidental",방어장 · 평균 -0.75% · 하락비중 66% · 현금 비중 높게,수급 확인 불가,대표 테마 연결 대기,기준 현재가 163 · 손절 참고 158 · 1차 익절 참고 169,"최대 호재: 유가 상승, 가스 가격 상승, 정책 지원, 수소 투자 / 최대 악재: 유가 급락, 정제마진 하락, 환경 규제, 사고",악재 영향 예상: -3.0~-4.5% (155.24 USD 부근까지 경계) · 회복 기준 165.80 USD 돌파,"악재 뉴스: 1년간 60% 급등한 엑손 모빌(XOM)을 고려하기에는 너무 늦었을까? - simplywall.st (2026-05-20) · 최대 호재: 유가 상승, 가스 가격 상승, 정책 지원, 수소 투자 / 최대 악재: 유가 급락, 정제마진 하락, 환경 규제, 사고"
현대모비스,012330.KS,ok,국장,해당 없음,0.0,0.0,0.0,,,0,해당 없음,0.0,0.0,,,,0.0,0.0,,,0.0,본장 전/초반 1시간 중립 · 초반 +0.94%,16.0,강함,1분봉 강함 · 장중 +0.19% · 최근 +0.57% · 거래 0.3배,AI 관망,29,지금은 확실한 우위가 부족합니다.,자동차부품,보류,🚫 제외,리스크 과다,32,72.0,58.0,12.0,0.0,0.0,2.0,40.0,False,False,중립장,11.0,533000.0,525000.0,naver_realtime,naver_realtime_calculated,1.52,-6.65,0.18,1.34,1.32,True,484318978000.0,61.7,True,10.1,일반 모멘텀,"추세 상승, 거래량 증가(1.3x), RSI 건강 구간, MACD 상승, 건전한 갭 상승, 1분봉 강함 · 장중 +0.19% · 최근 +0.57% · 거래 0.3배","변동성 과다, 뉴스 호재 강도 약함, 뉴스 리스크: 약한 호재: 증가 / 악재: 하락, 리스크 34 이상으로 신규 관심 제외, 자동차부품 섹터 약세",수급 수집 실패,unavailable,0.0,0.0,약한 호재: 증가 / 악재: 하락,google_news,"악재 뉴스: ""주가 100만원도 가능""…현대차 재평가 가속 [마켓딥다이브] (2026-05-19)",weak,"""주가 100만원도 가능""…현대차 재평가 가속 [마켓딥다이브] (2026-05-19) | 현대모비스 주가 하락, 가격 조정에도 주요 이동평균선 위 유지 (2026-05-18)","naver_daily, naver_realtime, news:google_news, flow:unavailable, intraday_1m",0.0,6.0,자동차부품 섹터 약세,2026-05-19 21:07:50 PDT,14,"관망 · 거래량 1.3배 · 악재 뉴스: ""주가 100만원도 가능""…현대차 재평가 가속 [마켓딥다이브] (2026-05-19)",선행 신호 대기,놓침 위험 낮음,시장 방어장 · 신규 매수는 작게,급변 감지 · 당일 -6.65%,"자동차부품 흐름 · 평균 -9.34% · 거래량 1.0배 · 대표 현대모비스, 한국타이어앤테크놀로지, 에스엘",방어장 · 평균 -5.68% · 하락비중 91% · 현금 비중 높게,수급 수집 실패,대표 테마 연결 대기,"기준 현재가 533,000 · 손절 참고 479,167 · 1차 익절 참고 600,291","최대 호재: 판매 증가, 환율 수혜, 신차 효과, 전기차 보조금 / 최대 악재: 리콜, 파업, 관세, 판매 부진","악재 영향 예상: -6.8~-12.4% (467,090원 부근까지 경계) · 회복 기준 557,225원 돌파","악재 뉴스: ""주가 100만원도 가능""…현대차 재평가 가속 [마켓딥다이브] (2026-05-19) · 최대 호재: 판매 증가, 환율 수혜, 신차 효과, 전기차 보조금 / 최대 악재: 리콜, 파업, 관세, 판매 부진"
메리츠금융지주,138040.KS,ok,국장,해당 없음,0.0,0.0,0.0,,,0,해당 없음,0.0,0.0,,,,0.0,0.0,,,0.0,본장 전/초반 1시간 중립 · 초반 +0.00%,12.0,양호,1분봉 양호 · 장중 +0.09% · 최근 +0.28%,AI 관망,45,지금은 확실한 우위가 부족합니다.,금융,보류,대기,매매 근거 부족,32,43.0,18.0,12.0,0.0,11.0,2.0,11.0,False,False,중립장,11.0,108600.0,108800.0,naver_realtime,naver_realtime_calculated,-0.18,2.16,0.75,1.51,1.47,True,45644471400.0,39.0,False,4.31,일반 모멘텀,"거래량 증가(1.5x), 건전한 갭 상승, 뉴스 키워드: 강한 호재: 계약 / 보통 호재: 실적, 1분봉 양호 · 장중 +0.09% · 최근 +0.28%",-,수급 수집 실패,unavailable,0.0,0.0,강한 호재: 계약 / 보통 호재: 실적,google_news,호재 뉴스: 불장에 소외된 메리츠금융…실적 제자리에 주주환원도 '이젠 평범' (2026-05-19),strong,불장에 소외된 메리츠금융…실적 제자리에 주주환원도 '이젠 평범' (2026-05-19) | 메리츠금융 “고환율·고금리 환경과 호르무즈 해협 선박 보험 영향 미미해” (2026-05-14),"naver_daily, naver_realtime, news:google_news, flow:unavailable, intraday_1m",0.0,0.0,중립,2026-05-19 21:07:50 PDT,70,"관심 · 거래량 1.5배 · 추격 부담 낮음 · 호재 · 메리츠금융, 호실적에도 주가 횡보… 주주환원 전략 시험대 올라 - 이코리아 · 2026-05-19T14:01:49+0",선행 탐지 · 아직 덜 올랐고 거래량 1.5배가 먼저 붙는 중,놓침 위험 낮음,시장 방어장 · 신규 매수는 작게,급변 신호 없음,"금융 흐름 · 평균 -1.10% · 거래량 1.1배 · 대표 메리츠금융지주, KB금융, 하나금융지주",방어장 · 평균 -5.68% · 하락비중 91% · 현금 비중 높게,수급 수집 실패,대표 테마 연결 대기,"기준 현재가 108,600 · 손절 참고 103,919 · 1차 익절 참고 114,451",섹터 최대 호재: 주주환원,"호재 영향 예상: +3.8~+6.9% (116,144원 부근까지 시도) · 이탈 기준 106,428원","호재 · 메리츠금융, 호실적에도 주가 횡보… 주주환원 전략 시험대 올라 - 이코리아 · 2026-05-19T14:01:49+09:00 · 섹터 최대 호재: 주주환원"
AbbVie,ABBV,ok,미장,해당 없음,0.0,0.0,0.0,,,0,해당 없음,0.0,0.0,,,,0.0,0.0,,,0.0,,0.0,대기,,AI 관망,30,지금은 확실한 우위가 부족합니다.,미장/제약,보류,대기,매매 근거 부족,32,43.0,41.0,0.0,0.0,0.0,2.0,11.0,False,True,중립장,11.0,213.76,213.76,fast_quote,calculated,0.0,2.08,0.23,1.09,1.14,True,1542791384.0,64.0,True,2.49,일반 모멘텀,"20일 고점 돌파, RSI 건강 구간, MACD 상승, 건전한 갭 상승",-,수급 확인 불가,no_code,0.0,0.0,뉴스 중립,google_news,관련 뉴스: 혼합 수익률과 상충되는 밸류에이션 신호 이후 AbbVie (ABBV)는 이제 매력적일까요? - simplywall.st (2026-05-20),none,혼합 수익률과 상충되는 밸류에이션 신호 이후 AbbVie (ABBV)는 이제 매력적일까요? - simplywall.st (2026-05-20) | ABBV 주가는 기술적 압력이 지속되면서 $213.82 저항선 아래에서 안정적으로 유지됨: 주간 전망 (2026-05-18),"yahoo_daily, fast_quote, news:google_news, flow:no_code",0.0,0.0,중립,2026-05-19 21:07:50 PDT,46,관망 · 추격 부담 낮음 · 관련 뉴스: 혼합 수익률과 상충되는 밸류에이션 신호 이후 AbbVie (ABBV)는 이제 매력적일까요? - simplywall,선행 신호 대기,놓침 위험 낮음,시장 방어장 · 신규 매수는 작게,급변 신호 없음,"제약 흐름 · 평균 +2.06% · 거래량 1.0배 · 대표 AbbVie, Eli Lilly, Pfizer",방어장 · 평균 -0.75% · 하락비중 66% · 현금 비중 높게,수급 확인 불가,의료/제약 → 임상/승인 → 장비/소모품,기준 현재가 214 · 손절 참고 207 · 1차 익절 참고 222,"최대 호재: FDA 승인, 임상 성공, 기술수출, 신약 허가 / 최대 악재: 임상 실패, 허가 반려, 부작용, 특허 소송",뉴스 영향 예상: 방향성 약함 · 가격/거래량 확인 우선,"관련 뉴스: 혼합 수익률과 상충되는 밸류에이션 신호 이후 AbbVie (ABBV)는 이제 매력적일까요? - simplywall.st (2026-05-20) · 최대 호재: FDA 승인, 임상 성공, 기술수출, 신약 허가 / 최대 악재: 임상 실패, 허가 반려, 부작용, 특허 소송"
TIGER 미국나스닥100,133690.KS,ok,국장,해당 없음,0.0,0.0,0.0,,,0,해당 없음,192504.66,-0.03,"NAV 192,505원 · 괴리율 -0.03% · 저평가",,,0.0,0.0,,ETF NOW 보유/매수 신호 없음 · 2026-05-20 기준,0.0,본장 전/초반 1시간 중립 · 초반 +0.20%,10.0,양호,1분봉 양호 · 장중 -0.10% · 최근 +0.13%,AI 관망,26,지금은 확실한 우위가 부족합니다.,국장/TIGER ETF/미국지수,보류,대기,매매 근거 부족,32,55.0,46.0,0.0,0.0,7.0,2.0,23.0,True,False,중립장,11.0,192445.0,192740.0,naver_realtime,naver_realtime_calculated,-0.15,0.22,0.01,1.22,1.27,True,192797751685.0,83.8,True,1.25,일반 모멘텀,"추세 상승, MACD 상승, 건전한 갭 상승, 뉴스 키워드: 보통 호재: 투자 / 약한 호재: 돌파, 1분봉 양호 · 장중 -0.10% · 최근 +0.13%",RSI 과열,수급 수집 실패,unavailable,0.0,0.0,보통 호재: 투자 / 약한 호재: 돌파,google_news,호재 뉴스: TIGER 미국나스닥100레버리지(합성)(418660) (2026-05-20),medium,TIGER 미국나스닥100레버리지(합성)(418660) (2026-05-20) | [상대강도과열 종목] 케이피항공산업 졸스 코스맥스엔비티 피델릭스 아이로보틱스 '휘파람' (2026-05-19),"naver_daily, naver_realtime, news:google_news, flow:unavailable, intraday_1m, etf_now",0.0,0.0,중립,2026-05-19 21:07:50 PDT,62,관망 · 거래량 1.2배 · 추격 부담 낮음 · 호재 뉴스: TIGER 미국나스닥100레버리지(합성)(418660) (2026-05-20),선행 탐지 · 아직 덜 올랐고 거래량 1.2배가 먼저 붙는 중,놓침 위험 낮음,시장 방어장 · 신규 매수는 작게,급변 신호 없음,"TIGER ETF/미국지수 흐름 · 평균 +0.33% · 거래량 1.2배 · 대표 TIGER 미국S&P500, TIGER 미국나스닥100",방어장 · 평균 -5.68% · 하락비중 91% · 현금 비중 높게,수급 수집 실패,대표 테마 연결 대기,"기준 현재가 192,445 · 손절 참고 186,672 · 1차 익절 참고 200,143","최대 호재: 수주, 계약, 실적 개선, 정책 수혜 / 최대 악재: 실적 부진, 규제, 원가 상승, 수요 둔화","호재 영향 예상: +2.0~+3.2% (198,603원 부근까지 시도) · 이탈 기준 188,596원","호재 뉴스: TIGER 미국나스닥100레버리지(합성)(418660) (2026-05-20) · 최대 호재: 수주, 계약, 실적 개선, 정책 수혜 / 최대 악재: 실적 부진, 규제, 원가 상승, 수요 둔화"
Royal Bank of Canada,RY.TO,ok,캐나다,고배당,1.64,7.84,3.1,2026-04-23,2026-07-23,91,고배당 · 최근 1.64 CAD · 연 7.84 CAD · 배당률 3.10% · 최근 지급일 2026-04-23 · 다음 예상 2026-07-23,0.0,0.0,,,,0.0,0.0,,,0.0,,0.0,대기,,AI 관망,26,지금은 확실한 우위가 부족합니다.,캐나다/은행,보류,🚫 제외,리스크 과다,31,63.0,61.0,0.0,0.0,0.0,2.0,32.0,False,True,중립장,11.0,252.53,252.53,fast_quote,calculated,0.0,0.01,0.92,0.83,0.86,True,852440263.0,66.4,True,1.36,일반 모멘텀,"추세 상승, 20일 고점 돌파, RSI 건강 구간, MACD 상승, 건전한 갭 상승","거래대금 부족, 뉴스 호재 강도 약함, 뉴스 리스크: 약한 호재: 돌파 / 악재: 경고, 리스크 32 이상으로 신규 관심 제외",수급 확인 불가,no_code,0.0,0.0,약한 호재: 돌파 / 악재: 경고,google_news,"악재 뉴스: 소니다 시니어 리빙, 2.5억 달러 ATM 증자 프로그램 착수 - Investing.com 한국어 (2026-05-19)",weak,"소니다 시니어 리빙, 2.5억 달러 ATM 증자 프로그램 착수 - Investing.com 한국어 (2026-05-19) | 미-이란 긴장 다시 고조, 브렌트유 $110 선 돌파, 기관들 유가 2008년 정점 수준 근접 가능성 경고 (2026-05-17)","yahoo_daily, fast_quote, news:google_news, flow:no_code",0.0,0.0,중립,2026-05-19 21:07:50 PDT,31,"관망 · 추격 부담 낮음 · 악재 뉴스: 소니다 시니어 리빙, 2.5억 달러 ATM 증자 프로그램 착수 - Investing.com 한국어 (2026-05",선행 신호 대기,놓침 위험 낮음,위험 신호 보통,급변 신호 없음,"은행 흐름 · 평균 +0.34% · 거래량 1.0배 · 대표 Royal Bank of Canada, Bank of Montreal, CIBC",공격장 · 평균 +0.65% · 하락비중 30% · 관심 종목 압축,수급 확인 불가,대표 테마 연결 대기,기준 현재가 253 · 손절 참고 245 · 1차 익절 참고 263,"최대 호재: 금리 수혜, 배당 확대, 자사주, 충당금 감소 / 최대 악재: 연체율 상승, 충당금 증가, 부실채권, 규제",악재 영향 예상: -3.0~-4.5% (241.17 CAD 부근까지 경계) · 회복 기준 257.58 CAD 돌파,"악재 뉴스: 소니다 시니어 리빙, 2.5억 달러 ATM 증자 프로그램 착수 - Investing.com 한국어 (2026-05-19) · 최대 호재: 금리 수혜, 배당 확대, 자사주, 충당금 감소 / 최대 악재: 연체율 상승, 충당금 증가, 부실채권, 규제"
Alphabet A,GOOGL,ok,미장,해당 없음,0.0,0.0,0.0,,,0,해당 없음,0.0,0.0,,,,0.0,0.0,,,0.0,,0.0,대기,,AI 관망,32,지금은 확실한 우위가 부족합니다.,미장/인터넷,보류,대기,매매 근거 부족,31,54.0,36.0,12.0,0.0,4.0,2.0,23.0,False,False,중립장,11.0,387.66,387.66,fast_quote,calculated,0.0,-2.34,0.01,1.36,1.39,True,15296443488.0,68.9,False,2.99,일반 모멘텀,"추세 상승, 거래량 증가(1.4x), RSI 건강 구간, 건전한 갭 상승, 뉴스 키워드: 보통 호재: 실적 / 악재: 매각","뉴스 리스크: 보통 호재: 실적 / 악재: 매각, 미장/인터넷 섹터 약세",수급 확인 불가,no_code,0.0,0.0,보통 호재: 실적 / 악재: 매각,google_news,"악재 뉴스: Alphabet 이사 존 헤네시, 412,919달러 규모 클래스 C 주식 매도 By Investing.com - Investing.com 한국어 (2026-05-20)",medium,"Alphabet 이사 존 헤네시, 412,919달러 규모 클래스 C 주식 매도 By Investing.com - Investing.com 한국어 (2026-05-20) | 알파벳(NasdaqGS:GOOGL) 주가 급등 이후 밸류에이션 재점검 공정가 대비 얼마나 비싼가 - simplywall.st (2026-05-19)","yahoo_daily, fast_quote, news:google_news, flow:no_code",0.0,6.0,미장/인터넷 섹터 약세,2026-05-19 21:07:50 PDT,26,"관망 · 거래량 1.4배 · 악재 뉴스: Alphabet 이사 존 헤네시, 412,919달러 규모 클래스 C 주식 매도 By Investing.com - ",선행 신호 대기,놓침 위험 낮음,시장 방어장 · 신규 매수는 작게,급변 신호 없음,"인터넷 흐름 · 평균 -1.88% · 거래량 1.0배 · 대표 Alphabet A, Meta Platforms",방어장 · 평균 -0.75% · 하락비중 66% · 현금 비중 높게,수급 확인 불가,대표 테마 연결 대기,기준 현재가 388 · 손절 참고 376 · 1차 익절 참고 403,"최대 호재: 수주, 계약, 실적 개선, 정책 수혜 / 최대 악재: 실적 부진, 규제, 원가 상승, 수요 둔화",악재 영향 예상: -3.0~-4.5% (370.22 USD 부근까지 경계) · 회복 기준 395.41 USD 돌파,"악재 뉴스: Alphabet 이사 존 헤네시, 412,919달러 규모 클래스 C 주식 매도 By Investing.com - Investing.com 한국어 (2026-05-20) · 최대 호재: 수주, 계약, 실적 개선, 정책 수혜 / 최대 악재: 실적 부진, 규제, 원가 상승, 수요 둔화"
TIGER 미국테크TOP10타겟커버드콜,474220.KS,ok,국장,해당 없음,0.0,0.0,0.0,,,0,해당 없음,16638.86,-0.08,"NAV 16,639원 · 괴리율 -0.08% · 저평가",,,0.0,0.0,,ETF NOW 보유/매수 신호 없음 · 2026-05-20 기준,0.0,본장 전/초반 1시간 중립 · 초반 -0.09%,0.0,중립,1분봉 중립 · 장중 -0.42% · 최근 +0.00%,AI 관망,31,지금은 확실한 우위가 부족합니다.,국장/TIGER ETF/커버드콜,보류,대기,매매 근거 부족,31,42.0,30.0,0.0,0.0,10.0,2.0,11.0,False,False,중립장,11.0,16625.0,16755.0,naver_realtime,naver_realtime_calculated,-0.78,-0.33,-0.12,0.69,0.7,False,4107921125.0,73.9,True,1.43,일반 모멘텀,"추세 상승, MACD 상승, 뉴스 키워드: 강한 호재: 공급 / 약한 호재: 상승",매수 확인 부족: 거래량 0.69x / 거래대금 0.70x,수급 수집 실패,unavailable,0.0,0.0,강한 호재: 공급 / 약한 호재: 상승,google_news,호재 뉴스: [주식마감] 글로벌 빅테크 보안칩 공급에 아이씨티케이 상한가... 코스모로보틱스·티엠씨 등 강세 (2026-05-19),strong,[주식마감] 글로벌 빅테크 보안칩 공급에 아이씨티케이 상한가... 코스모로보틱스·티엠씨 등 강세 (2026-05-19) | [상대강도과열 종목] 케이피항공산업 졸스 코스맥스엔비티 피델릭스 아이로보틱스 '휘파람' (2026-05-19),"naver_daily, naver_realtime, news:google_news, flow:unavailable, intraday_1m, etf_now",,,섹터 확인 부족,2026-05-19 21:07:50 PDT,45,관망 · 추격 부담 낮음 · 호재 뉴스: [주식마감] 글로벌 빅테크 보안칩 공급에 아이씨티케이 상한가... 코스모로보틱스·티엠씨 등 강세 (2026-05-,선행 신호 대기,놓침 위험 낮음,시장 방어장 · 신규 매수는 작게,급변 신호 없음,TIGER ETF/커버드콜 흐름 · 평균 -0.33% · 거래량 0.7배 · 대표 TIGER 미국테크TOP10타겟커버드콜,방어장 · 평균 -5.68% · 하락비중 91% · 현금 비중 높게,수급 수집 실패,대표 테마 연결 대기,"기준 현재가 16,625 · 손절 참고 16,126 · 1차 익절 참고 17,290","최대 호재: 수주, 계약, 실적 개선, 정책 수혜 / 최대 악재: 실적 부진, 규제, 원가 상승, 수요 둔화","호재 영향 예상: +2.0~+3.2% (17,157원 부근까지 시도) · 이탈 기준 16,292원","호재 뉴스: [주식마감] 글로벌 빅테크 보안칩 공급에 아이씨티케이 상한가... 코스모로보틱스·티엠씨 등 강세 (2026-05-19) · 최대 호재: 수주, 계약, 실적 개선, 정책 수혜 / 최대 악재: 실적 부진, 규제, 원가 상승, 수요 둔화"
팬오션,028670.KS,ok,국장,해당 없음,0.0,0.0,0.0,,,0,해당 없음,0.0,0.0,,,,0.0,0.0,,,-8.0,본장 전/초반 1시간 약세 · 초반 -4.19% · 방어 우선,0.0,중립,1분봉 중립 · 장중 -2.68% · 최근 +0.00%,AI 관망,29,지금은 확실한 우위가 부족합니다.,해운,보류,🚫 제외,리스크 과다,30,55.0,46.0,0.0,0.0,7.0,2.0,25.0,False,False,중립장,11.0,5790.0,6050.0,naver_realtime,naver_realtime_calculated,-4.3,-2.69,0.17,0.9,0.89,True,23263913130.0,67.6,True,5.9,일반 모멘텀,"추세 상승, RSI 건강 구간, MACD 상승, 건전한 갭 상승, 뉴스 키워드: 강한 호재: 공급","본장 전/초반 1시간 약세 · 초반 -4.19% · 방어 우선, 해운 섹터 약세",수급 수집 실패,unavailable,0.0,0.0,강한 호재: 공급,google_news,"호재 뉴스: SK텔링크, 국내 대형 선사 5곳 '스타링크' 공급 (2026-05-19)",strong,"SK텔링크, 국내 대형 선사 5곳 '스타링크' 공급 (2026-05-19) | 팬오션, 현충일 맞이 현충원 묘역 관리 봉사활동 진행 (2026-05-18)","naver_daily, naver_realtime, news:google_news, flow:unavailable, intraday_1m",0.0,6.0,해운 섹터 약세,2026-05-19 21:07:50 PDT,27,"관망 · 호재 뉴스: SK텔링크, 국내 대형 선사 5곳 '스타링크' 공급 (2026-05-19)",선행 신호 대기,놓침 위험 낮음,시장 방어장 · 신규 매수는 작게,급변 신호 없음,"해운 흐름 · 평균 -3.69% · 거래량 0.8배 · 대표 팬오션, HMM, KSS해운",방어장 · 평균 -5.68% · 하락비중 91% · 현금 비중 높게,수급 수집 실패,대표 테마 연결 대기,"기준 현재가 5,790 · 손절 참고 5,448 · 1차 익절 참고 6,217","최대 호재: 운임 상승, 물동량 증가, 홍해 리스크, 컨테이너 강세 / 최대 악재: 운임 하락, 물동량 감소, 선복 과잉, 제재","호재 영향 예상: +2.4~+4.4% (6,046원 부근까지 시도) · 이탈 기준 5,636원","호재 뉴스: SK텔링크, 국내 대형 선사 5곳 '스타링크' 공급 (2026-05-19) · 최대 호재: 운임 상승, 물동량 증가, 홍해 리스크, 컨테이너 강세 / 최대 악재: 운임 하락, 물동량 감소, 선복 과잉, 제재"
한양디지텍,078350.KQ,ok,국장,해당 없음,0.0,0.0,0.0,,,0,해당 없음,0.0,0.0,,,,0.0,0.0,,,-8.0,본장 전/초반 1시간 약세 · 초반 -1.35% · 방어 우선,6.0,양호,1분봉 양호 · 장중 -1.20% · 최근 +0.61%,AI 관망,26,지금은 확실한 우위가 부족합니다.,반도체,보류,🚫 제외,리스크 과다,30,70.0,64.0,0.0,0.0,4.0,2.0,40.0,False,False,중립장,11.0,33200.0,33900.0,naver_realtime,naver_realtime_calculated,-2.06,-2.35,-1.47,0.76,0.79,False,10788340000.0,52.9,True,9.56,눌림 후 재상승,"추세 상승, 눌림 후 재상승, RSI 건강 구간, MACD 상승, 뉴스 키워드: 보통 호재: 실적, 1분봉 양호 · 장중 -1.20% · 최근 +0.61%","변동성 과다, 본장 전/초반 1시간 약세 · 초반 -1.35% · 방어 우선, 매수 확인 부족: 거래량 0.76x / 거래대금 0.79x, 리스크 34 이상으로 신규 관심 제외, 반도체 섹터 약세",수급 수집 실패,unavailable,0.0,0.0,보통 호재: 실적,google_news,"호재 뉴스: [52주 최고가] 폴레드, 전일비 300.00.% ↑... 현재가 3만원 (2026-05-14)",medium,"[52주 최고가] 폴레드, 전일비 300.00.% ↑... 현재가 3만원 (2026-05-14) | 한양디지텍, +29.93% 상한가 (2026-05-14)","naver_daily, naver_realtime, news:google_news, flow:unavailable, intraday_1m",0.0,6.0,반도체 섹터 약세,2026-05-19 21:07:50 PDT,23,"관망 · 호재 뉴스: [52주 최고가] 폴레드, 전일비 300.00.% ↑... 현재가 3만원 (2026-05-14)",선행 신호 대기,놓침 위험 낮음,시장 방어장 · 신규 매수는 작게,급변 신호 없음,"반도체 흐름 · 평균 -4.70% · 거래량 0.7배 · 대표 한양디지텍, 미래반도체, 테스",방어장 · 평균 -5.68% · 하락비중 91% · 현금 비중 높게,수급 수집 실패,AI/반도체 → 전력 → 냉각 → 데이터센터 → 광통신,"기준 현재가 33,200 · 손절 참고 30,026 · 1차 익절 참고 37,167","최대 호재: HBM 수주, 엔비디아 공급, 장비 발주, 수율 개선 / 최대 악재: 어닝 쇼크, 컨센서스 하회, 수출 통제, 재고 급증","호재 영향 예상: +3.9~+7.2% (35,580원 부근까지 시도) · 이탈 기준 31,772원","호재 뉴스: [52주 최고가] 폴레드, 전일비 300.00.% ↑... 현재가 3만원 (2026-05-14) · 최대 호재: HBM 수주, 엔비디아 공급, 장비 발주, 수율 개선 / 최대 악재: 어닝 쇼크, 컨센서스 하회, 수출 통제, 재고 급증"
더블유게임즈,192080.KS,ok,국장,해당 없음,0.0,0.0,0.0,,,0,해당 없음,0.0,0.0,,,,0.0,0.0,,,-8.0,본장 전/초반 1시간 약세 · 초반 -3.07% · 방어 우선,6.0,양호,1분봉 양호 · 장중 -2.91% · 최근 +0.50%,AI 관망,21,지금은 확실한 우위가 부족합니다.,게임,보류,🚫 제외,리스크 과다,30,55.0,46.0,0.0,0.0,7.0,2.0,25.0,False,False,중립장,11.0,60500.0,61300.0,naver_realtime,naver_realtime_calculated,-1.31,0.17,0.0,0.71,0.73,False,5465509500.0,60.5,True,4.88,일반 모멘텀,"추세 상승, RSI 건강 구간, MACD 상승, 뉴스 키워드: 보통 호재: 실적 / 약한 호재: 확대, 1분봉 양호 · 장중 -2.91% · 최근 +0.50%","본장 전/초반 1시간 약세 · 초반 -3.07% · 방어 우선, 매수 확인 부족: 거래량 0.71x / 거래대금 0.73x, 게임 섹터 약세",수급 수집 실패,unavailable,0.0,0.0,보통 호재: 실적 / 약한 호재: 확대,google_news,"호재 뉴스: 실적도 주가도 바닥 찍은 게임주, 이제 볕드나 … 글로벌 IB도 '픽' (2026-05-20)",medium,"실적도 주가도 바닥 찍은 게임주, 이제 볕드나 … 글로벌 IB도 '픽' (2026-05-20) | 더블유게임즈, 팍시게임즈 지분 추가 확대 (2026-05-15)","naver_daily, naver_realtime, news:google_news, flow:unavailable, intraday_1m",0.0,6.0,게임 섹터 약세,2026-05-19 21:07:50 PDT,36,"관망 · 추격 부담 낮음 · 호재 뉴스: 실적도 주가도 바닥 찍은 게임주, 이제 볕드나 … 글로벌 IB도 '픽' (2026-05-20)",선행 신호 대기,놓침 위험 낮음,시장 방어장 · 신규 매수는 작게,급변 신호 없음,"게임 흐름 · 평균 -1.89% · 거래량 1.1배 · 대표 더블유게임즈, 엔씨소프트, 네오위즈",방어장 · 평균 -5.68% · 하락비중 91% · 현금 비중 높게,수급 수집 실패,대표 테마 연결 대기,"기준 현재가 60,500 · 손절 참고 57,548 · 1차 익절 참고 64,190","최대 호재: 신작 흥행, 중국 판호, 글로벌 출시, 매출 순위 상승 / 최대 악재: 신작 부진, 출시 연기, 규제, 매출 하락","호재 영향 예상: +2.0~+3.7% (62,714원 부근까지 시도) · 이탈 기준 59,171원","호재 뉴스: 실적도 주가도 바닥 찍은 게임주, 이제 볕드나 … 글로벌 IB도 '픽' (2026-05-20) · 최대 호재: 신작 흥행, 중국 판호, 글로벌 출시, 매출 순위 상승 / 최대 악재: 신작 부진, 출시 연기, 규제, 매출 하락"
Hydro One,H.TO,ok,캐나다,고배당,0.333,1.646,2.81,2026-03-11,2026-06-10,91,고배당 · 최근 0.33 CAD · 연 1.65 CAD · 배당률 2.81% · 최근 지급일 2026-03-11 · 다음 예상 2026-06-10,0.0,0.0,,,,0.0,0.0,,,0.0,,0.0,대기,,AI 관망,42,지금은 확실한 우위가 부족합니다.,캐나다/유틸리티,보류,🚫 제외,리스크 과다,30,56.0,54.0,0.0,0.0,0.0,2.0,26.0,False,False,중립장,11.0,58.63,58.63,fast_quote,calculated,0.0,1.79,0.69,1.14,1.15,True,62951032.0,51.7,False,1.52,눌림 후 재상승,"추세 상승, 눌림 후 재상승, RSI 건강 구간, 건전한 갭 상승","거래대금 부족, 리스크 26 이상으로 신규 관심 제외",수급 확인 불가,no_code,0.0,0.0,뉴스 수집 실패,none,뉴스를 가져오지 못해 가격 흐름만 참고하세요.,none,-,"yahoo_daily, fast_quote, news:none, flow:no_code",0.0,0.0,중립,2026-05-19 21:07:50 PDT,47,관망 · 추격 부담 낮음 · 뉴스를 가져오지 못해 가격 흐름만 참고하세요.,선행 신호 대기,놓침 위험 낮음,위험 신호 보통,급변 신호 없음,"유틸리티 흐름 · 평균 +1.36% · 거래량 1.1배 · 대표 Hydro One, Canadian Utilities, Emera",공격장 · 평균 +0.65% · 하락비중 30% · 관심 종목 압축,수급 확인 불가,대표 테마 연결 대기,기준 현재가 59 · 손절 참고 57 · 1차 익절 참고 61,"최대 호재: 수주, 계약, 실적 개선, 정책 수혜 / 최대 악재: 실적 부진, 규제, 원가 상승, 수요 둔화",뉴스 영향 예상: 방향성 약함 · 가격/거래량 확인 우선,"뉴스를 가져오지 못해 가격 흐름만 참고하세요. · 최대 호재: 수주, 계약, 실적 개선, 정책 수혜 / 최대 악재: 실적 부진, 규제, 원가 상승, 수요 둔화"
Starbucks,SBUX,ok,미장,해당 없음,0.0,0.0,0.0,,,0,해당 없음,0.0,0.0,,,,0.0,0.0,,,0.0,,0.0,대기,,AI 관망,8,지금은 확실한 우위가 부족합니다.,미장/외식,보류,🚫 제외,리스크 과다,30,56.0,40.0,0.0,0.0,14.0,2.0,26.0,False,True,중립장,11.0,106.38,106.38,fast_quote,calculated,0.0,-0.21,-0.99,0.67,0.69,False,560090685.0,57.3,True,2.33,일반 모멘텀,"추세 상승, RSI 건강 구간, MACD 상승, 뉴스 키워드: 강한 호재: 계약 / 보통 호재: 투자 / 약한 호재: 상승","거래대금 부족, 매수 확인 부족: 거래량 0.67x / 거래대금 0.69x, 리스크 26 이상으로 신규 관심 제외",수급 확인 불가,no_code,0.0,0.0,강한 호재: 계약 / 보통 호재: 투자 / 약한 호재: 상승,google_news,"호재 뉴스: 이미지 구긴 스타벅스...신세계그룹, 6000억 손실 '콜옵션' 발동되나 (2026-05-20)",strong,"이미지 구긴 스타벅스...신세계그룹, 6000억 손실 '콜옵션' 발동되나 (2026-05-20) | ""국힘까지 '설치는' 스타벅스 '탱크데이' 논란…정용진은 우리 편?""[뉴스뒷테일] - v.daum.net (2026-05-20)","yahoo_daily, fast_quote, news:google_news, flow:no_code",0.0,0.0,중립,2026-05-19 21:07:50 PDT,49,"관망 · 추격 부담 낮음 · 호재 뉴스: 이미지 구긴 스타벅스...신세계그룹, 6000억 손실 '콜옵션' 발동되나 (2026-05-20)",선행 신호 대기,놓침 위험 낮음,시장 방어장 · 신규 매수는 작게,급변 신호 없음,"외식 흐름 · 평균 -0.40% · 거래량 0.8배 · 대표 Starbucks, McDonald's",방어장 · 평균 -0.75% · 하락비중 66% · 현금 비중 높게,수급 확인 불가,대표 테마 연결 대기,기준 현재가 106 · 손절 참고 103 · 1차 익절 참고 111,섹터 최대 호재: 계약,호재 영향 예상: +2.7~+4.9% (111.57 USD 부근까지 시도) · 이탈 기준 104.25 USD,"호재 뉴스: 이미지 구긴 스타벅스...신세계그룹, 6000억 손실 '콜옵션' 발동되나 (2026-05-20) · 섹터 최대 호재: 계약"
대한항공,003490.KS,ok,국장,해당 없음,0.0,0.0,0.0,,,0,해당 없음,0.0,0.0,,,,0.0,0.0,,,-8.0,본장 전/초반 1시간 약세 · 초반 -2.73% · 방어 우선,6.0,양호,1분봉 양호 · 장중 -2.73% · 최근 +0.40%,AI 관망,25,지금은 확실한 우위가 부족합니다.,항공,보류,🚫 제외,리스크 과다,29,58.0,52.0,0.0,0.0,4.0,2.0,29.0,False,False,중립장,11.0,24900.0,25800.0,naver_realtime,naver_realtime_calculated,-3.49,-2.54,0.59,1.01,0.97,True,48711521400.0,55.8,True,4.97,일반 모멘텀,"추세 상승, RSI 건강 구간, MACD 상승, 건전한 갭 상승, 뉴스 키워드: 보통 호재: 승인 / 악재: 하락, 1분봉 양호 · 장중 -2.73% · 최근 +0.40%","뉴스 리스크: 보통 호재: 승인 / 악재: 하락, 본장 전/초반 1시간 약세 · 초반 -2.73% · 방어 우선, 항공 섹터 약세",수급 수집 실패,unavailable,0.0,0.0,보통 호재: 승인 / 악재: 하락,google_news,"악재 뉴스: 대한항공 주식, 항공사 합병에 대한 EU 규제 승인 속에서 안정세 유지 (2026-05-19)",medium,"대한항공 주식, 항공사 합병에 대한 EU 규제 승인 속에서 안정세 유지 (2026-05-19) | 대한항공, 아시아나 품고 차입금 2배↑…한신평 “일시적 재무 충격 후 ‘3대 통합 시너지’ 기대” (2026-05-15)","naver_daily, naver_realtime, news:google_news, flow:unavailable, intraday_1m",0.0,6.0,항공 섹터 약세,2026-05-19 21:07:50 PDT,0,"관망 · 악재 뉴스: 대한항공 주식, 항공사 합병에 대한 EU 규제 승인 속에서 안정세 유지 (2026-05-19)",선행 신호 대기,놓침 위험 낮음,섹터 최대 악재: 규제,급변 신호 없음,"항공 흐름 · 평균 -3.95% · 거래량 0.9배 · 대표 대한항공, 아시아나항공, 티웨이항공",방어장 · 평균 -5.68% · 하락비중 91% · 현금 비중 높게,수급 수집 실패,우주항공 → 위성 → 통신장비 → 소재,"기준 현재가 24,900 · 손절 참고 23,662 · 1차 익절 참고 26,447",섹터 최대 악재: 규제,"악재 영향 예상: -3.5~-6.4% (23,301원 부근까지 경계) · 회복 기준 25,457원 돌파","악재 뉴스: 대한항공 주식, 항공사 합병에 대한 EU 규제 승인 속에서 안정세 유지 (2026-05-19) · 섹터 최대 악재: 규제"
Nasdaq,NDAQ,ok,미장,해당 없음,0.0,0.0,0.0,,,0,해당 없음,0.0,0.0,,,,0.0,0.0,,,0.0,,0.0,대기,,AI 관망,40,지금은 확실한 우위가 부족합니다.,미장/거래소,보류,🚫 제외,리스크 과다,29,55.0,46.0,0.0,0.0,7.0,2.0,26.0,False,False,중립장,11.0,91.98,91.98,fast_quote,calculated,0.0,-0.67,0.15,1.05,1.08,True,326620991.0,53.9,True,2.2,일반 모멘텀,"추세 상승, RSI 건강 구간, MACD 상승, 건전한 갭 상승, 뉴스 키워드: 강한 호재: 계약","거래대금 부족, 리스크 26 이상으로 신규 관심 제외",수급 확인 불가,no_code,0.0,0.0,강한 호재: 계약,google_news,호재 뉴스: DeFi 거래소가 Nasdaq 데이터를 기반으로 하는 주식 영구 계약을 최초로 제공하게 되었습니다 (2026-05-19),strong,"DeFi 거래소가 Nasdaq 데이터를 기반으로 하는 주식 영구 계약을 최초로 제공하게 되었습니다 (2026-05-19) | 스페이스X, 5대1 주식분할로 나스닥 상장 초읽기 (2026-05-18)","yahoo_daily, fast_quote, news:google_news, flow:no_code",,,섹터 확인 부족,2026-05-19 21:07:50 PDT,64,관망 · 추격 부담 낮음 · 호재 뉴스: DeFi 거래소가 Nasdaq 데이터를 기반으로 하는 주식 영구 계약을 최초로 제공하게 되었습니다 (2026-05,선행 신호 대기,놓침 위험 낮음,시장 방어장 · 신규 매수는 작게,급변 신호 없음,거래소 흐름 · 평균 -0.67% · 거래량 1.1배 · 대표 Nasdaq,방어장 · 평균 -0.75% · 하락비중 66% · 현금 비중 높게,수급 확인 불가,대표 테마 연결 대기,기준 현재가 92 · 손절 참고 89 · 1차 익절 참고 96,섹터 최대 호재: 계약,호재 영향 예상: +2.7~+4.9% (96.53 USD 부근까지 시도) · 이탈 기준 90.14 USD,호재 뉴스: DeFi 거래소가 Nasdaq 데이터를 기반으로 하는 주식 영구 계약을 최초로 제공하게 되었습니다 (2026-05-19) · 섹터 최대 호재: 계약
미래반도체,254490.KQ,ok,국장,해당 없음,0.0,0.0,0.0,,,0,해당 없음,0.0,0.0,,,,0.0,0.0,,,-8.0,본장 전/초반 1시간 약세 · 초반 -4.61% · 방어 우선,6.0,양호,1분봉 양호 · 장중 -5.56% · 최근 +0.51%,AI 관망,20,지금은 확실한 우위가 부족합니다.,반도체,보류,🚫 제외,리스크 과다,28,68.0,46.0,0.0,0.0,20.0,2.0,40.0,False,False,중립장,11.0,29900.0,30550.0,naver_realtime,naver_realtime_calculated,-2.13,-5.38,-1.27,0.38,0.36,False,16130601500.0,59.1,True,19.71,일반 모멘텀,"추세 상승, RSI 건강 구간, MACD 상승, 뉴스 키워드: 강한 호재: 계약, 공급 / 보통 호재: 실적 / 약한 호재: 상승, 1분봉 양호 · 장중 -5.56% · 최근 +0.51%","변동성 과다, 본장 전/초반 1시간 약세 · 초반 -4.61% · 방어 우선, 매수 확인 부족: 거래량 0.38x / 거래대금 0.36x, 리스크 34 이상으로 신규 관심 제외, 반도체 섹터 약세",수급 수집 실패,unavailable,0.0,0.0,"강한 호재: 계약, 공급 / 보통 호재: 실적 / 약한 호재: 상승",google_news,"호재 뉴스: “반도체 없는데 주식 이야기, 스트레스네요”…로봇·바이오는 주저앉았다 (2026-05-19)",strong,"“반도체 없는데 주식 이야기, 스트레스네요”…로봇·바이오는 주저앉았다 (2026-05-19) | [김대호 진단] 국채금리와 반도체 주가 (2026-05-18)","naver_daily, naver_realtime, news:google_news, flow:unavailable, intraday_1m",0.0,6.0,반도체 섹터 약세,2026-05-19 21:07:50 PDT,19,"관망 · 호재 뉴스: “반도체 없는데 주식 이야기, 스트레스네요”…로봇·바이오는 주저앉았다 (2026-05-19)",선행 신호 대기,놓침 위험 낮음,시장 방어장 · 신규 매수는 작게,급변 신호 없음,"반도체 흐름 · 평균 -4.70% · 거래량 0.7배 · 대표 한양디지텍, 미래반도체, 테스",방어장 · 평균 -5.68% · 하락비중 91% · 현금 비중 높게,수급 수집 실패,AI/반도체 → 전력 → 냉각 → 데이터센터 → 광통신,"기준 현재가 29,900 · 손절 참고 26,312 · 1차 익절 참고 34,385","최대 호재: HBM 수주, 엔비디아 공급, 장비 발주, 수율 개선 / 최대 악재: 어닝 쇼크, 컨센서스 하회, 수출 통제, 재고 급증","호재 영향 예상: +6.6~+12.0% (33,488원 부근까지 시도) · 이탈 기준 28,285원","호재 뉴스: “반도체 없는데 주식 이야기, 스트레스네요”…로봇·바이오는 주저앉았다 (2026-05-19) · 최대 호재: HBM 수주, 엔비디아 공급, 장비 발주, 수율 개선 / 최대 악재: 어닝 쇼크, 컨센서스 하회, 수출 통제, 재고 급증"
에스비비테크,389500.KQ,ok,국장,해당 없음,0.0,0.0,0.0,,,0,해당 없음,0.0,0.0,,,,0.0,0.0,,,-8.0,본장 전/초반 1시간 약세 · 초반 -4.94% · 방어 우선,6.0,양호,1분봉 양호 · 장중 -10.49% · 최근 +0.28%,AI 관망,20,지금은 확실한 우위가 부족합니다.,로봇부품,보류,🚫 제외,리스크 과다,28,68.0,46.0,0.0,0.0,20.0,2.0,40.0,False,False,중립장,11.0,73700.0,76200.0,naver_realtime,naver_realtime_calculated,-3.28,-11.42,0.0,0.38,0.34,False,12251961700.0,54.5,True,15.86,일반 모멘텀,"추세 상승, RSI 건강 구간, MACD 상승, 뉴스 키워드: 강한 호재: 수주, 계약, 공급, 1분봉 양호 · 장중 -10.49% · 최근 +0.28%","변동성 과다, 본장 전/초반 1시간 약세 · 초반 -4.94% · 방어 우선, 매수 확인 부족: 거래량 0.38x / 거래대금 0.34x, 리스크 34 이상으로 신규 관심 제외, 로봇부품 섹터 약세",수급 수집 실패,unavailable,0.0,0.0,"강한 호재: 수주, 계약, 공급",google_news,호재 뉴스: 5월 19일 시간외 특이종목 (2026-05-19),strong,5월 19일 시간외 특이종목 (2026-05-19) | 에스비비테크 수주공시 - 휴머노이드 로봇용 정밀 감속기 12.1억원 (매출액대비 16.7 %) (2026-05-19),"naver_daily, naver_realtime, news:google_news, flow:unavailable, intraday_1m",0.0,6.0,로봇부품 섹터 약세,2026-05-19 21:07:50 PDT,33,관망 · 호재 뉴스: 5월 19일 시간외 특이종목 (2026-05-19),선행 신호 대기,놓침 위험 낮음,시장 방어장 · 신규 매수는 작게,급변 감지 · 당일 -11.42%,"로봇부품 흐름 · 평균 -14.30% · 거래량 0.6배 · 대표 에스비비테크, 에스피지",방어장 · 평균 -5.68% · 하락비중 91% · 현금 비중 높게,수급 수집 실패,로봇 → 감속기 → 자동화 장비 → 센서,"기준 현재가 73,700 · 손절 참고 64,856 · 1차 익절 참고 84,755",섹터 최대 호재: 휴머노이드,"호재 영향 예상: +6.6~+12.0% (82,544원 부근까지 시도) · 이탈 기준 69,720원",호재 뉴스: 5월 19일 시간외 특이종목 (2026-05-19) · 섹터 최대 호재: 휴머노이드
TFI International,TFII.TO,ok,캐나다,중간배당,0.654,3.185,1.65,2026-03-31,2026-06-30,91,중간배당 · 최근 0.65 CAD · 연 3.19 CAD · 배당률 1.65% · 최근 지급일 2026-03-31 · 다음 예상 2026-06-30,0.0,0.0,,,,0.0,0.0,,,0.0,,0.0,대기,,AI 관망,28,지금은 확실한 우위가 부족합니다.,캐나다/물류,보류,🚫 제외,리스크 과다,28,54.0,44.0,0.0,0.0,8.0,2.0,26.0,False,False,중립장,11.0,193.25,193.25,fast_quote,calculated,0.0,-0.34,1.17,0.71,0.72,False,37374550.0,45.4,False,3.29,눌림 후 재상승,"추세 상승, 눌림 후 재상승, 건전한 갭 상승, 뉴스 키워드: 보통 호재: 실적, 투자","거래대금 부족, 매수 확인 부족: 거래량 0.71x / 거래대금 0.72x, 리스크 26 이상으로 신규 관심 제외",수급 확인 불가,no_code,0.0,0.0,"보통 호재: 실적, 투자",google_news,호재 뉴스: 투자자들이 TFI International (TSX :TFII)의 부드러운 1 분기 실적과 자신감있는 현금 수익 계획에 반응하는 방법 - simpl… (2026-05-08),medium,투자자들이 TFI International (TSX :TFII)의 부드러운 1 분기 실적과 자신감있는 현금 수익 계획에 반응하는 방법 - simplywall.st (2026-05-08) | 최근 주가 변동 후 TFI International (TSX :TFII)을 재평가 할 때입니까? - simplywall.st (2026-05-06),"yahoo_daily, fast_quote, news:google_news, flow:no_code",,,섹터 확인 부족,2026-05-19 21:07:50 PDT,36,관망 · 추격 부담 낮음 · 호재 뉴스: 투자자들이 TFI International (TSX :TFII)의 부드러운 1 분기 실적과 자신감있는 현금 수익 ,선행 신호 대기,놓침 위험 낮음,위험 신호 보통,급변 신호 없음,물류 흐름 · 평균 -0.34% · 거래량 0.7배 · 대표 TFI International,공격장 · 평균 +0.65% · 하락비중 30% · 관심 종목 압축,수급 확인 불가,대표 테마 연결 대기,기준 현재가 193 · 손절 참고 187 · 1차 익절 참고 201,"최대 호재: 수주, 계약, 실적 개선, 정책 수혜 / 최대 악재: 실적 부진, 규제, 원가 상승, 수요 둔화",호재 영향 예상: +2.0~+3.2% (199.43 CAD 부근까지 시도) · 이탈 기준 189.38 CAD,"호재 뉴스: 투자자들이 TFI International (TSX :TFII)의 부드러운 1 분기 실적과 자신감있는 현금 수익 계획에 반응하는 방법 - simpl… (2026-05-08) · 최대 호재: 수주, 계약, 실적 개선, 정책 수혜 / 최대 악재: 실적 부진, 규제, 원가 상승, 수요 둔화"
Bank of Montreal,BMO.TO,ok,캐나다,고배당,1.67,8.19,3.86,2026-04-29,2026-07-30,92,고배당 · 최근 1.67 CAD · 연 8.19 CAD · 배당률 3.86% · 최근 지급일 2026-04-29 · 다음 예상 2026-07-30,0.0,0.0,,,,0.0,0.0,,,0.0,,0.0,대기,,AI 관망,22,지금은 확실한 우위가 부족합니다.,캐나다/은행,보류,🚫 제외,리스크 과다,27,53.0,51.0,0.0,0.0,0.0,2.0,26.0,False,True,중립장,11.0,211.91,211.91,fast_quote,calculated,0.0,0.94,0.03,1.05,1.07,True,716404149.0,60.2,False,1.87,일반 모멘텀,"추세 상승, 20일 고점 돌파, RSI 건강 구간, 건전한 갭 상승","거래대금 부족, 뉴스 호재 강도 약함, 리스크 26 이상으로 신규 관심 제외",수급 확인 불가,no_code,0.0,0.0,약한 호재: 상승,google_news,호재 뉴스: TradingKey (2026-05-15),weak,TradingKey (2026-05-15) | 1 년 56.6 % 상승한 후 몬트리올 은행 (TSX :BMO) 고려하기에는 너무 늦었습니까? - simplywall.st (2026-05-10),"yahoo_daily, fast_quote, news:google_news, flow:no_code",0.0,0.0,중립,2026-05-19 21:07:50 PDT,46,관망 · 추격 부담 낮음 · 호재 뉴스: TradingKey (2026-05-15),선행 신호 대기,놓침 위험 낮음,위험 신호 보통,급변 신호 없음,"은행 흐름 · 평균 +0.34% · 거래량 1.0배 · 대표 Royal Bank of Canada, Bank of Montreal, CIBC",공격장 · 평균 +0.65% · 하락비중 30% · 관심 종목 압축,수급 확인 불가,대표 테마 연결 대기,기준 현재가 212 · 손절 참고 206 · 1차 익절 참고 220,"최대 호재: 금리 수혜, 배당 확대, 자사주, 충당금 감소 / 최대 악재: 연체율 상승, 충당금 증가, 부실채권, 규제",호재 영향 예상: +2.0~+3.2% (218.69 CAD 부근까지 시도) · 이탈 기준 207.67 CAD,"호재 뉴스: TradingKey (2026-05-15) · 최대 호재: 금리 수혜, 배당 확대, 자사주, 충당금 감소 / 최대 악재: 연체율 상승, 충당금 증가, 부실채권, 규제"
CIBC,CM.TO,ok,캐나다,고배당,1.07,5.05,3.27,2026-03-27,2026-06-26,91,고배당 · 최근 1.07 CAD · 연 5.05 CAD · 배당률 3.27% · 최근 지급일 2026-03-27 · 다음 예상 2026-06-26,0.0,0.0,,,,0.0,0.0,,,0.0,,0.0,대기,,AI 관망,2,지금은 확실한 우위가 부족합니다.,캐나다/은행,보류,🚫 제외,리스크 과다,27,53.0,51.0,0.0,0.0,0.0,2.0,26.0,False,True,중립장,11.0,154.42,154.42,fast_quote,calculated,0.0,0.7,0.4,0.75,0.76,False,228804111.0,59.3,False,1.8,일반 모멘텀,"추세 상승, 20일 고점 돌파, RSI 건강 구간, 건전한 갭 상승","거래대금 부족, 매수 확인 부족: 거래량 0.75x / 거래대금 0.76x, 리스크 26 이상으로 신규 관심 제외",수급 확인 불가,no_code,0.0,0.0,뉴스 중립,google_news,관련 뉴스: 1 년 동안 71 % 급등 한 후 CIBC (TSX :CM)를 재평가하기에는 너무 늦었습니까? - simplywall.st (2026-05-17),none,"1 년 동안 71 % 급등 한 후 CIBC (TSX :CM)를 재평가하기에는 너무 늦었습니까? - simplywall.st (2026-05-17) | CIBC, 루키 셰이퍼 제휴로 하키 팬·미국 시장 접점 넓힌다 - simplywall.st (2026-05-15)","yahoo_daily, fast_quote, news:google_news, flow:no_code",0.0,0.0,중립,2026-05-19 21:07:50 PDT,31,관망 · 추격 부담 낮음 · 관련 뉴스: 1 년 동안 71 % 급등 한 후 CIBC (TSX :CM)를 재평가하기에는 너무 늦었습니까? - simplywa,선행 신호 대기,놓침 위험 낮음,위험 신호 보통,급변 신호 없음,"은행 흐름 · 평균 +0.34% · 거래량 1.0배 · 대표 Royal Bank of Canada, Bank of Montreal, CIBC",공격장 · 평균 +0.65% · 하락비중 30% · 관심 종목 압축,수급 확인 불가,대표 테마 연결 대기,기준 현재가 154 · 손절 참고 150 · 1차 익절 참고 161,"최대 호재: 금리 수혜, 배당 확대, 자사주, 충당금 감소 / 최대 악재: 연체율 상승, 충당금 증가, 부실채권, 규제",뉴스 영향 예상: 방향성 약함 · 가격/거래량 확인 우선,"관련 뉴스: 1 년 동안 71 % 급등 한 후 CIBC (TSX :CM)를 재평가하기에는 너무 늦었습니까? - simplywall.st (2026-05-17) · 최대 호재: 금리 수혜, 배당 확대, 자사주, 충당금 감소 / 최대 악재: 연체율 상승, 충당금 증가, 부실채권, 규제"
TIGER 미국테크TOP10 INDXX,381170.KS,ok,국장,해당 없음,0.0,0.0,0.0,,,0,해당 없음,34302.4,-0.07,"NAV 34,302원 · 괴리율 -0.07% · 저평가",,,0.0,0.0,,ETF NOW 보유/매수 신호 없음 · 2026-05-20 기준,0.0,본장 전/초반 1시간 중립 · 초반 +0.07%,18.0,강함,1분봉 강함 · 장중 -0.23% · 최근 +0.12% · 거래 1.7배,AI 관망,9,지금은 확실한 우위가 부족합니다.,국장/TIGER ETF/미국빅테크,보류,대기,매매 근거 부족,27,50.0,48.0,0.0,0.0,0.0,2.0,23.0,True,False,중립장,11.0,34280.0,34635.0,naver_realtime,naver_realtime_calculated,-1.02,-0.49,0.01,1.0,1.03,True,41877202160.0,82.8,True,1.31,일반 모멘텀,"추세 상승, MACD 상승, 건전한 갭 상승, 1분봉 강함 · 장중 -0.23% · 최근 +0.12% · 거래 1.7배",RSI 과열,수급 수집 실패,unavailable,0.0,0.0,뉴스 중립,google_news,관련 뉴스: [상대강도과열 종목] 케이피항공산업 졸스 코스맥스엔비티 피델릭스 아이로보틱스 '휘파람' (2026-05-19),none,[상대강도과열 종목] 케이피항공산업 졸스 코스맥스엔비티 피델릭스 아이로보틱스 '휘파람' (2026-05-19),"naver_daily, naver_realtime, news:google_news, flow:unavailable, intraday_1m, etf_now",,,섹터 확인 부족,2026-05-19 21:07:50 PDT,28,관망 · 추격 부담 낮음 · 관련 뉴스: [상대강도과열 종목] 케이피항공산업 졸스 코스맥스엔비티 피델릭스 아이로보틱스 '휘파람' (2026-05-19),선행 신호 대기,놓침 위험 낮음,시장 방어장 · 신규 매수는 작게,급변 신호 없음,TIGER ETF/미국빅테크 흐름 · 평균 -0.49% · 거래량 1.0배 · 대표 TIGER 미국테크TOP10 INDXX,방어장 · 평균 -5.68% · 하락비중 91% · 현금 비중 높게,수급 수집 실패,우주항공 → 위성 → 통신장비 → 소재,"기준 현재가 34,280 · 손절 참고 33,252 · 1차 익절 참고 35,651","최대 호재: 수주, 계약, 실적 개선, 정책 수혜 / 최대 악재: 실적 부진, 규제, 원가 상승, 수요 둔화",뉴스 영향 예상: 방향성 약함 · 가격/거래량 확인 우선,"관련 뉴스: [상대강도과열 종목] 케이피항공산업 졸스 코스맥스엔비티 피델릭스 아이로보틱스 '휘파람' (2026-05-19) · 최대 호재: 수주, 계약, 실적 개선, 정책 수혜 / 최대 악재: 실적 부진, 규제, 원가 상승, 수요 둔화"
주성엔지니어링,036930.KQ,ok,국장,해당 없음,0.0,0.0,0.0,,,0,해당 없음,0.0,0.0,,,,0.0,0.0,,,0.0,본장 전/초반 1시간 중립 · 초반 +8.97%,16.0,강함,1분봉 강함 · 장중 +6.66% · 최근 +1.68% · 거래 0.1배,AI 관망,5,이미 많이 오른 구간이라 신규 매수보다 눌림 확인이 우선입니다.,반도체장비,보류,🚫 제외,리스크 과다,26,96.0,67.0,20.0,0.0,7.0,2.0,70.0,False,True,중립장,11.0,192500.0,176900.0,naver_realtime,naver_realtime_calculated,8.82,5.65,4.99,1.58,2.32,True,926395855000.0,67.9,True,11.95,거래량 폭발,"추세 상승, 거래량/거래대금 폭발(1.6x/2.3x), 20일 고점 돌파, RSI 건강 구간, MACD 상승, 뉴스 키워드: 보통 호재: 실적 / 약한 호재: 상승 / 중대 악재: 실적 쇼크, 1분봉 강함 · 장중 +6.66% · 최근 +1.68% · 거래 0.1배","갭 상승 과열, 변동성 과다, 뉴스 리스크: 보통 호재: 실적 / 약한 호재: 상승 / 중대 악재: 실적 쇼크, 리스크 64 이상으로 신규 관심 제외, 반도체장비 섹터 약세",수급 수집 실패,unavailable,0.0,0.0,보통 호재: 실적 / 약한 호재: 상승 / 중대 악재: 실적 쇼크,google_news,"악재 뉴스: [특징주] 주가 570% 상승한 주성엔지니어링, 코스닥 5위 '껑충' (2026-05-20)",medium,"[특징주] 주가 570% 상승한 주성엔지니어링, 코스닥 5위 '껑충' (2026-05-20) | [주식마감] '세계 최초' 원자층성장(ALG) 장비 출하 소식에 주성엔지니어링 상한가... 켄코아·아이로보틱스 등 급등 (2026-05-18)","naver_daily, naver_realtime, news:google_news, flow:unavailable, intraday_1m",0.0,6.0,반도체장비 섹터 약세,2026-05-19 21:07:50 PDT,10,"관망 · 거래량 1.6배 · 추격 부담 높음 · 악재 뉴스: [특징주] 주가 570% 상승한 주성엔지니어링, 코스닥 5위 '껑충' (2026-05-20) · 놓친 상승 복기: 이전 놓친 상승 패턴 1회",추격 주의 · 이미 오른 구간이라 눌림 확인 우선,놓침 위험 낮음,시장 방어장 · 신규 매수는 작게,급변 신호 없음,"반도체장비 흐름 · 평균 -2.48% · 거래량 0.8배 · 대표 피에스케이, 주성엔지니어링, 피에스케이홀딩스",방어장 · 평균 -5.68% · 하락비중 91% · 현금 비중 높게,수급 수집 실패,AI/반도체 → 전력 → 냉각 → 데이터센터 → 광통신,"기준 현재가 192,500 · 손절 참고 169,496 · 1차 익절 참고 221,255","최대 호재: HBM 수주, 엔비디아 공급, 장비 발주, 수율 개선 / 최대 악재: 어닝 쇼크, 컨센서스 하회, 수출 통제, 재고 급증","악재 영향 예상: -10.2~-18.6% (156,655원 부근까지 경계) · 회복 기준 202,852원 돌파","악재 뉴스: [특징주] 주가 570% 상승한 주성엔지니어링, 코스닥 5위 '껑충' (2026-05-20) · 최대 호재: HBM 수주, 엔비디아 공급, 장비 발주, 수율 개선 / 최대 악재: 어닝 쇼크, 컨센서스 하회, 수출 통제, 재고 급증"
Freehold Royalties,FRU.TO,ok,캐나다,고배당,0.09,1.17,6.55,2026-04-30,2026-05-30,30,고배당 · 최근 0.09 CAD · 연 1.17 CAD · 배당률 6.55% · 최근 지급일 2026-04-30 · 다음 예상 2026-05-30,0.0,0.0,,,,0.0,0.0,,,0.0,,0.0,대기,,AI 관망,39,지금은 확실한 우위가 부족합니다.,캐나다/에너지로열티,보류,🚫 제외,리스크 과다,26,52.0,46.0,0.0,0.0,4.0,2.0,26.0,False,False,중립장,11.0,17.87,17.87,fast_quote,calculated,0.0,0.34,1.01,0.94,0.95,True,10260954.0,54.8,True,1.97,일반 모멘텀,"추세 상승, RSI 건강 구간, MACD 상승, 건전한 갭 상승, 뉴스 키워드: 보통 호재: 실적","거래대금 부족, 리스크 26 이상으로 신규 관심 제외",수급 확인 불가,no_code,0.0,0.0,보통 호재: 실적,google_news,호재 뉴스: Freehold Royalties(TSX:FRU) 순이익률 둔화로 고배당 내러티브에 질문을 던진 2026년 1분기 실적 - simplywall.st (2026-05-14),medium,Freehold Royalties(TSX:FRU) 순이익률 둔화로 고배당 내러티브에 질문을 던진 2026년 1분기 실적 - simplywall.st (2026-05-14),"yahoo_daily, fast_quote, news:google_news, flow:no_code",,,섹터 확인 부족,2026-05-19 21:07:50 PDT,58,관망 · 추격 부담 낮음 · 호재 뉴스: Freehold Royalties(TSX:FRU) 순이익률 둔화로 고배당 내러티브에 질문을 던진 2026년 1분기,선행 신호 대기,놓침 위험 낮음,위험 신호 보통,급변 신호 없음,에너지로열티 흐름 · 평균 +0.34% · 거래량 0.9배 · 대표 Freehold Royalties,공격장 · 평균 +0.65% · 하락비중 30% · 관심 종목 압축,수급 확인 불가,대표 테마 연결 대기,기준 현재가 18 · 손절 참고 17 · 1차 익절 참고 19,"최대 호재: 유가 상승, 가스 가격 상승, 정책 지원, 수소 투자 / 최대 악재: 유가 급락, 정제마진 하락, 환경 규제, 사고",호재 영향 예상: +2.0~+3.2% (18.44 CAD 부근까지 시도) · 이탈 기준 17.51 CAD,"호재 뉴스: Freehold Royalties(TSX:FRU) 순이익률 둔화로 고배당 내러티브에 질문을 던진 2026년 1분기 실적 - simplywall.st (2026-05-14) · 최대 호재: 유가 상승, 가스 가격 상승, 정책 지원, 수소 투자 / 최대 악재: 유가 급락, 정제마진 하락, 환경 규제, 사고"
Chevron,CVX,ok,미장,해당 없음,0.0,0.0,0.0,,,0,해당 없음,0.0,0.0,,,,0.0,0.0,,,0.0,,0.0,대기,,AI 관망,24,지금은 확실한 우위가 부족합니다.,미장/에너지,보류,대기,매매 근거 부족,26,37.0,35.0,0.0,0.0,0.0,2.0,11.0,False,True,중립장,11.0,197.25,197.25,fast_quote,calculated,0.0,0.58,-0.61,1.21,1.27,True,2329877550.0,57.8,True,2.31,일반 모멘텀,"20일 고점 돌파, RSI 건강 구간, MACD 상승",뉴스 호재 강도 약함,수급 확인 불가,no_code,0.0,0.0,약한 호재: 상승,google_news,호재 뉴스: Chevron Stock Forecast 2026: Why the Q2 Unwind Could Reprice CVX Past the $215 Wal… (2026-05-20),weak,Chevron Stock Forecast 2026: Why the Q2 Unwind Could Reprice CVX Past the $215 Wall Street Mean - TIKR.com (2026-05-20) | BP PLC (BP) 주식 마감했습니다 상승 3.02%에 5월18일: 핵심 원인 공개 (2026-05-19),"yahoo_daily, fast_quote, news:google_news, flow:no_code",0.0,0.0,중립,2026-05-19 21:07:50 PDT,53,관망 · 거래량 1.2배 · 추격 부담 낮음 · 호재 뉴스: Chevron Stock Forecast 2026: Why the Q2 Unwind Could Reprice CV,선행 신호 대기,놓침 위험 낮음,시장 방어장 · 신규 매수는 작게,급변 신호 없음,"에너지 흐름 · 평균 +1.00% · 거래량 1.1배 · 대표 Exxon Mobil, Chevron, Occidental",방어장 · 평균 -0.75% · 하락비중 66% · 현금 비중 높게,수급 확인 불가,대표 테마 연결 대기,기준 현재가 197 · 손절 참고 191 · 1차 익절 참고 205,"최대 호재: 유가 상승, 가스 가격 상승, 정책 지원, 수소 투자 / 최대 악재: 유가 급락, 정제마진 하락, 환경 규제, 사고",호재 영향 예상: +2.0~+3.2% (203.56 USD 부근까지 시도) · 이탈 기준 193.31 USD,"호재 뉴스: Chevron Stock Forecast 2026: Why the Q2 Unwind Could Reprice CVX Past the $215 Wal… (2026-05-20) · 최대 호재: 유가 상승, 가스 가격 상승, 정책 지원, 수소 투자 / 최대 악재: 유가 급락, 정제마진 하락, 환경 규제, 사고"
BlackRock,BLK,ok,미장,해당 없음,0.0,0.0,0.0,,,0,해당 없음,0.0,0.0,,,,0.0,0.0,,,0.0,,0.0,대기,,AI 관망,26,지금은 확실한 우위가 부족합니다.,미장/자산운용,보류,대기,매매 근거 부족,26,41.0,20.0,12.0,0.0,7.0,2.0,15.0,False,False,중립장,11.0,1036.3,1036.3,fast_quote,calculated,0.0,-4.57,-1.05,1.9,1.84,True,1061274880.0,49.2,False,2.33,일반 모멘텀,"추세 상승, 거래량 증가(1.9x), 뉴스 키워드: 보통 호재: 투자 / 약한 호재: 상승 / 악재: 하락",뉴스 리스크: 보통 호재: 투자 / 약한 호재: 상승 / 악재: 하락,수급 확인 불가,no_code,0.0,0.0,보통 호재: 투자 / 약한 호재: 상승 / 악재: 하락,google_news,악재 뉴스: BlackRock Inc (BLK) 주식 움직였습니다 하락 3.21%에 5월19일: 투자자가 알아야 할 정보 (2026-05-20),medium,"BlackRock Inc (BLK) 주식 움직였습니다 하락 3.21%에 5월19일: 투자자가 알아야 할 정보 (2026-05-20) | 블랙록, 스트래티지 주식 314만주 추가 매입...보유 비중 '21.5%' (2026-05-19)","yahoo_daily, fast_quote, news:google_news, flow:no_code",,,섹터 확인 부족,2026-05-19 21:07:50 PDT,32,관망 · 거래량 1.9배 · 악재 뉴스: BlackRock Inc (BLK) 주식 움직였습니다 하락 3.21%에 5월19일: 투자자가 알아야 할 정보 (2,선행 신호 대기,놓칠 가능성 높음,급락 위험 · 거래량 1.9배 동반 하락,뉴스+거래량 동시 감지,자산운용 흐름 · 평균 -4.57% · 거래량 1.9배 · 대표 BlackRock,방어장 · 평균 -0.75% · 하락비중 66% · 현금 비중 높게,수급 확인 불가,대표 테마 연결 대기,"기준 현재가 1,036 · 손절 참고 1,005 · 1차 익절 참고 1,078","최대 호재: 수주, 계약, 실적 개선, 정책 수혜 / 최대 악재: 실적 부진, 규제, 원가 상승, 수요 둔화","악재 영향 예상: -3.0~-4.5% (989.67 USD 부근까지 경계) · 회복 기준 1,057.03 USD 돌파","악재 뉴스: BlackRock Inc (BLK) 주식 움직였습니다 하락 3.21%에 5월19일: 투자자가 알아야 할 정보 (2026-05-20) · 최대 호재: 수주, 계약, 실적 개선, 정책 수혜 / 최대 악재: 실적 부진, 규제, 원가 상승, 수요 둔화"
ASML,ASML,ok,미장,해당 없음,0.0,0.0,0.0,,,0,해당 없음,0.0,0.0,,,,0.0,0.0,,,0.0,,0.0,대기,,AI 관망,33,지금은 확실한 우위가 부족합니다.,미장/반도체장비,보류,대기,매매 근거 부족,25,36.0,30.0,0.0,0.0,4.0,2.0,11.0,False,False,중립장,11.0,1459.44,1459.44,fast_quote,calculated,0.0,-0.88,-1.53,0.81,0.79,False,2029497182.0,55.3,False,4.6,일반 모멘텀,"추세 상승, RSI 건강 구간, 뉴스 키워드: 보통 호재: 투자",매수 확인 부족: 거래량 0.81x / 거래대금 0.79x,수급 확인 불가,no_code,0.0,0.0,보통 호재: 투자,google_news,"호재 뉴스: 댄 로브, 브로드컴·ASML 등 반도체주 신규 투자…아마존 지분 축소 (2026-05-19)",medium,"댄 로브, 브로드컴·ASML 등 반도체주 신규 투자…아마존 지분 축소 (2026-05-19) | ASML, 지난주 7,940만 유로 규모 자사주 매입 - Investing.com 한국어 (2026-05-18)","yahoo_daily, fast_quote, news:google_news, flow:no_code",0.0,0.0,중립,2026-05-19 21:07:50 PDT,44,"관망 · 추격 부담 낮음 · 호재 뉴스: 댄 로브, 브로드컴·ASML 등 반도체주 신규 투자…아마존 지분 축소 (2026-05-19)",선행 신호 대기,놓침 위험 낮음,시장 방어장 · 신규 매수는 작게,급변 신호 없음,"반도체장비 흐름 · 평균 -1.38% · 거래량 0.9배 · 대표 ASML, Applied Materials, Lam Research",방어장 · 평균 -0.75% · 하락비중 66% · 현금 비중 높게,수급 확인 불가,AI/반도체 → 전력 → 냉각 → 데이터센터 → 광통신,"기준 현재가 1,459 · 손절 참고 1,392 · 1차 익절 참고 1,543","최대 호재: HBM 수주, 엔비디아 공급, 장비 발주, 수율 개선 / 최대 악재: 어닝 쇼크, 컨센서스 하회, 수출 통제, 재고 급증","호재 영향 예상: +2.0~+3.4% (1,509.79 USD 부근까지 시도) · 이탈 기준 1,429.23 USD","호재 뉴스: 댄 로브, 브로드컴·ASML 등 반도체주 신규 투자…아마존 지분 축소 (2026-05-19) · 최대 호재: HBM 수주, 엔비디아 공급, 장비 발주, 수율 개선 / 최대 악재: 어닝 쇼크, 컨센서스 하회, 수출 통제, 재고 급증"
Canadian Natural Resources,CNQ.TO,ok,캐나다,중간배당,0.625,2.977,4.38,2026-03-20,2026-06-26,98,중간배당 · 최근 0.62 CAD · 연 2.98 CAD · 배당률 4.38% · 최근 지급일 2026-03-20 · 다음 예상 2026-06-26,0.0,0.0,,,,0.0,0.0,,,0.0,,0.0,대기,,AI 관망,26,지금은 확실한 우위가 부족합니다.,캐나다/에너지,보류,🚫 제외,리스크 과다,24,50.0,41.0,0.0,0.0,7.0,2.0,26.0,False,True,중립장,11.0,67.95,67.95,fast_quote,calculated,0.0,2.83,1.39,1.27,1.37,True,699402523.0,64.9,True,2.46,일반 모멘텀,"20일 고점 돌파, RSI 건강 구간, MACD 상승, 건전한 갭 상승, 뉴스 키워드: 보통 호재: 실적 / 약한 호재: 확대, 상승","거래대금 부족, 리스크 26 이상으로 신규 관심 제외",수급 확인 불가,no_code,0.0,0.0,"보통 호재: 실적 / 약한 호재: 확대, 상승",google_news,호재 뉴스: 1 년 62 % 랠리 후 캐나다 천연 자원 (TSX :CNQ) 고려하기에는 너무 늦었습니까? - simplywall.st (2026-05-16),medium,1 년 62 % 랠리 후 캐나다 천연 자원 (TSX :CNQ) 고려하기에는 너무 늦었습니까? - simplywall.st (2026-05-16) | 기록적인 1 분기 배당금과 부채 감축이 캐나다 천연 자원 (TSX :CNQ)의 강세 사례를 바꾸나요? - simplywall.st (2026-05-15),"yahoo_daily, fast_quote, news:google_news, flow:no_code",0.0,0.0,중립,2026-05-19 21:07:50 PDT,59,관망 · 거래량 1.3배 · 추격 부담 낮음 · 호재 뉴스: 1 년 62 % 랠리 후 캐나다 천연 자원 (TSX :CNQ) 고려하기에는 너무 늦었습니까? - simplywal,선행 신호 대기,놓침 위험 낮음,위험 신호 보통,급변 신호 없음,"에너지 흐름 · 평균 +2.47% · 거래량 1.2배 · 대표 Vermilion Energy, Ovintiv, Suncor Energy",공격장 · 평균 +0.65% · 하락비중 30% · 관심 종목 압축,수급 확인 불가,대표 테마 연결 대기,기준 현재가 68 · 손절 참고 66 · 1차 익절 참고 71,"최대 호재: 유가 상승, 가스 가격 상승, 정책 지원, 수소 투자 / 최대 악재: 유가 급락, 정제마진 하락, 환경 규제, 사고",호재 영향 예상: +2.0~+3.2% (70.12 CAD 부근까지 시도) · 이탈 기준 66.59 CAD,"호재 뉴스: 1 년 62 % 랠리 후 캐나다 천연 자원 (TSX :CNQ) 고려하기에는 너무 늦었습니까? - simplywall.st (2026-05-16) · 최대 호재: 유가 상승, 가스 가격 상승, 정책 지원, 수소 투자 / 최대 악재: 유가 급락, 정제마진 하락, 환경 규제, 사고"
Cenovus Energy,CVE.TO,ok,캐나다,중간배당,0.2,0.98,2.24,2026-03-13,2026-06-12,91,중간배당 · 최근 0.20 CAD · 연 0.98 CAD · 배당률 2.24% · 최근 지급일 2026-03-13 · 다음 예상 2026-06-12,0.0,0.0,,,,0.0,0.0,,,0.0,,0.0,대기,,AI 관망,10,지금은 확실한 우위가 부족합니다.,캐나다/에너지,보류,🚫 제외,리스크 과다,24,64.0,51.0,0.0,0.0,11.0,2.0,40.0,False,True,중립장,11.0,43.7,43.7,fast_quote,calculated,0.0,3.04,2.57,0.96,1.07,True,262357324.0,75.1,True,3.22,일반 모멘텀,"추세 상승, 20일 고점 돌파, MACD 상승, 건전한 갭 상승, 뉴스 키워드: 보통 호재: 실적, 투자 / 약한 호재: 상승 / 악재: 매각","20일 범위 상단 추격, 거래대금 부족, 뉴스 리스크: 보통 호재: 실적, 투자 / 약한 호재: 상승 / 악재: 매각, 리스크 40 이상으로 신규 관심 제외",수급 확인 불가,no_code,0.0,0.0,"보통 호재: 실적, 투자 / 약한 호재: 상승 / 악재: 매각",google_news,"악재 뉴스: 필립스 66, 인베스팅프로 적정가치 시그널 후 60% 수익률 달성 By Investing.com - Investing.com 한국어 (2026-05-19)",medium,"필립스 66, 인베스팅프로 적정가치 시그널 후 60% 수익률 달성 By Investing.com - Investing.com 한국어 (2026-05-19) | 세노 버스 에너지 (TSX :CVE) 수익 점프와 배당금 인상 후 9.2 % 상승 황소 케이스가 바뀌 었습니까? - simplywall.st (2026-05-18)","yahoo_daily, fast_quote, news:google_news, flow:no_code",0.0,0.0,중립,2026-05-19 21:07:50 PDT,38,"관망 · 추격 부담 낮음 · 악재 뉴스: 필립스 66, 인베스팅프로 적정가치 시그널 후 60% 수익률 달성 By Investing.com - Investi",선행 신호 대기,놓침 위험 낮음,위험 신호 보통,급변 신호 없음,"에너지 흐름 · 평균 +2.47% · 거래량 1.2배 · 대표 Vermilion Energy, Ovintiv, Suncor Energy",공격장 · 평균 +0.65% · 하락비중 30% · 관심 종목 압축,수급 확인 불가,대표 테마 연결 대기,기준 현재가 44 · 손절 참고 42 · 1차 익절 참고 45,"최대 호재: 유가 상승, 가스 가격 상승, 정책 지원, 수소 투자 / 최대 악재: 유가 급락, 정제마진 하락, 환경 규제, 사고",악재 영향 예상: -3.0~-4.5% (41.73 CAD 부근까지 경계) · 회복 기준 44.57 CAD 돌파,"악재 뉴스: 필립스 66, 인베스팅프로 적정가치 시그널 후 60% 수익률 달성 By Investing.com - Investing.com 한국어 (2026-05-19) · 최대 호재: 유가 상승, 가스 가격 상승, 정책 지원, 수소 투자 / 최대 악재: 유가 급락, 정제마진 하락, 환경 규제, 사고"
더존비즈온,012510.KS,ok,국장,해당 없음,0.0,0.0,0.0,,,0,해당 없음,0.0,0.0,,,,0.0,0.0,,,0.0,본장 전/초반 1시간 중립 · 초반 +0.25%,10.0,양호,1분봉 양호 · 장중 +0.08% · 최근 +0.00%,AI 관망,18,지금은 확실한 우위가 부족합니다.,소프트웨어,보류,🚫 제외,리스크 과다,23,69.0,64.0,0.0,0.0,3.0,2.0,46.0,False,False,중립장,11.0,120000.0,120200.0,naver_realtime,naver_realtime_calculated,-0.17,0.0,0.5,0.1,0.11,False,658680000.0,69.2,False,0.86,눌림 후 재상승,"추세 상승, 눌림 후 재상승, RSI 건강 구간, 건전한 갭 상승, 뉴스 키워드: 약한 호재: 상승, 확대 / 중대 악재: 누락, 1분봉 양호 · 장중 +0.08% · 최근 +0.00%","거래대금 부족, 뉴스 호재 강도 약함, 뉴스 리스크: 약한 호재: 상승, 확대 / 중대 악재: 누락, 매수 확인 부족: 거래량 0.10x / 거래대금 0.11x, 리스크 40 이상으로 신규 관심 제외, 소프트웨어 섹터 약세",수급 수집 실패,unavailable,0.0,0.0,"약한 호재: 상승, 확대 / 중대 악재: 누락",google_news,악재 뉴스: 슈퍼 헐크 토토 의 역사와 발전: 과거에서 현재까지 - 실용적인 접근법 - https://www.russia-asean.com/ (2026-05-20),weak,슈퍼 헐크 토토 의 역사와 발전: 과거에서 현재까지 - 실용적인 접근법 - https://www.russia-asean.com/ (2026-05-20) | 유증 막더니 상폐 문턱도 높여…매서워진 금감원 칼날 (2026-05-18),"naver_daily, naver_realtime, news:google_news, flow:unavailable, intraday_1m",0.0,6.0,소프트웨어 섹터 약세,2026-05-19 21:07:50 PDT,8,관망 · 추격 부담 낮음 · 악재 뉴스: 슈퍼 헐크 토토 의 역사와 발전: 과거에서 현재까지 - 실용적인 접근법 - https://www.russia-as,선행 신호 대기,놓침 위험 낮음,중대 리스크 · 악재 뉴스 우선 확인,급변 신호 없음,"소프트웨어 흐름 · 평균 -1.58% · 거래량 0.3배 · 대표 더존비즈온, 알서포트",방어장 · 평균 -5.68% · 하락비중 91% · 현금 비중 높게,수급 수집 실패,대표 테마 연결 대기,"기준 현재가 120,000 · 손절 참고 116,400 · 1차 익절 참고 124,800","최대 호재: 수주, 계약, 실적 개선, 정책 수혜 / 최대 악재: 실적 부진, 규제, 원가 상승, 수요 둔화","악재 영향 예상: -4.2~-7.7% (110,820원 부근까지 경계) · 회복 기준 122,400원 돌파","악재 뉴스: 슈퍼 헐크 토토 의 역사와 발전: 과거에서 현재까지 - 실용적인 접근법 - https://www.russia-asean.com/ (2026-05-20) · 최대 호재: 수주, 계약, 실적 개선, 정책 수혜 / 최대 악재: 실적 부진, 규제, 원가 상승, 수요 둔화"
이노션,214320.KS,ok,국장,해당 없음,0.0,0.0,0.0,,,0,해당 없음,0.0,0.0,,,,0.0,0.0,,,-8.0,본장 전/초반 1시간 약세 · 초반 -1.17% · 방어 우선,-8.0,위험,1분봉 약함 · 장중 -4.67% · 최근 -0.73% · 거래 2.5배,AI 관망,24,지금은 확실한 우위가 부족합니다.,광고,보류,🚫 제외,리스크 과다,23,56.0,30.0,20.0,0.0,4.0,2.0,33.0,False,False,중립장,11.0,20550.0,21750.0,naver_realtime,naver_realtime_calculated,-5.52,-3.07,0.0,2.06,2.08,True,11994069150.0,71.1,True,4.31,거래량 폭발,"추세 상승, 거래량/거래대금 폭발(2.1x/2.1x), MACD 상승, 뉴스 키워드: 보통 호재: 실적","1분봉 약함 · 장중 -4.67% · 최근 -0.73% · 거래 2.5배, 본장 전/초반 1시간 약세 · 초반 -1.17% · 방어 우선, 리스크 27 이상으로 신규 관심 제외, 광고 섹터 약세",수급 수집 실패,unavailable,0.0,0.0,보통 호재: 실적,google_news,"호재 뉴스: '이노션' 52주 신고가 경신, CX와 스포츠로 증명한 차별화된 성장성 - 키움증권, BUY (2026-05-15)",medium,"'이노션' 52주 신고가 경신, CX와 스포츠로 증명한 차별화된 성장성 - 키움증권, BUY (2026-05-15) | 실적 엇갈린 광고 대장주…이노션, 10년 만에 분기 영업익서 제일기획 첫 추월 (2026-05-14)","naver_daily, naver_realtime, news:google_news, flow:unavailable, intraday_1m",0.0,6.0,광고 섹터 약세,2026-05-19 21:07:50 PDT,36,"관망 · 거래량 2.1배 · 호재 뉴스: '이노션' 52주 신고가 경신, CX와 스포츠로 증명한 차별화된 성장성 - 키움증권, BUY (2026-05-15",선행 신호 대기,놓칠 가능성 높음,시장 방어장 · 신규 매수는 작게,뉴스+거래량 동시 감지,"광고 흐름 · 평균 -3.12% · 거래량 1.4배 · 대표 이노션, 제일기획",방어장 · 평균 -5.68% · 하락비중 91% · 현금 비중 높게,수급 수집 실패,대표 테마 연결 대기,"기준 현재가 20,550 · 손절 참고 19,664 · 1차 익절 참고 21,657","최대 호재: 수주, 계약, 실적 개선, 정책 수혜 / 최대 악재: 실적 부진, 규제, 원가 상승, 수요 둔화","호재 영향 예상: +2.6~+4.7% (21,519원 부근까지 시도) · 이탈 기준 20,139원","호재 뉴스: '이노션' 52주 신고가 경신, CX와 스포츠로 증명한 차별화된 성장성 - 키움증권, BUY (2026-05-15) · 최대 호재: 수주, 계약, 실적 개선, 정책 수혜 / 최대 악재: 실적 부진, 규제, 원가 상승, 수요 둔화"
Great-West Lifeco,GWO.TO,ok,캐나다,고배당,0.67,3.11,3.98,2026-03-03,2026-06-01,90,고배당 · 최근 0.67 CAD · 연 3.11 CAD · 배당률 3.98% · 최근 지급일 2026-03-03 · 다음 예상 2026-06-01,0.0,0.0,,,,0.0,0.0,,,0.0,,0.0,대기,,AI 관망,15,지금은 확실한 우위가 부족합니다.,캐나다/보험,보류,🚫 제외,리스크 과다,23,69.0,51.0,12.0,0.0,4.0,2.0,46.0,False,True,중립장,11.0,78.15,78.15,fast_quote,calculated,0.0,0.51,1.21,1.45,1.53,True,137778452.0,79.9,True,1.68,일반 모멘텀,"추세 상승, 거래량 증가(1.5x), 20일 고점 돌파, MACD 상승, 건전한 갭 상승, 뉴스 키워드: 보통 호재: 실적","RSI 과열, 20일 범위 상단 추격, 거래대금 부족, 리스크 46 이상으로 신규 관심 제외",수급 확인 불가,no_code,0.0,0.0,보통 호재: 실적,google_news,호재 뉴스: 2026년 5월 주목해야 할 TSX 배당주 상위 종목 - simplywall.st (2026-05-14),medium,"2026년 5월 주목해야 할 TSX 배당주 상위 종목 - simplywall.st (2026-05-14) | Great-West Lifeco, 2026년 1분기 EPS 추정치 상회 - Investing.com 한국어 (2026-05-14)","yahoo_daily, fast_quote, news:google_news, flow:no_code",0.0,0.0,중립,2026-05-19 21:07:50 PDT,47,관망 · 거래량 1.4배 · 추격 부담 낮음 · 호재 뉴스: 2026년 5월 주목해야 할 TSX 배당주 상위 종목 - simplywall.st (2026-05-14),선행 신호 대기,놓침 위험 낮음,위험 신호 보통,급변 신호 없음,"보험 흐름 · 평균 +0.57% · 거래량 1.3배 · 대표 Intact Financial, Sun Life, Great-West Lifeco",공격장 · 평균 +0.65% · 하락비중 30% · 관심 종목 압축,수급 확인 불가,대표 테마 연결 대기,기준 현재가 78 · 손절 참고 76 · 1차 익절 참고 81,"최대 호재: 수주, 계약, 실적 개선, 정책 수혜 / 최대 악재: 실적 부진, 규제, 원가 상승, 수요 둔화",호재 영향 예상: +2.0~+3.2% (80.65 CAD 부근까지 시도) · 이탈 기준 76.59 CAD,"호재 뉴스: 2026년 5월 주목해야 할 TSX 배당주 상위 종목 - simplywall.st (2026-05-14) · 최대 호재: 수주, 계약, 실적 개선, 정책 수혜 / 최대 악재: 실적 부진, 규제, 원가 상승, 수요 둔화"
Ford,F,ok,미장,해당 없음,0.0,0.0,0.0,,,0,해당 없음,0.0,0.0,,,,0.0,0.0,,,0.0,,0.0,대기,,AI 관망,14,지금은 확실한 우위가 부족합니다.,미장/자동차,보류,🚫 제외,리스크 과다,23,49.0,40.0,0.0,0.0,7.0,2.0,26.0,False,False,중립장,11.0,13.06,13.06,fast_quote,calculated,0.0,0.23,-1.07,0.64,0.65,False,540186431.0,58.3,True,5.11,일반 모멘텀,"추세 상승, RSI 건강 구간, MACD 상승, 뉴스 키워드: 강한 호재: 계약","거래대금 부족, 매수 확인 부족: 거래량 0.64x / 거래대금 0.65x, 리스크 26 이상으로 신규 관심 제외",수급 확인 불가,no_code,0.0,0.0,강한 호재: 계약,google_news,호재 뉴스: Ford Motor Stock Climbs Further as Major Banks Highlight Overlooked Energy Storage… (2026-05-19),strong,"Ford Motor Stock Climbs Further as Major Banks Highlight Overlooked Energy Storage Potential - TIKR.com (2026-05-19) | RBC 캐피탈, 배터리 저장 계약에 따른 포드 주식 등급 재확인 - Investing.com 한국어 (2026-05-19)","yahoo_daily, fast_quote, news:google_news, flow:no_code",0.0,0.0,중립,2026-05-19 21:07:50 PDT,37,관망 · 추격 부담 낮음 · 호재 뉴스: Ford Motor Stock Climbs Further as Major Banks Highlight Overlo,선행 신호 대기,놓침 위험 낮음,시장 방어장 · 신규 매수는 작게,급변 신호 없음,"자동차 흐름 · 평균 -0.21% · 거래량 0.8배 · 대표 Ford, General Motors",방어장 · 평균 -0.75% · 하락비중 66% · 현금 비중 높게,수급 확인 불가,대표 테마 연결 대기,기준 현재가 13 · 손절 참고 12 · 1차 익절 참고 14,"최대 호재: 판매 증가, 환율 수혜, 신차 효과, 전기차 보조금 / 최대 악재: 리콜, 파업, 관세, 판매 부진",호재 영향 예상: +3.8~+6.8% (13.95 USD 부근까지 시도) · 이탈 기준 12.76 USD,"호재 뉴스: Ford Motor Stock Climbs Further as Major Banks Highlight Overlooked Energy Storage… (2026-05-19) · 최대 호재: 판매 증가, 환율 수혜, 신차 효과, 전기차 보조금 / 최대 악재: 리콜, 파업, 관세, 판매 부진"
현대오토에버,307950.KS,ok,국장,해당 없음,0.0,0.0,0.0,,,0,해당 없음,0.0,0.0,,,,0.0,0.0,,,0.0,본장 전/초반 1시간 중립 · 초반 +0.94%,16.0,강함,1분봉 강함 · 장중 +2.63% · 최근 +0.37% · 거래 0.2배,AI 관망,0,지금은 확실한 우위가 부족합니다.,IT서비스/자동차,보류,🚫 제외,리스크 과다,22,58.0,52.0,0.0,0.0,4.0,2.0,36.0,False,False,중립장,11.0,550000.0,536000.0,naver_realtime,naver_realtime_calculated,2.61,-7.72,-0.67,0.67,0.63,False,118960600000.0,58.9,True,12.06,일반 모멘텀,"추세 상승, RSI 건강 구간, MACD 상승, 뉴스 키워드: 보통 호재: 투자 / 악재: 하향, 하락, 1분봉 강함 · 장중 +2.63% · 최근 +0.37% · 거래 0.2배","변동성 과다, 뉴스 리스크: 보통 호재: 투자 / 악재: 하향, 하락, 매수 확인 부족: 거래량 0.67x / 거래대금 0.63x, 리스크 36 이상으로 신규 관심 제외",수급 수집 실패,unavailable,0.0,0.0,"보통 호재: 투자 / 악재: 하향, 하락",google_news,"악재 뉴스: [리포트 브리핑]현대오토에버, '시대에 순행하는 주식' 목표가 720,000원 (2026-05-20)",medium,"[리포트 브리핑]현대오토에버, '시대에 순행하는 주식' 목표가 720,000원 (2026-05-20) | 로봇·AI 열풍에 IT 계열사 '몸값↑'… 현대오토에버, 삼성SDS 시총 추월 (2026-05-19)","naver_daily, naver_realtime, news:google_news, flow:unavailable, intraday_1m",,,섹터 확인 부족,2026-05-19 21:07:50 PDT,6,"관망 · 악재 뉴스: [리포트 브리핑]현대오토에버, '시대에 순행하는 주식' 목표가 720,000원 (2026-05-20)",선행 신호 대기,놓침 위험 낮음,시장 방어장 · 신규 매수는 작게,급변 감지 · 당일 -7.72%,IT서비스/자동차 흐름 · 평균 -7.72% · 거래량 0.7배 · 대표 현대오토에버,방어장 · 평균 -5.68% · 하락비중 91% · 현금 비중 높게,수급 수집 실패,대표 테마 연결 대기,"기준 현재가 550,000 · 손절 참고 484,000 · 1차 익절 참고 632,500","최대 호재: 수주, 계약, 실적 개선, 정책 수혜 / 최대 악재: 실적 부진, 규제, 원가 상승, 수요 둔화","악재 영향 예상: -7.6~-13.9% (473,704원 부근까지 경계) · 회복 기준 579,700원 돌파","악재 뉴스: [리포트 브리핑]현대오토에버, '시대에 순행하는 주식' 목표가 720,000원 (2026-05-20) · 최대 호재: 수주, 계약, 실적 개선, 정책 수혜 / 최대 악재: 실적 부진, 규제, 원가 상승, 수요 둔화"
TIGER 미국필라델피아반도체나스닥,381180.KS,ok,국장,해당 없음,0.0,0.0,0.0,,,0,해당 없음,44550.38,0.1,"NAV 44,550원 · 괴리율 +0.10% · 고평가",,,0.0,0.0,,ETF NOW 보유/매수 신호 없음 · 2026-05-20 기준,0.0,본장 전/초반 1시간 중립 · 초반 -0.13%,6.0,양호,1분봉 양호 · 장중 -0.38% · 최근 +0.17%,AI 관망,21,지금은 확실한 우위가 부족합니다.,국장/TIGER ETF/미국반도체,보류,대기,매매 근거 부족,22,38.0,36.0,0.0,0.0,0.0,2.0,16.0,False,False,중립장,11.0,44595.0,44125.0,naver_realtime,naver_realtime_calculated,1.07,-1.35,-1.91,1.13,1.18,True,110586636405.0,60.6,False,3.24,일반 모멘텀,"추세 상승, RSI 건강 구간, 1분봉 양호 · 장중 -0.38% · 최근 +0.17%","뉴스 호재 강도 약함, 뉴스 리스크: 약한 호재: 돌파 / 악재: 순매도",수급 수집 실패,unavailable,0.0,0.0,약한 호재: 돌파 / 악재: 순매도,google_news,악재 뉴스: 기관 순매도 금액 상위 20선 - 코스피 (2026-05-18),weak,"기관 순매도 금액 상위 20선 - 코스피 (2026-05-18) | 18일, 외국인 거래소에서 삼성SDI(-0.16%), 삼성전자우(+3.18%) 등 순매수 (2026-05-18)","naver_daily, naver_realtime, news:google_news, flow:unavailable, intraday_1m, etf_now",,,섹터 확인 부족,2026-05-19 21:07:50 PDT,26,관망 · 악재 뉴스: 기관 순매도 금액 상위 20선 - 코스피 (2026-05-18),선행 신호 대기,놓침 위험 낮음,시장 방어장 · 신규 매수는 작게,급변 신호 없음,TIGER ETF/미국반도체 흐름 · 평균 -1.35% · 거래량 1.1배 · 대표 TIGER 미국필라델피아반도체나스닥,방어장 · 평균 -5.68% · 하락비중 91% · 현금 비중 높게,수급 수집 실패,AI/반도체 → 전력 → 냉각 → 데이터센터 → 광통신,"기준 현재가 44,595 · 손절 참고 43,150 · 1차 익절 참고 46,401","최대 호재: 수주, 계약, 실적 개선, 정책 수혜 / 최대 악재: 실적 부진, 규제, 원가 상승, 수요 둔화","악재 영향 예상: -3.0~-4.5% (42,588원 부근까지 경계) · 회복 기준 45,487원 돌파","악재 뉴스: 기관 순매도 금액 상위 20선 - 코스피 (2026-05-18) · 최대 호재: 수주, 계약, 실적 개선, 정책 수혜 / 최대 악재: 실적 부진, 규제, 원가 상승, 수요 둔화"
Empire,EMP-A.TO,ok,캐나다,중간배당,0.22,1.08,2.3,2026-04-15,2026-07-15,91,중간배당 · 최근 0.22 CAD · 연 1.08 CAD · 배당률 2.30% · 최근 지급일 2026-04-15 · 다음 예상 2026-07-15,0.0,0.0,,,,0.0,0.0,,,0.0,,0.0,대기,,AI 관망,32,지금은 확실한 우위가 부족합니다.,캐나다/소비,보류,🚫 제외,리스크 과다,21,47.0,26.0,12.0,0.0,7.0,2.0,26.0,False,False,중립장,11.0,47.02,47.02,fast_quote,calculated,0.0,0.21,0.13,1.4,1.41,True,30661742.0,54.7,True,1.62,일반 모멘텀,"거래량 증가(1.4x), RSI 건강 구간, MACD 상승, 건전한 갭 상승, 뉴스 키워드: 보통 호재: 투자 / 약한 호재: 돌파","거래대금 부족, 리스크 26 이상으로 신규 관심 제외",수급 확인 불가,no_code,0.0,0.0,보통 호재: 투자 / 약한 호재: 돌파,google_news,호재 뉴스: TradingKey (2026-05-12),medium,TradingKey (2026-05-12) | 엔비디아의 지분 투자 400억 달러 돌파: AI 제국 건설인가 아니면 ‘셀프 매출’인가? 주가에 미치는 영향은? (2026-05-12),"yahoo_daily, fast_quote, news:google_news, flow:no_code",0.0,0.0,중립,2026-05-19 21:07:50 PDT,53,관망 · 거래량 1.4배 · 추격 부담 낮음 · 호재 뉴스: TradingKey (2026-05-12),선행 신호 대기,놓침 위험 낮음,위험 신호 보통,급변 신호 없음,"소비 흐름 · 평균 +0.84% · 거래량 1.2배 · 대표 Empire, Loblaw, Metro",공격장 · 평균 +0.65% · 하락비중 30% · 관심 종목 압축,수급 확인 불가,대표 테마 연결 대기,기준 현재가 47 · 손절 참고 46 · 1차 익절 참고 49,"최대 호재: 수주, 계약, 실적 개선, 정책 수혜 / 최대 악재: 실적 부진, 규제, 원가 상승, 수요 둔화",호재 영향 예상: +2.0~+3.2% (48.52 CAD 부근까지 시도) · 이탈 기준 46.08 CAD,"호재 뉴스: TradingKey (2026-05-12) · 최대 호재: 수주, 계약, 실적 개선, 정책 수혜 / 최대 악재: 실적 부진, 규제, 원가 상승, 수요 둔화"
Oracle,ORCL,ok,미장,해당 없음,0.0,0.0,0.0,,,0,해당 없음,0.0,0.0,,,,0.0,0.0,,,0.0,,0.0,대기,,AI 관망,9,지금은 확실한 우위가 부족합니다.,미장/소프트웨어,보류,대기,매매 근거 부족,21,36.0,30.0,0.0,0.0,4.0,2.0,15.0,False,False,중립장,11.0,181.46,181.46,fast_quote,calculated,0.0,-2.76,-0.33,0.68,0.68,False,3027043247.0,62.8,False,5.15,일반 모멘텀,"추세 상승, RSI 건강 구간, 뉴스 키워드: 보통 호재: 투자 / 악재: 하락","뉴스 리스크: 보통 호재: 투자 / 악재: 하락, 매수 확인 부족: 거래량 0.68x / 거래대금 0.68x",수급 확인 불가,no_code,0.0,0.0,보통 호재: 투자 / 악재: 하락,google_news,악재 뉴스: Oracle Corp (ORCL) 주식 움직였습니다 하락 3.01%에 5월18일: 투자자가 알아야 할 정보 (2026-05-18),medium,Oracle Corp (ORCL) 주식 움직였습니다 하락 3.01%에 5월18일: 투자자가 알아야 할 정보 (2026-05-18) | Oppenheimer Boosts Oracle Stock Price Target as AI Demand Drives Growth - TIKR.com (2026-05-18),"yahoo_daily, fast_quote, news:google_news, flow:no_code",0.0,0.0,중립,2026-05-19 21:07:50 PDT,21,관망 · 악재 뉴스: Oracle Corp (ORCL) 주식 움직였습니다 하락 3.01%에 5월18일: 투자자가 알아야 할 정보 (20,선행 신호 대기,놓침 위험 낮음,시장 방어장 · 신규 매수는 작게,급변 신호 없음,"소프트웨어 흐름 · 평균 -1.01% · 거래량 1.1배 · 대표 Oracle, Adobe, Salesforce",방어장 · 평균 -0.75% · 하락비중 66% · 현금 비중 높게,수급 확인 불가,대표 테마 연결 대기,기준 현재가 181 · 손절 참고 172 · 1차 익절 참고 193,"최대 호재: 수주, 계약, 실적 개선, 정책 수혜 / 최대 악재: 실적 부진, 규제, 원가 상승, 수요 둔화",악재 영향 예상: -3.3~-5.9% (170.71 USD 부근까지 경계) · 회복 기준 185.67 USD 돌파,"악재 뉴스: Oracle Corp (ORCL) 주식 움직였습니다 하락 3.01%에 5월18일: 투자자가 알아야 할 정보 (2026-05-18) · 최대 호재: 수주, 계약, 실적 개선, 정책 수혜 / 최대 악재: 실적 부진, 규제, 원가 상승, 수요 둔화"
Applied Materials,AMAT,ok,미장,해당 없음,0.0,0.0,0.0,,,0,해당 없음,0.0,0.0,,,,0.0,0.0,,,0.0,,0.0,대기,,AI 관망,29,지금은 확실한 우위가 부족합니다.,미장/반도체장비,보류,대기,매매 근거 부족,21,36.0,30.0,0.0,0.0,4.0,2.0,15.0,False,False,중립장,11.0,406.91,406.91,fast_quote,calculated,0.0,-1.61,-2.22,1.1,1.07,True,3422967641.0,57.4,False,4.93,일반 모멘텀,"추세 상승, RSI 건강 구간, 뉴스 키워드: 보통 호재: 투자 / 악재: 하락",뉴스 리스크: 보통 호재: 투자 / 악재: 하락,수급 확인 불가,no_code,0.0,0.0,보통 호재: 투자 / 악재: 하락,google_news,악재 뉴스: Applied Materials Inc (AMAT) 주식 움직였습니다 하락 4.23%에 5월18일: 변동 원인 (2026-05-18),medium,Applied Materials Inc (AMAT) 주식 움직였습니다 하락 4.23%에 5월18일: 변동 원인 (2026-05-18) | Applied Materials Beat Q2 Estimates and Raised Its 2026 Outlook. The Stock Dipped. Here’s What Investors Should Know - TIKR.com (2026-05-18),"yahoo_daily, fast_quote, news:google_news, flow:no_code",0.0,0.0,중립,2026-05-19 21:07:50 PDT,29,관망 · 악재 뉴스: Applied Materials Inc (AMAT) 주식 움직였습니다 하락 4.23%에 5월18일: 변동 원인 (,선행 신호 대기,놓침 위험 낮음,시장 방어장 · 신규 매수는 작게,급변 신호 없음,"반도체장비 흐름 · 평균 -1.38% · 거래량 0.9배 · 대표 ASML, Applied Materials, Lam Research",방어장 · 평균 -0.75% · 하락비중 66% · 현금 비중 높게,수급 확인 불가,AI/반도체 → 전력 → 냉각 → 데이터센터 → 광통신,기준 현재가 407 · 손절 참고 387 · 1차 익절 참고 432,"최대 호재: HBM 수주, 엔비디아 공급, 장비 발주, 수율 개선 / 최대 악재: 어닝 쇼크, 컨센서스 하회, 수출 통제, 재고 급증",악재 영향 예상: -3.2~-5.8% (383.35 USD 부근까지 경계) · 회복 기준 415.94 USD 돌파,"악재 뉴스: Applied Materials Inc (AMAT) 주식 움직였습니다 하락 4.23%에 5월18일: 변동 원인 (2026-05-18) · 최대 호재: HBM 수주, 엔비디아 공급, 장비 발주, 수율 개선 / 최대 악재: 어닝 쇼크, 컨센서스 하회, 수출 통제, 재고 급증"
Arm,ARM,ok,미장,해당 없음,0.0,0.0,0.0,,,0,해당 없음,0.0,0.0,,,,0.0,0.0,,,0.0,,0.0,대기,,AI 관망,18,지금은 확실한 우위가 부족합니다.,미장/반도체설계,보류,🚫 제외,리스크 과다,21,57.0,48.0,0.0,0.0,7.0,2.0,36.0,False,False,중립장,11.0,223.15,223.15,fast_quote,calculated,0.0,3.73,-2.5,0.94,0.97,True,2496959171.0,58.0,False,7.34,눌림 후 재상승,"추세 상승, 눌림 후 재상승, RSI 건강 구간, 뉴스 키워드: 보통 호재: 투자 / 약한 호재: 상승 / 악재: 조사, 하락","변동성 과다, 뉴스 리스크: 보통 호재: 투자 / 약한 호재: 상승 / 악재: 조사, 하락, 리스크 36 이상으로 신규 관심 제외",수급 확인 불가,no_code,0.0,0.0,"보통 호재: 투자 / 약한 호재: 상승 / 악재: 조사, 하락",google_news,"악재 뉴스: Arm 최고영업책임자 애비, 215만 달러 상당 주식 매도 - Investing.com 한국어 (2026-05-20)",medium,"Arm 최고영업책임자 애비, 215만 달러 상당 주식 매도 - Investing.com 한국어 (2026-05-20) | Arm Holdings PLC (ARM) 주식 움직였습니다 상승 3.11%에 5월19일: 변동을 뒷받침하는 사실 (2026-05-20)","yahoo_daily, fast_quote, news:google_news, flow:no_code",,,섹터 확인 부족,2026-05-19 21:07:50 PDT,35,"관망 · 악재 뉴스: Arm 최고영업책임자 애비, 215만 달러 상당 주식 매도 - Investing.com 한국어 (2026-05-2",선행 신호 대기,놓침 위험 낮음,시장 방어장 · 신규 매수는 작게,급변 신호 없음,반도체설계 흐름 · 평균 +3.73% · 거래량 0.9배 · 대표 Arm,방어장 · 평균 -0.75% · 하락비중 66% · 현금 비중 높게,수급 확인 불가,AI/반도체 → 전력 → 냉각 → 데이터센터 → 광통신,기준 현재가 223 · 손절 참고 207 · 1차 익절 참고 244,"최대 호재: HBM 수주, 엔비디아 공급, 장비 발주, 수율 개선 / 최대 악재: 어닝 쇼크, 컨센서스 하회, 수출 통제, 재고 급증",악재 영향 예상: -5.5~-10.0% (200.87 USD 부근까지 경계) · 회복 기준 230.52 USD 돌파,"악재 뉴스: Arm 최고영업책임자 애비, 215만 달러 상당 주식 매도 - Investing.com 한국어 (2026-05-20) · 최대 호재: HBM 수주, 엔비디아 공급, 장비 발주, 수율 개선 / 최대 악재: 어닝 쇼크, 컨센서스 하회, 수출 통제, 재고 급증"
피에스케이,319660.KQ,ok,국장,해당 없음,0.0,0.0,0.0,,,0,해당 없음,0.0,0.0,,,,0.0,0.0,,,0.0,본장 전/초반 1시간 중립 · 초반 -0.48%,12.0,양호,1분봉 양호 · 장중 +1.82% · 최근 +0.19%,AI 관망,36,지금은 확실한 우위가 부족합니다.,반도체장비,보류,🚫 제외,리스크 과다,20,68.0,66.0,0.0,0.0,0.0,2.0,48.0,False,False,중립장,11.0,108100.0,103600.0,naver_realtime,naver_realtime_calculated,4.34,1.98,0.66,0.84,0.91,True,31061129700.0,58.1,False,8.52,눌림 후 재상승,"추세 상승, 눌림 후 재상승, RSI 건강 구간, 건전한 갭 상승, 1분봉 양호 · 장중 +1.82% · 최근 +0.19%","변동성 과다, 뉴스 리스크: 악재: 감소, 지분율, 주식등의 수, 리스크 42 이상으로 신규 관심 제외, 반도체장비 섹터 약세",수급 수집 실패,unavailable,0.0,0.0,"악재: 감소, 지분율, 주식등의 수",google_news,"악재 뉴스: 19일, 기관 코스닥에서 알테오젠(+2.52%), 제주반도체(+3.56%) 등 순매수 (2026-05-19)",none,"19일, 기관 코스닥에서 알테오젠(+2.52%), 제주반도체(+3.56%) 등 순매수 (2026-05-19) | ▶▶어떻게 92.8% 적중률이 가능했나? 주식GPT 【AI골든봇】 살펴보니.. (2026-05-19)","naver_daily, naver_realtime, news:google_news, flow:unavailable, intraday_1m",0.0,6.0,반도체장비 섹터 약세,2026-05-19 21:07:50 PDT,6,"관망 · 추격 부담 낮음 · 악재 뉴스: 19일, 기관 코스닥에서 알테오젠(+2.52%), 제주반도체(+3.56%) 등 순매수 (2026-05-19) · 놓친 상승 복기: 이전 놓친 상승 패턴 1회","조용한 자금 후보 · ok · 점수 25 · 초기 RSI 59.4 / 뉴스 트리거 투자, 실적, 계약",놓침 위험 낮음,시장 방어장 · 신규 매수는 작게,급변 신호 없음,"반도체장비 흐름 · 평균 -2.48% · 거래량 0.8배 · 대표 피에스케이, 주성엔지니어링, 피에스케이홀딩스",방어장 · 평균 -5.68% · 하락비중 91% · 현금 비중 높게,수급 수집 실패,AI/반도체 → 전력 → 냉각 → 데이터센터 → 광통신,"기준 현재가 108,100 · 손절 참고 98,890 · 1차 익절 참고 119,613","최대 호재: HBM 수주, 엔비디아 공급, 장비 발주, 수율 개선 / 최대 악재: 어닝 쇼크, 컨센서스 하회, 수출 통제, 재고 급증","악재 영향 예상: -6.9~-12.6% (94,469원 부근까지 경계) · 회복 기준 112,245원 돌파","악재 뉴스: 19일, 기관 코스닥에서 알테오젠(+2.52%), 제주반도체(+3.56%) 등 순매수 (2026-05-19) · 최대 호재: HBM 수주, 엔비디아 공급, 장비 발주, 수율 개선 / 최대 악재: 어닝 쇼크, 컨센서스 하회, 수출 통제, 재고 급증"
인텔리안테크,189300.KQ,ok,국장,해당 없음,0.0,0.0,0.0,,,0,해당 없음,0.0,0.0,,,,0.0,0.0,,,-8.0,본장 전/초반 1시간 약세 · 초반 -3.94% · 방어 우선,0.0,중립,1분봉 중립 · 장중 -8.67% · 최근 +0.00%,AI 관망,21,지금은 확실한 우위가 부족합니다.,우주/통신,보류,🚫 제외,리스크 과다,20,54.0,36.0,12.0,0.0,4.0,2.0,34.0,False,False,중립장,11.0,127800.0,147300.0,naver_realtime,naver_realtime_calculated,-13.24,-23.47,2.16,1.82,1.54,True,42369022800.0,53.0,False,12.32,일반 모멘텀,"추세 상승, 거래량 증가(1.8x), RSI 건강 구간, 건전한 갭 상승, 뉴스 키워드: 보통 호재: 실적","변동성 과다, 본장 전/초반 1시간 약세 · 초반 -3.94% · 방어 우선, 리스크 34 이상으로 신규 관심 제외",수급 수집 실패,unavailable,0.0,0.0,보통 호재: 실적,google_news,"호재 뉴스: 인텔리안테크, 증권사 목표가 상향에 강세…3.89% (2026-05-18)",medium,"인텔리안테크, 증권사 목표가 상향에 강세…3.89% (2026-05-18) | 인텔리안테크, 저궤도 위성 안테나 매출 본격화…목표가↑-유진 (2026-05-18)","naver_daily, naver_realtime, news:google_news, flow:unavailable, intraday_1m",,,섹터 확인 부족,2026-05-19 21:07:50 PDT,28,"관망 · 거래량 1.8배 · 호재 뉴스: 인텔리안테크, 증권사 목표가 상향에 강세…3.89% (2026-05-18)","조용한 자금 후보 · ok · 점수 27 · 초기 RSI 45.3 / 뉴스 트리거 실적, 투자, 승인",놓칠 가능성 높음,급락 위험 · 거래량 1.8배 동반 하락,급변 감지 · 당일 -23.47%,우주/통신 흐름 · 평균 -23.47% · 거래량 1.8배 · 대표 인텔리안테크,방어장 · 평균 -5.68% · 하락비중 91% · 현금 비중 높게,수급 수집 실패,우주항공 → 위성 → 통신장비 → 소재,"기준 현재가 127,800 · 손절 참고 112,464 · 1차 익절 참고 146,970","최대 호재: 수주, 계약, 실적 개선, 정책 수혜 / 최대 악재: 실적 부진, 규제, 원가 상승, 수요 둔화","호재 영향 예상: +5.6~+10.1% (140,769원 부근까지 시도) · 이탈 기준 120,899원","호재 뉴스: 인텔리안테크, 증권사 목표가 상향에 강세…3.89% (2026-05-18) · 최대 호재: 수주, 계약, 실적 개선, 정책 수혜 / 최대 악재: 실적 부진, 규제, 원가 상승, 수요 둔화"
Broadcom,AVGO,ok,미장,해당 없음,0.0,0.0,0.0,,,0,해당 없음,0.0,0.0,,,,0.0,0.0,,,0.0,,0.0,대기,,AI 관망,31,지금은 확실한 우위가 부족합니다.,미장/반도체,보류,대기,매매 근거 부족,20,39.0,30.0,0.0,0.0,7.0,2.0,19.0,False,False,중립장,11.0,411.07,411.07,fast_quote,calculated,0.0,-2.29,-2.59,1.06,1.03,True,8476633514.0,52.2,False,4.07,일반 모멘텀,"추세 상승, RSI 건강 구간, 뉴스 키워드: 보통 호재: 실적 / 약한 호재: 상승 / 악재: 하락",뉴스 리스크: 보통 호재: 실적 / 약한 호재: 상승 / 악재: 하락,수급 확인 불가,no_code,0.0,0.0,보통 호재: 실적 / 약한 호재: 상승 / 악재: 하락,google_news,악재 뉴스: 1 년 84 % 급등 후 Broadcom (AVGO)을 고려하기에는 너무 늦었습니까? - simplywall.st (2026-05-19),medium,"1 년 84 % 급등 후 Broadcom (AVGO)을 고려하기에는 너무 늦었습니까? - simplywall.st (2026-05-19) | 엔비디아 실적 발표를 앞두고. 전직 OpenAI 연구원, 반도체 주식 공격적 숏, 채굴 및 AI 에너지에 대한 대규모 베팅으로 선회 (2026-05-19)","yahoo_daily, fast_quote, news:google_news, flow:no_code",0.0,0.0,중립,2026-05-19 21:07:50 PDT,22,관망 · 악재 뉴스: 1 년 84 % 급등 후 Broadcom (AVGO)을 고려하기에는 너무 늦었습니까? - simplywall.st,선행 신호 대기,놓침 위험 낮음,시장 방어장 · 신규 매수는 작게,급변 신호 없음,"반도체 흐름 · 평균 -0.98% · 거래량 0.8배 · 대표 Broadcom, Intel, Texas Instruments",방어장 · 평균 -0.75% · 하락비중 66% · 현금 비중 높게,수급 확인 불가,AI/반도체 → 전력 → 냉각 → 데이터센터 → 광통신,기준 현재가 411 · 손절 참고 394 · 1차 익절 참고 432,"최대 호재: HBM 수주, 엔비디아 공급, 장비 발주, 수율 개선 / 최대 악재: 어닝 쇼크, 컨센서스 하회, 수출 통제, 재고 급증",악재 영향 예상: -3.0~-4.9% (390.86 USD 부근까지 경계) · 회복 기준 419.29 USD 돌파,"악재 뉴스: 1 년 84 % 급등 후 Broadcom (AVGO)을 고려하기에는 너무 늦었습니까? - simplywall.st (2026-05-19) · 최대 호재: HBM 수주, 엔비디아 공급, 장비 발주, 수율 개선 / 최대 악재: 어닝 쇼크, 컨센서스 하회, 수출 통제, 재고 급증"
심텍,222800.KQ,ok,국장,해당 없음,0.0,0.0,0.0,,,0,해당 없음,0.0,0.0,,,,0.0,0.0,,,0.0,본장 전/초반 1시간 중립 · 초반 +4.09%,16.0,강함,1분봉 강함 · 장중 +3.27% · 최근 +0.60% · 거래 0.1배,AI 관망,10,지금은 확실한 우위가 부족합니다.,반도체기판,보류,🚫 제외,리스크 과다,19,51.0,42.0,0.0,0.0,7.0,2.0,32.0,False,False,중립장,11.0,102450.0,98700.0,naver_realtime,naver_realtime_calculated,3.8,2.04,-0.7,0.72,0.76,False,59227062150.0,61.1,False,9.52,일반 모멘텀,"추세 상승, RSI 건강 구간, 뉴스 키워드: 보통 호재: 실적 / 약한 호재: 상승, 1분봉 강함 · 장중 +3.27% · 최근 +0.60% · 거래 0.1배","변동성 과다, 매수 확인 부족: 거래량 0.72x / 거래대금 0.76x, 리스크 26 이상으로 신규 관심 제외, 반도체기판 섹터 약세",수급 수집 실패,unavailable,0.0,0.0,보통 호재: 실적 / 약한 호재: 상승,google_news,"호재 뉴스: 19일, 기관 코스닥에서 알테오젠(+2.52%), 제주반도체(+3.56%) 등 순매수 (2026-05-19)",medium,"19일, 기관 코스닥에서 알테오젠(+2.52%), 제주반도체(+3.56%) 등 순매수 (2026-05-19) | [기업탐방] 심텍, “소캠은 ASP가 높기 때문에 일반 모듈 PCB보다 높은 수익성을 기대” (2026-05-18)","naver_daily, naver_realtime, news:google_news, flow:unavailable, intraday_1m",0.0,6.0,반도체기판 섹터 약세,2026-05-19 21:07:50 PDT,28,"관망 · 추격 부담 낮음 · 호재 뉴스: 19일, 기관 코스닥에서 알테오젠(+2.52%), 제주반도체(+3.56%) 등 순매수 (2026-05-19)",선행 신호 대기,놓침 위험 낮음,시장 방어장 · 신규 매수는 작게,급변 신호 없음,"반도체기판 흐름 · 평균 -5.42% · 거래량 0.6배 · 대표 심텍, 대덕전자, 해성디에스",방어장 · 평균 -5.68% · 하락비중 91% · 현금 비중 높게,수급 수집 실패,AI/반도체 → 전력 → 냉각 → 데이터센터 → 광통신,"기준 현재가 102,450 · 손절 참고 92,697 · 1차 익절 참고 114,642","최대 호재: HBM 수주, 엔비디아 공급, 장비 발주, 수율 개선 / 최대 악재: 어닝 쇼크, 컨센서스 하회, 수출 통제, 재고 급증","호재 영향 예상: +3.9~+7.1% (109,765원 부근까지 시도) · 이탈 기준 98,061원","호재 뉴스: 19일, 기관 코스닥에서 알테오젠(+2.52%), 제주반도체(+3.56%) 등 순매수 (2026-05-19) · 최대 호재: HBM 수주, 엔비디아 공급, 장비 발주, 수율 개선 / 최대 악재: 어닝 쇼크, 컨센서스 하회, 수출 통제, 재고 급증"
KT&G,033780.KS,ok,국장,해당 없음,0.0,0.0,0.0,,,0,해당 없음,0.0,0.0,,,,0.0,0.0,,,0.0,본장 전/초반 1시간 중립 · 초반 -0.17%,0.0,중립,1분봉 중립 · 장중 -0.62% · 최근 -0.11%,AI 관망,39,지금은 확실한 우위가 부족합니다.,소비재,보류,대기,매매 근거 부족,19,30.0,20.0,0.0,0.0,8.0,2.0,11.0,False,False,중립장,11.0,177500.0,177200.0,naver_realtime,naver_realtime_calculated,0.17,-0.39,-0.06,0.91,0.9,True,51996495000.0,49.3,False,3.42,일반 모멘텀,"추세 상승, 뉴스 키워드: 보통 호재: 투자, 실적",-,수급 수집 실패,unavailable,0.0,0.0,"보통 호재: 투자, 실적",google_news,호재 뉴스: 주주환원 강화 기대…KT&G에 꽂힌 '해외 큰손' (2026-05-19),medium,"주주환원 강화 기대…KT&G에 꽂힌 '해외 큰손' (2026-05-19) | 블랙록·캐피털그룹…해외 큰 손, KT&G 담는 중 (2026-05-19)","naver_daily, naver_realtime, news:google_news, flow:unavailable, intraday_1m",,,섹터 확인 부족,2026-05-19 21:07:50 PDT,54,관망 · 추격 부담 낮음 · 호재 뉴스: 주주환원 강화 기대…KT&G에 꽂힌 '해외 큰손' (2026-05-19),선행 신호 대기,놓침 위험 낮음,시장 방어장 · 신규 매수는 작게,급변 신호 없음,소비재 흐름 · 평균 -0.39% · 거래량 0.9배 · 대표 KT&G,방어장 · 평균 -5.68% · 하락비중 91% · 현금 비중 높게,수급 수집 실패,대표 테마 연결 대기,"기준 현재가 177,500 · 손절 참고 171,430 · 1차 익절 참고 185,088","최대 호재: 수주, 계약, 실적 개선, 정책 수혜 / 최대 악재: 실적 부진, 규제, 원가 상승, 수요 둔화","호재 영향 예상: +2.0~+3.2% (183,180원 부근까지 시도) · 이탈 기준 173,950원","호재 뉴스: 주주환원 강화 기대…KT&G에 꽂힌 '해외 큰손' (2026-05-19) · 최대 호재: 수주, 계약, 실적 개선, 정책 수혜 / 최대 악재: 실적 부진, 규제, 원가 상승, 수요 둔화"
케이엠더블유,032500.KQ,ok,국장,해당 없음,0.0,0.0,0.0,,,0,해당 없음,0.0,0.0,,,,0.0,0.0,,,0.0,본장 전/초반 1시간 중립 · 초반 -0.16%,0.0,중립,1분봉 중립 · 장중 -3.10% · 최근 +0.00%,AI 관망,17,지금은 확실한 우위가 부족합니다.,통신장비,보류,🚫 제외,리스크 과다,19,63.0,30.0,20.0,0.0,11.0,2.0,44.0,False,True,중립장,11.0,29800.0,31950.0,naver_realtime,naver_realtime_calculated,-6.73,3.11,11.07,2.1,1.95,True,38324856200.0,55.2,False,10.44,거래량 폭발,"추세 상승, 거래량/거래대금 폭발(2.1x/2.0x), RSI 건강 구간, 뉴스 키워드: 보통 호재: 투자, 실적 / 약한 호재: 확대","갭 상승 과열, 변동성 과다, 리스크 38 이상으로 신규 관심 제외, 통신장비 섹터 약세",수급 수집 실패,unavailable,0.0,0.0,"보통 호재: 투자, 실적 / 약한 호재: 확대",google_news,"호재 뉴스: 증권사 리포트 총정리, 케이엠더블유, SAMG엔터 높은 목표가 제시 (2026-05-19)",medium,"증권사 리포트 총정리, 케이엠더블유, SAMG엔터 높은 목표가 제시 (2026-05-19) | 케이엠더블유, 美 통신 투자 기대감에 14%대 강세 (2026-05-19)","naver_daily, naver_realtime, news:google_news, flow:unavailable, intraday_1m",0.0,6.0,통신장비 섹터 약세,2026-05-19 21:07:50 PDT,35,"관망 · 거래량 2.1배 · 추격 부담 낮음 · 호재 뉴스: 증권사 리포트 총정리, 케이엠더블유, SAMG엔터 높은 목표가 제시 (2026-05-19)",선행 신호 대기,놓침 위험 낮음,시장 방어장 · 신규 매수는 작게,뉴스+거래량 동시 감지,"통신장비 흐름 · 평균 -5.32% · 거래량 0.8배 · 대표 케이엠더블유, 서진시스템, 유비쿼스",방어장 · 평균 -5.68% · 하락비중 91% · 현금 비중 높게,수급 수집 실패,대표 테마 연결 대기,"기준 현재가 29,800 · 손절 참고 26,689 · 1차 익절 참고 33,689","최대 호재: 요금제 개편, AI 데이터센터, 주주환원, 5G 투자 / 최대 악재: 과징금, 해킹, 통신 장애, 규제","호재 영향 예상: +5.2~+9.4% (32,592원 부근까지 시도) · 이탈 기준 28,400원","호재 뉴스: 증권사 리포트 총정리, 케이엠더블유, SAMG엔터 높은 목표가 제시 (2026-05-19) · 최대 호재: 요금제 개편, AI 데이터센터, 주주환원, 5G 투자 / 최대 악재: 과징금, 해킹, 통신 장애, 규제"
Whitecap Resources,WCP.TO,ok,캐나다,고배당,0.061,0.793,4.62,2026-04-30,2026-05-30,30,고배당 · 최근 0.06 CAD · 연 0.79 CAD · 배당률 4.62% · 최근 지급일 2026-04-30 · 다음 예상 2026-05-30,0.0,0.0,,,,0.0,0.0,,,0.0,,0.0,대기,,AI 관망,2,지금은 확실한 우위가 부족합니다.,캐나다/에너지,보류,🚫 제외,리스크 과다,19,53.0,51.0,0.0,0.0,0.0,2.0,34.0,False,True,중립장,11.0,17.18,17.18,fast_quote,calculated,0.0,2.63,1.37,1.04,1.12,True,110120365.0,74.1,True,2.46,일반 모멘텀,"추세 상승, 20일 고점 돌파, MACD 상승, 건전한 갭 상승","20일 범위 상단 추격, 거래대금 부족, 리스크 34 이상으로 신규 관심 제외",수급 확인 불가,no_code,0.0,0.0,뉴스 중립,google_news,관련 뉴스: 화이트캡 리소스의 새로운 리더가 (TSX:WCP)에 대한 전략의 더 깊은 변화를 보여줄까요? - simplywall.st (2026-05-16),none,화이트캡 리소스의 새로운 리더가 (TSX:WCP)에 대한 전략의 더 깊은 변화를 보여줄까요? - simplywall.st (2026-05-16),"yahoo_daily, fast_quote, news:google_news, flow:no_code",0.0,0.0,중립,2026-05-19 21:07:50 PDT,39,관망 · 추격 부담 낮음 · 관련 뉴스: 화이트캡 리소스의 새로운 리더가 (TSX:WCP)에 대한 전략의 더 깊은 변화를 보여줄까요? - simplywal,선행 신호 대기,놓침 위험 낮음,위험 신호 보통,급변 신호 없음,"에너지 흐름 · 평균 +2.47% · 거래량 1.2배 · 대표 Vermilion Energy, Ovintiv, Suncor Energy",공격장 · 평균 +0.65% · 하락비중 30% · 관심 종목 압축,수급 확인 불가,대표 테마 연결 대기,기준 현재가 17 · 손절 참고 17 · 1차 익절 참고 18,"최대 호재: 유가 상승, 가스 가격 상승, 정책 지원, 수소 투자 / 최대 악재: 유가 급락, 정제마진 하락, 환경 규제, 사고",뉴스 영향 예상: 방향성 약함 · 가격/거래량 확인 우선,"관련 뉴스: 화이트캡 리소스의 새로운 리더가 (TSX:WCP)에 대한 전략의 더 깊은 변화를 보여줄까요? - simplywall.st (2026-05-16) · 최대 호재: 유가 상승, 가스 가격 상승, 정책 지원, 수소 투자 / 최대 악재: 유가 급락, 정제마진 하락, 환경 규제, 사고"
Goldman Sachs,GS,ok,미장,해당 없음,0.0,0.0,0.0,,,0,해당 없음,0.0,0.0,,,,0.0,0.0,,,0.0,,0.0,대기,,AI 관망,27,지금은 확실한 우위가 부족합니다.,미장/증권,보류,대기,매매 근거 부족,19,36.0,30.0,0.0,0.0,4.0,2.0,17.0,False,False,중립장,11.0,928.74,928.74,fast_quote,calculated,0.0,-1.86,-1.39,1.01,1.0,True,1632724902.0,56.9,False,2.49,일반 모멘텀,"추세 상승, RSI 건강 구간, 뉴스 키워드: 보통 호재: 투자",미장/증권 섹터 약세,수급 확인 불가,no_code,0.0,0.0,보통 호재: 투자,google_news,호재 뉴스: 골드만삭스의 암호화폐 포지셔닝 변경과 위험 성향에 대한 주의가 골드만삭스 그룹(GS)의 투자 사례를 바꿀까요? - simplywall.st (2026-05-20),medium,"골드만삭스의 암호화폐 포지셔닝 변경과 위험 성향에 대한 주의가 골드만삭스 그룹(GS)의 투자 사례를 바꿀까요? - simplywall.st (2026-05-20) | 골드만삭스, 하청업체 이탈 속 브램블스 주식 ’중립’ 상향 - Investing.com 한국어 (2026-05-19)","yahoo_daily, fast_quote, news:google_news, flow:no_code",0.0,6.0,미장/증권 섹터 약세,2026-05-19 21:07:50 PDT,35,관망 · 호재 뉴스: 골드만삭스의 암호화폐 포지셔닝 변경과 위험 성향에 대한 주의가 골드만삭스 그룹(GS)의 투자 사례를 바꿀까요? -,선행 신호 대기,놓침 위험 낮음,시장 방어장 · 신규 매수는 작게,급변 신호 없음,"증권 흐름 · 평균 -1.99% · 거래량 1.0배 · 대표 Goldman Sachs, Morgan Stanley, Charles Schwab",방어장 · 평균 -0.75% · 하락비중 66% · 현금 비중 높게,수급 확인 불가,대표 테마 연결 대기,기준 현재가 929 · 손절 참고 901 · 1차 익절 참고 966,"최대 호재: 거래대금 증가, 금리 인하, IB 회복, 자사주 / 최대 악재: 부동산PF 손실, 충당금, 순매도, IB 부진",호재 영향 예상: +2.0~+3.2% (958.46 USD 부근까지 시도) · 이탈 기준 910.17 USD,"호재 뉴스: 골드만삭스의 암호화폐 포지셔닝 변경과 위험 성향에 대한 주의가 골드만삭스 그룹(GS)의 투자 사례를 바꿀까요? - simplywall.st (2026-05-20) · 최대 호재: 거래대금 증가, 금리 인하, IB 회복, 자사주 / 최대 악재: 부동산PF 손실, 충당금, 순매도, IB 부진"
삼성물산,028260.KS,ok,국장,해당 없음,0.0,0.0,0.0,,,0,해당 없음,0.0,0.0,,,,0.0,0.0,,,-8.0,본장 전/초반 1시간 약세 · 초반 -3.46% · 방어 우선,6.0,양호,1분봉 양호 · 장중 -3.72% · 최근 +0.42%,AI 관망,14,지금은 확실한 우위가 부족합니다.,지주/건설,보류,🚫 제외,리스크 과다,18,52.0,46.0,0.0,0.0,4.0,2.0,34.0,False,False,중립장,11.0,363000.0,380500.0,naver_realtime,naver_realtime_calculated,-4.6,-9.14,-1.5,1.03,0.98,True,256774584000.0,62.6,True,9.66,일반 모멘텀,"추세 상승, RSI 건강 구간, MACD 상승, 뉴스 키워드: 보통 호재: 실적, 1분봉 양호 · 장중 -3.72% · 최근 +0.42%","변동성 과다, 본장 전/초반 1시간 약세 · 초반 -3.46% · 방어 우선, 리스크 34 이상으로 신규 관심 제외",수급 수집 실패,unavailable,0.0,0.0,보통 호재: 실적,google_news,"호재 뉴스: 삼성물산, 인베스팅프로 적정가치 분석 후 65% 급등 - Investing.com 한국어 (2026-05-14)",medium,"삼성물산, 인베스팅프로 적정가치 분석 후 65% 급등 - Investing.com 한국어 (2026-05-14) | 권한길 상무, 삼성물산 주식 1188주 매도 (2026-05-12)","naver_daily, naver_realtime, news:google_news, flow:unavailable, intraday_1m",,,섹터 확인 부족,2026-05-19 21:07:50 PDT,21,"관망 · 호재 뉴스: 삼성물산, 인베스팅프로 적정가치 분석 후 65% 급등 - Investing.com 한국어 (2026-05-14)",선행 신호 대기,놓침 위험 낮음,시장 방어장 · 신규 매수는 작게,급변 감지 · 당일 -9.14%,지주/건설 흐름 · 평균 -9.14% · 거래량 1.0배 · 대표 삼성물산,방어장 · 평균 -5.68% · 하락비중 91% · 현금 비중 높게,수급 수집 실패,건설 → 건자재 → 철근/시멘트 → 리츠,"기준 현재가 363,000 · 손절 참고 327,934 · 1차 익절 참고 406,832","최대 호재: 수주, 계약, 실적 개선, 정책 수혜 / 최대 악재: 실적 부진, 규제, 원가 상승, 수요 둔화","호재 영향 예상: +4.0~+7.3% (389,452원 부근까지 시도) · 이탈 기준 347,220원","호재 뉴스: 삼성물산, 인베스팅프로 적정가치 분석 후 65% 급등 - Investing.com 한국어 (2026-05-14) · 최대 호재: 수주, 계약, 실적 개선, 정책 수혜 / 최대 악재: 실적 부진, 규제, 원가 상승, 수요 둔화"
서진시스템,178320.KQ,ok,국장,해당 없음,0.0,0.0,0.0,,,0,해당 없음,0.0,0.0,,,,0.0,0.0,,,-8.0,본장 전/초반 1시간 약세 · 초반 -5.08% · 방어 우선,6.0,양호,1분봉 양호 · 장중 -7.17% · 최근 +0.16%,AI 관망,18,지금은 확실한 우위가 부족합니다.,통신장비,보류,🚫 제외,리스크 과다,18,58.0,36.0,0.0,0.0,20.0,2.0,40.0,False,False,중립장,11.0,63100.0,69800.0,naver_realtime,naver_realtime_calculated,-9.6,-13.32,-0.41,1.14,1.2,True,230096989500.0,74.8,True,9.85,일반 모멘텀,"추세 상승, MACD 상승, 뉴스 키워드: 강한 호재: 계약, 수주, 공급 / 약한 호재: 확대, 1분봉 양호 · 장중 -7.17% · 최근 +0.16%","변동성 과다, 본장 전/초반 1시간 약세 · 초반 -5.08% · 방어 우선, 리스크 34 이상으로 신규 관심 제외, 통신장비 섹터 약세",수급 수집 실패,unavailable,0.0,0.0,"강한 호재: 계약, 수주, 공급 / 약한 호재: 확대",google_news,"호재 뉴스: 빌드블록, 서진시스템과 美 ESS 생산시설 개발 계약 체결 (2026-05-18)",strong,"빌드블록, 서진시스템과 美 ESS 생산시설 개발 계약 체결 (2026-05-18) | 글로벌 ESS 경쟁 본격화…서진시스템 대형 수주 확보 '눈에 띄네' (2026-05-18)","naver_daily, naver_realtime, news:google_news, flow:unavailable, intraday_1m",0.0,6.0,통신장비 섹터 약세,2026-05-19 21:07:50 PDT,20,"관망 · 호재 뉴스: 빌드블록, 서진시스템과 美 ESS 생산시설 개발 계약 체결 (2026-05-18)","조용한 자금 후보 · ok · 점수 26 · 10만원 이하(62,300원) / 초기 RSI 62.0 / 뉴스 트리거 투자, 계약, 공급",놓침 위험 낮음,시장 방어장 · 신규 매수는 작게,급변 감지 · 당일 -13.32%,"통신장비 흐름 · 평균 -5.32% · 거래량 0.8배 · 대표 케이엠더블유, 서진시스템, 유비쿼스",방어장 · 평균 -5.68% · 하락비중 91% · 현금 비중 높게,수급 수집 실패,대표 테마 연결 대기,"기준 현재가 63,100 · 손절 참고 56,885 · 1차 익절 참고 70,869","최대 호재: 요금제 개편, AI 데이터센터, 주주환원, 5G 투자 / 최대 악재: 과징금, 해킹, 통신 장애, 규제","호재 영향 예상: +5.8~+10.6% (69,778원 부근까지 시도) · 이탈 기준 60,303원","호재 뉴스: 빌드블록, 서진시스템과 美 ESS 생산시설 개발 계약 체결 (2026-05-18) · 최대 호재: 요금제 개편, AI 데이터센터, 주주환원, 5G 투자 / 최대 악재: 과징금, 해킹, 통신 장애, 규제"
롯데손해보험,000400.KS,ok,국장,해당 없음,0.0,0.0,0.0,,,0,해당 없음,0.0,0.0,,,,0.0,0.0,,,-8.0,본장 전/초반 1시간 약세 · 초반 -1.95% · 방어 우선,0.0,중립,1분봉 중립 · 장중 -4.98% · 최근 -0.23%,AI 관망,9,지금은 확실한 우위가 부족합니다.,보험,보류,🚫 제외,리스크 과다,18,57.0,20.0,20.0,0.0,15.0,2.0,39.0,False,True,중립장,11.0,2195.0,2275.0,naver_realtime,naver_realtime_calculated,-3.52,1.62,0.0,3.55,3.66,True,8160566610.0,58.0,True,7.27,거래량 폭발,"거래량/거래대금 폭발(3.6x/3.7x), RSI 건강 구간, MACD 상승, 뉴스 키워드: 강한 호재: 흑자 / 보통 호재: 투자 / 약한 호재: 상승 / 악재: 부진","변동성 과다, 뉴스 리스크: 강한 호재: 흑자 / 보통 호재: 투자 / 약한 호재: 상승 / 악재: 부진, 본장 전/초반 1시간 약세 · 초반 -1.95% · 방어 우선, 리스크 39 이상으로 신규 관심 제외",수급 수집 실패,unavailable,0.0,0.0,강한 호재: 흑자 / 보통 호재: 투자 / 약한 호재: 상승 / 악재: 부진,google_news,"악재 뉴스: 특징주, 롯데손해보험-손해보험 테마 상승세에 7.18% ↑ (2026-05-19)",strong,"특징주, 롯데손해보험-손해보험 테마 상승세에 7.18% ↑ (2026-05-19) | 롯데손해보험, 보험영업 흑자 전환…수익·건전성 두마리 토끼 잡았다 - v.daum.net (2026-05-15)","naver_daily, naver_realtime, news:google_news, flow:unavailable, intraday_1m",0.0,0.0,중립,2026-05-19 21:07:50 PDT,39,"관망 · 거래량 3.5배 · 추격 부담 낮음 · 악재 뉴스: 특징주, 롯데손해보험-손해보험 테마 상승세에 7.18% ↑ (2026-05-19)",선행 신호 대기,놓칠 가능성 높음,시장 방어장 · 신규 매수는 작게,뉴스+거래량 동시 감지,"보험 흐름 · 평균 -1.25% · 거래량 1.7배 · 대표 롯데손해보험, 삼성생명, DB손해보험",방어장 · 평균 -5.68% · 하락비중 91% · 현금 비중 높게,수급 수집 실패,대표 테마 연결 대기,"기준 현재가 2,195 · 손절 참고 2,035 · 1차 익절 참고 2,394","최대 호재: 수주, 계약, 실적 개선, 정책 수혜 / 최대 악재: 실적 부진, 규제, 원가 상승, 수요 둔화","악재 영향 예상: -7.2~-13.2% (1,906원 부근까지 경계) · 회복 기준 2,267원 돌파","악재 뉴스: 특징주, 롯데손해보험-손해보험 테마 상승세에 7.18% ↑ (2026-05-19) · 최대 호재: 수주, 계약, 실적 개선, 정책 수혜 / 최대 악재: 실적 부진, 규제, 원가 상승, 수요 둔화"
Brookfield Asset Management,BAM.TO,ok,캐나다,중간배당,0.687,3.139,4.85,2026-02-27,2026-05-29,91,중간배당 · 최근 0.69 CAD · 연 3.14 CAD · 배당률 4.85% · 최근 지급일 2026-02-27 · 다음 예상 2026-05-29,0.0,0.0,,,,0.0,0.0,,,0.0,,0.0,대기,,AI 관망,31,지금은 확실한 우위가 부족합니다.,캐나다/자산운용,보류,🚫 제외,리스크 과다,18,54.0,36.0,12.0,0.0,4.0,2.0,36.0,False,False,중립장,11.0,64.71,64.71,fast_quote,calculated,0.0,-1.92,0.79,1.83,1.8,True,158183592.0,53.8,False,3.0,일반 모멘텀,"추세 상승, 거래량 증가(1.8x), RSI 건강 구간, 건전한 갭 상승, 뉴스 키워드: 보통 호재: 투자 / 악재: 하락","거래대금 부족, 뉴스 리스크: 보통 호재: 투자 / 악재: 하락, 리스크 30 이상으로 신규 관심 제외, 캐나다/자산운용 섹터 약세",수급 확인 불가,no_code,0.0,0.0,보통 호재: 투자 / 악재: 하락,google_news,"악재 뉴스: Brookfield Asset Management, 2026년 1분기 EPS 예상치 하회 - Investing.com 한국어 (2026-05-19)",medium,"Brookfield Asset Management, 2026년 1분기 EPS 예상치 하회 - Investing.com 한국어 (2026-05-19) | 최근 주가 하락 이후 브룩필드 자산 관리 (TSX :BAM) 가격이 너무 많이 하락 했습니까? - simplywall.st (2026-05-18)","yahoo_daily, fast_quote, news:google_news, flow:no_code",0.0,6.0,캐나다/자산운용 섹터 약세,2026-05-19 21:07:50 PDT,28,"관망 · 거래량 1.8배 · 악재 뉴스: Brookfield Asset Management, 2026년 1분기 EPS 예상치 하회 - Investing.c",선행 신호 대기,놓칠 가능성 높음,위험 신호 보통,뉴스+거래량 동시 감지,"자산운용 흐름 · 평균 -2.39% · 거래량 1.6배 · 대표 Brookfield Asset Management, Brookfield Corp",공격장 · 평균 +0.65% · 하락비중 30% · 관심 종목 압축,수급 확인 불가,대표 테마 연결 대기,기준 현재가 65 · 손절 참고 63 · 1차 익절 참고 67,"최대 호재: 수주, 계약, 실적 개선, 정책 수혜 / 최대 악재: 실적 부진, 규제, 원가 상승, 수요 둔화",악재 영향 예상: -3.0~-5.1% (61.43 CAD 부근까지 경계) · 회복 기준 66.00 CAD 돌파,"악재 뉴스: Brookfield Asset Management, 2026년 1분기 EPS 예상치 하회 - Investing.com 한국어 (2026-05-19) · 최대 호재: 수주, 계약, 실적 개선, 정책 수혜 / 최대 악재: 실적 부진, 규제, 원가 상승, 수요 둔화"
Vanguard S&P 500 Index ETF,VFV.TO,ok,캐나다,저배당,0.424,1.951,1.09,2026-03-27,2026-06-26,91,저배당 · 최근 0.42 CAD · 연 1.95 CAD · 배당률 1.09% · 최근 지급일 2026-03-27 · 다음 예상 2026-06-26,0.0,0.0,,,,0.0,0.0,,,0.0,,0.0,대기,,AI 관망,15,지금은 확실한 우위가 부족합니다.,캐나다/ETF,보류,🚫 제외,리스크 과다,18,44.0,30.0,12.0,0.0,0.0,2.0,26.0,False,False,중립장,11.0,179.47,179.47,fast_quote,calculated,0.0,-0.76,-0.44,1.45,1.48,True,62545295.0,72.2,True,0.93,일반 모멘텀,"추세 상승, 거래량 증가(1.5x), MACD 상승","거래대금 부족, 리스크 26 이상으로 신규 관심 제외",수급 확인 불가,no_code,0.0,0.0,뉴스 중립,google_news,관련 뉴스: 트럼프의 2026년 1분기 거래 공개···엔비디아·AMD·MS·오라클 등 어떤 주식 사고 팔았나 (2026-05-15),none,트럼프의 2026년 1분기 거래 공개···엔비디아·AMD·MS·오라클 등 어떤 주식 사고 팔았나 (2026-05-15),"yahoo_daily, fast_quote, news:google_news, flow:no_code",,,섹터 확인 부족,2026-05-19 21:07:50 PDT,26,관망 · 거래량 1.4배 · 추격 부담 낮음 · 관련 뉴스: 트럼프의 2026년 1분기 거래 공개···엔비디아·AMD·MS·오라클 등 어떤 주식 사고 팔았나 (2026-05-,선행 신호 대기,놓침 위험 낮음,위험 신호 보통,급변 신호 없음,ETF 흐름 · 평균 -0.76% · 거래량 1.4배 · 대표 Vanguard S&P 500 Index ETF,공격장 · 평균 +0.65% · 하락비중 30% · 관심 종목 압축,수급 확인 불가,AI/반도체 → 전력 → 냉각 → 데이터센터 → 광통신,기준 현재가 179 · 손절 참고 174 · 1차 익절 참고 187,"최대 호재: 수주, 계약, 실적 개선, 정책 수혜 / 최대 악재: 실적 부진, 규제, 원가 상승, 수요 둔화",뉴스 영향 예상: 방향성 약함 · 가격/거래량 확인 우선,"관련 뉴스: 트럼프의 2026년 1분기 거래 공개···엔비디아·AMD·MS·오라클 등 어떤 주식 사고 팔았나 (2026-05-15) · 최대 호재: 수주, 계약, 실적 개선, 정책 수혜 / 최대 악재: 실적 부진, 규제, 원가 상승, 수요 둔화"
Eli Lilly,LLY,ok,미장,해당 없음,0.0,0.0,0.0,,,0,해당 없음,0.0,0.0,,,,0.0,0.0,,,0.0,,0.0,대기,,AI 관망,0,지금은 확실한 우위가 부족합니다.,미장/제약,보류,🚫 제외,리스크 과다,18,53.0,51.0,0.0,0.0,0.0,2.0,35.0,False,True,중립장,11.0,1021.41,1021.41,fast_quote,calculated,0.0,3.37,0.14,1.1,1.18,True,3873697323.0,78.2,True,3.35,일반 모멘텀,"추세 상승, 20일 고점 돌파, MACD 상승, 건전한 갭 상승","RSI 과열, 20일 범위 상단 추격, 뉴스 리스크: 악재: 하락, 리스크 35 이상으로 신규 관심 제외",수급 확인 불가,no_code,0.0,0.0,악재: 하락,google_news,"악재 뉴스: 트럼프의 주식 매수, 새로운 메디케어 규정과 ‘소름 돋는 타이밍’: 보도 (2026-05-20)",none,"트럼프의 주식 매수, 새로운 메디케어 규정과 ‘소름 돋는 타이밍’: 보도 (2026-05-20) | 거수기 국내 제약 이사회, 글로벌 시총 1위 릴리에 힌트 있다 (2026-05-20)","yahoo_daily, fast_quote, news:google_news, flow:no_code",0.0,0.0,중립,2026-05-19 21:07:50 PDT,20,"관망 · 추격 부담 낮음 · 악재 뉴스: 트럼프의 주식 매수, 새로운 메디케어 규정과 ‘소름 돋는 타이밍’: 보도 (2026-05-20)",선행 신호 대기,놓침 위험 낮음,시장 방어장 · 신규 매수는 작게,급변 신호 없음,"제약 흐름 · 평균 +2.06% · 거래량 1.0배 · 대표 AbbVie, Eli Lilly, Pfizer",방어장 · 평균 -0.75% · 하락비중 66% · 현금 비중 높게,수급 확인 불가,의료/제약 → 임상/승인 → 장비/소모품,"기준 현재가 1,021 · 손절 참고 987 · 1차 익절 참고 1,064","최대 호재: FDA 승인, 임상 성공, 기술수출, 신약 허가 / 최대 악재: 임상 실패, 허가 반려, 부작용, 특허 소송","악재 영향 예상: -3.0~-4.6% (973.99 USD 부근까지 경계) · 회복 기준 1,041.84 USD 돌파","악재 뉴스: 트럼프의 주식 매수, 새로운 메디케어 규정과 ‘소름 돋는 타이밍’: 보도 (2026-05-20) · 최대 호재: FDA 승인, 임상 성공, 기술수출, 신약 허가 / 최대 악재: 임상 실패, 허가 반려, 부작용, 특허 소송"
ServiceNow,NOW,ok,미장,해당 없음,0.0,0.0,0.0,,,0,해당 없음,0.0,0.0,,,,0.0,0.0,,,0.0,,0.0,대기,,AI 관망,15,지금은 확실한 우위가 부족합니다.,미장/클라우드,보류,대기,매매 근거 부족,18,41.0,20.0,12.0,0.0,7.0,2.0,23.0,False,True,중립장,11.0,101.83,101.83,fast_quote,calculated,0.0,-1.54,6.5,1.76,1.93,True,5643337237.0,67.5,True,5.24,일반 모멘텀,"거래량 증가(1.8x), RSI 건강 구간, MACD 상승, 뉴스 키워드: 보통 호재: 투자 / 약한 호재: 상승",갭 상승 과열,수급 확인 불가,no_code,0.0,0.0,보통 호재: 투자 / 약한 호재: 상승,google_news,호재 뉴스: ServiceNow Inc (NOW) 주식 시작했습니다 상승 4.80%에 5월19일: 투자자가 알아야 할 정보 (2026-05-19),medium,ServiceNow Inc (NOW) 주식 시작했습니다 상승 4.80%에 5월19일: 투자자가 알아야 할 정보 (2026-05-19) | 소프트웨어 주식 반등 지속…ServiceNow·Salesforce 강세 - Investing.com 한국어 (2026-05-19),"yahoo_daily, fast_quote, news:google_news, flow:no_code",,,섹터 확인 부족,2026-05-19 21:07:50 PDT,43,관망 · 거래량 1.8배 · 호재 뉴스: ServiceNow Inc (NOW) 주식 시작했습니다 상승 4.80%에 5월19일: 투자자가 알아야 할 정보 (,선행 신호 대기,놓침 위험 낮음,시장 방어장 · 신규 매수는 작게,뉴스+거래량 동시 감지,클라우드 흐름 · 평균 -1.54% · 거래량 1.8배 · 대표 ServiceNow,방어장 · 평균 -0.75% · 하락비중 66% · 현금 비중 높게,수급 확인 불가,대표 테마 연결 대기,기준 현재가 102 · 손절 참고 96 · 1차 익절 참고 108,"최대 호재: 수주, 계약, 실적 개선, 정책 수혜 / 최대 악재: 실적 부진, 규제, 원가 상승, 수요 둔화",호재 영향 예상: +2.7~+5.0% (106.92 USD 부근까지 시도) · 이탈 기준 99.43 USD,"호재 뉴스: ServiceNow Inc (NOW) 주식 시작했습니다 상승 4.80%에 5월19일: 투자자가 알아야 할 정보 (2026-05-19) · 최대 호재: 수주, 계약, 실적 개선, 정책 수혜 / 최대 악재: 실적 부진, 규제, 원가 상승, 수요 둔화"
Morgan Stanley,MS,ok,미장,해당 없음,0.0,0.0,0.0,,,0,해당 없음,0.0,0.0,,,,0.0,0.0,,,0.0,,0.0,대기,,AI 관망,25,지금은 확실한 우위가 부족합니다.,미장/증권,보류,대기,매매 근거 부족,18,35.0,30.0,0.0,0.0,3.0,2.0,17.0,False,False,중립장,11.0,189.58,189.58,fast_quote,calculated,0.0,-1.61,-0.59,1.28,1.27,True,1204648205.0,56.0,False,2.25,일반 모멘텀,"추세 상승, RSI 건강 구간, 뉴스 키워드: 약한 호재: 상승, 확대","뉴스 호재 강도 약함, 미장/증권 섹터 약세",수급 확인 불가,no_code,0.0,0.0,"약한 호재: 상승, 확대",google_news,호재 뉴스: Morgan Stanley 주식은 기술적 지표가 지지선이 유지될 경우 추가 상승을 시사함에 따라 조정 국면에 있습니다: 주간 리뷰 (2026-05-19),weak,"Morgan Stanley 주식은 기술적 지표가 지지선이 유지될 경우 추가 상승을 시사함에 따라 조정 국면에 있습니다: 주간 리뷰 (2026-05-19) | 모건 스탠리, X-Energy 주식 ’비중확대’ 등급으로 커버리지 개시 - Investing.com 한국어 (2026-05-19)","yahoo_daily, fast_quote, news:google_news, flow:no_code",0.0,6.0,미장/증권 섹터 약세,2026-05-19 21:07:50 PDT,36,관망 · 거래량 1.3배 · 호재 뉴스: Morgan Stanley 주식은 기술적 지표가 지지선이 유지될 경우 추가 상승을 시사함에 따라 조정 국면에 있습,선행 신호 대기,놓침 위험 낮음,시장 방어장 · 신규 매수는 작게,급변 신호 없음,"증권 흐름 · 평균 -1.99% · 거래량 1.0배 · 대표 Goldman Sachs, Morgan Stanley, Charles Schwab",방어장 · 평균 -0.75% · 하락비중 66% · 현금 비중 높게,수급 확인 불가,대표 테마 연결 대기,기준 현재가 190 · 손절 참고 184 · 1차 익절 참고 197,"최대 호재: 거래대금 증가, 금리 인하, IB 회복, 자사주 / 최대 악재: 부동산PF 손실, 충당금, 순매도, IB 부진",호재 영향 예상: +2.0~+3.2% (195.65 USD 부근까지 시도) · 이탈 기준 185.79 USD,"호재 뉴스: Morgan Stanley 주식은 기술적 지표가 지지선이 유지될 경우 추가 상승을 시사함에 따라 조정 국면에 있습니다: 주간 리뷰 (2026-05-19) · 최대 호재: 거래대금 증가, 금리 인하, IB 회복, 자사주 / 최대 악재: 부동산PF 손실, 충당금, 순매도, IB 부진"
Pembina Pipeline,PPL.TO,ok,캐나다,고배당,0.71,3.53,5.18,2026-03-16,2026-06-15,91,고배당 · 최근 0.71 CAD · 연 3.53 CAD · 배당률 5.18% · 최근 지급일 2026-03-16 · 다음 예상 2026-06-15,0.0,0.0,,,,0.0,0.0,,,0.0,,0.0,대기,,AI 관망,9,지금은 확실한 우위가 부족합니다.,캐나다/파이프라인,보류,🚫 제외,리스크 과다,17,63.0,45.0,12.0,0.0,4.0,2.0,46.0,False,True,중립장,11.0,68.17,68.17,fast_quote,calculated,0.0,1.22,-0.07,1.53,1.66,True,189628483.0,81.2,True,1.91,일반 모멘텀,"추세 상승, 거래량 증가(1.5x), 20일 고점 돌파, MACD 상승, 뉴스 키워드: 보통 호재: 실적","RSI 과열, 20일 범위 상단 추격, 거래대금 부족, 리스크 46 이상으로 신규 관심 제외",수급 확인 불가,no_code,0.0,0.0,보통 호재: 실적,google_news,"호재 뉴스: 펨비나 파이프라인(TSX:PPL), 1분기 실적 호조로 가이던스 및 배당금 상향 조정 - simplywall.st (2026-05-14)",medium,"펨비나 파이프라인(TSX:PPL), 1분기 실적 호조로 가이던스 및 배당금 상향 조정 - simplywall.st (2026-05-14) | TradingKey (2026-05-13)","yahoo_daily, fast_quote, news:google_news, flow:no_code",0.0,0.0,중립,2026-05-19 21:07:50 PDT,45,"관망 · 거래량 1.5배 · 추격 부담 낮음 · 호재 뉴스: 펨비나 파이프라인(TSX:PPL), 1분기 실적 호조로 가이던스 및 배당금 상향 조정 - simplywall.st",선행 신호 대기,놓침 위험 낮음,위험 신호 보통,급변 신호 없음,"파이프라인 흐름 · 평균 +1.81% · 거래량 1.2배 · 대표 Enbridge, Pembina Pipeline, Keyera",공격장 · 평균 +0.65% · 하락비중 30% · 관심 종목 압축,수급 확인 불가,대표 테마 연결 대기,기준 현재가 68 · 손절 참고 66 · 1차 익절 참고 71,"최대 호재: 수주, 계약, 실적 개선, 정책 수혜 / 최대 악재: 실적 부진, 규제, 원가 상승, 수요 둔화",호재 영향 예상: +2.0~+3.2% (70.35 CAD 부근까지 시도) · 이탈 기준 66.81 CAD,"호재 뉴스: 펨비나 파이프라인(TSX:PPL), 1분기 실적 호조로 가이던스 및 배당금 상향 조정 - simplywall.st (2026-05-14) · 최대 호재: 수주, 계약, 실적 개선, 정책 수혜 / 최대 악재: 실적 부진, 규제, 원가 상승, 수요 둔화"
UnitedHealth,UNH,ok,미장,해당 없음,0.0,0.0,0.0,,,0,해당 없음,0.0,0.0,,,,0.0,0.0,,,0.0,,0.0,대기,,AI 관망,1,지금은 확실한 우위가 부족합니다.,미장/헬스케어,보류,대기,매매 근거 부족,17,32.0,30.0,0.0,0.0,0.0,2.0,15.0,False,False,중립장,11.0,389.24,389.24,fast_quote,calculated,0.0,-0.48,-0.29,0.67,0.7,False,1949197099.0,65.4,False,2.29,일반 모멘텀,"추세 상승, RSI 건강 구간","뉴스 호재 강도 약함, 뉴스 리스크: 약한 호재: 상승 / 악재: 하락, 매수 확인 부족: 거래량 0.67x / 거래대금 0.70x",수급 확인 불가,no_code,0.0,0.0,약한 호재: 상승 / 악재: 하락,google_news,악재 뉴스: Abbott Laboratories (ABT) 주식 움직였습니다 상승 3.04%에 5월18일: 변동을 뒷받침하는 사실 (2026-05-19),weak,"Abbott Laboratories (ABT) 주식 움직였습니다 상승 3.04%에 5월18일: 변동을 뒷받침하는 사실 (2026-05-19) | 유나이티드헬스그룹, 투명 수수료 PBM 전환으로 밸류에이션 재조명 - simplywall.st (2026-05-15)","yahoo_daily, fast_quote, news:google_news, flow:no_code",0.0,0.0,중립,2026-05-19 21:07:50 PDT,23,관망 · 추격 부담 낮음 · 악재 뉴스: Abbott Laboratories (ABT) 주식 움직였습니다 상승 3.04%에 5월18일: 변동을 뒷받침하는 ,선행 신호 대기,놓침 위험 낮음,시장 방어장 · 신규 매수는 작게,급변 신호 없음,"헬스케어 흐름 · 평균 -0.01% · 거래량 1.0배 · 대표 Johnson & Johnson, UnitedHealth",방어장 · 평균 -0.75% · 하락비중 66% · 현금 비중 높게,수급 확인 불가,대표 테마 연결 대기,기준 현재가 389 · 손절 참고 378 · 1차 익절 참고 405,"최대 호재: 수주, 계약, 실적 개선, 정책 수혜 / 최대 악재: 실적 부진, 규제, 원가 상승, 수요 둔화",악재 영향 예상: -3.0~-4.5% (371.72 USD 부근까지 경계) · 회복 기준 397.02 USD 돌파,"악재 뉴스: Abbott Laboratories (ABT) 주식 움직였습니다 상승 3.04%에 5월18일: 변동을 뒷받침하는 사실 (2026-05-19) · 최대 호재: 수주, 계약, 실적 개선, 정책 수혜 / 최대 악재: 실적 부진, 규제, 원가 상승, 수요 둔화"
LG전자,066570.KS,ok,국장,해당 없음,0.0,0.0,0.0,,,0,해당 없음,0.0,0.0,,,,0.0,0.0,,,-8.0,본장 전/초반 1시간 약세 · 초반 -3.16% · 방어 우선,6.0,양호,1분봉 양호 · 장중 -4.60% · 최근 +0.39%,AI 관망,13,지금은 확실한 우위가 부족합니다.,전자/가전,보류,🚫 제외,리스크 과다,16,60.0,46.0,12.0,0.0,0.0,2.0,44.0,False,False,중립장,11.0,178800.0,191700.0,naver_realtime,naver_realtime_calculated,-6.73,-17.6,-3.46,1.58,1.59,True,838566099600.0,67.1,True,11.63,일반 모멘텀,"추세 상승, 거래량 증가(1.6x), RSI 건강 구간, MACD 상승, 1분봉 양호 · 장중 -4.60% · 최근 +0.39%","갭 하락 경계, 변동성 과다, 뉴스 호재 강도 약함, 본장 전/초반 1시간 약세 · 초반 -3.16% · 방어 우선, 리스크 44 이상으로 신규 관심 제외",수급 수집 실패,unavailable,0.0,0.0,약한 호재: 상승,google_news,호재 뉴스: “LG전자 주주입니다. 이런 날이 있네요”…시퍼런 장에 홀로 불탔다 (2026-05-15),weak,"“LG전자 주주입니다. 이런 날이 있네요”…시퍼런 장에 홀로 불탔다 (2026-05-15) | ‘삼전닉스’에 LG전자까지…초고수, 삼성전자·LG전자 순매수 1·2위 [주식 초고수는 지금] (2026-05-15)","naver_daily, naver_realtime, news:google_news, flow:unavailable, intraday_1m",,,섹터 확인 부족,2026-05-19 21:07:50 PDT,22,관망 · 거래량 1.6배 · 호재 뉴스: “LG전자 주주입니다. 이런 날이 있네요”…시퍼런 장에 홀로 불탔다 (2026-05-15),선행 신호 대기,놓침 위험 낮음,급락 위험 · 거래량 1.6배 동반 하락,급변 감지 · 당일 -17.60%,전자/가전 흐름 · 평균 -17.60% · 거래량 1.6배 · 대표 LG전자,방어장 · 평균 -5.68% · 하락비중 91% · 현금 비중 높게,수급 수집 실패,대표 테마 연결 대기,"기준 현재가 178,800 · 손절 참고 158,006 · 1차 익절 참고 204,793","최대 호재: 수주, 계약, 실적 개선, 정책 수혜 / 최대 악재: 실적 부진, 규제, 원가 상승, 수요 둔화","호재 영향 예상: +5.2~+9.5% (195,848원 부근까지 시도) · 이탈 기준 169,443원","호재 뉴스: “LG전자 주주입니다. 이런 날이 있네요”…시퍼런 장에 홀로 불탔다 (2026-05-15) · 최대 호재: 수주, 계약, 실적 개선, 정책 수혜 / 최대 악재: 실적 부진, 규제, 원가 상승, 수요 둔화"
신세계,004170.KS,ok,국장,해당 없음,0.0,0.0,0.0,,,0,해당 없음,0.0,0.0,,,,0.0,0.0,,,0.0,본장 전/초반 1시간 중립 · 초반 +1.03%,16.0,강함,1분봉 강함 · 장중 +1.54% · 최근 +0.41% · 거래 0.3배,AI 관망,12,지금은 확실한 우위가 부족합니다.,유통,보류,🚫 제외,리스크 과다,16,48.0,42.0,0.0,0.0,4.0,2.0,32.0,False,False,중립장,11.0,496500.0,506000.0,naver_realtime,naver_realtime_calculated,-1.88,-1.29,-0.89,0.88,0.97,True,37084081500.0,76.0,True,7.35,일반 모멘텀,"추세 상승, MACD 상승, 뉴스 키워드: 보통 호재: 실적, 1분봉 강함 · 장중 +1.54% · 최근 +0.41% · 거래 0.3배","변동성 과다, 리스크 26 이상으로 신규 관심 제외, 유통 섹터 약세",수급 수집 실패,unavailable,0.0,0.0,보통 호재: 실적,google_news,"호재 뉴스: NH證 “신세계, 백화점·면세점 동반 호황…목표가 66만원"" (2026-05-20)",medium,"NH證 “신세계, 백화점·면세점 동반 호황…목표가 66만원"" (2026-05-20) | 이마트, 신세계건설 주식 100% 취득 결정 (2026-05-14)","naver_daily, naver_realtime, news:google_news, flow:unavailable, intraday_1m",0.0,6.0,유통 섹터 약세,2026-05-19 21:07:50 PDT,19,"관망 · 호재 · ""신세계, 올해 역대급 실적 전망…목표가↑""-NH - 한국경제 · 2026-05-20T08:09:23+09:00",선행 신호 대기,놓침 위험 낮음,시장 방어장 · 신규 매수는 작게,급변 신호 없음,"유통 흐름 · 평균 -5.37% · 거래량 0.9배 · 대표 신세계, 롯데쇼핑, 현대홈쇼핑",방어장 · 평균 -5.68% · 하락비중 91% · 현금 비중 높게,수급 수집 실패,대표 테마 연결 대기,"기준 현재가 496,500 · 손절 참고 460,007 · 1차 익절 참고 542,116","최대 호재: 수주, 계약, 실적 개선, 정책 수혜 / 최대 악재: 실적 부진, 규제, 원가 상승, 수요 둔화","호재 영향 예상: +3.0~+5.5% (523,870원 부근까지 시도) · 이탈 기준 480,078원","호재 · ""신세계, 올해 역대급 실적 전망…목표가↑""-NH - 한국경제 · 2026-05-20T08:09:23+09:00 · 최대 호재: 수주, 계약, 실적 개선, 정책 수혜 / 최대 악재: 실적 부진, 규제, 원가 상승, 수요 둔화"
Toromont,TIH.TO,ok,캐나다,중간배당,0.56,2.64,1.2,2026-03-06,2026-06-05,91,중간배당 · 최근 0.56 CAD · 연 2.64 CAD · 배당률 1.20% · 최근 지급일 2026-03-06 · 다음 예상 2026-06-05,0.0,0.0,,,,0.0,0.0,,,0.0,,0.0,대기,,AI 관망,20,지금은 확실한 우위가 부족합니다.,캐나다/산업장비,보류,🚫 제외,리스크 과다,16,42.0,40.0,0.0,0.0,0.0,2.0,26.0,False,False,중립장,11.0,219.92,219.92,fast_quote,calculated,0.0,-1.77,-0.19,0.99,1.01,True,49767895.0,65.4,True,2.47,일반 모멘텀,"추세 상승, RSI 건강 구간, MACD 상승","거래대금 부족, 리스크 26 이상으로 신규 관심 제외",수급 확인 불가,no_code,0.0,0.0,뉴스 수집 실패,none,뉴스를 가져오지 못해 가격 흐름만 참고하세요.,none,-,"yahoo_daily, fast_quote, news:none, flow:no_code",,,섹터 확인 부족,2026-05-19 21:07:50 PDT,18,관망 · 뉴스를 가져오지 못해 가격 흐름만 참고하세요.,선행 신호 대기,놓침 위험 낮음,위험 신호 보통,급변 신호 없음,산업장비 흐름 · 평균 -1.77% · 거래량 1.0배 · 대표 Toromont,공격장 · 평균 +0.65% · 하락비중 30% · 관심 종목 압축,수급 확인 불가,대표 테마 연결 대기,기준 현재가 220 · 손절 참고 213 · 1차 익절 참고 229,"최대 호재: 수주, 계약, 실적 개선, 정책 수혜 / 최대 악재: 실적 부진, 규제, 원가 상승, 수요 둔화",뉴스 영향 예상: 방향성 약함 · 가격/거래량 확인 우선,"뉴스를 가져오지 못해 가격 흐름만 참고하세요. · 최대 호재: 수주, 계약, 실적 개선, 정책 수혜 / 최대 악재: 실적 부진, 규제, 원가 상승, 수요 둔화"
Emera,EMA.TO,ok,캐나다,고배당,0.733,3.649,5.06,2026-05-01,2026-07-31,91,고배당 · 최근 0.73 CAD · 연 3.65 CAD · 배당률 5.06% · 최근 지급일 2026-05-01 · 다음 예상 2026-07-31,0.0,0.0,,,,0.0,0.0,,,0.0,,0.0,대기,,AI 관망,11,지금은 확실한 우위가 부족합니다.,캐나다/유틸리티,보류,🚫 제외,리스크 과다,16,42.0,40.0,0.0,0.0,0.0,2.0,26.0,False,True,중립장,11.0,72.08,72.08,fast_quote,calculated,0.0,1.25,-0.37,1.03,1.04,True,97718858.0,54.0,True,1.46,일반 모멘텀,"추세 상승, RSI 건강 구간, MACD 상승","거래대금 부족, 뉴스 호재 강도 약함, 리스크 26 이상으로 신규 관심 제외",수급 확인 불가,no_code,0.0,0.0,약한 호재: 확대,google_news,호재 뉴스: TradingKey (2026-05-13),weak,"TradingKey (2026-05-13) | Emera, 2026년 1분기 EPS 1.37달러 ’사상 최고’…자본 지출 확대 - Investing.com 한국어 (2026-05-08)","yahoo_daily, fast_quote, news:google_news, flow:no_code",0.0,0.0,중립,2026-05-19 21:07:50 PDT,47,관망 · 추격 부담 낮음 · 호재 뉴스: TradingKey (2026-05-13),선행 신호 대기,놓침 위험 낮음,위험 신호 보통,급변 신호 없음,"유틸리티 흐름 · 평균 +1.36% · 거래량 1.1배 · 대표 Hydro One, Canadian Utilities, Emera",공격장 · 평균 +0.65% · 하락비중 30% · 관심 종목 압축,수급 확인 불가,대표 테마 연결 대기,기준 현재가 72 · 손절 참고 70 · 1차 익절 참고 75,"최대 호재: 수주, 계약, 실적 개선, 정책 수혜 / 최대 악재: 실적 부진, 규제, 원가 상승, 수요 둔화",호재 영향 예상: +2.0~+3.2% (74.39 CAD 부근까지 시도) · 이탈 기준 70.64 CAD,"호재 뉴스: TradingKey (2026-05-13) · 최대 호재: 수주, 계약, 실적 개선, 정책 수혜 / 최대 악재: 실적 부진, 규제, 원가 상승, 수요 둔화"
Brookfield Renewable,BEP-UN.TO,ok,캐나다,고배당,0.5391,2.5911,5.54,2026-02-27,2026-05-29,91,고배당 · 최근 0.54 CAD · 연 2.59 CAD · 배당률 5.54% · 최근 지급일 2026-02-27 · 다음 예상 2026-05-29,0.0,0.0,,,,0.0,0.0,,,0.0,,0.0,대기,,AI 관망,25,지금은 확실한 우위가 부족합니다.,캐나다/재생에너지,보류,🚫 제외,리스크 과다,16,42.0,40.0,0.0,0.0,0.0,2.0,26.0,False,False,중립장,11.0,46.78,46.78,fast_quote,calculated,0.0,-1.06,-0.27,0.88,0.9,True,15947769.0,57.0,True,3.23,일반 모멘텀,"추세 상승, RSI 건강 구간, MACD 상승","거래대금 부족, 리스크 26 이상으로 신규 관심 제외",수급 확인 불가,no_code,0.0,0.0,뉴스 중립,google_news,관련 뉴스: TradingKey (2026-05-12),none,"TradingKey (2026-05-12) | 브룩필드 리뉴어블 파트너스, 2025년 임원 보수 체계 공개 (2026-05-09)","yahoo_daily, fast_quote, news:google_news, flow:no_code",,,섹터 확인 부족,2026-05-19 21:07:50 PDT,22,관망 · 관련 뉴스: TradingKey (2026-05-12),선행 신호 대기,놓침 위험 낮음,위험 신호 보통,급변 신호 없음,재생에너지 흐름 · 평균 -1.06% · 거래량 0.9배 · 대표 Brookfield Renewable,공격장 · 평균 +0.65% · 하락비중 30% · 관심 종목 압축,수급 확인 불가,대표 테마 연결 대기,기준 현재가 47 · 손절 참고 45 · 1차 익절 참고 49,"최대 호재: 유가 상승, 가스 가격 상승, 정책 지원, 수소 투자 / 최대 악재: 유가 급락, 정제마진 하락, 환경 규제, 사고",뉴스 영향 예상: 방향성 약함 · 가격/거래량 확인 우선,"관련 뉴스: TradingKey (2026-05-12) · 최대 호재: 유가 상승, 가스 가격 상승, 정책 지원, 수소 투자 / 최대 악재: 유가 급락, 정제마진 하락, 환경 규제, 사고"
Micron,MU,ok,미장,해당 없음,0.0,0.0,0.0,,,0,해당 없음,0.0,0.0,,,,0.0,0.0,,,0.0,,0.0,대기,,AI 관망,20,지금은 확실한 우위가 부족합니다.,미장/메모리,보류,🚫 제외,리스크 과다,16,42.0,40.0,0.0,0.0,0.0,2.0,26.0,False,False,중립장,11.0,698.74,698.74,fast_quote,calculated,0.0,2.52,-2.34,1.22,1.31,True,42937782021.0,67.2,True,8.72,일반 모멘텀,"추세 상승, RSI 건강 구간, MACD 상승","변동성 과다, 뉴스 호재 강도 약함, 리스크 26 이상으로 신규 관심 제외",수급 확인 불가,no_code,0.0,0.0,약한 호재: 상승,google_news,호재 뉴스: Micron Technology Inc (MU) 주식 움직였습니다 상승 4.81%에 5월19일: 변동을 뒷받침하는 사실 (2026-05-20),weak,"Micron Technology Inc (MU) 주식 움직였습니다 상승 4.81%에 5월19일: 변동을 뒷받침하는 사실 (2026-05-20) | 월요일 주목받은 주식: 서비스나우, 마이크론 등 5종목 (2026-05-19)","yahoo_daily, fast_quote, news:google_news, flow:no_code",,,섹터 확인 부족,2026-05-19 21:07:50 PDT,54,관망 · 거래량 1.2배 · 추격 부담 낮음 · 호재 뉴스: Micron Technology Inc (MU) 주식 움직였습니다 상승 4.81%에 5월19일: 변동을 뒷받침하는,선행 신호 대기,놓침 위험 낮음,시장 방어장 · 신규 매수는 작게,급변 신호 없음,메모리 흐름 · 평균 +2.52% · 거래량 1.2배 · 대표 Micron,방어장 · 평균 -0.75% · 하락비중 66% · 현금 비중 높게,수급 확인 불가,대표 테마 연결 대기,기준 현재가 699 · 손절 참고 638 · 1차 익절 참고 775,"최대 호재: 수주, 계약, 실적 개선, 정책 수혜 / 최대 악재: 실적 부진, 규제, 원가 상승, 수요 둔화",호재 영향 예상: +3.8~+6.8% (746.59 USD 부근까지 시도) · 이탈 기준 671.32 USD,"호재 뉴스: Micron Technology Inc (MU) 주식 움직였습니다 상승 4.81%에 5월19일: 변동을 뒷받침하는 사실 (2026-05-20) · 최대 호재: 수주, 계약, 실적 개선, 정책 수혜 / 최대 악재: 실적 부진, 규제, 원가 상승, 수요 둔화"
CrowdStrike,CRWD,ok,미장,해당 없음,0.0,0.0,0.0,,,0,해당 없음,0.0,0.0,,,,0.0,0.0,,,0.0,,0.0,대기,,AI 관망,0,이미 많이 오른 구간이라 신규 매수보다 눌림 확인이 우선입니다.,미장/보안,보류,🚫 제외,리스크 과다,16,57.0,36.0,12.0,0.0,7.0,2.0,41.0,True,True,중립장,11.0,616.88,616.88,fast_quote,calculated,0.0,-0.32,0.19,1.51,1.79,True,2752271829.0,91.4,True,4.04,일반 모멘텀,"추세 상승, 거래량 증가(1.5x), MACD 상승, 건전한 갭 상승, 뉴스 키워드: 보통 호재: 투자 / 약한 호재: 상승","RSI 과열, RSI 극단 과열, 20일 범위 상단 추격, 리스크 41 이상으로 신규 관심 제외",수급 확인 불가,no_code,0.0,0.0,보통 호재: 투자 / 약한 호재: 상승,google_news,"호재 뉴스: Crowdstrike CEO 조지 커츠, 회사 주식 147만 달러 매도 - Investing.com 한국어 (2026-05-19)",medium,"Crowdstrike CEO 조지 커츠, 회사 주식 147만 달러 매도 - Investing.com 한국어 (2026-05-19) | CrowdStrike Holdings Inc (CRWD) 주식 움직였습니다 상승 3.33%에 5월18일: 투자자가 알아야 할 정보 (2026-05-19)","yahoo_daily, fast_quote, news:google_news, flow:no_code",,,섹터 확인 부족,2026-05-19 21:07:50 PDT,34,"관망 · 거래량 1.5배 · 추격 부담 낮음 · 호재 뉴스: Crowdstrike CEO 조지 커츠, 회사 주식 147만 달러 매도 - Investing.com 한국어 (20",선행 신호 대기,놓침 위험 낮음,시장 방어장 · 신규 매수는 작게,급변 신호 없음,보안 흐름 · 평균 -0.32% · 거래량 1.5배 · 대표 CrowdStrike,방어장 · 평균 -0.75% · 하락비중 66% · 현금 비중 높게,수급 확인 불가,대표 테마 연결 대기,기준 현재가 617 · 손절 참고 592 · 1차 익절 참고 648,"최대 호재: 수주, 계약, 실적 개선, 정책 수혜 / 최대 악재: 실적 부진, 규제, 원가 상승, 수요 둔화",호재 영향 예상: +2.1~+3.7% (639.98 USD 부근까지 시도) · 이탈 기준 604.54 USD,"호재 뉴스: Crowdstrike CEO 조지 커츠, 회사 주식 147만 달러 매도 - Investing.com 한국어 (2026-05-19) · 최대 호재: 수주, 계약, 실적 개선, 정책 수혜 / 최대 악재: 실적 부진, 규제, 원가 상승, 수요 둔화"
두산퓨얼셀,336260.KS,ok,국장,해당 없음,0.0,0.0,0.0,,,0,해당 없음,0.0,0.0,,,,0.0,0.0,,,-8.0,본장 전/초반 1시간 약세 · 초반 -6.78% · 방어 우선,6.0,양호,1분봉 양호 · 장중 -6.16% · 최근 +0.13%,AI 관망,7,지금은 확실한 우위가 부족합니다.,수소,보류,🚫 제외,리스크 과다,15,49.0,36.0,0.0,0.0,11.0,2.0,34.0,False,False,중립장,11.0,75100.0,82400.0,naver_realtime,naver_realtime_calculated,-8.86,-9.08,3.63,0.44,0.47,False,49081680100.0,73.7,True,13.61,일반 모멘텀,"추세 상승, MACD 상승, 뉴스 키워드: 강한 호재: 수주 / 약한 호재: 상승, 확대, 1분봉 양호 · 장중 -6.16% · 최근 +0.13%","변동성 과다, 본장 전/초반 1시간 약세 · 초반 -6.78% · 방어 우선, 매수 확인 부족: 거래량 0.44x / 거래대금 0.47x, 리스크 34 이상으로 신규 관심 제외",수급 수집 실패,unavailable,0.0,0.0,"강한 호재: 수주 / 약한 호재: 상승, 확대",google_news,"호재 뉴스: ""지금이 저점이다""…고액자산가 지난주 최애 주식은 '○○○○' (2026-05-17)",strong,"""지금이 저점이다""…고액자산가 지난주 최애 주식은 '○○○○' (2026-05-17) | '두산퓨얼셀' 52주 신고가 경신, 눈앞으로 다가온 데이터센터향 PAFC 수주 - KB증권, BUY (2026-05-11)","naver_daily, naver_realtime, news:google_news, flow:unavailable, intraday_1m",,,섹터 확인 부족,2026-05-19 21:07:50 PDT,29,"관망 · 호재 뉴스: ""지금이 저점이다""…고액자산가 지난주 최애 주식은 '○○○○' (2026-05-17)",선행 신호 대기,놓침 위험 낮음,시장 방어장 · 신규 매수는 작게,급변 감지 · 당일 -9.08%,수소 흐름 · 평균 -9.08% · 거래량 0.4배 · 대표 두산퓨얼셀,방어장 · 평균 -5.68% · 하락비중 91% · 현금 비중 높게,수급 수집 실패,대표 테마 연결 대기,"기준 현재가 75,100 · 손절 참고 66,088 · 1차 익절 참고 86,365",섹터 최대 호재: 수주,"호재 영향 예상: +6.6~+12.0% (84,112원 부근까지 시도) · 이탈 기준 71,045원","호재 뉴스: ""지금이 저점이다""…고액자산가 지난주 최애 주식은 '○○○○' (2026-05-17) · 섹터 최대 호재: 수주"
Brookfield Corp,BN.TO,ok,캐나다,중간배당,0.096,0.4303,0.71,2026-03-17,2026-06-16,91,중간배당 · 최근 0.10 CAD · 연 0.43 CAD · 배당률 0.71% · 최근 지급일 2026-03-17 · 다음 예상 2026-06-16,0.0,0.0,,,,0.0,0.0,,,0.0,,0.0,대기,,AI 관망,19,지금은 확실한 우위가 부족합니다.,캐나다/자산운용,보류,🚫 제외,리스크 과다,15,51.0,30.0,12.0,0.0,7.0,2.0,36.0,False,False,중립장,11.0,60.89,60.89,fast_quote,calculated,0.0,-2.86,-0.8,1.36,1.33,True,203348241.0,51.3,False,3.08,일반 모멘텀,"추세 상승, 거래량 증가(1.4x), RSI 건강 구간, 뉴스 키워드: 보통 호재: 투자 / 약한 호재: 상승 / 악재: 하락","거래대금 부족, 뉴스 리스크: 보통 호재: 투자 / 약한 호재: 상승 / 악재: 하락, 리스크 30 이상으로 신규 관심 제외, 캐나다/자산운용 섹터 약세",수급 확인 불가,no_code,0.0,0.0,보통 호재: 투자 / 약한 호재: 상승 / 악재: 하락,google_news,악재 뉴스: Brookfield Corp (BN) 주식 움직였습니다 하락 4.08%에 5월15일: 투자자가 알아야 할 정보 (2026-05-16),medium,Brookfield Corp (BN) 주식 움직였습니다 하락 4.08%에 5월15일: 투자자가 알아야 할 정보 (2026-05-16) | Brookfield Corp (BN) 주식 시작했습니다 상승 3.05%에 5월14일: 변동 원인 (2026-05-14),"yahoo_daily, fast_quote, news:google_news, flow:no_code",0.0,6.0,캐나다/자산운용 섹터 약세,2026-05-19 21:07:50 PDT,19,관망 · 거래량 1.4배 · 악재 뉴스: Brookfield Corp (BN) 주식 움직였습니다 하락 4.08%에 5월15일: 투자자가 알아야 할 정보 (,선행 신호 대기,놓침 위험 낮음,위험 신호 보통,급변 신호 없음,"자산운용 흐름 · 평균 -2.39% · 거래량 1.6배 · 대표 Brookfield Asset Management, Brookfield Corp",공격장 · 평균 +0.65% · 하락비중 30% · 관심 종목 압축,수급 확인 불가,대표 테마 연결 대기,기준 현재가 61 · 손절 참고 59 · 1차 익절 참고 63,"최대 호재: 수주, 계약, 실적 개선, 정책 수혜 / 최대 악재: 실적 부진, 규제, 원가 상승, 수요 둔화",악재 영향 예상: -3.0~-4.6% (58.08 CAD 부근까지 경계) · 회복 기준 62.11 CAD 돌파,"악재 뉴스: Brookfield Corp (BN) 주식 움직였습니다 하락 4.08%에 5월15일: 투자자가 알아야 할 정보 (2026-05-16) · 최대 호재: 수주, 계약, 실적 개선, 정책 수혜 / 최대 악재: 실적 부진, 규제, 원가 상승, 수요 둔화"
Johnson & Johnson,JNJ,ok,미장,해당 없음,0.0,0.0,0.0,,,0,해당 없음,0.0,0.0,,,,0.0,0.0,,,0.0,,0.0,대기,,AI 관망,23,지금은 확실한 우위가 부족합니다.,미장/헬스케어,보류,대기,매매 근거 부족,15,32.0,26.0,0.0,0.0,4.0,2.0,17.0,False,False,중립장,11.0,230.0,230.0,fast_quote,calculated,0.0,0.47,0.01,1.25,1.26,True,2223755000.0,54.3,True,1.65,일반 모멘텀,"RSI 건강 구간, MACD 상승, 건전한 갭 상승, 뉴스 키워드: 보통 호재: 투자 / 악재: 매각",뉴스 리스크: 보통 호재: 투자 / 악재: 매각,수급 확인 불가,no_code,0.0,0.0,보통 호재: 투자 / 악재: 매각,google_news,악재 뉴스: 존슨앤존슨(JNJ)은 1년 동안 54% 급등한 후 너무 멀리 달려왔나? - simplywall.st (2026-05-17),medium,"존슨앤존슨(JNJ)은 1년 동안 54% 급등한 후 너무 멀리 달려왔나? - simplywall.st (2026-05-17) | 캐터필러 그룹 사장 존슨, 1,140만 달러 상당 주식 매각 - Investing.com 한국어 (2026-05-16)","yahoo_daily, fast_quote, news:google_news, flow:no_code",0.0,0.0,중립,2026-05-19 21:07:50 PDT,37,관망 · 거래량 1.2배 · 추격 부담 낮음 · 악재 뉴스: 존슨앤존슨(JNJ)은 1년 동안 54% 급등한 후 너무 멀리 달려왔나? - simplywall.st (2026-0,선행 신호 대기,놓침 위험 낮음,시장 방어장 · 신규 매수는 작게,급변 신호 없음,"헬스케어 흐름 · 평균 -0.01% · 거래량 1.0배 · 대표 Johnson & Johnson, UnitedHealth",방어장 · 평균 -0.75% · 하락비중 66% · 현금 비중 높게,수급 확인 불가,대표 테마 연결 대기,기준 현재가 230 · 손절 참고 223 · 1차 익절 참고 239,"최대 호재: 수주, 계약, 실적 개선, 정책 수혜 / 최대 악재: 실적 부진, 규제, 원가 상승, 수요 둔화",악재 영향 예상: -3.0~-4.5% (219.65 USD 부근까지 경계) · 회복 기준 234.60 USD 돌파,"악재 뉴스: 존슨앤존슨(JNJ)은 1년 동안 54% 급등한 후 너무 멀리 달려왔나? - simplywall.st (2026-05-17) · 최대 호재: 수주, 계약, 실적 개선, 정책 수혜 / 최대 악재: 실적 부진, 규제, 원가 상승, 수요 둔화"
롯데쇼핑,023530.KS,ok,국장,해당 없음,0.0,0.0,0.0,,,0,해당 없음,0.0,0.0,,,,0.0,0.0,,,-8.0,본장 전/초반 1시간 약세 · 초반 -4.44% · 방어 우선,6.0,양호,1분봉 양호 · 장중 -4.57% · 최근 +0.46%,AI 관망,6,지금은 확실한 우위가 부족합니다.,유통,보류,🚫 제외,리스크 과다,14,54.0,52.0,0.0,0.0,0.0,2.0,40.0,False,False,중립장,11.0,153200.0,161100.0,naver_realtime,naver_realtime_calculated,-4.9,-3.4,0.38,0.85,0.91,True,22138472400.0,68.1,True,7.21,일반 모멘텀,"추세 상승, RSI 건강 구간, MACD 상승, 건전한 갭 상승, 1분봉 양호 · 장중 -4.57% · 최근 +0.46%","변동성 과다, 본장 전/초반 1시간 약세 · 초반 -4.44% · 방어 우선, 리스크 34 이상으로 신규 관심 제외, 유통 섹터 약세",수급 수집 실패,unavailable,0.0,0.0,뉴스 중립,google_news,"관련 뉴스: SC제일은행·롯데백화점, 고액 자산가 특화 서비스 '맞손' (2026-05-14)",none,"SC제일은행·롯데백화점, 고액 자산가 특화 서비스 '맞손' (2026-05-14) | 주식 재미 본 개미에 中관광객까지…백화점주 전망 '맑음' (2026-05-14)","naver_daily, naver_realtime, news:google_news, flow:unavailable, intraday_1m",0.0,6.0,유통 섹터 약세,2026-05-19 21:07:50 PDT,3,"관망 · 관련 뉴스: SC제일은행·롯데백화점, 고액 자산가 특화 서비스 '맞손' (2026-05-14)",선행 신호 대기,놓침 위험 낮음,시장 방어장 · 신규 매수는 작게,급변 신호 없음,"유통 흐름 · 평균 -5.37% · 거래량 0.9배 · 대표 신세계, 롯데쇼핑, 현대홈쇼핑",방어장 · 평균 -5.68% · 하락비중 91% · 현금 비중 높게,수급 수집 실패,대표 테마 연결 대기,"기준 현재가 153,200 · 손절 참고 142,154 · 1차 익절 참고 167,007","최대 호재: 수주, 계약, 실적 개선, 정책 수혜 / 최대 악재: 실적 부진, 규제, 원가 상승, 수요 둔화",뉴스 영향 예상: 방향성 약함 · 가격/거래량 확인 우선,"관련 뉴스: SC제일은행·롯데백화점, 고액 자산가 특화 서비스 '맞손' (2026-05-14) · 최대 호재: 수주, 계약, 실적 개선, 정책 수혜 / 최대 악재: 실적 부진, 규제, 원가 상승, 수요 둔화"
Telus,T.TO,ok,캐나다,고배당,0.418,2.07,12.21,2026-03-11,2026-06-10,91,고배당 · 최근 0.42 CAD · 연 2.07 CAD · 배당률 12.21% · 최근 지급일 2026-03-11 · 다음 예상 2026-06-10,0.0,0.0,,,,0.0,0.0,,,0.0,,0.0,대기,,AI 관망,23,지금은 확실한 우위가 부족합니다.,캐나다/통신,보류,🚫 제외,리스크 과다,14,40.0,26.0,12.0,0.0,0.0,2.0,26.0,False,False,중립장,11.0,16.95,16.95,fast_quote,calculated,0.0,0.95,0.42,1.34,1.33,True,152133036.0,52.4,True,1.69,일반 모멘텀,"거래량 증가(1.3x), RSI 건강 구간, MACD 상승, 건전한 갭 상승","거래대금 부족, 리스크 26 이상으로 신규 관심 제외",수급 확인 불가,no_code,0.0,0.0,뉴스 중립,google_news,"관련 뉴스: 텔러스, 캐나다 정부와 AI 데이터 센터 협력…저평가 매력 주목 - simplywall.st (2026-05-15)",none,"텔러스, 캐나다 정부와 AI 데이터 센터 협력…저평가 매력 주목 - simplywall.st (2026-05-15) | 최근 주가 약세 후 TELUS (TSX :T)를 재고 할 때인가? - simplywall.st (2026-05-08)","yahoo_daily, fast_quote, news:google_news, flow:no_code",0.0,0.0,중립,2026-05-19 21:07:50 PDT,38,"관망 · 거래량 1.3배 · 추격 부담 낮음 · 관련 뉴스: 텔러스, 캐나다 정부와 AI 데이터 센터 협력…저평가 매력 주목 - simplywall.st (2026-05-15",선행 신호 대기,놓침 위험 낮음,위험 신호 보통,급변 신호 없음,"통신 흐름 · 평균 +0.87% · 거래량 1.3배 · 대표 Telus, BCE",공격장 · 평균 +0.65% · 하락비중 30% · 관심 종목 압축,수급 확인 불가,대표 테마 연결 대기,기준 현재가 17 · 손절 참고 16 · 1차 익절 참고 18,"최대 호재: 요금제 개편, AI 데이터센터, 주주환원, 5G 투자 / 최대 악재: 과징금, 해킹, 통신 장애, 규제",뉴스 영향 예상: 방향성 약함 · 가격/거래량 확인 우선,"관련 뉴스: 텔러스, 캐나다 정부와 AI 데이터 센터 협력…저평가 매력 주목 - simplywall.st (2026-05-15) · 최대 호재: 요금제 개편, AI 데이터센터, 주주환원, 5G 투자 / 최대 악재: 과징금, 해킹, 통신 장애, 규제"
CCL Industries,CCL-B.TO,ok,캐나다,중간배당,0.36,1.64,1.89,2026-03-17,2026-06-16,91,중간배당 · 최근 0.36 CAD · 연 1.64 CAD · 배당률 1.89% · 최근 지급일 2026-03-17 · 다음 예상 2026-06-16,0.0,0.0,,,,0.0,0.0,,,0.0,,0.0,대기,,AI 관망,18,지금은 확실한 우위가 부족합니다.,캐나다/포장,보류,🚫 제외,리스크 과다,14,40.0,26.0,12.0,0.0,0.0,2.0,26.0,False,False,중립장,11.0,86.8,86.8,fast_quote,calculated,0.0,0.3,0.34,1.38,1.4,True,49015961.0,53.1,True,2.06,일반 모멘텀,"거래량 증가(1.4x), RSI 건강 구간, MACD 상승, 건전한 갭 상승","거래대금 부족, 리스크 26 이상으로 신규 관심 제외",수급 확인 불가,no_code,0.0,0.0,뉴스 수집 실패,none,뉴스를 가져오지 못해 가격 흐름만 참고하세요.,none,-,"yahoo_daily, fast_quote, news:none, flow:no_code",,,섹터 확인 부족,2026-05-19 21:07:50 PDT,36,관망 · 거래량 1.4배 · 추격 부담 낮음 · 뉴스를 가져오지 못해 가격 흐름만 참고하세요.,선행 신호 대기,놓침 위험 낮음,위험 신호 보통,급변 신호 없음,포장 흐름 · 평균 +0.30% · 거래량 1.4배 · 대표 CCL Industries,공격장 · 평균 +0.65% · 하락비중 30% · 관심 종목 압축,수급 확인 불가,대표 테마 연결 대기,기준 현재가 87 · 손절 참고 84 · 1차 익절 참고 90,"최대 호재: 수주, 계약, 실적 개선, 정책 수혜 / 최대 악재: 실적 부진, 규제, 원가 상승, 수요 둔화",뉴스 영향 예상: 방향성 약함 · 가격/거래량 확인 우선,"뉴스를 가져오지 못해 가격 흐름만 참고하세요. · 최대 호재: 수주, 계약, 실적 개선, 정책 수혜 / 최대 악재: 실적 부진, 규제, 원가 상승, 수요 둔화"
Lam Research,LRCX,ok,미장,해당 없음,0.0,0.0,0.0,,,0,해당 없음,0.0,0.0,,,,0.0,0.0,,,0.0,,0.0,대기,,AI 관망,25,지금은 확실한 우위가 부족합니다.,미장/반도체장비,보류,🚫 제외,리스크 과다,14,39.0,30.0,0.0,0.0,7.0,2.0,25.0,False,False,중립장,11.0,273.38,273.38,fast_quote,calculated,0.0,-1.65,-3.6,0.86,0.85,True,2270065546.0,60.9,False,5.31,일반 모멘텀,"추세 상승, RSI 건강 구간, 뉴스 키워드: 보통 호재: 투자 / 약한 호재: 상승 / 악재: 하락","갭 하락 경계, 뉴스 리스크: 보통 호재: 투자 / 약한 호재: 상승 / 악재: 하락, 리스크 25 이상으로 신규 관심 제외",수급 확인 불가,no_code,0.0,0.0,보통 호재: 투자 / 약한 호재: 상승 / 악재: 하락,google_news,악재 뉴스: 미중 반도체 회담 전망이 Lam Research 리스크 프리미엄에 주는 의미 - simplywall.st (2026-05-19),medium,미중 반도체 회담 전망이 Lam Research 리스크 프리미엄에 주는 의미 - simplywall.st (2026-05-19) | Lam Research Corp (LRCX) 주식 움직였습니다 하락 6.28%에 5월15일: 핵심 원인 공개 (2026-05-15),"yahoo_daily, fast_quote, news:google_news, flow:no_code",0.0,0.0,중립,2026-05-19 21:07:50 PDT,24,관망 · 악재 뉴스: 미중 반도체 회담 전망이 Lam Research 리스크 프리미엄에 주는 의미 - simplywall.st (202,선행 신호 대기,놓침 위험 낮음,시장 방어장 · 신규 매수는 작게,급변 신호 없음,"반도체장비 흐름 · 평균 -1.38% · 거래량 0.9배 · 대표 ASML, Applied Materials, Lam Research",방어장 · 평균 -0.75% · 하락비중 66% · 현금 비중 높게,수급 확인 불가,AI/반도체 → 전력 → 냉각 → 데이터센터 → 광통신,기준 현재가 273 · 손절 참고 259 · 1차 익절 참고 292,"최대 호재: HBM 수주, 엔비디아 공급, 장비 발주, 수율 개선 / 최대 악재: 어닝 쇼크, 컨센서스 하회, 수출 통제, 재고 급증",악재 영향 예상: -3.7~-6.6% (255.23 USD 부근까지 경계) · 회복 기준 279.91 USD 돌파,"악재 뉴스: 미중 반도체 회담 전망이 Lam Research 리스크 프리미엄에 주는 의미 - simplywall.st (2026-05-19) · 최대 호재: HBM 수주, 엔비디아 공급, 장비 발주, 수율 개선 / 최대 악재: 어닝 쇼크, 컨센서스 하회, 수출 통제, 재고 급증"
Affirm,AFRM,ok,미장,해당 없음,0.0,0.0,0.0,,,0,해당 없음,0.0,0.0,,,,0.0,0.0,,,0.0,,0.0,대기,,AI 관망,26,지금은 확실한 우위가 부족합니다.,미장/핀테크,보류,🚫 제외,리스크 과다,14,40.0,30.0,0.0,0.0,8.0,2.0,26.0,False,False,중립장,11.0,65.3,65.3,fast_quote,calculated,0.0,1.38,0.0,0.85,0.85,True,281299353.0,53.7,False,5.86,일반 모멘텀,"추세 상승, RSI 건강 구간, 뉴스 키워드: 보통 호재: 실적, 투자","거래대금 부족, 리스크 26 이상으로 신규 관심 제외",수급 확인 불가,no_code,0.0,0.0,"보통 호재: 실적, 투자",google_news,호재 뉴스: Affirm의 구글 AI 통합과 수익성 전환이 AFRM의 긍정적인 사례를 바꿀 수 있을까요? - simplywall.st (2026-05-19),medium,Affirm의 구글 AI 통합과 수익성 전환이 AFRM의 긍정적인 사례를 바꿀 수 있을까요? - simplywall.st (2026-05-19) | 최근 주가 강세 이후 포지션 보유(AFRM)를 고려하기에는 너무 늦었나요? - simplywall.st (2026-05-16),"yahoo_daily, fast_quote, news:google_news, flow:no_code",0.0,0.0,중립,2026-05-19 21:07:50 PDT,37,관망 · 추격 부담 낮음 · 호재 뉴스: Affirm의 구글 AI 통합과 수익성 전환이 AFRM의 긍정적인 사례를 바꿀 수 있을까요? - simplywal,선행 신호 대기,놓침 위험 낮음,시장 방어장 · 신규 매수는 작게,급변 신호 없음,"핀테크 흐름 · 평균 -1.25% · 거래량 0.9배 · 대표 Affirm, Block, PayPal",방어장 · 평균 -0.75% · 하락비중 66% · 현금 비중 높게,수급 확인 불가,대표 테마 연결 대기,기준 현재가 65 · 손절 참고 61 · 1차 익절 참고 70,"최대 호재: 수주, 계약, 실적 개선, 정책 수혜 / 최대 악재: 실적 부진, 규제, 원가 상승, 수요 둔화",호재 영향 예상: +2.4~+4.4% (68.17 USD 부근까지 시도) · 이탈 기준 63.58 USD,"호재 뉴스: Affirm의 구글 AI 통합과 수익성 전환이 AFRM의 긍정적인 사례를 바꿀 수 있을까요? - simplywall.st (2026-05-19) · 최대 호재: 수주, 계약, 실적 개선, 정책 수혜 / 최대 악재: 실적 부진, 규제, 원가 상승, 수요 둔화"
아시아나항공,020560.KS,ok,국장,해당 없음,0.0,0.0,0.0,,,0,해당 없음,0.0,0.0,,,,0.0,0.0,,,0.0,본장 전/초반 1시간 중립 · 초반 -0.98%,6.0,양호,1분봉 양호 · 장중 -1.69% · 최근 +0.29%,AI 관망,5,지금은 확실한 우위가 부족합니다.,항공,보류,🚫 제외,리스크 과다,13,38.0,26.0,0.0,0.0,10.0,2.0,25.0,False,False,중립장,11.0,6990.0,7110.0,naver_realtime,naver_realtime_calculated,-1.69,-5.03,0.0,0.65,0.6,False,1124117820.0,50.4,True,3.95,일반 모멘텀,"RSI 건강 구간, MACD 상승, 뉴스 키워드: 강한 호재: 계약 / 약한 호재: 증가 / 악재: 희석, 1분봉 양호 · 장중 -1.69% · 최근 +0.29%","뉴스 리스크: 강한 호재: 계약 / 약한 호재: 증가 / 악재: 희석, 매수 확인 부족: 거래량 0.65x / 거래대금 0.60x, 항공 섹터 약세",수급 수집 실패,unavailable,0.0,0.0,강한 호재: 계약 / 약한 호재: 증가 / 악재: 희석,google_news,"악재 뉴스: 대한항공, 아시아나 품고 차입금 2배↑…한신평 “일시적 재무 충격 후 ‘3대 통합 시너지’ 기대” (2026-05-15)",strong,"대한항공, 아시아나 품고 차입금 2배↑…한신평 “일시적 재무 충격 후 ‘3대 통합 시너지’ 기대” (2026-05-15) | 통합 대한항공, 12월 17일 공식 출범…아시아나항공 역사 속으로 (2026-05-15)","naver_daily, naver_realtime, news:google_news, flow:unavailable, intraday_1m",0.0,6.0,항공 섹터 약세,2026-05-19 21:07:50 PDT,18,"관망 · 악재 뉴스: 대한항공, 아시아나 품고 차입금 2배↑…한신평 “일시적 재무 충격 후 ‘3대 통합 시너지’ 기대” (2026-05",선행 신호 대기,놓침 위험 낮음,시장 방어장 · 신규 매수는 작게,급변 신호 없음,"항공 흐름 · 평균 -3.95% · 거래량 0.9배 · 대표 대한항공, 아시아나항공, 티웨이항공",방어장 · 평균 -5.68% · 하락비중 91% · 현금 비중 높게,수급 수집 실패,우주항공 → 위성 → 통신장비 → 소재,"기준 현재가 6,990 · 손절 참고 6,714 · 1차 익절 참고 7,335",섹터 최대 호재: 계약,"악재 영향 예상: -3.0~-4.5% (6,675원 부근까지 경계) · 회복 기준 7,130원 돌파","악재 뉴스: 대한항공, 아시아나 품고 차입금 2배↑…한신평 “일시적 재무 충격 후 ‘3대 통합 시너지’ 기대” (2026-05-15) · 섹터 최대 호재: 계약"
LG생활건강,051900.KS,ok,국장,해당 없음,0.0,0.0,0.0,,,0,해당 없음,0.0,0.0,,,,0.0,0.0,,,-8.0,본장 전/초반 1시간 약세 · 초반 -3.08% · 방어 우선,0.0,중립,1분봉 중립 · 장중 -4.24% · 최근 +0.00%,AI 관망,0,지금은 확실한 우위가 부족합니다.,화장품/생활소비재,보류,대기,매매 근거 부족,13,32.0,30.0,0.0,0.0,0.0,2.0,19.0,False,False,중립장,11.0,249000.0,260000.0,naver_realtime,naver_realtime_calculated,-4.23,-4.05,-0.96,0.77,0.72,False,15352095000.0,52.6,False,5.64,일반 모멘텀,"추세 상승, RSI 건강 구간","본장 전/초반 1시간 약세 · 초반 -3.08% · 방어 우선, 매수 확인 부족: 거래량 0.77x / 거래대금 0.72x",수급 수집 실패,unavailable,0.0,0.0,뉴스 중립,google_news,"관련 뉴스: LG생활건강, 대용량 친환경 포장재 개발… 재활용·내구성 다잡았다 (2026-05-20)",none,"LG생활건강, 대용량 친환경 포장재 개발… 재활용·내구성 다잡았다 (2026-05-20) | LG생활건강, 토리든 인수 철회..""포트폴리오 재편은 지속"" (2026-05-19)","naver_daily, naver_realtime, news:google_news, flow:unavailable, intraday_1m",,,섹터 확인 부족,2026-05-19 21:07:50 PDT,7,"관망 · 관련 뉴스: LG생활건강, 대용량 친환경 포장재 개발… 재활용·내구성 다잡았다 (2026-05-20)",선행 신호 대기,놓침 위험 낮음,시장 방어장 · 신규 매수는 작게,급변 신호 없음,화장품/생활소비재 흐름 · 평균 -4.05% · 거래량 0.8배 · 대표 LG생활건강,방어장 · 평균 -5.68% · 하락비중 91% · 현금 비중 높게,수급 수집 실패,대표 테마 연결 대기,"기준 현재가 249,000 · 손절 참고 234,956 · 1차 익절 참고 266,554","최대 호재: 수주, 계약, 실적 개선, 정책 수혜 / 최대 악재: 실적 부진, 규제, 원가 상승, 수요 둔화",뉴스 영향 예상: 방향성 약함 · 가격/거래량 확인 우선,"관련 뉴스: LG생활건강, 대용량 친환경 포장재 개발… 재활용·내구성 다잡았다 (2026-05-20) · 최대 호재: 수주, 계약, 실적 개선, 정책 수혜 / 최대 악재: 실적 부진, 규제, 원가 상승, 수요 둔화"
BGF리테일,282330.KS,ok,국장,해당 없음,0.0,0.0,0.0,,,0,해당 없음,0.0,0.0,,,,0.0,0.0,,,-8.0,본장 전/초반 1시간 약세 · 초반 -2.05% · 방어 우선,6.0,양호,1분봉 양호 · 장중 -3.58% · 최근 +0.23%,AI 관망,0,지금은 확실한 우위가 부족합니다.,편의점,보류,🚫 제외,리스크 과다,13,38.0,36.0,0.0,0.0,0.0,2.0,25.0,False,False,중립장,11.0,132200.0,133900.0,naver_realtime,naver_realtime_calculated,-1.27,-2.94,-0.44,0.69,0.67,False,6157876000.0,46.0,True,5.6,일반 모멘텀,"추세 상승, MACD 상승, 1분봉 양호 · 장중 -3.58% · 최근 +0.23%","본장 전/초반 1시간 약세 · 초반 -2.05% · 방어 우선, 매수 확인 부족: 거래량 0.69x / 거래대금 0.67x, 편의점 섹터 약세",수급 수집 실패,unavailable,0.0,0.0,뉴스 중립,google_news,"관련 뉴스: CU ""상큼한 '생과일 샌드위치' 사계절 내내 드세요"" (2026-05-17)",none,"CU ""상큼한 '생과일 샌드위치' 사계절 내내 드세요"" (2026-05-17) | [코스피·코스닥 전 거래일(12일) 주요공시] (2026-05-13)","naver_daily, naver_realtime, news:google_news, flow:unavailable, intraday_1m",0.0,6.0,편의점 섹터 약세,2026-05-19 21:07:50 PDT,5,"관망 · 관련 뉴스: CU ""상큼한 '생과일 샌드위치' 사계절 내내 드세요"" (2026-05-17)",선행 신호 대기,놓침 위험 낮음,시장 방어장 · 신규 매수는 작게,급변 신호 없음,"편의점 흐름 · 평균 -5.17% · 거래량 0.8배 · 대표 BGF리테일, GS리테일",방어장 · 평균 -5.68% · 하락비중 91% · 현금 비중 높게,수급 수집 실패,대표 테마 연결 대기,"기준 현재가 132,200 · 손절 참고 124,797 · 1차 익절 참고 141,454","최대 호재: 수주, 계약, 실적 개선, 정책 수혜 / 최대 악재: 실적 부진, 규제, 원가 상승, 수요 둔화",뉴스 영향 예상: 방향성 약함 · 가격/거래량 확인 우선,"관련 뉴스: CU ""상큼한 '생과일 샌드위치' 사계절 내내 드세요"" (2026-05-17) · 최대 호재: 수주, 계약, 실적 개선, 정책 수혜 / 최대 악재: 실적 부진, 규제, 원가 상승, 수요 둔화"
AltaGas,ALA.TO,ok,캐나다,중간배당,0.334,1.594,2.96,2026-03-16,2026-06-15,91,중간배당 · 최근 0.33 CAD · 연 1.59 CAD · 배당률 2.96% · 최근 지급일 2026-03-16 · 다음 예상 2026-06-15,0.0,0.0,,,,0.0,0.0,,,0.0,,0.0,대기,,AI 관망,0,지금은 확실한 우위가 부족합니다.,캐나다/파이프라인,보류,🚫 제외,리스크 과다,13,47.0,45.0,0.0,0.0,0.0,2.0,34.0,False,True,중립장,11.0,53.87,53.87,fast_quote,calculated,0.0,1.32,-0.17,1.04,1.09,True,54462568.0,75.6,True,2.01,일반 모멘텀,"추세 상승, 20일 고점 돌파, MACD 상승","20일 범위 상단 추격, 거래대금 부족, 리스크 34 이상으로 신규 관심 제외",수급 확인 불가,no_code,0.0,0.0,뉴스 수집 실패,none,뉴스를 가져오지 못해 가격 흐름만 참고하세요.,none,-,"yahoo_daily, fast_quote, news:none, flow:no_code",0.0,0.0,중립,2026-05-19 21:07:50 PDT,29,관망 · 추격 부담 낮음 · 뉴스를 가져오지 못해 가격 흐름만 참고하세요.,선행 신호 대기,놓침 위험 낮음,위험 신호 보통,급변 신호 없음,"파이프라인 흐름 · 평균 +1.81% · 거래량 1.2배 · 대표 Enbridge, Pembina Pipeline, Keyera",공격장 · 평균 +0.65% · 하락비중 30% · 관심 종목 압축,수급 확인 불가,대표 테마 연결 대기,기준 현재가 54 · 손절 참고 52 · 1차 익절 참고 56,"최대 호재: 수주, 계약, 실적 개선, 정책 수혜 / 최대 악재: 실적 부진, 규제, 원가 상승, 수요 둔화",뉴스 영향 예상: 방향성 약함 · 가격/거래량 확인 우선,"뉴스를 가져오지 못해 가격 흐름만 참고하세요. · 최대 호재: 수주, 계약, 실적 개선, 정책 수혜 / 최대 악재: 실적 부진, 규제, 원가 상승, 수요 둔화"
Tesla,TSLA,ok,미장,해당 없음,0.0,0.0,0.0,,,0,해당 없음,0.0,0.0,,,,0.0,0.0,,,0.0,,0.0,대기,,AI 관망,0,지금은 확실한 우위가 부족합니다.,미장/전기차,보류,🚫 제외,리스크 과다,13,42.0,40.0,0.0,0.0,0.0,2.0,29.0,False,False,중립장,11.0,404.11,404.11,fast_quote,calculated,0.0,-1.43,-1.67,0.78,0.79,False,18732397137.0,60.9,True,4.58,일반 모멘텀,"추세 상승, RSI 건강 구간, MACD 상승","뉴스 리스크: 악재: 하락, 매수 확인 부족: 거래량 0.78x / 거래대금 0.79x, 미장/전기차 섹터 약세",수급 확인 불가,no_code,0.0,0.0,악재: 하락,google_news,"악재 뉴스: 테슬라 1.4% 하락 마감…""스페이스X IPO로 머스크 관심 분산"" - 뉴스1 (2026-05-20)",none,"테슬라 1.4% 하락 마감…""스페이스X IPO로 머스크 관심 분산"" - 뉴스1 (2026-05-20) | Tesla Stock Falls as Elon Musk Loses California Court Battle Against Sam Altman - TIKR.com (2026-05-20)","yahoo_daily, fast_quote, news:google_news, flow:no_code",0.0,6.0,미장/전기차 섹터 약세,2026-05-19 21:07:50 PDT,0,"관망 · 악재 뉴스: 테슬라 1.4% 하락 마감…""스페이스X IPO로 머스크 관심 분산"" - 뉴스1 (2026-05-20)",선행 신호 대기,놓침 위험 낮음,시장 방어장 · 신규 매수는 작게,급변 신호 없음,"전기차 흐름 · 평균 -2.32% · 거래량 0.9배 · 대표 Tesla, Rivian, NIO",방어장 · 평균 -0.75% · 하락비중 66% · 현금 비중 높게,수급 확인 불가,대표 테마 연결 대기,기준 현재가 404 · 손절 참고 386 · 1차 익절 참고 427,"최대 호재: 수주, 계약, 실적 개선, 정책 수혜 / 최대 악재: 실적 부진, 규제, 원가 상승, 수요 둔화",악재 영향 예상: -3.2~-5.9% (380.23 USD 부근까지 경계) · 회복 기준 412.44 USD 돌파,"악재 뉴스: 테슬라 1.4% 하락 마감…""스페이스X IPO로 머스크 관심 분산"" - 뉴스1 (2026-05-20) · 최대 호재: 수주, 계약, 실적 개선, 정책 수혜 / 최대 악재: 실적 부진, 규제, 원가 상승, 수요 둔화"
PepsiCo,PEP,ok,미장,해당 없음,0.0,0.0,0.0,,,0,해당 없음,0.0,0.0,,,,0.0,0.0,,,0.0,,0.0,대기,,AI 관망,22,지금은 확실한 우위가 부족합니다.,미장/필수소비재,보류,대기,매매 근거 부족,13,24.0,6.0,12.0,0.0,4.0,2.0,11.0,False,False,중립장,11.0,150.37,150.37,fast_quote,calculated,0.0,0.88,0.83,1.7,1.67,True,1517413694.0,39.4,False,2.21,일반 모멘텀,"거래량 증가(1.7x), 건전한 갭 상승, 뉴스 키워드: 보통 호재: 투자",-,수급 확인 불가,no_code,0.0,0.0,보통 호재: 투자,google_news,호재 뉴스: PepsiCo’s $1.95 Billion Poppi Acquisition Gains Momentum: The Path to a $172 Price… (2026-05-12),medium,PepsiCo’s $1.95 Billion Poppi Acquisition Gains Momentum: The Path to a $172 Price Target - TIKR.com (2026-05-12) | PepsiCo Stock Trades at an 18x Multiple While Its Five-Year Average Sits at 21x. Here’s What It Means - TIKR.com (2026-05-07),"yahoo_daily, fast_quote, news:google_news, flow:no_code",0.0,0.0,중립,2026-05-19 21:07:50 PDT,59,관망 · 거래량 1.7배 · 추격 부담 낮음 · 호재 뉴스: PepsiCo’s $1.95 Billion Poppi Acquisition Gains Momentum: The P,선행 신호 대기,놓침 위험 낮음,시장 방어장 · 신규 매수는 작게,뉴스+거래량 동시 감지,"필수소비재 흐름 · 평균 +0.33% · 거래량 1.3배 · 대표 Coca-Cola, PepsiCo, Procter & Gamble",방어장 · 평균 -0.75% · 하락비중 66% · 현금 비중 높게,수급 확인 불가,대표 테마 연결 대기,기준 현재가 150 · 손절 참고 146 · 1차 익절 참고 156,"최대 호재: 수주, 계약, 실적 개선, 정책 수혜 / 최대 악재: 실적 부진, 규제, 원가 상승, 수요 둔화",호재 영향 예상: +2.0~+3.2% (155.18 USD 부근까지 시도) · 이탈 기준 147.36 USD,"호재 뉴스: PepsiCo’s $1.95 Billion Poppi Acquisition Gains Momentum: The Path to a $172 Price… (2026-05-12) · 최대 호재: 수주, 계약, 실적 개선, 정책 수혜 / 최대 악재: 실적 부진, 규제, 원가 상승, 수요 둔화"
삼양식품,003230.KS,ok,국장,해당 없음,0.0,0.0,0.0,,,0,해당 없음,0.0,0.0,,,,0.0,0.0,,,-8.0,본장 전/초반 1시간 약세 · 초반 -1.22% · 방어 우선,0.0,중립,1분봉 중립 · 장중 -2.94% · 최근 -0.29%,AI 관망,20,지금은 확실한 우위가 부족합니다.,음식료,보류,🚫 제외,리스크 과다,12,52.0,46.0,0.0,0.0,4.0,2.0,40.0,False,False,중립장,11.0,1358000.0,1391000.0,naver_realtime,naver_realtime_calculated,-2.37,-0.59,1.9,0.97,0.98,True,86318554000.0,57.7,True,6.59,일반 모멘텀,"추세 상승, RSI 건강 구간, MACD 상승, 건전한 갭 상승, 뉴스 키워드: 보통 호재: 실적","변동성 과다, 본장 전/초반 1시간 약세 · 초반 -1.22% · 방어 우선, 리스크 34 이상으로 신규 관심 제외, 음식료 섹터 약세",수급 수집 실패,unavailable,0.0,0.0,보통 호재: 실적,google_news,호재 뉴스: 공장가동률에 엇갈린 올해 주가…삼양식품 ‘방긋’ 농심은 ‘흐림’ - v.daum.net (2026-05-18),medium,공장가동률에 엇갈린 올해 주가…삼양식품 ‘방긋’ 농심은 ‘흐림’ - v.daum.net (2026-05-18) | ‘불닭볶음면’ 불티난 인기에 삼양식품 주가 160만원 넘겼다 (2026-05-16),"naver_daily, naver_realtime, news:google_news, flow:unavailable, intraday_1m",0.0,6.0,음식료 섹터 약세,2026-05-19 21:07:50 PDT,22,관망 · 추격 부담 낮음 · 호재 뉴스: 공장가동률에 엇갈린 올해 주가…삼양식품 ‘방긋’ 농심은 ‘흐림’ - v.daum.net (2026-05-18),선행 신호 대기,놓침 위험 낮음,시장 방어장 · 신규 매수는 작게,급변 신호 없음,"음식료 흐름 · 평균 -2.05% · 거래량 1.1배 · 대표 농심, 삼양식품, 롯데웰푸드",방어장 · 평균 -5.68% · 하락비중 91% · 현금 비중 높게,수급 수집 실패,대표 테마 연결 대기,"기준 현재가 1,358,000 · 손절 참고 1,268,508 · 1차 익절 참고 1,469,865","최대 호재: 가격 인상, 수출 증가, K푸드, 마진 개선 / 최대 악재: 원가 상승, 리콜, 식품 사고, 소비 둔화","호재 영향 예상: +2.7~+4.9% (1,425,119원 부근까지 시도) · 이탈 기준 1,317,729원","호재 뉴스: 공장가동률에 엇갈린 올해 주가…삼양식품 ‘방긋’ 농심은 ‘흐림’ - v.daum.net (2026-05-18) · 최대 호재: 가격 인상, 수출 증가, K푸드, 마진 개선 / 최대 악재: 원가 상승, 리콜, 식품 사고, 소비 둔화"
한국콜마,161890.KS,ok,국장,해당 없음,0.0,0.0,0.0,,,0,해당 없음,0.0,0.0,,,,0.0,0.0,,,-8.0,본장 전/초반 1시간 약세 · 초반 -6.05% · 방어 우선,6.0,양호,1분봉 양호 · 장중 -3.74% · 최근 +0.23%,AI 관망,4,지금은 확실한 우위가 부족합니다.,화장품,보류,🚫 제외,리스크 과다,12,52.0,42.0,0.0,0.0,8.0,2.0,40.0,False,False,중립장,11.0,88000.0,91800.0,naver_realtime,naver_realtime_calculated,-4.14,-4.56,0.87,0.77,0.72,False,18714696000.0,51.2,False,6.19,일반 모멘텀,"추세 상승, RSI 건강 구간, 건전한 갭 상승, 뉴스 키워드: 보통 호재: 실적, 투자, 1분봉 양호 · 장중 -3.74% · 최근 +0.23%","변동성 과다, 본장 전/초반 1시간 약세 · 초반 -6.05% · 방어 우선, 매수 확인 부족: 거래량 0.77x / 거래대금 0.72x, 리스크 34 이상으로 신규 관심 제외, 화장품 섹터 약세",수급 수집 실패,unavailable,0.0,0.0,"보통 호재: 실적, 투자",google_news,호재 뉴스: “주식 못 샀는데 책임은 누가?”…토스증권 책임 ‘토스’ 논란 - v.daum.net (2026-05-14),medium,"“주식 못 샀는데 책임은 누가?”…토스증권 책임 ‘토스’ 논란 - v.daum.net (2026-05-14) | 한국콜마, 토스증권 실적 오기재에 공식 항의…증권업계 ""투자 판단에 영향 있어"" (2026-05-13)","naver_daily, naver_realtime, news:google_news, flow:unavailable, intraday_1m",0.0,6.0,화장품 섹터 약세,2026-05-19 21:07:50 PDT,15,관망 · 호재 뉴스: “주식 못 샀는데 책임은 누가?”…토스증권 책임 ‘토스’ 논란 - v.daum.net (2026-05-14),선행 신호 대기,놓침 위험 낮음,시장 방어장 · 신규 매수는 작게,급변 신호 없음,"화장품 흐름 · 평균 -4.80% · 거래량 0.7배 · 대표 한국콜마, 아모레퍼시픽, 코스맥스",방어장 · 평균 -5.68% · 하락비중 91% · 현금 비중 높게,수급 수집 실패,대표 테마 연결 대기,"기준 현재가 88,000 · 손절 참고 82,553 · 1차 익절 참고 94,809","최대 호재: 수주, 계약, 실적 개선, 정책 수혜 / 최대 악재: 실적 부진, 규제, 원가 상승, 수요 둔화","호재 영향 예상: +2.6~+4.6% (92,085원 부근까지 시도) · 이탈 기준 85,549원","호재 뉴스: “주식 못 샀는데 책임은 누가?”…토스증권 책임 ‘토스’ 논란 - v.daum.net (2026-05-14) · 최대 호재: 수주, 계약, 실적 개선, 정책 수혜 / 최대 악재: 실적 부진, 규제, 원가 상승, 수요 둔화"
가온전선,000500.KS,ok,국장,해당 없음,0.0,0.0,0.0,,,0,해당 없음,0.0,0.0,,,,0.0,0.0,,,-8.0,본장 전/초반 1시간 약세 · 초반 -14.26% · 방어 우선,0.0,중립,1분봉 중립 · 장중 -10.59% · 최근 -0.69%,AI 관망,3,지금은 확실한 우위가 부족합니다.,전선,보류,🚫 제외,리스크 과다,12,64.0,30.0,12.0,0.0,20.0,2.0,52.0,False,True,중립장,11.0,359000.0,388000.0,naver_realtime,naver_realtime_calculated,-7.47,-5.53,6.84,1.51,1.52,True,128479997000.0,63.4,False,40.11,일반 모멘텀,"추세 상승, 거래량 증가(1.5x), RSI 건강 구간, 뉴스 키워드: 강한 호재: 공급, 수주, 계약","갭 상승 과열, 변동성 과다, 본장 전/초반 1시간 약세 · 초반 -14.26% · 방어 우선, 리스크 46 이상으로 신규 관심 제외, 전선 섹터 약세",수급 수집 실패,unavailable,0.0,0.0,"강한 호재: 공급, 수주, 계약",google_news,"호재 뉴스: [특징주] 가온전선, 메타와 최대 4조 원 데이터센터 전력 인프라 공급 '급등' (2026-05-19)",strong,"[특징주] 가온전선, 메타와 최대 4조 원 데이터센터 전력 인프라 공급 '급등' (2026-05-19) | 가온전선, 메타 AI데이터센터 부품 4조 수주 - v.daum.net (2026-05-18)","naver_daily, naver_realtime, news:google_news, flow:unavailable, intraday_1m",0.0,6.0,전선 섹터 약세,2026-05-19 21:07:50 PDT,32,"관망 · 거래량 1.5배 · 호재 뉴스: [특징주] 가온전선, 메타와 최대 4조 원 데이터센터 전력 인프라 공급 '급등' (2026-05-19)","조용한 자금 후보 · ok · 점수 25 · 초기 RSI 61.1 / 뉴스 트리거 투자, 실적, 인수",놓침 위험 낮음,급락 위험 · 거래량 1.5배 동반 하락,급변 신호 없음,"전선 흐름 · 평균 -8.50% · 거래량 0.6배 · 대표 가온전선, LS에코에너지, 대원전선",방어장 · 평균 -5.68% · 하락비중 91% · 현금 비중 높게,수급 수집 실패,전력 → 전선 → 구리 → 원전/데이터센터,"기준 현재가 359,000 · 손절 참고 315,920 · 1차 익절 참고 412,850",섹터 최대 호재: 데이터센터 전력,"호재 영향 예상: +7.0~+12.7% (404,643원 부근까지 시도) · 이탈 기준 339,614원","호재 뉴스: [특징주] 가온전선, 메타와 최대 4조 원 데이터센터 전력 인프라 공급 '급등' (2026-05-19) · 섹터 최대 호재: 데이터센터 전력"
현대차우,005385.KS,ok,국장,해당 없음,0.0,0.0,0.0,,,0,해당 없음,0.0,0.0,,,,0.0,0.0,,,0.0,본장 전/초반 1시간 중립 · 초반 +0.00%,6.0,양호,1분봉 양호 · 장중 +0.00% · 최근 +0.41%,AI 관망,9,지금은 확실한 우위가 부족합니다.,자동차/우선주,보류,🚫 제외,리스크 과다,12,38.0,36.0,0.0,0.0,0.0,2.0,26.0,False,False,중립장,11.0,246500.0,249000.0,naver_realtime,naver_realtime_calculated,-1.0,-8.36,-0.19,1.3,1.2,True,48468062500.0,48.3,True,6.52,일반 모멘텀,"추세 상승, MACD 상승, 1분봉 양호 · 장중 +0.00% · 최근 +0.41%","변동성 과다, 리스크 26 이상으로 신규 관심 제외",수급 수집 실패,unavailable,0.0,0.0,뉴스 중립,google_news,관련 뉴스: 랠리에서 뒤처지는 우선주 … 보통주와 가격차 더 벌어져 (2026-05-19),none,"랠리에서 뒤처지는 우선주 … 보통주와 가격차 더 벌어져 (2026-05-19) | ""주가 100만원도 가능""…현대차 재평가 가속 [마켓딥다이브] (2026-05-19)","naver_daily, naver_realtime, news:google_news, flow:unavailable, intraday_1m",,,섹터 확인 부족,2026-05-19 21:07:50 PDT,9,관망 · 거래량 1.3배 · 관련 뉴스: 랠리에서 뒤처지는 우선주 … 보통주와 가격차 더 벌어져 (2026-05-19),선행 신호 대기,놓침 위험 낮음,시장 방어장 · 신규 매수는 작게,급변 감지 · 당일 -8.36%,자동차/우선주 흐름 · 평균 -8.36% · 거래량 1.3배 · 대표 현대차우,방어장 · 평균 -5.68% · 하락비중 91% · 현금 비중 높게,수급 수집 실패,대표 테마 연결 대기,"기준 현재가 246,500 · 손절 참고 230,428 · 1차 익절 참고 266,590","최대 호재: 판매 증가, 환율 수혜, 신차 효과, 전기차 보조금 / 최대 악재: 리콜, 파업, 관세, 판매 부진",뉴스 영향 예상: 방향성 약함 · 가격/거래량 확인 우선,"관련 뉴스: 랠리에서 뒤처지는 우선주 … 보통주와 가격차 더 벌어져 (2026-05-19) · 최대 호재: 판매 증가, 환율 수혜, 신차 효과, 전기차 보조금 / 최대 악재: 리콜, 파업, 관세, 판매 부진"
TD Bank,TD.TO,ok,캐나다,고배당,1.08,5.31,3.58,2026-04-09,2026-07-09,91,고배당 · 최근 1.08 CAD · 연 5.31 CAD · 배당률 3.58% · 최근 지급일 2026-04-09 · 다음 예상 2026-07-09,0.0,0.0,,,,0.0,0.0,,,0.0,,0.0,대기,,AI 관망,0,지금은 확실한 우위가 부족합니다.,캐나다/은행,보류,🚫 제외,리스크 과다,12,38.0,36.0,0.0,0.0,0.0,2.0,26.0,False,True,중립장,11.0,148.38,148.38,fast_quote,calculated,0.0,0.05,1.29,0.76,0.78,False,520947359.0,62.0,False,1.6,일반 모멘텀,"추세 상승, RSI 건강 구간, 건전한 갭 상승","거래대금 부족, 매수 확인 부족: 거래량 0.76x / 거래대금 0.78x, 리스크 26 이상으로 신규 관심 제외",수급 확인 불가,no_code,0.0,0.0,뉴스 중립,google_news,관련 뉴스: Starbucks Stock Gains After TD Cowen Upgrades Coffee Giant to Buy - TIKR.com (2026-05-20),none,Starbucks Stock Gains After TD Cowen Upgrades Coffee Giant to Buy - TIKR.com (2026-05-20) | Deutsche Bank Hikes Digital Realty Trust Stock Price Target on Massive Data Center Lease Demand - TIKR.com (2026-05-20),"yahoo_daily, fast_quote, news:google_news, flow:no_code",0.0,0.0,중립,2026-05-19 21:07:50 PDT,24,관망 · 추격 부담 낮음 · 관련 뉴스: Starbucks Stock Gains After TD Cowen Upgrades Coffee Giant to B,선행 신호 대기,놓침 위험 낮음,위험 신호 보통,급변 신호 없음,"은행 흐름 · 평균 +0.34% · 거래량 1.0배 · 대표 Royal Bank of Canada, Bank of Montreal, CIBC",공격장 · 평균 +0.65% · 하락비중 30% · 관심 종목 압축,수급 확인 불가,대표 테마 연결 대기,기준 현재가 148 · 손절 참고 144 · 1차 익절 참고 154,"최대 호재: 금리 수혜, 배당 확대, 자사주, 충당금 감소 / 최대 악재: 연체율 상승, 충당금 증가, 부실채권, 규제",뉴스 영향 예상: 방향성 약함 · 가격/거래량 확인 우선,"관련 뉴스: Starbucks Stock Gains After TD Cowen Upgrades Coffee Giant to Buy - TIKR.com (2026-05-20) · 최대 호재: 금리 수혜, 배당 확대, 자사주, 충당금 감소 / 최대 악재: 연체율 상승, 충당금 증가, 부실채권, 규제"
Canadian Pacific Kansas City,CP.TO,ok,캐나다,저배당,0.228,1.102,0.93,2026-03-27,2026-06-26,91,저배당 · 최근 0.23 CAD · 연 1.10 CAD · 배당률 0.93% · 최근 지급일 2026-03-27 · 다음 예상 2026-06-26,0.0,0.0,,,,0.0,0.0,,,0.0,,0.0,대기,,AI 관망,16,지금은 확실한 우위가 부족합니다.,캐나다/철도,보류,🚫 제외,리스크 과다,12,38.0,36.0,0.0,0.0,0.0,2.0,26.0,False,False,중립장,11.0,118.47,118.47,fast_quote,calculated,0.0,1.26,0.5,0.92,0.93,True,138041245.0,49.7,True,2.34,일반 모멘텀,"추세 상승, MACD 상승, 건전한 갭 상승","거래대금 부족, 리스크 26 이상으로 신규 관심 제외",수급 확인 불가,no_code,0.0,0.0,뉴스 중립,google_news,관련 뉴스: 최근 주가 강세 이후 캐나다 퍼시픽 캔자스 시티 (TSX :CP)는 공정한 가격입니까? - simplywall.st (2026-05-17),none,최근 주가 강세 이후 캐나다 퍼시픽 캔자스 시티 (TSX :CP)는 공정한 가격입니까? - simplywall.st (2026-05-17) | 캐나디언 퍼시픽 캔자스 시티(TSX:CP) SMX 서비스 업그레이드 후 저평가 여지 점검 - simplywall.st (2026-05-14),"yahoo_daily, fast_quote, news:google_news, flow:no_code",0.0,0.0,중립,2026-05-19 21:07:50 PDT,36,관망 · 추격 부담 낮음 · 관련 뉴스: 최근 주가 강세 이후 캐나다 퍼시픽 캔자스 시티 (TSX :CP)는 공정한 가격입니까? - simplywall.s,선행 신호 대기,놓침 위험 낮음,위험 신호 보통,급변 신호 없음,"철도 흐름 · 평균 +1.21% · 거래량 1.0배 · 대표 Canadian National Railway, Canadian Pacific Kansas City",공격장 · 평균 +0.65% · 하락비중 30% · 관심 종목 압축,수급 확인 불가,대표 테마 연결 대기,기준 현재가 118 · 손절 참고 115 · 1차 익절 참고 123,"최대 호재: 수주, 계약, 실적 개선, 정책 수혜 / 최대 악재: 실적 부진, 규제, 원가 상승, 수요 둔화",뉴스 영향 예상: 방향성 약함 · 가격/거래량 확인 우선,"관련 뉴스: 최근 주가 강세 이후 캐나다 퍼시픽 캔자스 시티 (TSX :CP)는 공정한 가격입니까? - simplywall.st (2026-05-17) · 최대 호재: 수주, 계약, 실적 개선, 정책 수혜 / 최대 악재: 실적 부진, 규제, 원가 상승, 수요 둔화"
ARC Resources,ARX.TO,ok,캐나다,중간배당,0.21,0.99,3.11,2026-03-31,2026-06-30,91,중간배당 · 최근 0.21 CAD · 연 0.99 CAD · 배당률 3.11% · 최근 지급일 2026-03-31 · 다음 예상 2026-06-30,0.0,0.0,,,,0.0,0.0,,,0.0,,0.0,대기,,AI 관망,7,지금은 확실한 우위가 부족합니다.,캐나다/천연가스,보류,🚫 제외,리스크 과다,12,38.0,36.0,0.0,0.0,0.0,2.0,26.0,False,True,중립장,11.0,31.85,31.85,fast_quote,calculated,0.0,2.44,1.48,0.88,0.9,True,232798022.0,55.2,False,1.57,일반 모멘텀,"추세 상승, RSI 건강 구간, 건전한 갭 상승","거래대금 부족, 뉴스 호재 강도 약함, 리스크 26 이상으로 신규 관심 제외",수급 확인 불가,no_code,0.0,0.0,약한 호재: 상승,google_news,호재 뉴스: Shell PLC (SHEL) 주식 움직였습니다 상승 3.52%에 5월18일: 어떤 신호인가요? (2026-05-19),weak,Shell PLC (SHEL) 주식 움직였습니다 상승 3.52%에 5월18일: 어떤 신호인가요? (2026-05-19) | 최근 주가 변동 후 아크 리소스 (TSX :ARX) 가격이 매력적으로 보입니까? - simplywall.st (2026-05-08),"yahoo_daily, fast_quote, news:google_news, flow:no_code",0.0,0.0,중립,2026-05-19 21:07:50 PDT,49,관망 · 추격 부담 낮음 · 호재 뉴스: Shell PLC (SHEL) 주식 움직였습니다 상승 3.52%에 5월18일: 어떤 신호인가요? (2026-05-,선행 신호 대기,놓침 위험 낮음,위험 신호 보통,급변 신호 없음,"천연가스 흐름 · 평균 +3.04% · 거래량 1.2배 · 대표 Tourmaline Oil, Birchcliff Energy, ARC Resources",공격장 · 평균 +0.65% · 하락비중 30% · 관심 종목 압축,수급 확인 불가,대표 테마 연결 대기,기준 현재가 32 · 손절 참고 31 · 1차 익절 참고 33,"최대 호재: 수주, 계약, 실적 개선, 정책 수혜 / 최대 악재: 실적 부진, 규제, 원가 상승, 수요 둔화",호재 영향 예상: +2.0~+3.2% (32.87 CAD 부근까지 시도) · 이탈 기준 31.21 CAD,"호재 뉴스: Shell PLC (SHEL) 주식 움직였습니다 상승 3.52%에 5월18일: 어떤 신호인가요? (2026-05-19) · 최대 호재: 수주, 계약, 실적 개선, 정책 수혜 / 최대 악재: 실적 부진, 규제, 원가 상승, 수요 둔화"
Caterpillar,CAT,ok,미장,해당 없음,0.0,0.0,0.0,,,0,해당 없음,0.0,0.0,,,,0.0,0.0,,,0.0,,0.0,대기,,AI 관망,23,지금은 확실한 우위가 부족합니다.,미장/산업재,보류,🚫 제외,리스크 과다,12,39.0,30.0,0.0,0.0,7.0,2.0,27.0,False,False,중립장,11.0,860.15,860.15,fast_quote,calculated,0.0,-0.44,-0.27,1.25,1.23,True,2785939914.0,58.0,False,3.97,일반 모멘텀,"추세 상승, RSI 건강 구간, 뉴스 키워드: 보통 호재: 투자 / 약한 호재: 상승 / 악재: 하락","뉴스 리스크: 보통 호재: 투자 / 약한 호재: 상승 / 악재: 하락, 리스크 27 이상으로 신규 관심 제외",수급 확인 불가,no_code,0.0,0.0,보통 호재: 투자 / 약한 호재: 상승 / 악재: 하락,google_news,"악재 뉴스: 캐터필러(CAT), 기록적인 AI 데이터 센터 전력 백로그 이후 6.8% 하락 - 상승세가 바뀌었나? - simplywall.st (2026-05-20)",medium,"캐터필러(CAT), 기록적인 AI 데이터 센터 전력 백로그 이후 6.8% 하락 - 상승세가 바뀌었나? - simplywall.st (2026-05-20) | Caterpillar 주가는 MA-20인 $748.61 위에서 동적 지지선을 유지하며 하락: 주간 전망 (2026-05-19)","yahoo_daily, fast_quote, news:google_news, flow:no_code",0.0,0.0,중립,2026-05-19 21:07:50 PDT,25,"관망 · 거래량 1.2배 · 추격 부담 낮음 · 악재 뉴스: 캐터필러(CAT), 기록적인 AI 데이터 센터 전력 백로그 이후 6.8% 하락 - 상승세가 바뀌었나? - simp",선행 신호 대기,놓침 위험 낮음,시장 방어장 · 신규 매수는 작게,급변 신호 없음,"산업재 흐름 · 평균 -0.85% · 거래량 1.2배 · 대표 Honeywell, Caterpillar, 3M",방어장 · 평균 -0.75% · 하락비중 66% · 현금 비중 높게,수급 확인 불가,전력 → 전선 → 구리 → 원전/데이터센터,기준 현재가 860 · 손절 참고 826 · 1차 익절 참고 903,"최대 호재: 수주, 계약, 실적 개선, 정책 수혜 / 최대 악재: 실적 부진, 규제, 원가 상승, 수요 둔화",악재 영향 예상: -3.0~-5.3% (814.20 USD 부근까지 경계) · 회복 기준 877.35 USD 돌파,"악재 뉴스: 캐터필러(CAT), 기록적인 AI 데이터 센터 전력 백로그 이후 6.8% 하락 - 상승세가 바뀌었나? - simplywall.st (2026-05-20) · 최대 호재: 수주, 계약, 실적 개선, 정책 수혜 / 최대 악재: 실적 부진, 규제, 원가 상승, 수요 둔화"
Schlumberger,SLB,ok,미장,해당 없음,0.0,0.0,0.0,,,0,해당 없음,0.0,0.0,,,,0.0,0.0,,,0.0,,0.0,대기,,AI 관망,16,지금은 확실한 우위가 부족합니다.,미장/에너지장비,보류,🚫 제외,리스크 과다,12,38.0,36.0,0.0,0.0,0.0,2.0,26.0,False,False,중립장,11.0,56.77,56.77,fast_quote,calculated,0.0,-0.66,0.14,0.91,0.93,True,658810178.0,54.6,False,2.59,일반 모멘텀,"추세 상승, RSI 건강 구간, 건전한 갭 상승","거래대금 부족, 리스크 26 이상으로 신규 관심 제외",수급 확인 불가,no_code,0.0,0.0,뉴스 중립,google_news,"관련 뉴스: 슐럼버저 주가, 매수세 강화로 급등 (2026-05-12)",none,"슐럼버저 주가, 매수세 강화로 급등 (2026-05-12) | TradingKey (2026-05-12)","yahoo_daily, fast_quote, news:google_news, flow:no_code",0.0,0.0,중립,2026-05-19 21:07:50 PDT,21,"관망 · 추격 부담 낮음 · 관련 뉴스: 슐럼버저 주가, 매수세 강화로 급등 (2026-05-12)",선행 신호 대기,놓침 위험 낮음,시장 방어장 · 신규 매수는 작게,급변 신호 없음,"에너지장비 흐름 · 평균 -0.10% · 거래량 0.9배 · 대표 Halliburton, Schlumberger",방어장 · 평균 -0.75% · 하락비중 66% · 현금 비중 높게,수급 확인 불가,대표 테마 연결 대기,기준 현재가 57 · 손절 참고 55 · 1차 익절 참고 59,"최대 호재: 유가 상승, 가스 가격 상승, 정책 지원, 수소 투자 / 최대 악재: 유가 급락, 정제마진 하락, 환경 규제, 사고",뉴스 영향 예상: 방향성 약함 · 가격/거래량 확인 우선,"관련 뉴스: 슐럼버저 주가, 매수세 강화로 급등 (2026-05-12) · 최대 호재: 유가 상승, 가스 가격 상승, 정책 지원, 수소 투자 / 최대 악재: 유가 급락, 정제마진 하락, 환경 규제, 사고"
기가비스,420770.KQ,ok,국장,해당 없음,0.0,0.0,0.0,,,0,해당 없음,0.0,0.0,,,,0.0,0.0,,,-8.0,본장 전/초반 1시간 약세 · 초반 -3.29% · 방어 우선,6.0,양호,1분봉 양호 · 장중 -3.88% · 최근 +0.26%,AI 관망,0,지금은 확실한 우위가 부족합니다.,반도체검사,보류,🚫 제외,리스크 과다,11,51.0,46.0,0.0,0.0,3.0,2.0,40.0,False,False,중립장,11.0,114700.0,119800.0,naver_realtime,naver_realtime_calculated,-4.26,-8.17,-1.2,0.42,0.45,False,7012758000.0,63.3,True,9.57,일반 모멘텀,"추세 상승, RSI 건강 구간, MACD 상승, 뉴스 키워드: 약한 호재: 증가, 상승, 1분봉 양호 · 장중 -3.88% · 최근 +0.26%","변동성 과다, 뉴스 호재 강도 약함, 본장 전/초반 1시간 약세 · 초반 -3.29% · 방어 우선, 매수 확인 부족: 거래량 0.42x / 거래대금 0.45x, 리스크 34 이상으로 신규 관심 제외, 반도체검사 섹터 약세",수급 수집 실패,unavailable,0.0,0.0,"약한 호재: 증가, 상승",google_news,"호재 뉴스: 이용규 전무, 기가비스 주식 2320주 증가 (2026-05-14)",weak,"이용규 전무, 기가비스 주식 2320주 증가 (2026-05-14) | 강경완 이사, 기가비스 주식 2603주 증가 (2026-05-14)","naver_daily, naver_realtime, news:google_news, flow:unavailable, intraday_1m",0.0,6.0,반도체검사 섹터 약세,2026-05-19 21:07:50 PDT,12,"관망 · 호재 뉴스: 이용규 전무, 기가비스 주식 2320주 증가 (2026-05-14)",선행 신호 대기,놓침 위험 낮음,시장 방어장 · 신규 매수는 작게,급변 감지 · 당일 -8.17%,"반도체검사 흐름 · 평균 -4.00% · 거래량 0.5배 · 대표 기가비스, 엑시콘",방어장 · 평균 -5.68% · 하락비중 91% · 현금 비중 높게,수급 수집 실패,AI/반도체 → 전력 → 냉각 → 데이터센터 → 광통신,"기준 현재가 114,700 · 손절 참고 103,723 · 1차 익절 참고 128,421","최대 호재: HBM 수주, 엔비디아 공급, 장비 발주, 수율 개선 / 최대 악재: 어닝 쇼크, 컨센서스 하회, 수출 통제, 재고 급증","호재 영향 예상: +3.9~+7.2% (122,933원 부근까지 시도) · 이탈 기준 109,760원","호재 뉴스: 이용규 전무, 기가비스 주식 2320주 증가 (2026-05-14) · 최대 호재: HBM 수주, 엔비디아 공급, 장비 발주, 수율 개선 / 최대 악재: 어닝 쇼크, 컨센서스 하회, 수출 통제, 재고 급증"
Keyera,KEY.TO,ok,캐나다,고배당,0.54,2.66,4.53,2026-03-16,2026-06-15,91,고배당 · 최근 0.54 CAD · 연 2.66 CAD · 배당률 4.53% · 최근 지급일 2026-03-16 · 다음 예상 2026-06-15,0.0,0.0,,,,0.0,0.0,,,0.0,,0.0,대기,,AI 관망,0,지금은 확실한 우위가 부족합니다.,캐나다/파이프라인,보류,🚫 제외,리스크 과다,11,45.0,31.0,12.0,0.0,0.0,2.0,34.0,False,True,중립장,11.0,58.71,58.71,fast_quote,calculated,0.0,2.21,1.39,1.47,1.63,True,136142616.0,73.5,True,3.23,일반 모멘텀,"거래량 증가(1.5x), 20일 고점 돌파, MACD 상승, 건전한 갭 상승","20일 범위 상단 추격, 거래대금 부족, 리스크 34 이상으로 신규 관심 제외",수급 확인 불가,no_code,0.0,0.0,뉴스 중립,google_news,관련 뉴스: Keyera(TSX:KEY) 최근 강한 수익률 이후 밸류에이션 괴리 점검하기 - simplywall.st (2026-05-16),none,Keyera(TSX:KEY) 최근 강한 수익률 이후 밸류에이션 괴리 점검하기 - simplywall.st (2026-05-16),"yahoo_daily, fast_quote, news:google_news, flow:no_code",0.0,0.0,중립,2026-05-19 21:07:50 PDT,31,관망 · 거래량 1.5배 · 추격 부담 낮음 · 관련 뉴스: Keyera(TSX:KEY) 최근 강한 수익률 이후 밸류에이션 괴리 점검하기 - simplywall.st (202,선행 신호 대기,놓침 위험 낮음,위험 신호 보통,급변 신호 없음,"파이프라인 흐름 · 평균 +1.81% · 거래량 1.2배 · 대표 Enbridge, Pembina Pipeline, Keyera",공격장 · 평균 +0.65% · 하락비중 30% · 관심 종목 압축,수급 확인 불가,대표 테마 연결 대기,기준 현재가 59 · 손절 참고 57 · 1차 익절 참고 61,"최대 호재: 수주, 계약, 실적 개선, 정책 수혜 / 최대 악재: 실적 부진, 규제, 원가 상승, 수요 둔화",뉴스 영향 예상: 방향성 약함 · 가격/거래량 확인 우선,"관련 뉴스: Keyera(TSX:KEY) 최근 강한 수익률 이후 밸류에이션 괴리 점검하기 - simplywall.st (2026-05-16) · 최대 호재: 수주, 계약, 실적 개선, 정책 수혜 / 최대 악재: 실적 부진, 규제, 원가 상승, 수요 둔화"
Birchcliff Energy,BIR.TO,ok,캐나다,중간배당,0.03,0.15,2.17,2026-03-13,2026-06-12,91,중간배당 · 최근 0.03 CAD · 연 0.15 CAD · 배당률 2.17% · 최근 지급일 2026-03-13 · 다음 예상 2026-06-12,0.0,0.0,,,,0.0,0.0,,,0.0,,0.0,대기,,AI 관망,0,지금은 확실한 우위가 부족합니다.,캐나다/천연가스,보류,🚫 제외,리스크 과다,11,45.0,31.0,12.0,0.0,0.0,2.0,34.0,False,True,중립장,11.0,6.91,6.91,fast_quote,calculated,0.0,4.86,2.28,1.75,1.92,True,18583062.0,72.4,True,2.94,일반 모멘텀,"거래량 증가(1.8x), 20일 고점 돌파, MACD 상승, 건전한 갭 상승","20일 범위 상단 추격, 거래대금 부족, 리스크 34 이상으로 신규 관심 제외",수급 확인 불가,no_code,0.0,0.0,뉴스 수집 실패,none,뉴스를 가져오지 못해 가격 흐름만 참고하세요.,none,-,"yahoo_daily, fast_quote, news:none, flow:no_code",0.0,0.0,중립,2026-05-19 21:07:50 PDT,32,관망 · 거래량 1.8배 · 뉴스를 가져오지 못해 가격 흐름만 참고하세요.,선행 신호 대기,놓침 위험 낮음,위험 신호 보통,뉴스+거래량 동시 감지,"천연가스 흐름 · 평균 +3.04% · 거래량 1.2배 · 대표 Tourmaline Oil, Birchcliff Energy, ARC Resources",공격장 · 평균 +0.65% · 하락비중 30% · 관심 종목 압축,수급 확인 불가,대표 테마 연결 대기,기준 현재가 7 · 손절 참고 7 · 1차 익절 참고 7,"최대 호재: 수주, 계약, 실적 개선, 정책 수혜 / 최대 악재: 실적 부진, 규제, 원가 상승, 수요 둔화",뉴스 영향 예상: 방향성 약함 · 가격/거래량 확인 우선,"뉴스를 가져오지 못해 가격 흐름만 참고하세요. · 최대 호재: 수주, 계약, 실적 개선, 정책 수혜 / 최대 악재: 실적 부진, 규제, 원가 상승, 수요 둔화"
Berkshire Hathaway,BRK-B,ok,미장,해당 없음,0.0,0.0,0.0,,,0,해당 없음,0.0,0.0,,,,0.0,0.0,,,0.0,,0.0,대기,,AI 관망,23,지금은 확실한 우위가 부족합니다.,미장/지주,보류,대기,매매 근거 부족,11,22.0,20.0,0.0,0.0,0.0,2.0,11.0,False,False,중립장,11.0,480.46,480.46,fast_quote,calculated,0.0,-1.62,-0.28,1.12,1.14,True,2683897558.0,55.5,True,1.49,일반 모멘텀,"RSI 건강 구간, MACD 상승",뉴스 호재 강도 약함,수급 확인 불가,no_code,0.0,0.0,약한 호재: 상승,google_news,"호재 뉴스: 메이시스, 버크셔해서웨이의 지분 신규 편입 소식에 주가 소폭 상승 (2026-05-19)",weak,"메이시스, 버크셔해서웨이의 지분 신규 편입 소식에 주가 소폭 상승 (2026-05-19) | 버크셔,알파벳 지분 224% 늘려…7대 보유종목으로 등극 (2026-05-18)","yahoo_daily, fast_quote, news:google_news, flow:no_code",,,섹터 확인 부족,2026-05-19 21:07:50 PDT,43,"관망 · 호재 뉴스: 메이시스, 버크셔해서웨이의 지분 신규 편입 소식에 주가 소폭 상승 (2026-05-19)",선행 신호 대기,놓침 위험 낮음,시장 방어장 · 신규 매수는 작게,급변 신호 없음,지주 흐름 · 평균 -1.62% · 거래량 1.1배 · 대표 Berkshire Hathaway,방어장 · 평균 -0.75% · 하락비중 66% · 현금 비중 높게,수급 확인 불가,대표 테마 연결 대기,기준 현재가 480 · 손절 참고 466 · 1차 익절 참고 500,"최대 호재: 수주, 계약, 실적 개선, 정책 수혜 / 최대 악재: 실적 부진, 규제, 원가 상승, 수요 둔화",호재 영향 예상: +2.0~+3.2% (495.83 USD 부근까지 시도) · 이탈 기준 470.85 USD,"호재 뉴스: 메이시스, 버크셔해서웨이의 지분 신규 편입 소식에 주가 소폭 상승 (2026-05-19) · 최대 호재: 수주, 계약, 실적 개선, 정책 수혜 / 최대 악재: 실적 부진, 규제, 원가 상승, 수요 둔화"
Adobe,ADBE,ok,미장,해당 없음,0.0,0.0,0.0,,,0,해당 없음,0.0,0.0,,,,0.0,0.0,,,0.0,,0.0,대기,,AI 관망,9,지금은 확실한 우위가 부족합니다.,미장/소프트웨어,보류,대기,매매 근거 부족,11,22.0,20.0,0.0,0.0,0.0,2.0,11.0,False,True,중립장,11.0,254.99,254.99,fast_quote,calculated,0.0,-0.25,3.01,1.16,1.19,True,1491844526.0,58.9,True,3.69,일반 모멘텀,"RSI 건강 구간, MACD 상승",뉴스 호재 강도 약함,수급 확인 불가,no_code,0.0,0.0,약한 호재: 상승,google_news,"호재 뉴스: Adobe Stock in 2026: A $25 Billion Buyback, a CEO Exit, and 850 Million Monthly Ac… (2026-05-20)",weak,"Adobe Stock in 2026: A $25 Billion Buyback, a CEO Exit, and 850 Million Monthly Active Users - TIKR.com (2026-05-20) | 트럼프 씨는 단 3개월 만에 7억 5천만 달러 상당의 주식 거래를 3,700건 이상 체결했습니다. - Vietnam.vn (2026-05-20)","yahoo_daily, fast_quote, news:google_news, flow:no_code",0.0,0.0,중립,2026-05-19 21:07:50 PDT,35,"관망 · 추격 부담 낮음 · 호재 뉴스: Adobe Stock in 2026: A $25 Billion Buyback, a CEO Exit, and 850",선행 신호 대기,놓침 위험 낮음,시장 방어장 · 신규 매수는 작게,급변 신호 없음,"소프트웨어 흐름 · 평균 -1.01% · 거래량 1.1배 · 대표 Oracle, Adobe, Salesforce",방어장 · 평균 -0.75% · 하락비중 66% · 현금 비중 높게,수급 확인 불가,대표 테마 연결 대기,기준 현재가 255 · 손절 참고 246 · 1차 익절 참고 267,"최대 호재: 수주, 계약, 실적 개선, 정책 수혜 / 최대 악재: 실적 부진, 규제, 원가 상승, 수요 둔화",호재 영향 예상: +2.0~+3.2% (263.15 USD 부근까지 시도) · 이탈 기준 249.89 USD,"호재 뉴스: Adobe Stock in 2026: A $25 Billion Buyback, a CEO Exit, and 850 Million Monthly Ac… (2026-05-20) · 최대 호재: 수주, 계약, 실적 개선, 정책 수혜 / 최대 악재: 실적 부진, 규제, 원가 상승, 수요 둔화"
Honeywell,HON,ok,미장,해당 없음,0.0,0.0,0.0,,,0,해당 없음,0.0,0.0,,,,0.0,0.0,,,0.0,,0.0,대기,,AI 관망,23,지금은 확실한 우위가 부족합니다.,미장/산업재,보류,대기,매매 근거 부족,11,22.0,20.0,0.0,0.0,0.0,2.0,11.0,False,False,중립장,11.0,217.15,217.15,fast_quote,calculated,0.0,-0.04,-0.1,1.22,1.24,True,1108659293.0,61.3,True,2.11,일반 모멘텀,"RSI 건강 구간, MACD 상승",뉴스 호재 강도 약함,수급 확인 불가,no_code,0.0,0.0,약한 호재: 확대,google_news,호재 뉴스: [GAM] 브래디 ② 허니웰 PSS 인수로 성장 잠재력 확대 (2026-05-20),weak,[GAM] 브래디 ② 허니웰 PSS 인수로 성장 잠재력 확대 (2026-05-20) | 브래디 ② 허니웰 PSS 인수로 성장 잠재력 확대 (2026-05-19),"yahoo_daily, fast_quote, news:google_news, flow:no_code",0.0,0.0,중립,2026-05-19 21:07:50 PDT,43,관망 · 거래량 1.2배 · 추격 부담 낮음 · 호재 뉴스: [GAM] 브래디 ② 허니웰 PSS 인수로 성장 잠재력 확대 (2026-05-20),선행 신호 대기,놓침 위험 낮음,시장 방어장 · 신규 매수는 작게,급변 신호 없음,"산업재 흐름 · 평균 -0.85% · 거래량 1.2배 · 대표 Honeywell, Caterpillar, 3M",방어장 · 평균 -0.75% · 하락비중 66% · 현금 비중 높게,수급 확인 불가,대표 테마 연결 대기,기준 현재가 217 · 손절 참고 211 · 1차 익절 참고 226,"최대 호재: 수주, 계약, 실적 개선, 정책 수혜 / 최대 악재: 실적 부진, 규제, 원가 상승, 수요 둔화",호재 영향 예상: +2.0~+3.2% (224.10 USD 부근까지 시도) · 이탈 기준 212.81 USD,"호재 뉴스: [GAM] 브래디 ② 허니웰 PSS 인수로 성장 잠재력 확대 (2026-05-20) · 최대 호재: 수주, 계약, 실적 개선, 정책 수혜 / 최대 악재: 실적 부진, 규제, 원가 상승, 수요 둔화"
농심,004370.KS,ok,국장,해당 없음,0.0,0.0,0.0,,,0,해당 없음,0.0,0.0,,,,0.0,0.0,,,-8.0,본장 전/초반 1시간 약세 · 초반 -1.13% · 방어 우선,0.0,중립,1분봉 중립 · 장중 -2.38% · 최근 -0.13%,AI 관망,21,지금은 확실한 우위가 부족합니다.,음식료,보류,🚫 제외,리스크 과다,10,35.0,26.0,0.0,0.0,7.0,2.0,25.0,False,False,중립장,11.0,389500.0,396500.0,naver_realtime,naver_realtime_calculated,-1.77,-1.39,1.39,1.18,1.2,True,13131992500.0,59.2,True,3.27,일반 모멘텀,"RSI 건강 구간, MACD 상승, 건전한 갭 상승, 뉴스 키워드: 보통 호재: 실적 / 약한 호재: 상승","본장 전/초반 1시간 약세 · 초반 -1.13% · 방어 우선, 음식료 섹터 약세",수급 수집 실패,unavailable,0.0,0.0,보통 호재: 실적 / 약한 호재: 상승,google_news,호재 뉴스: 농심 실적발표 이후...증권계가 진단한 긍정 요인은? (2026-05-18),medium,농심 실적발표 이후...증권계가 진단한 긍정 요인은? (2026-05-18) | 공장가동률에 엇갈린 올해 주가…삼양식품 ‘방긋’ 농심은 ‘흐림’ (2026-05-18),"naver_daily, naver_realtime, news:google_news, flow:unavailable, intraday_1m",0.0,6.0,음식료 섹터 약세,2026-05-19 21:07:50 PDT,28,관망 · 호재 뉴스: 농심 실적발표 이후...증권계가 진단한 긍정 요인은? (2026-05-18),선행 신호 대기,놓침 위험 낮음,시장 방어장 · 신규 매수는 작게,급변 신호 없음,"음식료 흐름 · 평균 -2.05% · 거래량 1.1배 · 대표 농심, 삼양식품, 롯데웰푸드",방어장 · 평균 -5.68% · 하락비중 91% · 현금 비중 높게,수급 수집 실패,대표 테마 연결 대기,"기준 현재가 389,500 · 손절 참고 376,763 · 1차 익절 참고 405,421","최대 호재: 가격 인상, 수출 증가, K푸드, 마진 개선 / 최대 악재: 원가 상승, 리콜, 식품 사고, 소비 둔화","호재 영향 예상: +2.0~+3.2% (401,964원 부근까지 시도) · 이탈 기준 381,710원","호재 뉴스: 농심 실적발표 이후...증권계가 진단한 긍정 요인은? (2026-05-18) · 최대 호재: 가격 인상, 수출 증가, K푸드, 마진 개선 / 최대 악재: 원가 상승, 리콜, 식품 사고, 소비 둔화"
대한광통신,010170.KQ,ok,국장,해당 없음,0.0,0.0,0.0,,,0,해당 없음,0.0,0.0,,,,0.0,0.0,,,0.0,본장 전/초반 1시간 중립 · 초반 +9.57%,10.0,양호,1분봉 양호 · 장중 +8.61% · 최근 -0.66%,AI 관망,1,지금은 확실한 우위가 부족합니다.,광통신,보류,🚫 제외,리스크 과다,10,49.0,40.0,0.0,0.0,7.0,2.0,39.0,False,False,중립장,11.0,23100.0,21550.0,naver_realtime,naver_realtime_calculated,7.19,0.0,0.0,0.18,0.2,False,167625750600.0,62.2,False,15.1,일반 모멘텀,"추세 상승, RSI 건강 구간, 뉴스 키워드: 보통 호재: 실적 / 약한 호재: 확대, 상승 / 악재: 급락, 1분봉 양호 · 장중 +8.61% · 최근 -0.66%","변동성 과다, 뉴스 리스크: 보통 호재: 실적 / 약한 호재: 확대, 상승 / 악재: 급락, 매수 확인 부족: 거래량 0.18x / 거래대금 0.20x, 리스크 33 이상으로 신규 관심 제외, 광통신 섹터 약세",수급 수집 실패,unavailable,0.0,0.0,"보통 호재: 실적 / 약한 호재: 확대, 상승 / 악재: 급락",google_news,악재 뉴스: 대한광통신 주가 5% 도약…장중 분위기 전환 (2026-05-20),medium,"대한광통신 주가 5% 도약…장중 분위기 전환 (2026-05-20) | [company analysis] [대한광통신] 글로벌 AI 인프라 확대, 성장 부각 '대한광통신' … ""구조적 실적 확대 가능성 ↑ (2026-05-15)","naver_daily, naver_realtime, news:google_news, flow:unavailable, intraday_1m",0.0,6.0,광통신 섹터 약세,2026-05-19 21:07:50 PDT,4,관망 · 추격 부담 낮음 · 악재 뉴스: 대한광통신 주가 5% 도약…장중 분위기 전환 (2026-05-20),선행 신호 대기,놓침 위험 낮음,시장 방어장 · 신규 매수는 작게,급변 신호 없음,"광통신 흐름 · 평균 -3.38% · 거래량 0.5배 · 대표 대한광통신, 우리로, 코위버",방어장 · 평균 -5.68% · 하락비중 91% · 현금 비중 높게,수급 수집 실패,대표 테마 연결 대기,"기준 현재가 23,100 · 손절 참고 20,328 · 1차 익절 참고 26,565","최대 호재: 요금제 개편, AI 데이터센터, 주주환원, 5G 투자 / 최대 악재: 과징금, 해킹, 통신 장애, 규제","악재 영향 예상: -9.2~-16.7% (19,247원 부근까지 경계) · 회복 기준 24,347원 돌파","악재 뉴스: 대한광통신 주가 5% 도약…장중 분위기 전환 (2026-05-20) · 최대 호재: 요금제 개편, AI 데이터센터, 주주환원, 5G 투자 / 최대 악재: 과징금, 해킹, 통신 장애, 규제"
LG,003550.KS,ok,국장,해당 없음,0.0,0.0,0.0,,,0,해당 없음,0.0,0.0,,,,0.0,0.0,,,-8.0,본장 전/초반 1시간 약세 · 초반 -1.25% · 방어 우선,6.0,양호,1분봉 양호 · 장중 -0.97% · 최근 +0.44%,AI 관망,7,지금은 확실한 우위가 부족합니다.,지주,보류,🚫 제외,리스크 과다,10,60.0,46.0,12.0,0.0,0.0,2.0,50.0,False,False,중립장,11.0,102500.0,105300.0,naver_realtime,naver_realtime_calculated,-2.66,-11.18,-3.47,1.56,1.44,True,82613257500.0,57.9,True,9.55,일반 모멘텀,"추세 상승, 거래량 증가(1.6x), RSI 건강 구간, MACD 상승, 1분봉 양호 · 장중 -0.97% · 최근 +0.44%","갭 하락 경계, 변동성 과다, 본장 전/초반 1시간 약세 · 초반 -1.25% · 방어 우선, 리스크 44 이상으로 신규 관심 제외, 지주 섹터 약세",수급 수집 실패,unavailable,0.0,0.0,뉴스 중립,google_news,"관련 뉴스: '미공개정보 주식 매입' LG家 구연경, 2심서도 혐의 부인 (2026-05-20)",none,"'미공개정보 주식 매입' LG家 구연경, 2심서도 혐의 부인 (2026-05-20) | “시아버지 의형제에게 정보 들어” LG家 장녀 부부 2심 시작 (2026-05-20)","naver_daily, naver_realtime, news:google_news, flow:unavailable, intraday_1m",0.0,6.0,지주 섹터 약세,2026-05-19 21:07:50 PDT,4,"관망 · 거래량 1.6배 · 관련 뉴스: '미공개정보 주식 매입' LG家 구연경, 2심서도 혐의 부인 (2026-05-20)",선행 신호 대기,놓침 위험 낮음,급락 위험 · 거래량 1.6배 동반 하락,급변 감지 · 당일 -11.18%,"지주 흐름 · 평균 -8.10% · 거래량 1.1배 · 대표 롯데지주, LG, 효성",방어장 · 평균 -5.68% · 하락비중 91% · 현금 비중 높게,수급 수집 실패,대표 테마 연결 대기,"기준 현재가 102,500 · 손절 참고 92,711 · 1차 익절 참고 114,736","최대 호재: 수주, 계약, 실적 개선, 정책 수혜 / 최대 악재: 실적 부진, 규제, 원가 상승, 수요 둔화",뉴스 영향 예상: 방향성 약함 · 가격/거래량 확인 우선,"관련 뉴스: '미공개정보 주식 매입' LG家 구연경, 2심서도 혐의 부인 (2026-05-20) · 최대 호재: 수주, 계약, 실적 개선, 정책 수혜 / 최대 악재: 실적 부진, 규제, 원가 상승, 수요 둔화"
삼아알미늄,006110.KS,ok,국장,해당 없음,0.0,0.0,0.0,,,0,해당 없음,0.0,0.0,,,,0.0,0.0,,,0.0,본장 전/초반 1시간 중립 · 초반 +1.30%,16.0,강함,1분봉 강함 · 장중 +0.59% · 최근 +1.07% · 거래 0.2배,AI 관망,0,지금은 확실한 우위가 부족합니다.,알루미늄,보류,🚫 제외,리스크 과다,10,54.0,52.0,0.0,0.0,0.0,2.0,44.0,False,True,중립장,11.0,84600.0,90900.0,naver_realtime,naver_realtime_calculated,-6.93,0.48,12.0,0.71,0.83,False,33463191600.0,68.4,True,13.31,일반 모멘텀,"추세 상승, RSI 건강 구간, MACD 상승, 1분봉 강함 · 장중 +0.59% · 최근 +1.07% · 거래 0.2배","갭 상승 과열, 변동성 과다, 뉴스 호재 강도 약함, 매수 확인 부족: 거래량 0.71x / 거래대금 0.83x, 리스크 38 이상으로 신규 관심 제외, 알루미늄 섹터 약세",수급 수집 실패,unavailable,0.0,0.0,약한 호재: 상승,google_news,호재 뉴스: [수급분석] 삼성전자·알테오젠 쌍끌이 매수! 연기금이 채권 ETF를 싹쓸이한 이유는? (2026.05.14) (2026-05-14),weak,[수급분석] 삼성전자·알테오젠 쌍끌이 매수! 연기금이 채권 ETF를 싹쓸이한 이유는? (2026.05.14) (2026-05-14) | [주도 섹터] 삼성전자 '30만 원' 초읽기… 보험·태양광·유통으로 번진 순환매 장세 (2026.05.14) (2026-05-14),"naver_daily, naver_realtime, news:google_news, flow:unavailable, intraday_1m",0.0,6.0,알루미늄 섹터 약세,2026-05-19 21:07:50 PDT,21,관망 · 추격 부담 낮음 · 호재 뉴스: [수급분석] 삼성전자·알테오젠 쌍끌이 매수! 연기금이 채권 ETF를 싹쓸이한 이유는? (2026.05.14) (2,선행 신호 대기,놓침 위험 낮음,시장 방어장 · 신규 매수는 작게,급변 신호 없음,"알루미늄 흐름 · 평균 -3.11% · 거래량 0.4배 · 대표 삼아알미늄, DI동일, 피제이메탈",방어장 · 평균 -5.68% · 하락비중 91% · 현금 비중 높게,수급 수집 실패,대표 테마 연결 대기,"기준 현재가 84,600 · 손절 참고 74,448 · 1차 익절 참고 97,290","최대 호재: 수주, 계약, 실적 개선, 정책 수혜 / 최대 악재: 실적 부진, 규제, 원가 상승, 수요 둔화","호재 영향 예상: +5.0~+9.0% (92,214원 부근까지 시도) · 이탈 기준 80,032원","호재 뉴스: [수급분석] 삼성전자·알테오젠 쌍끌이 매수! 연기금이 채권 ETF를 싹쓸이한 이유는? (2026.05.14) (2026-05-14) · 최대 호재: 수주, 계약, 실적 개선, 정책 수혜 / 최대 악재: 실적 부진, 규제, 원가 상승, 수요 둔화"
RTX,RTX,ok,미장,해당 없음,0.0,0.0,0.0,,,0,해당 없음,0.0,0.0,,,,0.0,0.0,,,0.0,,0.0,대기,,AI 관망,22,지금은 확실한 우위가 부족합니다.,미장/방산,보류,🚫 제외,리스크 과다,10,36.0,26.0,0.0,0.0,8.0,2.0,26.0,False,False,중립장,11.0,174.49,174.49,fast_quote,calculated,0.0,-0.83,0.19,0.89,0.88,True,972956270.0,53.1,True,2.22,일반 모멘텀,"RSI 건강 구간, MACD 상승, 건전한 갭 상승, 뉴스 키워드: 강한 호재: 수주","거래대금 부족, 리스크 26 이상으로 신규 관심 제외",수급 확인 불가,no_code,0.0,0.0,강한 호재: 수주,google_news,호재 뉴스: RTX(NYSE:RTX) 단기 조정 이후 내러티브와 DCF가 엇갈린 저평가·고평가 신호 점검 - simplywall.st (2026-05-19),strong,RTX(NYSE:RTX) 단기 조정 이후 내러티브와 DCF가 엇갈린 저평가·고평가 신호 점검 - simplywall.st (2026-05-19) | Garrett Motion Rose 7% This Week. Here’s What to Expect in 2026 - TIKR.com (2026-05-17),"yahoo_daily, fast_quote, news:google_news, flow:no_code",0.0,0.0,중립,2026-05-19 21:07:50 PDT,46,관망 · 추격 부담 낮음 · 호재 뉴스: RTX(NYSE:RTX) 단기 조정 이후 내러티브와 DCF가 엇갈린 저평가·고평가 신호 점검 - simplywal,선행 신호 대기,놓침 위험 낮음,시장 방어장 · 신규 매수는 작게,급변 신호 없음,"방산 흐름 · 평균 -0.00% · 거래량 0.9배 · 대표 RTX, Northrop Grumman, Lockheed Martin",방어장 · 평균 -0.75% · 하락비중 66% · 현금 비중 높게,수급 확인 불가,대표 테마 연결 대기,기준 현재가 174 · 손절 참고 169 · 1차 익절 참고 181,섹터 최대 호재: 수주,호재 영향 예상: +2.7~+4.9% (183.00 USD 부근까지 시도) · 이탈 기준 171.00 USD,호재 뉴스: RTX(NYSE:RTX) 단기 조정 이후 내러티브와 DCF가 엇갈린 저평가·고평가 신호 점검 - simplywall.st (2026-05-19) · 섹터 최대 호재: 수주
유한양행,000100.KS,ok,국장,해당 없음,0.0,0.0,0.0,,,0,해당 없음,0.0,0.0,,,,0.0,0.0,,,0.0,본장 전/초반 1시간 중립 · 초반 +0.49%,4.0,중립,1분봉 중립 · 장중 -0.61% · 최근 -0.61%,AI 관망,9,지금은 확실한 우위가 부족합니다.,의료/제약,보류,대기,매매 근거 부족,9,26.0,4.0,0.0,0.0,20.0,2.0,17.0,False,False,중립장,11.0,81200.0,81300.0,naver_realtime,naver_realtime_calculated,-0.12,-2.64,-1.08,1.01,0.92,True,22517084800.0,22.4,False,3.86,일반 모멘텀,"뉴스 키워드: 강한 호재: 계약, 공급 / 보통 호재: 실적 / 약한 호재: 확대, 1분봉 중립 · 장중 -0.61% · 최근 -0.61%",의료/제약 섹터 약세,수급 수집 실패,unavailable,0.0,0.0,"강한 호재: 계약, 공급 / 보통 호재: 실적 / 약한 호재: 확대",google_news,호재 뉴스: [밸류업 바이오] 배당 확대·자사주 소각까지...약속 지키는 유한양행 (2026-05-20),strong,"[밸류업 바이오] 배당 확대·자사주 소각까지...약속 지키는 유한양행 (2026-05-20) | 유한양행, 길리어드 사이언스와 2101억원 규모 원료의약품(API) 공급계약 (2026-05-20)","naver_daily, naver_realtime, news:google_news, flow:unavailable, intraday_1m",0.0,6.0,의료/제약 섹터 약세,2026-05-19 21:07:50 PDT,20,관망 · 호재 뉴스: [밸류업 바이오] 배당 확대·자사주 소각까지...약속 지키는 유한양행 (2026-05-20),선행 신호 대기,놓침 위험 낮음,시장 방어장 · 신규 매수는 작게,급변 신호 없음,"의료/제약 흐름 · 평균 -3.53% · 거래량 1.0배 · 대표 유한양행, 보령, 대웅제약",방어장 · 평균 -5.68% · 하락비중 91% · 현금 비중 높게,수급 수집 실패,의료/제약 → 임상/승인 → 장비/소모품,"기준 현재가 81,200 · 손절 참고 78,066 · 1차 익절 참고 85,118","최대 호재: FDA 승인, 임상 성공, 기술수출, 품목허가 / 최대 악재: 임상 실패, 허가 지연, 부작용, 소송","호재 영향 예상: +3.2~+5.9% (85,998원 부근까지 시도) · 이탈 기준 79,576원","호재 뉴스: [밸류업 바이오] 배당 확대·자사주 소각까지...약속 지키는 유한양행 (2026-05-20) · 최대 호재: FDA 승인, 임상 성공, 기술수출, 품목허가 / 최대 악재: 임상 실패, 허가 지연, 부작용, 소송"
LG디스플레이,034220.KS,ok,국장,해당 없음,0.0,0.0,0.0,,,0,해당 없음,0.0,0.0,,,,0.0,0.0,,,-8.0,본장 전/초반 1시간 약세 · 초반 -4.81% · 방어 우선,6.0,양호,1분봉 양호 · 장중 -2.60% · 최근 +0.49%,AI 관망,0,지금은 확실한 우위가 부족합니다.,디스플레이,보류,🚫 제외,리스크 과다,9,51.0,46.0,0.0,0.0,3.0,2.0,42.0,False,False,중립장,11.0,12410.0,12710.0,naver_realtime,naver_realtime_calculated,-2.36,-7.32,-2.09,0.7,0.63,False,98787310590.0,50.4,True,8.16,일반 모멘텀,"추세 상승, RSI 건강 구간, MACD 상승, 뉴스 키워드: 약한 호재: 돌파, 상승 / 악재: 하락, 지분율, 1분봉 양호 · 장중 -2.60% · 최근 +0.49%","변동성 과다, 뉴스 호재 강도 약함, 뉴스 리스크: 약한 호재: 돌파, 상승 / 악재: 하락, 지분율, 본장 전/초반 1시간 약세 · 초반 -4.81% · 방어 우선, 매수 확인 부족: 거래량 0.70x / 거래대금 0.63x, 리스크 42 이상으로 신규 관심 제외",수급 수집 실패,unavailable,0.0,0.0,"약한 호재: 돌파, 상승 / 악재: 하락, 지분율",google_news,"악재 뉴스: LG디스플레이 주가, 5월 20일 장중 12,160원 4.33% 하락 (2026-05-20)",weak,"LG디스플레이 주가, 5월 20일 장중 12,160원 4.33% 하락 (2026-05-20) | 5월 15일 LG디스플레이 주가 1만4천원대 약세 전환 (2026-05-16)","naver_daily, naver_realtime, news:google_news, flow:unavailable, intraday_1m",,,섹터 확인 부족,2026-05-19 21:07:50 PDT,0,"관망 · 악재 뉴스: LG디스플레이 주가, 5월 20일 장중 12,160원 4.33% 하락 (2026-05-20)",선행 신호 대기,놓침 위험 낮음,시장 방어장 · 신규 매수는 작게,급변 감지 · 당일 -7.32%,디스플레이 흐름 · 평균 -7.32% · 거래량 0.7배 · 대표 LG디스플레이,방어장 · 평균 -5.68% · 하락비중 91% · 현금 비중 높게,수급 수집 실패,대표 테마 연결 대기,"기준 현재가 12,410 · 손절 참고 11,397 · 1차 익절 참고 13,676","최대 호재: 수주, 계약, 실적 개선, 정책 수혜 / 최대 악재: 실적 부진, 규제, 원가 상승, 수요 둔화","악재 영향 예상: -5.4~-9.8% (11,188원 부근까지 경계) · 회복 기준 12,866원 돌파","악재 뉴스: LG디스플레이 주가, 5월 20일 장중 12,160원 4.33% 하락 (2026-05-20) · 최대 호재: 수주, 계약, 실적 개선, 정책 수혜 / 최대 악재: 실적 부진, 규제, 원가 상승, 수요 둔화"
웹젠,069080.KQ,ok,국장,해당 없음,0.0,0.0,0.0,,,0,해당 없음,0.0,0.0,,,,0.0,0.0,,,0.0,본장 전/초반 1시간 중립 · 초반 -0.46%,6.0,양호,1분봉 양호 · 장중 -1.75% · 최근 +0.47%,AI 관망,6,지금은 확실한 우위가 부족합니다.,게임,보류,대기,매매 근거 부족,9,26.0,12.0,12.0,0.0,0.0,2.0,17.0,False,False,중립장,11.0,10650.0,10920.0,naver_realtime,naver_realtime_calculated,-2.47,-1.93,1.75,1.47,1.34,True,1390932600.0,25.4,False,3.05,일반 모멘텀,"거래량 증가(1.5x), 건전한 갭 상승, 1분봉 양호 · 장중 -1.75% · 최근 +0.47%",게임 섹터 약세,수급 수집 실패,unavailable,0.0,0.0,뉴스 중립,google_news,관련 뉴스: [코스피·코스닥 전 거래일(12일) 주요공시] (2026-05-13),none,"[코스피·코스닥 전 거래일(12일) 주요공시] (2026-05-13) | 게임주, 악몽의 연속…신저가 속출+35조 위태 - gameand.co.kr (2026-05-12)","naver_daily, naver_realtime, news:google_news, flow:unavailable, intraday_1m",0.0,6.0,게임 섹터 약세,2026-05-19 21:07:50 PDT,13,관망 · 거래량 1.5배 · 관련 뉴스: [코스피·코스닥 전 거래일(12일) 주요공시] (2026-05-13),"조용한 자금 후보 · ok · 점수 14 · 10만원 이하(10,640원) / 뉴스 트리거 투자, 출시, 실적",놓침 위험 낮음,시장 방어장 · 신규 매수는 작게,급변 신호 없음,"게임 흐름 · 평균 -1.89% · 거래량 1.1배 · 대표 더블유게임즈, 엔씨소프트, 네오위즈",방어장 · 평균 -5.68% · 하락비중 91% · 현금 비중 높게,수급 수집 실패,대표 테마 연결 대기,"기준 현재가 10,650 · 손절 참고 10,325 · 1차 익절 참고 11,076","최대 호재: 신작 흥행, 중국 판호, 글로벌 출시, 매출 순위 상승 / 최대 악재: 신작 부진, 출시 연기, 규제, 매출 하락",뉴스 영향 예상: 방향성 약함 · 가격/거래량 확인 우선,"관련 뉴스: [코스피·코스닥 전 거래일(12일) 주요공시] (2026-05-13) · 최대 호재: 신작 흥행, 중국 판호, 글로벌 출시, 매출 순위 상승 / 최대 악재: 신작 부진, 출시 연기, 규제, 매출 하락"
네오위즈,095660.KQ,ok,국장,해당 없음,0.0,0.0,0.0,,,0,해당 없음,0.0,0.0,,,,0.0,0.0,,,0.0,본장 전/초반 1시간 중립 · 초반 -0.98%,6.0,양호,1분봉 양호 · 장중 -1.46% · 최근 +0.75%,AI 관망,6,지금은 확실한 우위가 부족합니다.,게임,보류,대기,매매 근거 부족,9,26.0,12.0,12.0,0.0,0.0,2.0,17.0,False,False,중립장,11.0,20100.0,20800.0,naver_realtime,naver_realtime_calculated,-3.37,-1.23,2.7,1.6,1.48,True,1873058700.0,23.7,False,4.07,일반 모멘텀,"거래량 증가(1.6x), 건전한 갭 상승, 1분봉 양호 · 장중 -1.46% · 최근 +0.75%","뉴스 호재 강도 약함, 게임 섹터 약세",수급 수집 실패,unavailable,0.0,0.0,약한 호재: 상승,google_news,"호재 뉴스: [ET특징주] 네오위즈홀딩스, 소각 목적 자사주취득… 주가 18%↑ (2026-05-19)",weak,"[ET특징주] 네오위즈홀딩스, 소각 목적 자사주취득… 주가 18%↑ (2026-05-19) | [N2 증시 풍향계] 네오위즈홀딩스, 자사주 소각에 급등…LG이노텍·티엠씨·휴온스도 ‘강세’ (2026-05-19)","naver_daily, naver_realtime, news:google_news, flow:unavailable, intraday_1m",0.0,6.0,게임 섹터 약세,2026-05-19 21:07:50 PDT,27,"관망 · 거래량 1.6배 · 호재 뉴스: [ET특징주] 네오위즈홀딩스, 소각 목적 자사주취득… 주가 18%↑ (2026-05-19)",선행 신호 대기,놓침 위험 낮음,시장 방어장 · 신규 매수는 작게,급변 신호 없음,"게임 흐름 · 평균 -1.89% · 거래량 1.1배 · 대표 더블유게임즈, 엔씨소프트, 네오위즈",방어장 · 평균 -5.68% · 하락비중 91% · 현금 비중 높게,수급 수집 실패,대표 테마 연결 대기,"기준 현재가 20,100 · 손절 참고 19,282 · 1차 익절 참고 21,123","최대 호재: 신작 흥행, 중국 판호, 글로벌 출시, 매출 순위 상승 / 최대 악재: 신작 부진, 출시 연기, 규제, 매출 하락","호재 영향 예상: +2.1~+3.9% (20,882원 부근까지 시도) · 이탈 기준 19,698원","호재 뉴스: [ET특징주] 네오위즈홀딩스, 소각 목적 자사주취득… 주가 18%↑ (2026-05-19) · 최대 호재: 신작 흥행, 중국 판호, 글로벌 출시, 매출 순위 상승 / 최대 악재: 신작 부진, 출시 연기, 규제, 매출 하락"
WSP Global,WSP.TO,ok,캐나다,저배당,0.375,1.875,0.96,2026-03-31,2026-06-30,91,저배당 · 최근 0.38 CAD · 연 1.88 CAD · 배당률 0.96% · 최근 지급일 2026-03-31 · 다음 예상 2026-06-30,0.0,0.0,,,,0.0,0.0,,,0.0,,0.0,대기,,AI 관망,14,지금은 확실한 우위가 부족합니다.,캐나다/엔지니어링,보류,🚫 제외,리스크 과다,9,35.0,6.0,12.0,0.0,15.0,2.0,26.0,False,False,중립장,11.0,194.76,194.76,fast_quote,calculated,0.0,0.6,0.08,1.35,1.23,True,126925088.0,20.3,False,3.35,일반 모멘텀,"거래량 증가(1.4x), 건전한 갭 상승, 뉴스 키워드: 강한 호재: 수주 / 보통 호재: 실적 / 약한 호재: 확대","거래대금 부족, 리스크 26 이상으로 신규 관심 제외",수급 확인 불가,no_code,0.0,0.0,강한 호재: 수주 / 보통 호재: 실적 / 약한 호재: 확대,google_news,호재 뉴스: WSP Global(TSX:WSP) 지속가능성 보고서 발표 이후 주가와 저평가 내러티브 다시 보기 - simplywall.st (2026-05-17),strong,WSP Global(TSX:WSP) 지속가능성 보고서 발표 이후 주가와 저평가 내러티브 다시 보기 - simplywall.st (2026-05-17) | WSP 글로벌(TSX:WSP)의 기록적인 수주잔고로 자본 배분 우선순위가 재편될까요? - simplywall.st (2026-05-13),"yahoo_daily, fast_quote, news:google_news, flow:no_code",0.0,0.0,중립,2026-05-19 21:07:50 PDT,57,관망 · 거래량 1.4배 · 추격 부담 낮음 · 호재 뉴스: WSP Global(TSX:WSP) 지속가능성 보고서 발표 이후 주가와 저평가 내러티브 다시 보기 - simply,선행 신호 대기,놓침 위험 낮음,위험 신호 보통,급변 신호 없음,"엔지니어링 흐름 · 평균 -0.02% · 거래량 1.5배 · 대표 WSP Global, Stantec",공격장 · 평균 +0.65% · 하락비중 30% · 관심 종목 압축,수급 확인 불가,대표 테마 연결 대기,기준 현재가 195 · 손절 참고 188 · 1차 익절 참고 203,섹터 최대 호재: 수주,호재 영향 예상: +3.3~+6.0% (206.45 CAD 부근까지 시도) · 이탈 기준 190.86 CAD,호재 뉴스: WSP Global(TSX:WSP) 지속가능성 보고서 발표 이후 주가와 저평가 내러티브 다시 보기 - simplywall.st (2026-05-17) · 섹터 최대 호재: 수주
Intel,INTC,ok,미장,해당 없음,0.0,0.0,0.0,,,0,해당 없음,0.0,0.0,,,,0.0,0.0,,,0.0,,0.0,대기,,AI 관망,16,지금은 확실한 우위가 부족합니다.,미장/반도체,보류,🚫 제외,리스크 과다,9,35.0,30.0,0.0,0.0,3.0,2.0,26.0,False,False,중립장,11.0,110.8,110.8,fast_quote,calculated,0.0,2.43,-1.1,0.92,1.0,True,16557608976.0,60.9,False,8.8,일반 모멘텀,"추세 상승, RSI 건강 구간, 뉴스 키워드: 약한 호재: 상승, 돌파","변동성 과다, 뉴스 호재 강도 약함, 리스크 26 이상으로 신규 관심 제외",수급 확인 불가,no_code,0.0,0.0,"약한 호재: 상승, 돌파",google_news,"호재 뉴스: 최근 3개월 134% 급등 후 인텔(Intel, INTC) 밸류에이션과 공정가치 36.54달러 격차 점검 - simplywall.st (2026-05-19)",weak,"최근 3개월 134% 급등 후 인텔(Intel, INTC) 밸류에이션과 공정가치 36.54달러 격차 점검 - simplywall.st (2026-05-19) | Intel Corp (INTC) 주식 시작했습니다 상승 5.10%에 5월18일: 어떤 신호인가요? (2026-05-18)","yahoo_daily, fast_quote, news:google_news, flow:no_code",0.0,0.0,중립,2026-05-19 21:07:50 PDT,35,"관망 · 추격 부담 낮음 · 호재 뉴스: 최근 3개월 134% 급등 후 인텔(Intel, INTC) 밸류에이션과 공정가치 36.54달러 격차 점검 - si",선행 신호 대기,놓침 위험 낮음,시장 방어장 · 신규 매수는 작게,급변 신호 없음,"반도체 흐름 · 평균 -0.98% · 거래량 0.8배 · 대표 Broadcom, Intel, Texas Instruments",방어장 · 평균 -0.75% · 하락비중 66% · 현금 비중 높게,수급 확인 불가,AI/반도체 → 전력 → 냉각 → 데이터센터 → 광통신,기준 현재가 111 · 손절 참고 101 · 1차 익절 참고 123,"최대 호재: HBM 수주, 엔비디아 공급, 장비 발주, 수율 개선 / 최대 악재: 어닝 쇼크, 컨센서스 하회, 수출 통제, 재고 급증",호재 영향 예상: +3.6~+6.6% (118.11 USD 부근까지 시도) · 이탈 기준 106.41 USD,"호재 뉴스: 최근 3개월 134% 급등 후 인텔(Intel, INTC) 밸류에이션과 공정가치 36.54달러 격차 점검 - simplywall.st (2026-05-19) · 최대 호재: HBM 수주, 엔비디아 공급, 장비 발주, 수율 개선 / 최대 악재: 어닝 쇼크, 컨센서스 하회, 수출 통제, 재고 급증"
Coinbase,COIN,ok,미장,해당 없음,0.0,0.0,0.0,,,0,해당 없음,0.0,0.0,,,,0.0,0.0,,,0.0,,0.0,대기,,AI 관망,0,지금은 확실한 우위가 부족합니다.,미장/가상자산,보류,🚫 제외,리스크 과다,9,35.0,30.0,0.0,0.0,3.0,2.0,26.0,False,False,중립장,11.0,193.45,193.45,fast_quote,calculated,0.0,2.12,-0.56,0.71,0.69,False,1368368553.0,55.5,False,7.37,일반 모멘텀,"추세 상승, RSI 건강 구간, 뉴스 키워드: 약한 호재: 돌파, 확대, 상승","변동성 과다, 뉴스 호재 강도 약함, 매수 확인 부족: 거래량 0.71x / 거래대금 0.69x, 리스크 26 이상으로 신규 관심 제외",수급 확인 불가,no_code,0.0,0.0,"약한 호재: 돌파, 확대, 상승",google_news,호재 뉴스: Coinbase 주가의 최근 급등을 촉발한 요인 (2026-05-19),weak,"Coinbase 주가의 최근 급등을 촉발한 요인 (2026-05-19) | 코인베이스 ""최근 2개월 주식·귀금속 무기한 선물 거래량 $15억 돌파"" (2026-05-19)","yahoo_daily, fast_quote, news:google_news, flow:no_code",,,섹터 확인 부족,2026-05-19 21:07:50 PDT,36,관망 · 추격 부담 낮음 · 호재 뉴스: Coinbase 주가의 최근 급등을 촉발한 요인 (2026-05-19),선행 신호 대기,놓침 위험 낮음,시장 방어장 · 신규 매수는 작게,급변 신호 없음,가상자산 흐름 · 평균 +2.12% · 거래량 0.7배 · 대표 Coinbase,방어장 · 평균 -0.75% · 하락비중 66% · 현금 비중 높게,수급 확인 불가,대표 테마 연결 대기,기준 현재가 193 · 손절 참고 179 · 1차 익절 참고 211,"최대 호재: 수주, 계약, 실적 개선, 정책 수혜 / 최대 악재: 실적 부진, 규제, 원가 상승, 수요 둔화",호재 영향 예상: +3.0~+5.5% (204.14 USD 부근까지 시도) · 이탈 기준 187.03 USD,"호재 뉴스: Coinbase 주가의 최근 급등을 촉발한 요인 (2026-05-19) · 최대 호재: 수주, 계약, 실적 개선, 정책 수혜 / 최대 악재: 실적 부진, 규제, 원가 상승, 수요 둔화"
SK하이닉스,000660.KS,ok,국장,해당 없음,0.0,0.0,0.0,,,0,해당 없음,0.0,0.0,,,,0.0,0.0,,,-8.0,본장 전/초반 1시간 약세 · 초반 -1.61% · 방어 우선,12.0,양호,1분봉 양호 · 장중 +0.69% · 최근 +0.57%,AI 관망,4,지금은 확실한 우위가 부족합니다.,반도체,보류,🚫 제외,리스크 과다,8,48.0,42.0,0.0,0.0,4.0,2.0,40.0,False,False,중립장,11.0,1748000.0,1745000.0,naver_realtime,naver_realtime_calculated,0.17,-5.0,-2.66,0.89,0.96,True,7998594540000.0,71.1,True,7.36,일반 모멘텀,"추세 상승, MACD 상승, 뉴스 키워드: 보통 호재: 투자, 1분봉 양호 · 장중 +0.69% · 최근 +0.57%","변동성 과다, 본장 전/초반 1시간 약세 · 초반 -1.61% · 방어 우선, 리스크 34 이상으로 신규 관심 제외, 반도체 섹터 약세",수급 수집 실패,unavailable,0.0,0.0,보통 호재: 투자,google_news,"호재 뉴스: 또 오른 삼성전자·하이닉스 목표주가, 지금 주식 더 살까요 팔까요? (feat. 부자들의 매매법) (2026-05-14)",medium,"또 오른 삼성전자·하이닉스 목표주가, 지금 주식 더 살까요 팔까요? (feat. 부자들의 매매법) (2026-05-14) | SK하이닉스 곽노정, 주식보유액 삼성전자 노태문 제쳤다 (2026-05-14)","naver_daily, naver_realtime, news:google_news, flow:unavailable, intraday_1m",0.0,6.0,반도체 섹터 약세,2026-05-19 21:07:50 PDT,14,"관망 · 호재 뉴스: 또 오른 삼성전자·하이닉스 목표주가, 지금 주식 더 살까요 팔까요? (feat. 부자들의 매매법) (2026-05",선행 신호 대기,놓침 위험 낮음,시장 방어장 · 신규 매수는 작게,급변 신호 없음,"반도체 흐름 · 평균 -4.70% · 거래량 0.7배 · 대표 한양디지텍, 미래반도체, 테스",방어장 · 평균 -5.68% · 하락비중 91% · 현금 비중 높게,수급 수집 실패,AI/반도체 → 전력 → 냉각 → 데이터센터 → 광통신,"기준 현재가 1,748,000 · 손절 참고 1,619,347 · 1차 익절 참고 1,908,816","최대 호재: HBM 수주, 엔비디아 공급, 장비 발주, 수율 개선 / 최대 악재: 어닝 쇼크, 컨센서스 하회, 수출 통제, 재고 급증","호재 영향 예상: +3.0~+5.5% (1,844,490원 부근까지 시도) · 이탈 기준 1,690,106원","호재 뉴스: 또 오른 삼성전자·하이닉스 목표주가, 지금 주식 더 살까요 팔까요? (feat. 부자들의 매매법) (2026-05-14) · 최대 호재: HBM 수주, 엔비디아 공급, 장비 발주, 수율 개선 / 최대 악재: 어닝 쇼크, 컨센서스 하회, 수출 통제, 재고 급증"
삼성생명,032830.KS,ok,국장,해당 없음,0.0,0.0,0.0,,,0,해당 없음,0.0,0.0,,,,0.0,0.0,,,-8.0,본장 전/초반 1시간 약세 · 초반 -1.27% · 방어 우선,0.0,중립,1분봉 중립 · 장중 -0.80% · 최근 +0.00%,AI 관망,4,지금은 확실한 우위가 부족합니다.,보험,보류,🚫 제외,리스크 과다,8,42.0,36.0,0.0,0.0,4.0,2.0,34.0,False,False,중립장,11.0,311500.0,312000.0,naver_realtime,naver_realtime_calculated,-0.16,-0.64,0.16,1.15,1.27,True,175272639500.0,75.8,True,6.54,일반 모멘텀,"추세 상승, MACD 상승, 건전한 갭 상승, 뉴스 키워드: 보통 호재: 투자","변동성 과다, 본장 전/초반 1시간 약세 · 초반 -1.27% · 방어 우선, 리스크 34 이상으로 신규 관심 제외",수급 수집 실패,unavailable,0.0,0.0,보통 호재: 투자,google_news,"호재 뉴스: '삼성전자 30만원' 가면 삼성생명 자본비율 꺾인다는데, 왜? - v.daum.net (2026-05-19)",medium,"'삼성전자 30만원' 가면 삼성생명 자본비율 꺾인다는데, 왜? - v.daum.net (2026-05-19) | 빅3 생보사 1분기 웃었다…삼전 덕에 유독 빛난 삼성생명 (2026-05-17)","naver_daily, naver_realtime, news:google_news, flow:unavailable, intraday_1m",0.0,0.0,중립,2026-05-19 21:07:50 PDT,25,"관망 · 추격 부담 낮음 · 호재 뉴스: '삼성전자 30만원' 가면 삼성생명 자본비율 꺾인다는데, 왜? - v.daum.net (2026-05-19)",선행 신호 대기,놓침 위험 낮음,시장 방어장 · 신규 매수는 작게,급변 신호 없음,"보험 흐름 · 평균 -1.25% · 거래량 1.7배 · 대표 롯데손해보험, 삼성생명, DB손해보험",방어장 · 평균 -5.68% · 하락비중 91% · 현금 비중 높게,수급 수집 실패,대표 테마 연결 대기,"기준 현재가 311,500 · 손절 참고 291,128 · 1차 익절 참고 336,965","최대 호재: 수주, 계약, 실적 개선, 정책 수혜 / 최대 악재: 실적 부진, 규제, 원가 상승, 수요 둔화","호재 영향 예상: +2.8~+5.1% (327,433원 부근까지 시도) · 이탈 기준 302,333원","호재 뉴스: '삼성전자 30만원' 가면 삼성생명 자본비율 꺾인다는데, 왜? - v.daum.net (2026-05-19) · 최대 호재: 수주, 계약, 실적 개선, 정책 수혜 / 최대 악재: 실적 부진, 규제, 원가 상승, 수요 둔화"
SK스퀘어,402340.KS,ok,국장,해당 없음,0.0,0.0,0.0,,,0,해당 없음,0.0,0.0,,,,0.0,0.0,,,-8.0,본장 전/초반 1시간 약세 · 초반 -3.73% · 방어 우선,6.0,양호,1분봉 양호 · 장중 -3.25% · 최근 +0.10%,AI 관망,4,지금은 확실한 우위가 부족합니다.,지주/반도체,보류,🚫 제외,리스크 과다,8,42.0,36.0,0.0,0.0,4.0,2.0,34.0,False,False,중립장,11.0,1012000.0,1020000.0,naver_realtime,naver_realtime_calculated,-0.78,-7.41,-2.01,0.85,0.85,True,752775188000.0,66.6,False,9.53,일반 모멘텀,"추세 상승, RSI 건강 구간, 뉴스 키워드: 보통 호재: 투자, 1분봉 양호 · 장중 -3.25% · 최근 +0.10%","변동성 과다, 본장 전/초반 1시간 약세 · 초반 -3.73% · 방어 우선, 리스크 34 이상으로 신규 관심 제외",수급 수집 실패,unavailable,0.0,0.0,보통 호재: 투자,google_news,"호재 뉴스: SK스퀘어, 하이닉스 지분법 이익 급증...목표가 ′UP′ (2026-05-19)",medium,"SK스퀘어, 하이닉스 지분법 이익 급증...목표가 ′UP′ (2026-05-19) | ""SK스퀘어, 하이닉스 따라 주가 더 뛴다""…목표가 145만↑-SK (2026-05-19)","naver_daily, naver_realtime, news:google_news, flow:unavailable, intraday_1m",,,섹터 확인 부족,2026-05-19 21:07:50 PDT,15,"관망 · 호재 뉴스: SK스퀘어, 하이닉스 지분법 이익 급증...목표가 ′UP′ (2026-05-19)",선행 신호 대기,놓침 위험 낮음,시장 방어장 · 신규 매수는 작게,급변 감지 · 당일 -7.41%,지주/반도체 흐름 · 평균 -7.41% · 거래량 0.8배 · 대표 SK스퀘어,방어장 · 평균 -5.68% · 하락비중 91% · 현금 비중 높게,수급 수집 실패,AI/반도체 → 전력 → 냉각 → 데이터센터 → 광통신,"기준 현재가 1,012,000 · 손절 참고 915,556 · 1차 익절 참고 1,132,554","최대 호재: 수주, 계약, 실적 개선, 정책 수혜 / 최대 악재: 실적 부진, 규제, 원가 상승, 수요 둔화","호재 영향 예상: +3.9~+7.1% (1,084,333원 부근까지 시도) · 이탈 기준 968,600원","호재 뉴스: SK스퀘어, 하이닉스 지분법 이익 급증...목표가 ′UP′ (2026-05-19) · 최대 호재: 수주, 계약, 실적 개선, 정책 수혜 / 최대 악재: 실적 부진, 규제, 원가 상승, 수요 둔화"
GS리테일,007070.KS,ok,국장,해당 없음,0.0,0.0,0.0,,,0,해당 없음,0.0,0.0,,,,0.0,0.0,,,-8.0,본장 전/초반 1시간 약세 · 초반 -3.44% · 방어 우선,0.0,중립,1분봉 중립 · 장중 -5.06% · 최근 -0.19%,AI 관망,0,지금은 확실한 우위가 부족합니다.,편의점,보류,🚫 제외,리스크 과다,8,48.0,46.0,0.0,0.0,0.0,2.0,40.0,False,False,중립장,11.0,26300.0,27350.0,naver_realtime,naver_realtime_calculated,-3.84,-7.39,1.41,0.98,0.99,True,7515829900.0,64.3,True,6.3,일반 모멘텀,"추세 상승, RSI 건강 구간, MACD 상승, 건전한 갭 상승","변동성 과다, 뉴스 호재 강도 약함, 본장 전/초반 1시간 약세 · 초반 -3.44% · 방어 우선, 리스크 34 이상으로 신규 관심 제외, 편의점 섹터 약세",수급 수집 실패,unavailable,0.0,0.0,약한 호재: 확대,google_news,"호재 뉴스: [생생한 주식쇼 생쇼] 내부 변동성 심화 시기, 내수 방어주 및 K-뷰티 주목 (2026-05-18)",weak,"[생생한 주식쇼 생쇼] 내부 변동성 심화 시기, 내수 방어주 및 K-뷰티 주목 (2026-05-18) | 땅 파던 '노란 공룡'의 변신…엔비디아와 손잡고 AI주로 재평가 (2026-05-18)","naver_daily, naver_realtime, news:google_news, flow:unavailable, intraday_1m",0.0,6.0,편의점 섹터 약세,2026-05-19 21:07:50 PDT,15,"관망 · 호재 뉴스: [생생한 주식쇼 생쇼] 내부 변동성 심화 시기, 내수 방어주 및 K-뷰티 주목 (2026-05-18)",선행 신호 대기,놓침 위험 낮음,시장 방어장 · 신규 매수는 작게,급변 감지 · 당일 -7.39%,"편의점 흐름 · 평균 -5.17% · 거래량 0.8배 · 대표 BGF리테일, GS리테일",방어장 · 평균 -5.68% · 하락비중 91% · 현금 비중 높게,수급 수집 실패,대표 테마 연결 대기,"기준 현재가 26,300 · 손절 참고 24,643 · 1차 익절 참고 28,371","최대 호재: 수주, 계약, 실적 개선, 정책 수혜 / 최대 악재: 실적 부진, 규제, 원가 상승, 수요 둔화","호재 영향 예상: +2.6~+4.7% (27,543원 부근까지 시도) · 이탈 기준 25,554원","호재 뉴스: [생생한 주식쇼 생쇼] 내부 변동성 심화 시기, 내수 방어주 및 K-뷰티 주목 (2026-05-18) · 최대 호재: 수주, 계약, 실적 개선, 정책 수혜 / 최대 악재: 실적 부진, 규제, 원가 상승, 수요 둔화"
엔씨소프트,036570.KS,ok,국장,해당 없음,0.0,0.0,0.0,,,0,해당 없음,0.0,0.0,,,,0.0,0.0,,,-8.0,본장 전/초반 1시간 약세 · 초반 -2.44% · 방어 우선,6.0,양호,1분봉 양호 · 장중 -1.31% · 최근 +0.57%,AI 관망,16,지금은 확실한 우위가 부족합니다.,게임,보류,🚫 제외,리스크 과다,8,48.0,42.0,0.0,0.0,4.0,2.0,40.0,False,False,중립장,11.0,262500.0,265000.0,naver_realtime,naver_realtime_calculated,-0.94,1.55,0.19,1.01,0.99,True,39244012500.0,51.7,False,6.11,일반 모멘텀,"추세 상승, RSI 건강 구간, 건전한 갭 상승, 뉴스 키워드: 보통 호재: 실적, 1분봉 양호 · 장중 -1.31% · 최근 +0.57%","변동성 과다, 본장 전/초반 1시간 약세 · 초반 -2.44% · 방어 우선, 리스크 34 이상으로 신규 관심 제외, 게임 섹터 약세",수급 수집 실패,unavailable,0.0,0.0,보통 호재: 실적,google_news,호재 뉴스: 이건 단순 반짝이 아니다… NC 향한 구조적 성장론 확산 (2026-05-16),medium,"이건 단순 반짝이 아니다… NC 향한 구조적 성장론 확산 (2026-05-16) | [단독] 엔씨소프트 1분기 영업이익 1,133억 '깜짝 실적' >> 매출 5574억 달성 = 엔씨소프트, 리니지M 견조한 매출 유지하며 영업이익률 20% 상회 (2026-05-15)","naver_daily, naver_realtime, news:google_news, flow:unavailable, intraday_1m",0.0,6.0,게임 섹터 약세,2026-05-19 21:07:50 PDT,29,관망 · 추격 부담 낮음 · 호재 뉴스: 이건 단순 반짝이 아니다… NC 향한 구조적 성장론 확산 (2026-05-16),선행 신호 대기,놓침 위험 낮음,시장 방어장 · 신규 매수는 작게,급변 신호 없음,"게임 흐름 · 평균 -1.89% · 거래량 1.1배 · 대표 더블유게임즈, 엔씨소프트, 네오위즈",방어장 · 평균 -5.68% · 하락비중 91% · 현금 비중 높게,수급 수집 실패,대표 테마 연결 대기,"기준 현재가 262,500 · 손절 참고 246,461 · 1차 익절 참고 282,548","최대 호재: 신작 흥행, 중국 판호, 글로벌 출시, 매출 순위 상승 / 최대 악재: 신작 부진, 출시 연기, 규제, 매출 하락","호재 영향 예상: +2.5~+4.6% (274,566원 부근까지 시도) · 이탈 기준 255,283원","호재 뉴스: 이건 단순 반짝이 아니다… NC 향한 구조적 성장론 확산 (2026-05-16) · 최대 호재: 신작 흥행, 중국 판호, 글로벌 출시, 매출 순위 상승 / 최대 악재: 신작 부진, 출시 연기, 규제, 매출 하락"
Saputo,SAP.TO,ok,캐나다,중간배당,0.2,0.98,2.39,2026-03-03,2026-06-02,91,중간배당 · 최근 0.20 CAD · 연 0.98 CAD · 배당률 2.39% · 최근 지급일 2026-03-03 · 다음 예상 2026-06-02,0.0,0.0,,,,0.0,0.0,,,0.0,,0.0,대기,,AI 관망,12,지금은 확실한 우위가 부족합니다.,캐나다/식품,보류,🚫 제외,리스크 과다,8,34.0,20.0,12.0,0.0,0.0,2.0,26.0,False,False,중립장,11.0,41.04,41.04,fast_quote,calculated,0.0,3.45,0.0,1.71,1.74,True,66698209.0,55.6,True,2.11,일반 모멘텀,"거래량 증가(1.7x), RSI 건강 구간, MACD 상승","거래대금 부족, 리스크 26 이상으로 신규 관심 제외",수급 확인 불가,no_code,0.0,0.0,뉴스 수집 실패,none,뉴스를 가져오지 못해 가격 흐름만 참고하세요.,none,-,"yahoo_daily, fast_quote, news:none, flow:no_code",0.0,0.0,중립,2026-05-19 21:07:50 PDT,42,관망 · 거래량 1.7배 · 추격 부담 낮음 · 뉴스를 가져오지 못해 가격 흐름만 참고하세요.,선행 신호 대기,놓침 위험 낮음,위험 신호 보통,뉴스+거래량 동시 감지,"식품 흐름 · 평균 +3.03% · 거래량 1.5배 · 대표 Saputo, Premium Brands",공격장 · 평균 +0.65% · 하락비중 30% · 관심 종목 압축,수급 확인 불가,대표 테마 연결 대기,기준 현재가 41 · 손절 참고 40 · 1차 익절 참고 43,"최대 호재: 수주, 계약, 실적 개선, 정책 수혜 / 최대 악재: 실적 부진, 규제, 원가 상승, 수요 둔화",뉴스 영향 예상: 방향성 약함 · 가격/거래량 확인 우선,"뉴스를 가져오지 못해 가격 흐름만 참고하세요. · 최대 호재: 수주, 계약, 실적 개선, 정책 수혜 / 최대 악재: 실적 부진, 규제, 원가 상승, 수요 둔화"
Netflix,NFLX,ok,미장,해당 없음,0.0,0.0,0.0,,,0,해당 없음,0.0,0.0,,,,0.0,0.0,,,0.0,,0.0,대기,,AI 관망,19,지금은 확실한 우위가 부족합니다.,미장/콘텐츠,보류,대기,매매 근거 부족,8,25.0,16.0,0.0,0.0,7.0,2.0,17.0,False,False,중립장,11.0,89.33,89.33,fast_quote,calculated,0.0,-0.36,0.55,0.99,0.99,True,3081027495.0,41.5,True,2.79,일반 모멘텀,"MACD 상승, 건전한 갭 상승, 뉴스 키워드: 보통 호재: 투자 / 약한 호재: 상승, 확대 / 악재: 소송","뉴스 리스크: 보통 호재: 투자 / 약한 호재: 상승, 확대 / 악재: 소송",수급 확인 불가,no_code,0.0,0.0,"보통 호재: 투자 / 약한 호재: 상승, 확대 / 악재: 소송",google_news,악재 뉴스: Netflix Inc (NFLX) 주식 마감했습니다 상승 3.01%에 5월18일: 어떤 신호인가요? (2026-05-19),medium,Netflix Inc (NFLX) 주식 마감했습니다 상승 3.01%에 5월18일: 어떤 신호인가요? (2026-05-19) | 넷플릭스(NFLX)에 대한 텍사스의 새로운 데이터 프라이버시 소송이 투자 스토리를 바꾼 방법 - simplywall.st (2026-05-14),"yahoo_daily, fast_quote, news:google_news, flow:no_code",0.0,0.0,중립,2026-05-19 21:07:50 PDT,17,관망 · 추격 부담 낮음 · 악재 뉴스: Netflix Inc (NFLX) 주식 마감했습니다 상승 3.01%에 5월18일: 어떤 신호인가요? (2026-0,선행 신호 대기,놓침 위험 낮음,중대 리스크 · 악재 뉴스 우선 확인,급변 신호 없음,"콘텐츠 흐름 · 평균 -0.96% · 거래량 0.9배 · 대표 Netflix, Disney",방어장 · 평균 -0.75% · 하락비중 66% · 현금 비중 높게,수급 확인 불가,대표 테마 연결 대기,기준 현재가 89 · 손절 참고 87 · 1차 익절 참고 93,"최대 호재: 수주, 계약, 실적 개선, 정책 수혜 / 최대 악재: 실적 부진, 규제, 원가 상승, 수요 둔화",악재 영향 예상: -3.0~-4.5% (85.31 USD 부근까지 경계) · 회복 기준 91.12 USD 돌파,"악재 뉴스: Netflix Inc (NFLX) 주식 마감했습니다 상승 3.01%에 5월18일: 어떤 신호인가요? (2026-05-19) · 최대 호재: 수주, 계약, 실적 개선, 정책 수혜 / 최대 악재: 실적 부진, 규제, 원가 상승, 수요 둔화"
TC Energy,TRP.TO,ok,캐나다,고배당,0.878,4.278,4.48,2026-03-31,2026-06-30,91,고배당 · 최근 0.88 CAD · 연 4.28 CAD · 배당률 4.48% · 최근 지급일 2026-03-31 · 다음 예상 2026-06-30,0.0,0.0,,,,0.0,0.0,,,0.0,,0.0,대기,,AI 관망,0,지금은 확실한 우위가 부족합니다.,캐나다/파이프라인,보류,🚫 제외,리스크 과다,7,53.0,51.0,0.0,0.0,0.0,2.0,46.0,False,True,중립장,11.0,95.45,95.45,fast_quote,calculated,0.0,1.54,1.72,0.39,0.43,False,187540154.0,80.9,True,1.88,일반 모멘텀,"추세 상승, 20일 고점 돌파, MACD 상승, 건전한 갭 상승","RSI 과열, 20일 범위 상단 추격, 거래대금 부족, 매수 확인 부족: 거래량 0.39x / 거래대금 0.43x, 리스크 46 이상으로 신규 관심 제외",수급 확인 불가,no_code,0.0,0.0,뉴스 중립,google_news,관련 뉴스: TC 에너지(TSX:TRP) 최근 강한 수익률 이후 적정가와 소폭 고평가 판단 점검 - simplywall.st (2026-05-14),none,TC 에너지(TSX:TRP) 최근 강한 수익률 이후 적정가와 소폭 고평가 판단 점검 - simplywall.st (2026-05-14) | LG에너지솔루션(373220) (2026-05-13),"yahoo_daily, fast_quote, news:google_news, flow:no_code",0.0,0.0,중립,2026-05-19 21:07:50 PDT,19,관망 · 추격 부담 낮음 · 관련 뉴스: TC 에너지(TSX:TRP) 최근 강한 수익률 이후 적정가와 소폭 고평가 판단 점검 - simplywall.st ,선행 신호 대기,놓침 위험 낮음,위험 신호 보통,급변 신호 없음,"파이프라인 흐름 · 평균 +1.81% · 거래량 1.2배 · 대표 Enbridge, Pembina Pipeline, Keyera",공격장 · 평균 +0.65% · 하락비중 30% · 관심 종목 압축,수급 확인 불가,대표 테마 연결 대기,기준 현재가 95 · 손절 참고 93 · 1차 익절 참고 99,"최대 호재: 수주, 계약, 실적 개선, 정책 수혜 / 최대 악재: 실적 부진, 규제, 원가 상승, 수요 둔화",뉴스 영향 예상: 방향성 약함 · 가격/거래량 확인 우선,"관련 뉴스: TC 에너지(TSX:TRP) 최근 강한 수익률 이후 적정가와 소폭 고평가 판단 점검 - simplywall.st (2026-05-14) · 최대 호재: 수주, 계약, 실적 개선, 정책 수혜 / 최대 악재: 실적 부진, 규제, 원가 상승, 수요 둔화"
Mastercard,MA,ok,미장,해당 없음,0.0,0.0,0.0,,,0,해당 없음,0.0,0.0,,,,0.0,0.0,,,0.0,,0.0,대기,,AI 관망,7,지금은 확실한 우위가 부족합니다.,미장/결제,보류,대기,매매 근거 부족,7,18.0,16.0,0.0,0.0,0.0,2.0,11.0,False,False,중립장,11.0,499.7,499.7,fast_quote,calculated,0.0,-1.2,0.35,0.88,0.88,True,1687736791.0,37.6,True,2.52,일반 모멘텀,"MACD 상승, 건전한 갭 상승",-,수급 확인 불가,no_code,0.0,0.0,뉴스 중립,google_news,관련 뉴스: 플라스틱 속 비트코인: 암호화폐 카드가 인기인 이유 (2026-05-19),none,"플라스틱 속 비트코인: 암호화폐 카드가 인기인 이유 (2026-05-19) | Mastercard·Goweid, 한국 기업 지출관리 서비스 출시 추진 (2026-05-18)","yahoo_daily, fast_quote, news:google_news, flow:no_code",0.0,0.0,중립,2026-05-19 21:07:50 PDT,30,관망 · 관련 뉴스: 플라스틱 속 비트코인: 암호화폐 카드가 인기인 이유 (2026-05-19),선행 신호 대기,놓침 위험 낮음,시장 방어장 · 신규 매수는 작게,급변 신호 없음,"결제 흐름 · 평균 -1.01% · 거래량 1.3배 · 대표 Visa, Mastercard",방어장 · 평균 -0.75% · 하락비중 66% · 현금 비중 높게,수급 확인 불가,대표 테마 연결 대기,기준 현재가 500 · 손절 참고 485 · 1차 익절 참고 520,"최대 호재: 수주, 계약, 실적 개선, 정책 수혜 / 최대 악재: 실적 부진, 규제, 원가 상승, 수요 둔화",뉴스 영향 예상: 방향성 약함 · 가격/거래량 확인 우선,"관련 뉴스: 플라스틱 속 비트코인: 암호화폐 카드가 인기인 이유 (2026-05-19) · 최대 호재: 수주, 계약, 실적 개선, 정책 수혜 / 최대 악재: 실적 부진, 규제, 원가 상승, 수요 둔화"
Taiwan Semi,TSM,ok,미장,해당 없음,0.0,0.0,0.0,,,0,해당 없음,0.0,0.0,,,,0.0,0.0,,,0.0,,0.0,대기,,AI 관망,7,지금은 확실한 우위가 부족합니다.,미장/파운드리,보류,대기,매매 근거 부족,7,22.0,20.0,0.0,0.0,0.0,2.0,15.0,False,False,중립장,11.0,392.61,392.61,fast_quote,calculated,0.0,-0.84,-1.63,0.97,0.94,True,5517897778.0,49.4,False,4.0,일반 모멘텀,추세 상승,뉴스 리스크: 악재: 하락,수급 확인 불가,no_code,0.0,0.0,악재: 하락,google_news,악재 뉴스: Taiwan Semiconductor Manufacturing Co Ltd (TSM) 주식 움직였습니다 하락 3.12%에 5월18일: 변동을 뒷받침… (2026-05-19),none,"Taiwan Semiconductor Manufacturing Co Ltd (TSM) 주식 움직였습니다 하락 3.12%에 5월18일: 변동을 뒷받침하는 사실 (2026-05-19) | TSMC, 뱅가드 인터내셔널 세미컨덕터 지분 축소 - Investing.com 한국어 (2026-05-15)","yahoo_daily, fast_quote, news:google_news, flow:no_code",,,섹터 확인 부족,2026-05-19 21:07:50 PDT,1,관망 · 추격 부담 낮음 · 악재 뉴스: Taiwan Semiconductor Manufacturing Co Ltd (TSM) 주식 움직였습니다 하락 3.,선행 신호 대기,놓침 위험 낮음,시장 방어장 · 신규 매수는 작게,급변 신호 없음,파운드리 흐름 · 평균 -0.84% · 거래량 1.0배 · 대표 Taiwan Semi,방어장 · 평균 -0.75% · 하락비중 66% · 현금 비중 높게,수급 확인 불가,대표 테마 연결 대기,기준 현재가 393 · 손절 참고 377 · 1차 익절 참고 412,"최대 호재: 수주, 계약, 실적 개선, 정책 수혜 / 최대 악재: 실적 부진, 규제, 원가 상승, 수요 둔화",악재 영향 예상: -3.0~-4.6% (374.55 USD 부근까지 경계) · 회복 기준 400.46 USD 돌파,"악재 뉴스: Taiwan Semiconductor Manufacturing Co Ltd (TSM) 주식 움직였습니다 하락 3.12%에 5월18일: 변동을 뒷받침… (2026-05-19) · 최대 호재: 수주, 계약, 실적 개선, 정책 수혜 / 최대 악재: 실적 부진, 규제, 원가 상승, 수요 둔화"
테스,095610.KQ,ok,국장,해당 없음,0.0,0.0,0.0,,,0,해당 없음,0.0,0.0,,,,0.0,0.0,,,0.0,본장 전/초반 1시간 중립 · 초반 +2.41%,16.0,강함,1분봉 강함 · 장중 +3.62% · 최근 +0.13% · 거래 0.5배,AI 관망,0,지금은 확실한 우위가 부족합니다.,반도체,보류,🚫 제외,리스크 과다,6,44.0,42.0,0.0,0.0,0.0,2.0,38.0,False,False,중립장,11.0,117900.0,112400.0,naver_realtime,naver_realtime_calculated,4.89,1.55,-0.95,0.58,0.68,False,26201034900.0,71.0,True,8.97,일반 모멘텀,"추세 상승, MACD 상승, 1분봉 강함 · 장중 +3.62% · 최근 +0.13% · 거래 0.5배","변동성 과다, 뉴스 리스크: 악재: 매각, 매수 확인 부족: 거래량 0.58x / 거래대금 0.68x, 리스크 32 이상으로 신규 관심 제외, 반도체 섹터 약세",수급 수집 실패,unavailable,0.0,0.0,악재: 매각,google_news,"악재 뉴스: 실시간바카라 의 모든 측면: 장점, 단점 및 활용 방법 - 장단점 비교 분석 - kmrk.ru (2026-05-20)",none,"실시간바카라 의 모든 측면: 장점, 단점 및 활용 방법 - 장단점 비교 분석 - kmrk.ru (2026-05-20) | 올해 역대급 빅딜 예고! 맘스터치 1조 매각 (2026-05-20)","naver_daily, naver_realtime, news:google_news, flow:unavailable, intraday_1m",0.0,6.0,반도체 섹터 약세,2026-05-19 21:07:50 PDT,0,"관망 · 추격 부담 낮음 · 악재 뉴스: 실시간바카라 의 모든 측면: 장점, 단점 및 활용 방법 - 장단점 비교 분석 - kmrk.ru (2026-05-2",선행 신호 대기,놓침 위험 낮음,시장 방어장 · 신규 매수는 작게,급변 신호 없음,"반도체 흐름 · 평균 -4.70% · 거래량 0.7배 · 대표 한양디지텍, 미래반도체, 테스",방어장 · 평균 -5.68% · 하락비중 91% · 현금 비중 높게,수급 수집 실패,AI/반도체 → 전력 → 냉각 → 데이터센터 → 광통신,"기준 현재가 117,900 · 손절 참고 107,324 · 1차 익절 참고 131,120","최대 호재: HBM 수주, 엔비디아 공급, 장비 발주, 수율 개선 / 최대 악재: 어닝 쇼크, 컨센서스 하회, 수출 통제, 재고 급증","악재 영향 예상: -6.8~-12.4% (103,306원 부근까지 경계) · 회복 기준 122,659원 돌파","악재 뉴스: 실시간바카라 의 모든 측면: 장점, 단점 및 활용 방법 - 장단점 비교 분석 - kmrk.ru (2026-05-20) · 최대 호재: HBM 수주, 엔비디아 공급, 장비 발주, 수율 개선 / 최대 악재: 어닝 쇼크, 컨센서스 하회, 수출 통제, 재고 급증"
SK텔레콤,017670.KS,ok,국장,해당 없음,0.0,0.0,0.0,,,0,해당 없음,0.0,0.0,,,,0.0,0.0,,,-8.0,본장 전/초반 1시간 약세 · 초반 -1.10% · 방어 우선,6.0,양호,1분봉 양호 · 장중 -1.50% · 최근 +0.72%,AI 관망,17,지금은 확실한 우위가 부족합니다.,통신,보류,🚫 제외,리스크 과다,6,35.0,26.0,0.0,0.0,7.0,2.0,29.0,False,False,중립장,11.0,98300.0,97700.0,naver_realtime,naver_realtime_calculated,0.61,-2.19,-1.49,0.95,0.94,True,94690620600.0,49.5,False,4.75,일반 모멘텀,"추세 상승, 뉴스 키워드: 보통 호재: 투자 / 약한 호재: 증가, 상승 / 악재: 지분율, 1분봉 양호 · 장중 -1.50% · 최근 +0.72%","뉴스 리스크: 보통 호재: 투자 / 약한 호재: 증가, 상승 / 악재: 지분율, 본장 전/초반 1시간 약세 · 초반 -1.10% · 방어 우선, 통신 섹터 약세",수급 수집 실패,unavailable,0.0,0.0,"보통 호재: 투자 / 약한 호재: 증가, 상승 / 악재: 지분율",google_news,악재 뉴스: [윤영숙의 시선] 참을 수 없는 개인정보 대응의 가벼움 | (2026-05-20),medium,"[윤영숙의 시선] 참을 수 없는 개인정보 대응의 가벼움 | (2026-05-20) | 유영상 위원장, SK텔레콤 주식 5905주 증가 (2026-05-18)","naver_daily, naver_realtime, news:google_news, flow:unavailable, intraday_1m",0.0,6.0,통신 섹터 약세,2026-05-19 21:07:50 PDT,7,관망 · 악재 뉴스: [윤영숙의 시선] 참을 수 없는 개인정보 대응의 가벼움 | (2026-05-20),선행 신호 대기,놓침 위험 낮음,시장 방어장 · 신규 매수는 작게,급변 신호 없음,"통신 흐름 · 평균 -2.12% · 거래량 0.8배 · 대표 SK텔레콤, LG유플러스, 인스코비",방어장 · 평균 -5.68% · 하락비중 91% · 현금 비중 높게,수급 수집 실패,대표 테마 연결 대기,"기준 현재가 98,300 · 손절 참고 93,631 · 1차 익절 참고 104,137","최대 호재: 요금제 개편, AI 데이터센터, 주주환원, 5G 투자 / 최대 악재: 과징금, 해킹, 통신 장애, 규제","악재 영향 예상: -3.4~-6.1% (92,277원 부근까지 경계) · 회복 기준 100,401원 돌파","악재 뉴스: [윤영숙의 시선] 참을 수 없는 개인정보 대응의 가벼움 | (2026-05-20) · 최대 호재: 요금제 개편, AI 데이터센터, 주주환원, 5G 투자 / 최대 악재: 과징금, 해킹, 통신 장애, 규제"
Bank of Nova Scotia,BNS.TO,ok,캐나다,고배당,1.1,4.4,4.14,2026-04-07,2026-07-07,91,고배당 · 최근 1.10 CAD · 연 4.40 CAD · 배당률 4.14% · 최근 지급일 2026-04-07 · 다음 예상 2026-07-07,0.0,0.0,,,,0.0,0.0,,,0.0,,0.0,대기,,AI 관망,15,지금은 확실한 우위가 부족합니다.,캐나다/은행,보류,🚫 제외,리스크 과다,6,32.0,30.0,0.0,0.0,0.0,2.0,26.0,False,False,중립장,11.0,106.33,106.33,fast_quote,calculated,0.0,0.16,0.0,0.89,0.9,True,348135058.0,55.6,False,1.44,일반 모멘텀,"추세 상승, RSI 건강 구간","거래대금 부족, 리스크 26 이상으로 신규 관심 제외",수급 확인 불가,no_code,0.0,0.0,뉴스 중립,google_news,관련 뉴스: Scotiabank의 새로운 2041 년 노트와 기술적 모멘텀이 가치 평가 스토리를 재편할까요 (TSX :BNS)? - simplywall.st (2026-05-17),none,"Scotiabank의 새로운 2041 년 노트와 기술적 모멘텀이 가치 평가 스토리를 재편할까요 (TSX :BNS)? - simplywall.st (2026-05-17) | CMS Energy, NYSE에 30억 달러 규모 주식 공모 프로그램 개시 - Investing.com 한국어 (2026-05-14)","yahoo_daily, fast_quote, news:google_news, flow:no_code",0.0,0.0,중립,2026-05-19 21:07:50 PDT,26,관망 · 추격 부담 낮음 · 관련 뉴스: Scotiabank의 새로운 2041 년 노트와 기술적 모멘텀이 가치 평가 스토리를 재편할까요 (TSX :BNS),선행 신호 대기,놓침 위험 낮음,위험 신호 보통,급변 신호 없음,"은행 흐름 · 평균 +0.34% · 거래량 1.0배 · 대표 Royal Bank of Canada, Bank of Montreal, CIBC",공격장 · 평균 +0.65% · 하락비중 30% · 관심 종목 압축,수급 확인 불가,대표 테마 연결 대기,기준 현재가 106 · 손절 참고 103 · 1차 익절 참고 111,"최대 호재: 금리 수혜, 배당 확대, 자사주, 충당금 감소 / 최대 악재: 연체율 상승, 충당금 증가, 부실채권, 규제",뉴스 영향 예상: 방향성 약함 · 가격/거래량 확인 우선,"관련 뉴스: Scotiabank의 새로운 2041 년 노트와 기술적 모멘텀이 가치 평가 스토리를 재편할까요 (TSX :BNS)? - simplywall.st (2026-05-17) · 최대 호재: 금리 수혜, 배당 확대, 자사주, 충당금 감소 / 최대 악재: 연체율 상승, 충당금 증가, 부실채권, 규제"
Air Canada,AC.TO,ok,캐나다,저배당,0.0,0.0,0.0,,,0,저배당 · 배당 정보 없음,0.0,0.0,,,,0.0,0.0,,,0.0,,0.0,대기,,AI 관망,0,지금은 확실한 우위가 부족합니다.,캐나다/항공,보류,🚫 제외,리스크 과다,6,32.0,30.0,0.0,0.0,0.0,2.0,26.0,False,False,중립장,11.0,18.78,18.78,fast_quote,calculated,0.0,-2.09,-0.16,0.72,0.71,False,39668995.0,58.5,False,2.83,일반 모멘텀,"추세 상승, RSI 건강 구간","거래대금 부족, 매수 확인 부족: 거래량 0.72x / 거래대금 0.71x, 리스크 26 이상으로 신규 관심 제외",수급 확인 불가,no_code,0.0,0.0,뉴스 중립,google_news,"관련 뉴스: 스카이팀 대한항공, 스타얼라이언스 에어캐나다와 코드셰어…월드컵 수요까지 정조준 (2026-05-19)",none,"스카이팀 대한항공, 스타얼라이언스 에어캐나다와 코드셰어…월드컵 수요까지 정조준 (2026-05-19) | 최근 주가 회복 및 섹터 헤드 라인 이후에도 에어 캐나다 (TSX :AC)는 여전히 매력적입니까? - simplywall.st (2026-05-06)","yahoo_daily, fast_quote, news:google_news, flow:no_code",,,섹터 확인 부족,2026-05-19 21:07:50 PDT,2,"관망 · 관련 뉴스: 스카이팀 대한항공, 스타얼라이언스 에어캐나다와 코드셰어…월드컵 수요까지 정조준 (2026-05-19)",선행 신호 대기,놓침 위험 낮음,위험 신호 보통,급변 신호 없음,항공 흐름 · 평균 -2.09% · 거래량 0.7배 · 대표 Air Canada,공격장 · 평균 +0.65% · 하락비중 30% · 관심 종목 압축,수급 확인 불가,우주항공 → 위성 → 통신장비 → 소재,기준 현재가 19 · 손절 참고 18 · 1차 익절 참고 20,"최대 호재: 수주, 계약, 실적 개선, 정책 수혜 / 최대 악재: 실적 부진, 규제, 원가 상승, 수요 둔화",뉴스 영향 예상: 방향성 약함 · 가격/거래량 확인 우선,"관련 뉴스: 스카이팀 대한항공, 스타얼라이언스 에어캐나다와 코드셰어…월드컵 수요까지 정조준 (2026-05-19) · 최대 호재: 수주, 계약, 실적 개선, 정책 수혜 / 최대 악재: 실적 부진, 규제, 원가 상승, 수요 둔화"
Bombardier,BBD-B.TO,ok,캐나다,저배당,0.6348,3.1641,1.19,2014-12-10,2015-03-11,91,저배당 · 최근 0.63 CAD · 연 3.16 CAD · 배당률 1.19% · 최근 지급일 2014-12-10 · 다음 예상 2015-03-11,0.0,0.0,,,,0.0,0.0,,,0.0,,0.0,대기,,AI 관망,10,지금은 확실한 우위가 부족합니다.,캐나다/항공기,보류,🚫 제외,리스크 과다,6,32.0,30.0,0.0,0.0,0.0,2.0,26.0,False,False,중립장,11.0,266.77,266.77,fast_quote,calculated,0.0,1.92,-0.67,1.14,1.12,True,111290570.0,62.7,False,4.88,일반 모멘텀,"추세 상승, RSI 건강 구간","거래대금 부족, 리스크 26 이상으로 신규 관심 제외",수급 확인 불가,no_code,0.0,0.0,뉴스 중립,google_news,관련 뉴스: 5 년 동안 7 배 급등 한 후 봄바디어 (TSX :BBD.B) 고려하기에는 너무 늦었습니까? - simplywall.st (2026-05-16),none,5 년 동안 7 배 급등 한 후 봄바디어 (TSX :BBD.B) 고려하기에는 너무 늦었습니까? - simplywall.st (2026-05-16) | 다년간의 급격한 랠리 이후 봄바디어 (TSX :BBD.B) 고려하기에는 너무 늦었습니까? - simplywall.st (2026-05-07),"yahoo_daily, fast_quote, news:google_news, flow:no_code",,,섹터 확인 부족,2026-05-19 21:07:50 PDT,31,관망 · 추격 부담 낮음 · 관련 뉴스: 5 년 동안 7 배 급등 한 후 봄바디어 (TSX :BBD.B) 고려하기에는 너무 늦었습니까? - simplywa,선행 신호 대기,놓침 위험 낮음,위험 신호 보통,급변 신호 없음,항공기 흐름 · 평균 +1.92% · 거래량 1.1배 · 대표 Bombardier,공격장 · 평균 +0.65% · 하락비중 30% · 관심 종목 압축,수급 확인 불가,우주항공 → 위성 → 통신장비 → 소재,기준 현재가 267 · 손절 참고 254 · 1차 익절 참고 283,"최대 호재: 수주, 계약, 실적 개선, 정책 수혜 / 최대 악재: 실적 부진, 규제, 원가 상승, 수요 둔화",뉴스 영향 예상: 방향성 약함 · 가격/거래량 확인 우선,"관련 뉴스: 5 년 동안 7 배 급등 한 후 봄바디어 (TSX :BBD.B) 고려하기에는 너무 늦었습니까? - simplywall.st (2026-05-16) · 최대 호재: 수주, 계약, 실적 개선, 정책 수혜 / 최대 악재: 실적 부진, 규제, 원가 상승, 수요 둔화"
Gibson Energy,GEI.TO,ok,캐나다,고배당,0.45,2.17,7.46,2026-03-30,2026-06-29,91,고배당 · 최근 0.45 CAD · 연 2.17 CAD · 배당률 7.46% · 최근 지급일 2026-03-30 · 다음 예상 2026-06-29,0.0,0.0,,,,0.0,0.0,,,0.0,,0.0,대기,,AI 관망,19,지금은 확실한 우위가 부족합니다.,캐나다/에너지인프라,보류,🚫 제외,리스크 과다,6,32.0,26.0,0.0,0.0,4.0,2.0,26.0,False,False,중립장,11.0,29.07,29.07,fast_quote,calculated,0.0,0.52,0.69,1.25,1.27,True,29584538.0,52.1,True,2.53,일반 모멘텀,"RSI 건강 구간, MACD 상승, 건전한 갭 상승, 뉴스 키워드: 보통 호재: 투자","거래대금 부족, 리스크 26 이상으로 신규 관심 제외",수급 확인 불가,no_code,0.0,0.0,보통 호재: 투자,google_news,호재 뉴스: 분기 별 손실과 꾸준한 배당금이 깁슨 에너지 (TSX :GEI) 투자 사례를 바꿀 수 있습니다. - simplywall.st (2026-05-19),medium,분기 별 손실과 꾸준한 배당금이 깁슨 에너지 (TSX :GEI) 투자 사례를 바꿀 수 있습니다. - simplywall.st (2026-05-19) | 깁슨 에너지 (TSX :GEI) 조용히 손실을 낸 분기 후 유연성보다 배당금을 우선시하고 있습니까? - simplywall.st (2026-05-09),"yahoo_daily, fast_quote, news:google_news, flow:no_code",,,섹터 확인 부족,2026-05-19 21:07:50 PDT,48,관망 · 거래량 1.2배 · 추격 부담 낮음 · 호재 뉴스: 분기 별 손실과 꾸준한 배당금이 깁슨 에너지 (TSX :GEI) 투자 사례를 바꿀 수 있습니다. - simplyw,선행 신호 대기,놓침 위험 낮음,위험 신호 보통,급변 신호 없음,에너지인프라 흐름 · 평균 +0.52% · 거래량 1.2배 · 대표 Gibson Energy,공격장 · 평균 +0.65% · 하락비중 30% · 관심 종목 압축,수급 확인 불가,대표 테마 연결 대기,기준 현재가 29 · 손절 참고 28 · 1차 익절 참고 30,"최대 호재: 유가 상승, 가스 가격 상승, 정책 지원, 수소 투자 / 최대 악재: 유가 급락, 정제마진 하락, 환경 규제, 사고",호재 영향 예상: +2.0~+3.2% (30.00 CAD 부근까지 시도) · 이탈 기준 28.49 CAD,"호재 뉴스: 분기 별 손실과 꾸준한 배당금이 깁슨 에너지 (TSX :GEI) 투자 사례를 바꿀 수 있습니다. - simplywall.st (2026-05-19) · 최대 호재: 유가 상승, 가스 가격 상승, 정책 지원, 수소 투자 / 최대 악재: 유가 급락, 정제마진 하락, 환경 규제, 사고"
Northrop Grumman,NOC,ok,미장,해당 없음,0.0,0.0,0.0,,,0,해당 없음,0.0,0.0,,,,0.0,0.0,,,0.0,,0.0,대기,,AI 관망,18,지금은 확실한 우위가 부족합니다.,미장/방산,보류,🚫 제외,리스크 과다,6,32.0,16.0,0.0,0.0,14.0,2.0,26.0,False,False,중립장,11.0,556.34,556.34,fast_quote,calculated,0.0,1.15,0.54,1.01,0.99,True,461484052.0,40.4,True,2.11,일반 모멘텀,"MACD 상승, 건전한 갭 상승, 뉴스 키워드: 강한 호재: 계약 / 보통 호재: 투자 / 약한 호재: 확대","거래대금 부족, 리스크 26 이상으로 신규 관심 제외",수급 확인 불가,no_code,0.0,0.0,강한 호재: 계약 / 보통 호재: 투자 / 약한 호재: 확대,google_news,"호재 뉴스: Northrop Grumman(NOC) 최근 주가 조정 후, 저평가·고평가 시그널이 엇갈리는 이유는 - simplywall.st (2026-05-19)",strong,"Northrop Grumman(NOC) 최근 주가 조정 후, 저평가·고평가 시그널이 엇갈리는 이유는 - simplywall.st (2026-05-19) | Kratos Defense (KOTS): 미국 군대를 드론 시대에 맞게 업데이트 - Securities.io (2026-05-18)","yahoo_daily, fast_quote, news:google_news, flow:no_code",0.0,0.0,중립,2026-05-19 21:07:50 PDT,53,"관망 · 추격 부담 낮음 · 호재 뉴스: Northrop Grumman(NOC) 최근 주가 조정 후, 저평가·고평가 시그널이 엇갈리는 이유는 - simpl",선행 신호 대기,놓침 위험 낮음,시장 방어장 · 신규 매수는 작게,급변 신호 없음,"방산 흐름 · 평균 -0.00% · 거래량 0.9배 · 대표 RTX, Northrop Grumman, Lockheed Martin",방어장 · 평균 -0.75% · 하락비중 66% · 현금 비중 높게,수급 확인 불가,대표 테마 연결 대기,기준 현재가 556 · 손절 참고 540 · 1차 익절 참고 579,섹터 최대 호재: 계약,호재 영향 예상: +2.7~+4.9% (583.54 USD 부근까지 시도) · 이탈 기준 545.21 USD,"호재 뉴스: Northrop Grumman(NOC) 최근 주가 조정 후, 저평가·고평가 시그널이 엇갈리는 이유는 - simplywall.st (2026-05-19) · 섹터 최대 호재: 계약"
크래프톤,259960.KS,ok,국장,해당 없음,0.0,0.0,0.0,,,0,해당 없음,0.0,0.0,,,,0.0,0.0,,,-8.0,본장 전/초반 1시간 약세 · 초반 -3.09% · 방어 우선,6.0,양호,1분봉 양호 · 장중 -3.82% · 최근 +0.38%,AI 관망,0,지금은 확실한 우위가 부족합니다.,게임,보류,🚫 제외,리스크 과다,5,45.0,36.0,0.0,0.0,7.0,2.0,40.0,False,False,중립장,11.0,266000.0,276000.0,naver_realtime,naver_realtime_calculated,-3.62,-5.67,-1.77,0.68,0.65,False,34391938000.0,50.0,False,7.1,일반 모멘텀,"추세 상승, RSI 건강 구간, 뉴스 키워드: 보통 호재: 실적 / 약한 호재: 상승, 돌파, 1분봉 양호 · 장중 -3.82% · 최근 +0.38%","변동성 과다, 본장 전/초반 1시간 약세 · 초반 -3.09% · 방어 우선, 매수 확인 부족: 거래량 0.68x / 거래대금 0.65x, 리스크 34 이상으로 신규 관심 제외, 게임 섹터 약세",수급 수집 실패,unavailable,0.0,0.0,"보통 호재: 실적 / 약한 호재: 상승, 돌파",google_news,"호재 뉴스: 크래프톤 장중 13% 상승, 30만원 선 돌파 (2026-05-20)",medium,"크래프톤 장중 13% 상승, 30만원 선 돌파 (2026-05-20) | 실적은 최대인데 주가는 제자리…크래프톤 ‘1조 환원’ 승부수 던진 속내는 - kukinews.com (2026-05-19)","naver_daily, naver_realtime, news:google_news, flow:unavailable, intraday_1m",0.0,6.0,게임 섹터 약세,2026-05-19 21:07:50 PDT,13,"관망 · 호재 뉴스: 크래프톤 장중 13% 상승, 30만원 선 돌파 (2026-05-20)",선행 신호 대기,놓침 위험 낮음,시장 방어장 · 신규 매수는 작게,급변 신호 없음,"게임 흐름 · 평균 -1.89% · 거래량 1.1배 · 대표 더블유게임즈, 엔씨소프트, 네오위즈",방어장 · 평균 -5.68% · 하락비중 91% · 현금 비중 높게,수급 수집 실패,대표 테마 연결 대기,"기준 현재가 266,000 · 손절 참고 247,114 · 1차 익절 참고 289,608","최대 호재: 신작 흥행, 중국 판호, 글로벌 출시, 매출 순위 상승 / 최대 악재: 신작 부진, 출시 연기, 규제, 매출 하락","호재 영향 예상: +2.9~+5.3% (280,164원 부근까지 시도) · 이탈 기준 257,501원","호재 뉴스: 크래프톤 장중 13% 상승, 30만원 선 돌파 (2026-05-20) · 최대 호재: 신작 흥행, 중국 판호, 글로벌 출시, 매출 순위 상승 / 최대 악재: 신작 부진, 출시 연기, 규제, 매출 하락"
LS에코에너지,229640.KS,ok,국장,해당 없음,0.0,0.0,0.0,,,0,해당 없음,0.0,0.0,,,,0.0,0.0,,,-8.0,본장 전/초반 1시간 약세 · 초반 -6.43% · 방어 우선,0.0,중립,1분봉 중립 · 장중 -7.24% · 최근 -0.27%,AI 관망,0,지금은 확실한 우위가 부족합니다.,전선,보류,🚫 제외,리스크 과다,5,45.0,36.0,0.0,0.0,7.0,2.0,40.0,False,False,중립장,11.0,74600.0,81500.0,naver_realtime,naver_realtime_calculated,-8.47,-5.81,1.01,0.35,0.31,False,14000555000.0,59.5,False,16.29,일반 모멘텀,"추세 상승, RSI 건강 구간, 건전한 갭 상승, 뉴스 키워드: 강한 호재: 공급","변동성 과다, 본장 전/초반 1시간 약세 · 초반 -6.43% · 방어 우선, 매수 확인 부족: 거래량 0.35x / 거래대금 0.31x, 리스크 34 이상으로 신규 관심 제외, 전선 섹터 약세",수급 수집 실패,unavailable,0.0,0.0,강한 호재: 공급,google_news,"호재 뉴스: LS에코에너지, 베트남 초대형 AI 데이터센터 전력망 공급 (2026-05-14)",strong,"LS에코에너지, 베트남 초대형 AI 데이터센터 전력망 공급 (2026-05-14) | [특징주] LS에코에너지, 베트남 초대형 AI 데이터센터 전력망 공급 소식에…사상 최고가 (2026-05-14)","naver_daily, naver_realtime, news:google_news, flow:unavailable, intraday_1m",0.0,6.0,전선 섹터 약세,2026-05-19 21:07:50 PDT,23,"관망 · 호재 뉴스: LS에코에너지, 베트남 초대형 AI 데이터센터 전력망 공급 (2026-05-14)",선행 신호 대기,놓침 위험 낮음,시장 방어장 · 신규 매수는 작게,급변 신호 없음,"전선 흐름 · 평균 -8.50% · 거래량 0.6배 · 대표 가온전선, LS에코에너지, 대원전선",방어장 · 평균 -5.68% · 하락비중 91% · 현금 비중 높게,수급 수집 실패,전력 → 전선 → 구리 → 원전/데이터센터,"기준 현재가 74,600 · 손절 참고 65,648 · 1차 익절 참고 85,790",섹터 최대 호재: 데이터센터 전력,"호재 영향 예상: +6.6~+12.0% (83,552원 부근까지 시도) · 이탈 기준 70,572원","호재 뉴스: LS에코에너지, 베트남 초대형 AI 데이터센터 전력망 공급 (2026-05-14) · 섹터 최대 호재: 데이터센터 전력"
Magna,MG.TO,ok,캐나다,중간배당,0.679,3.383,4.15,2026-05-15,2026-08-14,91,중간배당 · 최근 0.68 CAD · 연 3.38 CAD · 배당률 4.15% · 최근 지급일 2026-05-15 · 다음 예상 2026-08-14,0.0,0.0,,,,0.0,0.0,,,0.0,,0.0,대기,,AI 관망,11,지금은 확실한 우위가 부족합니다.,캐나다/자동차부품,보류,🚫 제외,리스크 과다,5,41.0,20.0,12.0,0.0,7.0,2.0,36.0,False,False,중립장,11.0,81.58,81.58,fast_quote,calculated,0.0,-1.77,-0.9,1.39,1.36,True,161569193.0,44.9,False,3.81,일반 모멘텀,"추세 상승, 거래량 증가(1.4x), 뉴스 키워드: 강한 호재: 계약 / 악재: 감소, 하락","거래대금 부족, 뉴스 리스크: 강한 호재: 계약 / 악재: 감소, 하락, 리스크 36 이상으로 신규 관심 제외",수급 확인 불가,no_code,0.0,0.0,"강한 호재: 계약 / 악재: 감소, 하락",google_news,"악재 뉴스: 마그나, 유럽 완성차 업체와 운전자 모니터링 시스템 계약 체결 By Investing.com - Investing.com 한국어 (2026-05-19)",strong,"마그나, 유럽 완성차 업체와 운전자 모니터링 시스템 계약 체결 By Investing.com - Investing.com 한국어 (2026-05-19) | 마그나 인터내셔널 SWOT 분석: 자동차 부품주, 마진 시험대 오르다 - Investing.com 한국어 (2026-05-19)","yahoo_daily, fast_quote, news:google_news, flow:no_code",,,섹터 확인 부족,2026-05-19 21:07:50 PDT,12,"관망 · 거래량 1.4배 · 악재 뉴스: 마그나, 유럽 완성차 업체와 운전자 모니터링 시스템 계약 체결 By Investing.com - Investing",선행 신호 대기,놓침 위험 낮음,위험 신호 보통,급변 신호 없음,자동차부품 흐름 · 평균 -1.77% · 거래량 1.4배 · 대표 Magna,공격장 · 평균 +0.65% · 하락비중 30% · 관심 종목 압축,수급 확인 불가,대표 테마 연결 대기,기준 현재가 82 · 손절 참고 78 · 1차 익절 참고 85,"최대 호재: 판매 증가, 환율 수혜, 신차 효과, 전기차 보조금 / 최대 악재: 리콜, 파업, 관세, 판매 부진",악재 영향 예상: -3.1~-5.6% (76.97 CAD 부근까지 경계) · 회복 기준 83.21 CAD 돌파,"악재 뉴스: 마그나, 유럽 완성차 업체와 운전자 모니터링 시스템 계약 체결 By Investing.com - Investing.com 한국어 (2026-05-19) · 최대 호재: 판매 증가, 환율 수혜, 신차 효과, 전기차 보조금 / 최대 악재: 리콜, 파업, 관세, 판매 부진"
Texas Instruments,TXN,ok,미장,해당 없음,0.0,0.0,0.0,,,0,해당 없음,0.0,0.0,,,,0.0,0.0,,,0.0,,0.0,대기,,AI 관망,0,지금은 확실한 우위가 부족합니다.,미장/반도체,보류,대기,매매 근거 부족,5,22.0,20.0,0.0,0.0,0.0,2.0,17.0,False,False,중립장,11.0,302.31,302.31,fast_quote,calculated,0.0,0.57,-2.66,0.8,0.86,True,2205351432.0,77.1,False,3.38,일반 모멘텀,추세 상승,뉴스 리스크: 악재: 매각,수급 확인 불가,no_code,0.0,0.0,악재: 매각,google_news,"악재 뉴스: Navitas Semiconductor’s Revenue Fell 39% Year Over Year, but the Stock Is Up Nearl… (2026-05-20)",none,"Navitas Semiconductor’s Revenue Fell 39% Year Over Year, but the Stock Is Up Nearly 1,000% - TIKR.com (2026-05-20) | 트럼프 씨는 단 3개월 만에 7억 5천만 달러 상당의 주식 거래를 3,700건 이상 체결했습니다. - Vietnam.vn (2026-05-20)","yahoo_daily, fast_quote, news:google_news, flow:no_code",0.0,0.0,중립,2026-05-19 21:07:50 PDT,4,"관망 · 추격 부담 낮음 · 악재 뉴스: Navitas Semiconductor’s Revenue Fell 39% Year Over Year, but th",선행 신호 대기,놓침 위험 낮음,시장 방어장 · 신규 매수는 작게,급변 신호 없음,"반도체 흐름 · 평균 -0.98% · 거래량 0.8배 · 대표 Broadcom, Intel, Texas Instruments",방어장 · 평균 -0.75% · 하락비중 66% · 현금 비중 높게,수급 확인 불가,AI/반도체 → 전력 → 냉각 → 데이터센터 → 광통신,기준 현재가 302 · 손절 참고 292 · 1차 익절 참고 315,"최대 호재: HBM 수주, 엔비디아 공급, 장비 발주, 수율 개선 / 최대 악재: 어닝 쇼크, 컨센서스 하회, 수출 통제, 재고 급증",악재 영향 예상: -3.0~-4.5% (288.71 USD 부근까지 경계) · 회복 기준 308.36 USD 돌파,"악재 뉴스: Navitas Semiconductor’s Revenue Fell 39% Year Over Year, but the Stock Is Up Nearl… (2026-05-20) · 최대 호재: HBM 수주, 엔비디아 공급, 장비 발주, 수율 개선 / 최대 악재: 어닝 쇼크, 컨센서스 하회, 수출 통제, 재고 급증"
현대차,005380.KS,ok,국장,해당 없음,0.0,0.0,0.0,,,0,해당 없음,0.0,0.0,,,,0.0,0.0,,,-8.0,본장 전/초반 1시간 약세 · 초반 -3.01% · 방어 우선,6.0,양호,1분봉 양호 · 장중 -1.84% · 최근 +0.86%,AI 관망,1,지금은 확실한 우위가 부족합니다.,자동차,보류,🚫 제외,리스크 과다,4,48.0,46.0,0.0,0.0,0.0,2.0,44.0,False,False,중립장,11.0,589000.0,604000.0,naver_realtime,naver_realtime_calculated,-2.48,-11.16,-0.3,1.24,1.18,True,1578027596000.0,61.6,True,8.88,일반 모멘텀,"추세 상승, RSI 건강 구간, MACD 상승, 1분봉 양호 · 장중 -1.84% · 최근 +0.86%","변동성 과다, 뉴스 리스크: 악재: 하락, 본장 전/초반 1시간 약세 · 초반 -3.01% · 방어 우선, 리스크 38 이상으로 신규 관심 제외, 자동차 섹터 약세",수급 수집 실패,unavailable,0.0,0.0,악재: 하락,google_news,악재 뉴스: 하락장에 주식 초고수가 담은 종목은?...SK하이닉스 담고 현대차 팔았다 (2026-05-20),none,"하락장에 주식 초고수가 담은 종목은?...SK하이닉스 담고 현대차 팔았다 (2026-05-20) | 현대차 주가 장중 8%대 내려, 노사 갈등 고조에 그룹주 약세 (2026-05-19)","naver_daily, naver_realtime, news:google_news, flow:unavailable, intraday_1m",0.0,6.0,자동차 섹터 약세,2026-05-19 21:07:50 PDT,0,관망 · 거래량 1.2배 · 악재 뉴스: 하락장에 주식 초고수가 담은 종목은?...SK하이닉스 담고 현대차 팔았다 (2026-05-20),선행 신호 대기,놓침 위험 낮음,시장 방어장 · 신규 매수는 작게,급변 감지 · 당일 -11.16%,"자동차 흐름 · 평균 -9.86% · 거래량 1.1배 · 대표 현대차, 기아",방어장 · 평균 -5.68% · 하락비중 91% · 현금 비중 높게,수급 수집 실패,대표 테마 연결 대기,"기준 현재가 589,000 · 손절 참고 536,697 · 1차 익절 참고 654,379","최대 호재: 판매 증가, 환율 수혜, 신차 효과, 전기차 보조금 / 최대 악재: 리콜, 파업, 관세, 판매 부진","악재 영향 예상: -6.1~-11.1% (523,539원 부근까지 경계) · 회복 기준 612,536원 돌파","악재 뉴스: 하락장에 주식 초고수가 담은 종목은?...SK하이닉스 담고 현대차 팔았다 (2026-05-20) · 최대 호재: 판매 증가, 환율 수혜, 신차 효과, 전기차 보조금 / 최대 악재: 리콜, 파업, 관세, 판매 부진"
일진전기,103590.KS,ok,국장,해당 없음,0.0,0.0,0.0,,,0,해당 없음,0.0,0.0,,,,0.0,0.0,,,-8.0,본장 전/초반 1시간 약세 · 초반 -3.28% · 방어 우선,6.0,양호,1분봉 양호 · 장중 -6.17% · 최근 +0.41%,AI 관망,0,지금은 확실한 우위가 부족합니다.,전선/전력기기,보류,🚫 제외,리스크 과다,4,38.0,32.0,0.0,0.0,4.0,2.0,34.0,False,False,중립장,11.0,97900.0,105000.0,naver_realtime,naver_realtime_calculated,-6.76,-13.52,2.56,0.57,0.46,False,48376501800.0,46.9,False,12.92,일반 모멘텀,"추세 상승, 건전한 갭 상승, 뉴스 키워드: 보통 호재: 실적, 1분봉 양호 · 장중 -6.17% · 최근 +0.41%","변동성 과다, 본장 전/초반 1시간 약세 · 초반 -3.28% · 방어 우선, 매수 확인 부족: 거래량 0.57x / 거래대금 0.46x, 리스크 34 이상으로 신규 관심 제외",수급 수집 실패,unavailable,0.0,0.0,보통 호재: 실적,google_news,"호재 뉴스: 유안타證 “일진전기, 중전기로 달라진 이익체력...목표가 15만원” (2026-05-18)",medium,"유안타證 “일진전기, 중전기로 달라진 이익체력...목표가 15만원” (2026-05-18) | [모닝 리포트] 일진전기, 목표가 15만원 상향…중전기가 이익 주도 (2026-05-18)","naver_daily, naver_realtime, news:google_news, flow:unavailable, intraday_1m",,,섹터 확인 부족,2026-05-19 21:07:50 PDT,11,"관망 · 호재 뉴스: 유안타證 “일진전기, 중전기로 달라진 이익체력...목표가 15만원” (2026-05-18)",선행 신호 대기,놓침 위험 낮음,시장 방어장 · 신규 매수는 작게,급변 감지 · 당일 -13.52%,전선/전력기기 흐름 · 평균 -13.52% · 거래량 0.6배 · 대표 일진전기,방어장 · 평균 -5.68% · 하락비중 91% · 현금 비중 높게,수급 수집 실패,전력 → 전선 → 구리 → 원전/데이터센터,"기준 현재가 97,900 · 손절 참고 86,152 · 1차 익절 참고 112,585","최대 호재: 해저케이블 수주, 전력망 투자, 구리 가격 상승 수혜, 북미 수주 / 최대 악재: 구리 원가 급등, 공급 지연, 마진 하락, 수주 취소","호재 영향 예상: +5.0~+9.0% (106,711원 부근까지 시도) · 이탈 기준 92,613원","호재 뉴스: 유안타證 “일진전기, 중전기로 달라진 이익체력...목표가 15만원” (2026-05-18) · 최대 호재: 해저케이블 수주, 전력망 투자, 구리 가격 상승 수혜, 북미 수주 / 최대 악재: 구리 원가 급등, 공급 지연, 마진 하락, 수주 취소"
금호석유,011780.KS,ok,국장,해당 없음,0.0,0.0,0.0,,,0,해당 없음,0.0,0.0,,,,0.0,0.0,,,-8.0,본장 전/초반 1시간 약세 · 초반 -4.46% · 방어 우선,6.0,양호,1분봉 양호 · 장중 -5.40% · 최근 +0.23%,AI 관망,0,지금은 확실한 우위가 부족합니다.,화학,보류,🚫 제외,리스크 과다,4,44.0,42.0,0.0,0.0,0.0,2.0,40.0,False,False,중립장,11.0,132000.0,137600.0,naver_realtime,naver_realtime_calculated,-4.07,-7.69,0.07,0.46,0.42,False,8927820000.0,53.1,False,7.75,일반 모멘텀,"추세 상승, RSI 건강 구간, 건전한 갭 상승, 1분봉 양호 · 장중 -5.40% · 최근 +0.23%","변동성 과다, 뉴스 호재 강도 약함, 본장 전/초반 1시간 약세 · 초반 -4.46% · 방어 우선, 매수 확인 부족: 거래량 0.46x / 거래대금 0.42x, 리스크 34 이상으로 신규 관심 제외, 화학 섹터 약세",수급 수집 실패,unavailable,0.0,0.0,약한 호재: 확대,google_news,호재 뉴스: 자기주식매매 신청내역(유가증권시장) (2026-05-15),weak,"자기주식매매 신청내역(유가증권시장) (2026-05-15) | 합성고무 관련주, 전기차·소프트 로보틱스 확대로 수요 기대 : 네이버 블로그 (2026-05-15)","naver_daily, naver_realtime, news:google_news, flow:unavailable, intraday_1m",0.0,6.0,화학 섹터 약세,2026-05-19 21:07:50 PDT,9,관망 · 호재 뉴스: 자기주식매매 신청내역(유가증권시장) (2026-05-15),선행 신호 대기,놓침 위험 낮음,시장 방어장 · 신규 매수는 작게,급변 감지 · 당일 -7.69%,"화학 흐름 · 평균 -7.29% · 거래량 0.4배 · 대표 금호석유, 롯데케미칼",방어장 · 평균 -5.68% · 하락비중 91% · 현금 비중 높게,수급 수집 실패,대표 테마 연결 대기,"기준 현재가 132,000 · 손절 참고 121,770 · 1차 익절 참고 144,788","최대 호재: 수주, 계약, 실적 개선, 정책 수혜 / 최대 악재: 실적 부진, 규제, 원가 상승, 수요 둔화","호재 영향 예상: +3.2~+5.8% (139,672원 부근까지 시도) · 이탈 기준 127,396원","호재 뉴스: 자기주식매매 신청내역(유가증권시장) (2026-05-15) · 최대 호재: 수주, 계약, 실적 개선, 정책 수혜 / 최대 악재: 실적 부진, 규제, 원가 상승, 수요 둔화"
LS,006260.KS,ok,국장,해당 없음,0.0,0.0,0.0,,,0,해당 없음,0.0,0.0,,,,0.0,0.0,,,-8.0,본장 전/초반 1시간 약세 · 초반 -4.14% · 방어 우선,6.0,양호,1분봉 양호 · 장중 -8.55% · 최근 +0.72%,AI 관망,5,지금은 확실한 우위가 부족합니다.,전선/전력,보류,🚫 제외,리스크 과다,4,60.0,42.0,12.0,0.0,4.0,2.0,56.0,False,False,중립장,11.0,488500.0,541000.0,naver_realtime,naver_realtime_calculated,-9.7,-7.48,0.19,1.31,1.35,True,181800160000.0,65.8,False,11.11,일반 모멘텀,"추세 상승, 거래량 증가(1.3x), RSI 건강 구간, 건전한 갭 상승, 뉴스 키워드: 보통 호재: 투자 / 악재: 감소, 지분율, 주식등의 수, 1분봉 양호 · 장중 -8.55% · 최근 +0.72%","변동성 과다, 뉴스 리스크: 보통 호재: 투자 / 악재: 감소, 지분율, 주식등의 수, 본장 전/초반 1시간 약세 · 초반 -4.14% · 방어 우선, 리스크 50 이상으로 신규 관심 제외, 전선/전력 섹터 약세",수급 수집 실패,unavailable,0.0,0.0,"보통 호재: 투자 / 악재: 감소, 지분율, 주식등의 수",google_news,"악재 뉴스: 신한제12호스팩 주주 LS증권, 신한제12호스팩 주식등의 수 23만3496주 감소…총 지분율 1.68% (2026-05-19)",medium,"신한제12호스팩 주주 LS증권, 신한제12호스팩 주식등의 수 23만3496주 감소…총 지분율 1.68% (2026-05-19) | [생생한 주식쇼 생쇼] 구리 가격 사상 최고치 경신, 원자재 슈퍼 사이클과 LS의 재평가 (2026-05-14)","naver_daily, naver_realtime, news:google_news, flow:unavailable, intraday_1m",0.0,6.0,전선/전력 섹터 약세,2026-05-19 21:07:50 PDT,0,"관망 · 거래량 1.3배 · 악재 뉴스: 신한제12호스팩 주주 LS증권, 신한제12호스팩 주식등의 수 23만3496주 감소…총 지분율 1.68% (2026",선행 신호 대기,놓침 위험 낮음,시장 방어장 · 신규 매수는 작게,급변 감지 · 당일 -7.48%,"전선/전력 흐름 · 평균 -9.95% · 거래량 0.9배 · 대표 LS, 일진홀딩스",방어장 · 평균 -5.68% · 하락비중 91% · 현금 비중 높게,수급 수집 실패,전력 → 전선 → 구리 → 원전/데이터센터,"기준 현재가 488,500 · 손절 참고 434,228 · 1차 익절 참고 556,340","최대 호재: 해저케이블 수주, 전력망 투자, 구리 가격 상승 수혜, 북미 수주 / 최대 악재: 구리 원가 급등, 공급 지연, 마진 하락, 수주 취소","악재 영향 예상: -8.0~-14.5% (417,758원 부근까지 경계) · 회복 기준 512,923원 돌파","악재 뉴스: 신한제12호스팩 주주 LS증권, 신한제12호스팩 주식등의 수 23만3496주 감소…총 지분율 1.68% (2026-05-19) · 최대 호재: 해저케이블 수주, 전력망 투자, 구리 가격 상승 수혜, 북미 수주 / 최대 악재: 구리 원가 급등, 공급 지연, 마진 하락, 수주 취소"
한화,000880.KS,ok,국장,해당 없음,0.0,0.0,0.0,,,0,해당 없음,0.0,0.0,,,,0.0,0.0,,,-8.0,본장 전/초반 1시간 약세 · 초반 -5.18% · 방어 우선,6.0,양호,1분봉 양호 · 장중 -4.14% · 최근 +0.67%,AI 관망,0,지금은 확실한 우위가 부족합니다.,지주/방산,보류,🚫 제외,리스크 과다,4,38.0,32.0,0.0,0.0,4.0,2.0,34.0,False,False,중립장,11.0,120600.0,123000.0,naver_realtime,naver_realtime_calculated,-1.95,-4.44,0.71,0.74,0.65,False,27515975400.0,41.6,False,8.77,일반 모멘텀,"추세 상승, 건전한 갭 상승, 뉴스 키워드: 보통 호재: 투자, 1분봉 양호 · 장중 -4.14% · 최근 +0.67%","변동성 과다, 본장 전/초반 1시간 약세 · 초반 -5.18% · 방어 우선, 매수 확인 부족: 거래량 0.74x / 거래대금 0.65x, 리스크 34 이상으로 신규 관심 제외",수급 수집 실패,unavailable,0.0,0.0,보통 호재: 투자,google_news,호재 뉴스: “반도체 말고 뭐? 외국인 픽은 지주사”…한국주식 84조 팔면서도 SK·두산·한화 집중매수 (2026-05-19),medium,"“반도체 말고 뭐? 외국인 픽은 지주사”…한국주식 84조 팔면서도 SK·두산·한화 집중매수 (2026-05-19) | [11번 종투사]② 한화증권, 수익 안정에도 자기자본 3조 '숙제' (2026-05-18)","naver_daily, naver_realtime, news:google_news, flow:unavailable, intraday_1m",,,섹터 확인 부족,2026-05-19 21:07:50 PDT,12,관망 · 호재 뉴스: “반도체 말고 뭐? 외국인 픽은 지주사”…한국주식 84조 팔면서도 SK·두산·한화 집중매수 (2026-05-19),선행 신호 대기,놓침 위험 낮음,시장 방어장 · 신규 매수는 작게,급변 신호 없음,지주/방산 흐름 · 평균 -4.44% · 거래량 0.7배 · 대표 한화,방어장 · 평균 -5.68% · 하락비중 91% · 현금 비중 높게,수급 수집 실패,AI/반도체 → 전력 → 냉각 → 데이터센터 → 광통신,"기준 현재가 120,600 · 손절 참고 110,023 · 1차 익절 참고 133,821","최대 호재: 수주, 계약, 실적 개선, 정책 수혜 / 최대 악재: 실적 부진, 규제, 원가 상승, 수요 둔화","호재 영향 예상: +3.6~+6.6% (128,532원 부근까지 시도) · 이탈 기준 115,841원","호재 뉴스: “반도체 말고 뭐? 외국인 픽은 지주사”…한국주식 84조 팔면서도 SK·두산·한화 집중매수 (2026-05-19) · 최대 호재: 수주, 계약, 실적 개선, 정책 수혜 / 최대 악재: 실적 부진, 규제, 원가 상승, 수요 둔화"
삼성SDS,018260.KS,ok,국장,해당 없음,0.0,0.0,0.0,,,0,해당 없음,0.0,0.0,,,,0.0,0.0,,,-8.0,본장 전/초반 1시간 약세 · 초반 -3.71% · 방어 우선,6.0,양호,1분봉 양호 · 장중 -5.80% · 최근 +0.37%,AI 관망,0,지금은 확실한 우위가 부족합니다.,IT서비스,보류,🚫 제외,리스크 과다,4,38.0,36.0,0.0,0.0,0.0,2.0,34.0,False,False,중립장,11.0,163400.0,171000.0,naver_realtime,naver_realtime_calculated,-4.44,-9.52,-1.05,0.95,0.87,True,75442270200.0,51.1,False,6.32,일반 모멘텀,"추세 상승, RSI 건강 구간, 1분봉 양호 · 장중 -5.80% · 최근 +0.37%","변동성 과다, 뉴스 호재 강도 약함, 본장 전/초반 1시간 약세 · 초반 -3.71% · 방어 우선, 리스크 34 이상으로 신규 관심 제외",수급 수집 실패,unavailable,0.0,0.0,약한 호재: 돌파,google_news,"호재 뉴스: 이학수·김인주, 삼성SDS 상장 수천억대 차익 논란 (2026-05-16)",weak,"이학수·김인주, 삼성SDS 상장 수천억대 차익 논란 (2026-05-16) | 182,900원, 삼성에스디에스(주)의 시세는? (KRX:018260) 자세히 살펴볼 가치가 있습니까? - simplywall.st (2026-05-15)","naver_daily, naver_realtime, news:google_news, flow:unavailable, intraday_1m",,,섹터 확인 부족,2026-05-19 21:07:50 PDT,14,"관망 · 호재 뉴스: 이학수·김인주, 삼성SDS 상장 수천억대 차익 논란 (2026-05-16)",선행 신호 대기,놓침 위험 낮음,시장 방어장 · 신규 매수는 작게,급변 감지 · 당일 -9.52%,IT서비스 흐름 · 평균 -9.52% · 거래량 0.9배 · 대표 삼성SDS,방어장 · 평균 -5.68% · 하락비중 91% · 현금 비중 높게,수급 수집 실패,대표 테마 연결 대기,"기준 현재가 163,400 · 손절 참고 153,073 · 1차 익절 참고 176,309","최대 호재: 수주, 계약, 실적 개선, 정책 수혜 / 최대 악재: 실적 부진, 규제, 원가 상승, 수요 둔화","호재 영향 예상: +2.6~+4.7% (171,145원 부근까지 시도) · 이탈 기준 158,753원","호재 뉴스: 이학수·김인주, 삼성SDS 상장 수천억대 차익 논란 (2026-05-16) · 최대 호재: 수주, 계약, 실적 개선, 정책 수혜 / 최대 악재: 실적 부진, 규제, 원가 상승, 수요 둔화"
goeasy,GSY.TO,ok,캐나다,저배당,1.46,7.01,21.51,2025-12-24,2026-03-25,91,저배당 · 최근 1.46 CAD · 연 7.01 CAD · 배당률 21.51% · 최근 지급일 2025-12-24 · 다음 예상 2026-03-25,0.0,0.0,,,,0.0,0.0,,,0.0,,0.0,대기,,AI 관망,0,이미 많이 오른 구간이라 신규 매수보다 눌림 확인이 우선입니다.,캐나다/금융,보류,🚫 제외,리스크 과다,4,40.0,26.0,12.0,0.0,0.0,2.0,36.0,False,True,중립장,11.0,32.59,32.59,fast_quote,calculated,0.0,8.67,0.13,1.33,1.37,True,11882314.0,53.0,True,5.81,일반 모멘텀,"거래량 증가(1.3x), RSI 건강 구간, MACD 상승, 건전한 갭 상승","당일 급등 후 추격 위험, 거래대금 부족, 리스크 36 이상으로 신규 관심 제외",수급 확인 불가,no_code,0.0,0.0,뉴스 수집 실패,none,뉴스를 가져오지 못해 가격 흐름만 참고하세요.,none,-,"yahoo_daily, fast_quote, news:none, flow:no_code",,,섹터 확인 부족,2026-05-19 21:07:50 PDT,8,관망 · 거래량 1.3배 · 추격 부담 높음 · 뉴스를 가져오지 못해 가격 흐름만 참고하세요. · 놓친 상승 복기: 이전 놓친 상승 패턴 1회 / goeasy 개별 실패 복기 1회,추격 주의 · 이미 오른 구간이라 눌림 확인 우선,놓침 위험 낮음,위험 신호 보통,급변 감지 · 당일 +8.67%,금융 흐름 · 평균 +8.67% · 거래량 1.3배 · 대표 goeasy,공격장 · 평균 +0.65% · 하락비중 30% · 관심 종목 압축,수급 확인 불가,대표 테마 연결 대기,기준 현재가 33 · 손절 참고 31 · 1차 익절 참고 35,"최대 호재: 금리 수혜, 주주환원, 배당 확대, 자사주 / 최대 악재: PF 손실, 충당금, 연체율, 규제",뉴스 영향 예상: 방향성 약함 · 가격/거래량 확인 우선,"뉴스를 가져오지 못해 가격 흐름만 참고하세요. · 최대 호재: 금리 수혜, 주주환원, 배당 확대, 자사주 / 최대 악재: PF 손실, 충당금, 연체율, 규제"
Snowflake,SNOW,ok,미장,해당 없음,0.0,0.0,0.0,,,0,해당 없음,0.0,0.0,,,,0.0,0.0,,,0.0,,0.0,대기,,AI 관망,0,지금은 확실한 우위가 부족합니다.,미장/데이터,보류,🚫 제외,리스크 과다,4,39.0,25.0,12.0,0.0,0.0,2.0,35.0,False,True,중립장,11.0,169.55,169.55,fast_quote,calculated,0.0,3.23,5.01,1.66,1.88,True,2093620392.0,76.0,True,5.21,일반 모멘텀,"거래량 증가(1.7x), 20일 고점 돌파, MACD 상승","갭 상승 과열, 20일 범위 상단 추격, 뉴스 리스크: 악재: 하락, 리스크 35 이상으로 신규 관심 제외",수급 확인 불가,no_code,0.0,0.0,악재: 하락,google_news,"악재 뉴스: 뉴스 비트: Scality, AWS, Snowflake, Canonical, KIOXIA, EnGenius, VAST Data, Datadobi 및… (2026-05-15)",none,"뉴스 비트: Scality, AWS, Snowflake, Canonical, KIOXIA, EnGenius, VAST Data, Datadobi 및 Cloudian - StorageReview.com (2026-05-15) | TradingKey (2026-05-12)","yahoo_daily, fast_quote, news:google_news, flow:no_code",,,섹터 확인 부족,2026-05-19 21:07:50 PDT,20,"관망 · 거래량 1.7배 · 추격 부담 낮음 · 악재 뉴스: 뉴스 비트: Scality, AWS, Snowflake, Canonical, KIOXIA, EnGenius, VA",선행 신호 대기,놓침 위험 낮음,시장 방어장 · 신규 매수는 작게,급변 신호 없음,데이터 흐름 · 평균 +3.23% · 거래량 1.7배 · 대표 Snowflake,방어장 · 평균 -0.75% · 하락비중 66% · 현금 비중 높게,수급 확인 불가,대표 테마 연결 대기,기준 현재가 170 · 손절 참고 161 · 1차 익절 참고 181,"최대 호재: 수주, 계약, 실적 개선, 정책 수혜 / 최대 악재: 실적 부진, 규제, 원가 상승, 수요 둔화",악재 영향 예상: -4.3~-7.8% (156.28 USD 부근까지 경계) · 회복 기준 173.53 USD 돌파,"악재 뉴스: 뉴스 비트: Scality, AWS, Snowflake, Canonical, KIOXIA, EnGenius, VAST Data, Datadobi 및… (2026-05-15) · 최대 호재: 수주, 계약, 실적 개선, 정책 수혜 / 최대 악재: 실적 부진, 규제, 원가 상승, 수요 둔화"
Intuitive Surgical,ISRG,ok,미장,해당 없음,0.0,0.0,0.0,,,0,해당 없음,0.0,0.0,,,,0.0,0.0,,,0.0,,0.0,대기,,AI 관망,23,지금은 확실한 우위가 부족합니다.,미장/의료장비,보류,대기,매매 근거 부족,4,15.0,6.0,0.0,0.0,7.0,2.0,11.0,False,False,중립장,11.0,441.58,441.58,fast_quote,calculated,0.0,0.38,0.2,1.17,1.14,True,1235629118.0,43.2,False,2.92,일반 모멘텀,"건전한 갭 상승, 뉴스 키워드: 보통 호재: 투자 / 약한 호재: 상승",-,수급 확인 불가,no_code,0.0,0.0,보통 호재: 투자 / 약한 호재: 상승,google_news,호재 뉴스: “외국인 주식 발빼는 이유 이거였나”…미국 10년물 금리 15개월래 최고 (2026-05-19),medium,“외국인 주식 발빼는 이유 이거였나”…미국 10년물 금리 15개월래 최고 (2026-05-19) | Intuitive Surgical Inc (ISRG) 주식 움직였습니다 상승 3.76%에 5월18일: 투자자가 알아야 할 정보 (2026-05-19),"yahoo_daily, fast_quote, news:google_news, flow:no_code",,,섹터 확인 부족,2026-05-19 21:07:50 PDT,56,관망 · 추격 부담 낮음 · 호재 뉴스: “외국인 주식 발빼는 이유 이거였나”…미국 10년물 금리 15개월래 최고 (2026-05-19),선행 신호 대기,놓침 위험 낮음,시장 방어장 · 신규 매수는 작게,급변 신호 없음,의료장비 흐름 · 평균 +0.38% · 거래량 1.2배 · 대표 Intuitive Surgical,방어장 · 평균 -0.75% · 하락비중 66% · 현금 비중 높게,수급 확인 불가,의료/제약 → 임상/승인 → 장비/소모품,기준 현재가 442 · 손절 참고 428 · 1차 익절 참고 459,"최대 호재: FDA 승인, 임상 성공, 기술수출, 품목허가 / 최대 악재: 임상 실패, 허가 지연, 부작용, 소송",호재 영향 예상: +2.0~+3.2% (455.71 USD 부근까지 시도) · 이탈 기준 432.75 USD,"호재 뉴스: “외국인 주식 발빼는 이유 이거였나”…미국 10년물 금리 15개월래 최고 (2026-05-19) · 최대 호재: FDA 승인, 임상 성공, 기술수출, 품목허가 / 최대 악재: 임상 실패, 허가 지연, 부작용, 소송"
GE Aerospace,GE,ok,미장,해당 없음,0.0,0.0,0.0,,,0,해당 없음,0.0,0.0,,,,0.0,0.0,,,0.0,,0.0,대기,,AI 관망,8,지금은 확실한 우위가 부족합니다.,미장/항공,보류,대기,매매 근거 부족,4,23.0,10.0,0.0,0.0,11.0,2.0,19.0,False,False,중립장,11.0,285.28,285.28,fast_quote,calculated,0.0,-0.25,-0.42,0.81,0.8,False,1494153993.0,51.1,False,3.18,일반 모멘텀,"RSI 건강 구간, 뉴스 키워드: 강한 호재: 계약 / 보통 호재: 투자 / 악재: 하락","뉴스 리스크: 강한 호재: 계약 / 보통 호재: 투자 / 악재: 하락, 매수 확인 부족: 거래량 0.81x / 거래대금 0.80x",수급 확인 불가,no_code,0.0,0.0,강한 호재: 계약 / 보통 호재: 투자 / 악재: 하락,google_news,"악재 뉴스: 일본항공, GE Aerospace와 10년 유지보수 계약 체결 - Investing.com 한국어 (2026-05-19)",strong,"일본항공, GE Aerospace와 10년 유지보수 계약 체결 - Investing.com 한국어 (2026-05-19) | Kratos Defense (KOTS): 미국 군대를 드론 시대에 맞게 업데이트 - Securities.io (2026-05-18)","yahoo_daily, fast_quote, news:google_news, flow:no_code",0.0,0.0,중립,2026-05-19 21:07:50 PDT,21,"관망 · 추격 부담 낮음 · 악재 뉴스: 일본항공, GE Aerospace와 10년 유지보수 계약 체결 - Investing.com 한국어 (2026-05",선행 신호 대기,놓침 위험 낮음,시장 방어장 · 신규 매수는 작게,급변 신호 없음,"항공 흐름 · 평균 -1.40% · 거래량 0.8배 · 대표 GE Aerospace, Boeing",방어장 · 평균 -0.75% · 하락비중 66% · 현금 비중 높게,수급 확인 불가,우주항공 → 위성 → 통신장비 → 소재,기준 현재가 285 · 손절 참고 276 · 1차 익절 참고 297,섹터 최대 호재: 계약,악재 영향 예상: -3.0~-4.5% (272.44 USD 부근까지 경계) · 회복 기준 290.99 USD 돌파,"악재 뉴스: 일본항공, GE Aerospace와 10년 유지보수 계약 체결 - Investing.com 한국어 (2026-05-19) · 섹터 최대 호재: 계약"
Southern,SO,ok,미장,해당 없음,0.0,0.0,0.0,,,0,해당 없음,0.0,0.0,,,,0.0,0.0,,,0.0,,0.0,대기,,AI 관망,12,지금은 확실한 우위가 부족합니다.,미장/전력,보류,🚫 제외,리스크 과다,4,38.0,20.0,12.0,0.0,4.0,2.0,34.0,False,False,중립장,11.0,94.14,94.14,fast_quote,calculated,0.0,0.46,-0.16,1.51,1.52,True,791519700.0,55.0,True,1.78,일반 모멘텀,"거래량 증가(1.5x), RSI 건강 구간, MACD 상승, 뉴스 키워드: 보통 호재: 투자 / 악재: 하락","거래대금 부족, 뉴스 리스크: 보통 호재: 투자 / 악재: 하락, 리스크 34 이상으로 신규 관심 제외",수급 확인 불가,no_code,0.0,0.0,보통 호재: 투자 / 악재: 하락,google_news,악재 뉴스: Union Pacific Stock Rises After Q1 Beat and Norfolk Southern Merger Filing: What C… (2026-05-19),medium,Union Pacific Stock Rises After Q1 Beat and Norfolk Southern Merger Filing: What Comes Next - TIKR.com (2026-05-19) | Southern Copper Corp (SCCO) 주식 움직였습니다 하락 3.86%에 5월18일: 변동을 뒷받침하는 사실 (2026-05-19),"yahoo_daily, fast_quote, news:google_news, flow:no_code",0.0,0.0,중립,2026-05-19 21:07:50 PDT,28,관망 · 거래량 1.5배 · 추격 부담 낮음 · 악재 뉴스: Union Pacific Stock Rises After Q1 Beat and Norfolk Southern Me,선행 신호 대기,놓침 위험 낮음,시장 방어장 · 신규 매수는 작게,급변 신호 없음,"전력 흐름 · 평균 +0.94% · 거래량 1.3배 · 대표 Southern, Duke Energy, American Electric Power",방어장 · 평균 -0.75% · 하락비중 66% · 현금 비중 높게,수급 확인 불가,전력 → 전선 → 구리 → 원전/데이터센터,기준 현재가 94 · 손절 참고 91 · 1차 익절 참고 98,"최대 호재: 전력망 투자, 변압기 수주, 데이터센터 전력, 송전망 증설 / 최대 악재: 정책 지연, 원가 상승, 납기 지연, 안전사고",악재 영향 예상: -3.0~-4.5% (89.90 USD 부근까지 경계) · 회복 기준 96.02 USD 돌파,"악재 뉴스: Union Pacific Stock Rises After Q1 Beat and Norfolk Southern Merger Filing: What C… (2026-05-19) · 최대 호재: 전력망 투자, 변압기 수주, 데이터센터 전력, 송전망 증설 / 최대 악재: 정책 지연, 원가 상승, 납기 지연, 안전사고"
빙그레,005180.KS,ok,국장,해당 없음,0.0,0.0,0.0,,,0,해당 없음,0.0,0.0,,,,0.0,0.0,,,-8.0,본장 전/초반 1시간 약세 · 초반 -1.73% · 방어 우선,0.0,중립,1분봉 중립 · 장중 -2.12% · 최근 -0.41%,AI 관망,7,지금은 확실한 우위가 부족합니다.,음식료,보류,🚫 제외,리스크 과다,3,28.0,26.0,0.0,0.0,0.0,2.0,25.0,False,False,중립장,11.0,73800.0,75900.0,naver_realtime,naver_realtime_calculated,-2.77,-1.07,0.94,1.28,1.26,True,5448654000.0,50.9,True,3.07,일반 모멘텀,"RSI 건강 구간, MACD 상승, 건전한 갭 상승","본장 전/초반 1시간 약세 · 초반 -1.73% · 방어 우선, 음식료 섹터 약세",수급 수집 실패,unavailable,0.0,0.0,뉴스 중립,google_news,"관련 뉴스: 하이트진로 장인섭 대표·임원진, 자사주 매입…책임경영 강화 - biz.sbs.co.kr. (2026-05-18)",none,"하이트진로 장인섭 대표·임원진, 자사주 매입…책임경영 강화 - biz.sbs.co.kr. (2026-05-18) | 빙그레, 김호연 회장 차남 김동만 사장으로 선임…해외사업 담당 - biz.sbs.co.kr. (2026-05-18)","naver_daily, naver_realtime, news:google_news, flow:unavailable, intraday_1m",0.0,6.0,음식료 섹터 약세,2026-05-19 21:07:50 PDT,9,"관망 · 거래량 1.3배 · 관련 뉴스: 하이트진로 장인섭 대표·임원진, 자사주 매입…책임경영 강화 - biz.sbs.co.kr. (2026-05-18)",선행 신호 대기,놓침 위험 낮음,시장 방어장 · 신규 매수는 작게,급변 신호 없음,"음식료 흐름 · 평균 -2.05% · 거래량 1.1배 · 대표 농심, 삼양식품, 롯데웰푸드",방어장 · 평균 -5.68% · 하락비중 91% · 현금 비중 높게,수급 수집 실패,대표 테마 연결 대기,"기준 현재가 73,800 · 손절 참고 71,534 · 1차 익절 참고 76,752","최대 호재: 가격 인상, 수출 증가, K푸드, 마진 개선 / 최대 악재: 원가 상승, 리콜, 식품 사고, 소비 둔화",뉴스 영향 예상: 방향성 약함 · 가격/거래량 확인 우선,"관련 뉴스: 하이트진로 장인섭 대표·임원진, 자사주 매입…책임경영 강화 - biz.sbs.co.kr. (2026-05-18) · 최대 호재: 가격 인상, 수출 증가, K푸드, 마진 개선 / 최대 악재: 원가 상승, 리콜, 식품 사고, 소비 둔화"
GKL,114090.KS,ok,국장,해당 없음,0.0,0.0,0.0,,,0,해당 없음,0.0,0.0,,,,0.0,0.0,,,-8.0,본장 전/초반 1시간 약세 · 초반 -3.50% · 방어 우선,0.0,중립,1분봉 중립 · 장중 -4.92% · 최근 -0.09%,AI 관망,0,지금은 확실한 우위가 부족합니다.,카지노/관광,보류,🚫 제외,리스크 과다,3,28.0,26.0,0.0,0.0,0.0,2.0,25.0,False,False,중립장,11.0,11480.0,11870.0,naver_realtime,naver_realtime_calculated,-3.29,-5.75,1.31,0.97,0.93,True,4446835400.0,50.8,True,4.37,일반 모멘텀,"RSI 건강 구간, MACD 상승, 건전한 갭 상승","본장 전/초반 1시간 약세 · 초반 -3.50% · 방어 우선, 카지노/관광 섹터 약세",수급 수집 실패,unavailable,0.0,0.0,뉴스 중립,google_news,"관련 뉴스: GKL, 외형 성장 계속된다..'매수'-한국 (2026-05-20)",none,"GKL, 외형 성장 계속된다..'매수'-한국 (2026-05-20) | [모닝리포트] 2026년 5월 13일: S-Oil, 코스맥스, 달바글로벌, 신세계, 한샘, 대웅제약, 현대글로비스, 펄어비스, 한화생명, GKL, NHN KCP (2026-05-13)","naver_daily, naver_realtime, news:google_news, flow:unavailable, intraday_1m",0.0,6.0,카지노/관광 섹터 약세,2026-05-19 21:07:50 PDT,3,"관망 · 관련 뉴스: GKL, 외형 성장 계속된다..'매수'-한국 (2026-05-20)",선행 신호 대기,놓침 위험 낮음,시장 방어장 · 신규 매수는 작게,급변 신호 없음,"카지노/관광 흐름 · 평균 -4.21% · 거래량 1.0배 · 대표 GKL, 롯데관광개발, 강원랜드",방어장 · 평균 -5.68% · 하락비중 91% · 현금 비중 높게,수급 수집 실패,대표 테마 연결 대기,"기준 현재가 11,480 · 손절 참고 10,978 · 1차 익절 참고 12,107","최대 호재: 수주, 계약, 실적 개선, 정책 수혜 / 최대 악재: 실적 부진, 규제, 원가 상승, 수요 둔화",뉴스 영향 예상: 방향성 약함 · 가격/거래량 확인 우선,"관련 뉴스: GKL, 외형 성장 계속된다..'매수'-한국 (2026-05-20) · 최대 호재: 수주, 계약, 실적 개선, 정책 수혜 / 최대 악재: 실적 부진, 규제, 원가 상승, 수요 둔화"
KBI메탈,024840.KQ,ok,국장,해당 없음,0.0,0.0,0.0,,,0,해당 없음,0.0,0.0,,,,0.0,0.0,,,-8.0,본장 전/초반 1시간 약세 · 초반 -7.33% · 방어 우선,6.0,양호,1분봉 양호 · 장중 -11.33% · 최근 +1.53%,AI 관망,0,지금은 확실한 우위가 부족합니다.,전선/구리,보류,🚫 제외,리스크 과다,3,41.0,36.0,0.0,0.0,3.0,2.0,38.0,False,False,중립장,11.0,5280.0,6420.0,naver_realtime,naver_realtime_calculated,-17.76,-21.78,0.0,0.27,0.22,False,16870027680.0,65.4,False,40.95,일반 모멘텀,"추세 상승, RSI 건강 구간, 뉴스 키워드: 약한 호재: 상승, 확대 / 악재: 하락, 1분봉 양호 · 장중 -11.33% · 최근 +1.53%","변동성 과다, 뉴스 호재 강도 약함, 뉴스 리스크: 약한 호재: 상승, 확대 / 악재: 하락, 본장 전/초반 1시간 약세 · 초반 -7.33% · 방어 우선, 매수 확인 부족: 거래량 0.27x / 거래대금 0.22x, 리스크 38 이상으로 신규 관심 제외",수급 수집 실패,unavailable,0.0,0.0,"약한 호재: 상승, 확대 / 악재: 하락",google_news,"악재 뉴스: KBI메탈, +1.05% 상승폭 확대 (2026-05-14)",weak,"KBI메탈, +1.05% 상승폭 확대 (2026-05-14) | KBI메탈 주가, 5월 14일 장중 7,995원 4.65% 상승 (2026-05-14)","naver_daily, naver_realtime, news:google_news, flow:unavailable, intraday_1m",,,섹터 확인 부족,2026-05-19 21:07:50 PDT,0,"관망 · 악재 뉴스: KBI메탈, +1.05% 상승폭 확대 (2026-05-14)",선행 신호 대기,놓침 위험 낮음,시장 방어장 · 신규 매수는 작게,급변 감지 · 당일 -21.78%,전선/구리 흐름 · 평균 -21.78% · 거래량 0.3배 · 대표 KBI메탈,방어장 · 평균 -5.68% · 하락비중 91% · 현금 비중 높게,수급 수집 실패,전력 → 전선 → 구리 → 원전/데이터센터,"기준 현재가 5,280 · 손절 참고 4,646 · 1차 익절 참고 6,072","최대 호재: 해저케이블 수주, 전력망 투자, 구리 가격 상승 수혜, 북미 수주 / 최대 악재: 구리 원가 급등, 공급 지연, 마진 하락, 수주 취소","악재 영향 예상: -7.7~-14.1% (4,537원 부근까지 경계) · 회복 기준 5,565원 돌파","악재 뉴스: KBI메탈, +1.05% 상승폭 확대 (2026-05-14) · 최대 호재: 해저케이블 수주, 전력망 투자, 구리 가격 상승 수혜, 북미 수주 / 최대 악재: 구리 원가 급등, 공급 지연, 마진 하락, 수주 취소"
3M,MMM,ok,미장,해당 없음,0.0,0.0,0.0,,,0,해당 없음,0.0,0.0,,,,0.0,0.0,,,0.0,,0.0,대기,,AI 관망,14,지금은 확실한 우위가 부족합니다.,미장/산업재,보류,🚫 제외,리스크 과다,3,29.0,20.0,0.0,0.0,7.0,2.0,26.0,False,False,중립장,11.0,149.36,149.36,fast_quote,calculated,0.0,-2.08,-0.77,1.09,1.12,True,691432250.0,58.5,True,2.53,일반 모멘텀,"RSI 건강 구간, MACD 상승, 뉴스 키워드: 보통 호재: 투자 / 약한 호재: 돌파","거래대금 부족, 리스크 26 이상으로 신규 관심 제외",수급 확인 불가,no_code,0.0,0.0,보통 호재: 투자 / 약한 호재: 돌파,google_news,호재 뉴스: 최근 주가 반등 이후 3M (MMM)을 재평가 할 때인가? - simplywall.st (2026-05-20),medium,최근 주가 반등 이후 3M (MMM)을 재평가 할 때인가? - simplywall.st (2026-05-20) | 꿈의 ‘팔천피’ 돌파 임박…‘3M 랠리’에 힘 받는 코스피 - v.daum.net (2026-05-14),"yahoo_daily, fast_quote, news:google_news, flow:no_code",0.0,0.0,중립,2026-05-19 21:07:50 PDT,34,관망 · 호재 뉴스: 최근 주가 반등 이후 3M (MMM)을 재평가 할 때인가? - simplywall.st (2026-05-20),선행 신호 대기,놓침 위험 낮음,시장 방어장 · 신규 매수는 작게,급변 신호 없음,"산업재 흐름 · 평균 -0.85% · 거래량 1.2배 · 대표 Honeywell, Caterpillar, 3M",방어장 · 평균 -0.75% · 하락비중 66% · 현금 비중 높게,수급 확인 불가,대표 테마 연결 대기,기준 현재가 149 · 손절 참고 145 · 1차 익절 참고 155,"최대 호재: 수주, 계약, 실적 개선, 정책 수혜 / 최대 악재: 실적 부진, 규제, 원가 상승, 수요 둔화",호재 영향 예상: +2.0~+3.2% (154.14 USD 부근까지 시도) · 이탈 기준 146.37 USD,"호재 뉴스: 최근 주가 반등 이후 3M (MMM)을 재평가 할 때인가? - simplywall.st (2026-05-20) · 최대 호재: 수주, 계약, 실적 개선, 정책 수혜 / 최대 악재: 실적 부진, 규제, 원가 상승, 수요 둔화"
NextEra Energy,NEE,ok,미장,해당 없음,0.0,0.0,0.0,,,0,해당 없음,0.0,0.0,,,,0.0,0.0,,,0.0,,0.0,대기,,AI 관망,7,지금은 확실한 우위가 부족합니다.,미장/전력에너지,보류,대기,매매 근거 부족,3,22.0,0.0,20.0,0.0,0.0,2.0,19.0,False,False,중립장,11.0,90.06,90.06,fast_quote,calculated,0.0,1.15,-0.1,2.27,2.18,True,2318585631.0,40.1,False,2.87,거래량 폭발,거래량/거래대금 폭발(2.3x/2.2x),뉴스 리스크: 악재: 하락,수급 확인 불가,no_code,0.0,0.0,악재: 하락,google_news,"악재 뉴스: “AI 데이터센터 전력 싹쓸이”···넥스트에라·도미니언 합병, ‘세계 최대 전력 제국’ 탄생 (2026-05-19)",none,"“AI 데이터센터 전력 싹쓸이”···넥스트에라·도미니언 합병, ‘세계 최대 전력 제국’ 탄생 (2026-05-19) | 넥스트에라와 도미니언 합병 논의로 AI 전력 성장 서사 분기점 - simplywall.st (2026-05-19)","yahoo_daily, fast_quote, news:google_news, flow:no_code",0.0,0.0,중립,2026-05-19 21:07:50 PDT,38,"관망 · 거래량 2.3배 · 추격 부담 낮음 · 악재 뉴스: “AI 데이터센터 전력 싹쓸이”···넥스트에라·도미니언 합병, ‘세계 최대 전력 제국’ 탄생 (2026-05-19",선행 신호 대기,놓칠 가능성 높음,시장 방어장 · 신규 매수는 작게,뉴스+거래량 동시 감지,"전력에너지 흐름 · 평균 +0.55% · 거래량 1.5배 · 대표 NextEra Energy, GE Vernova",방어장 · 평균 -0.75% · 하락비중 66% · 현금 비중 높게,수급 확인 불가,전력 → 전선 → 구리 → 원전/데이터센터,기준 현재가 90 · 손절 참고 87 · 1차 익절 참고 94,섹터 최대 호재: 데이터센터 전력,악재 영향 예상: -3.0~-4.9% (85.61 USD 부근까지 경계) · 회복 기준 91.86 USD 돌파,"악재 뉴스: “AI 데이터센터 전력 싹쓸이”···넥스트에라·도미니언 합병, ‘세계 최대 전력 제국’ 탄생 (2026-05-19) · 섹터 최대 호재: 데이터센터 전력"
텔레칩스,054450.KQ,ok,국장,해당 없음,0.0,0.0,0.0,,,0,해당 없음,0.0,0.0,,,,0.0,0.0,,,-8.0,본장 전/초반 1시간 약세 · 초반 -2.01% · 방어 우선,0.0,중립,1분봉 중립 · 장중 -3.78% · 최근 -0.46%,AI 관망,0,지금은 확실한 우위가 부족합니다.,반도체/자율주행,보류,🚫 제외,리스크 과다,2,42.0,40.0,0.0,0.0,0.0,2.0,40.0,False,False,중립장,11.0,15290.0,15920.0,naver_realtime,naver_realtime_calculated,-3.96,-7.33,-2.0,0.54,0.5,False,4949265970.0,57.5,True,8.48,일반 모멘텀,"추세 상승, RSI 건강 구간, MACD 상승","변동성 과다, 뉴스 호재 강도 약함, 본장 전/초반 1시간 약세 · 초반 -2.01% · 방어 우선, 매수 확인 부족: 거래량 0.54x / 거래대금 0.50x, 리스크 34 이상으로 신규 관심 제외, 반도체/자율주행 섹터 약세",수급 수집 실패,unavailable,0.0,0.0,약한 호재: 상승,google_news,호재 뉴스: 곽노정 사장은 '주식 부자'...SK하이닉스 주식가치 29.5억에서 282억으로 급증 (2026-05-14),weak,"곽노정 사장은 '주식 부자'...SK하이닉스 주식가치 29.5억에서 282억으로 급증 (2026-05-14) | 특징주, 텔레칩스-온디바이스 AI 테마 상승세에 5.02% ↑ (2026-05-13)","naver_daily, naver_realtime, news:google_news, flow:unavailable, intraday_1m",0.0,6.0,반도체/자율주행 섹터 약세,2026-05-19 21:07:50 PDT,9,관망 · 호재 뉴스: 곽노정 사장은 '주식 부자'...SK하이닉스 주식가치 29.5억에서 282억으로 급증 (2026-05-14),"조용한 자금 후보 · ok · 점수 38 · 10만원 이하(15,300원) / 초기 RSI 55.0 / 뉴스 트리거 투자, 실적, 공급",놓침 위험 낮음,시장 방어장 · 신규 매수는 작게,급변 감지 · 당일 -7.33%,"반도체/자율주행 흐름 · 평균 -10.32% · 거래량 0.6배 · 대표 텔레칩스, 넥스트칩",방어장 · 평균 -5.68% · 하락비중 91% · 현금 비중 높게,수급 수집 실패,AI/반도체 → 전력 → 냉각 → 데이터센터 → 광통신,"기준 현재가 15,290 · 손절 참고 13,993 · 1차 익절 참고 16,911","최대 호재: HBM 수주, 엔비디아 공급, 장비 발주, 수율 개선 / 최대 악재: 어닝 쇼크, 컨센서스 하회, 수출 통제, 재고 급증","호재 영향 예상: +3.5~+6.4% (16,262원 부근까지 시도) · 이탈 기준 14,707원","호재 뉴스: 곽노정 사장은 '주식 부자'...SK하이닉스 주식가치 29.5억에서 282억으로 급증 (2026-05-14) · 최대 호재: HBM 수주, 엔비디아 공급, 장비 발주, 수율 개선 / 최대 악재: 어닝 쇼크, 컨센서스 하회, 수출 통제, 재고 급증"
두산로보틱스,454910.KS,ok,국장,해당 없음,0.0,0.0,0.0,,,0,해당 없음,0.0,0.0,,,,0.0,0.0,,,-8.0,본장 전/초반 1시간 약세 · 초반 -5.93% · 방어 우선,6.0,양호,1분봉 양호 · 장중 -7.61% · 최근 +0.32%,AI 관망,0,지금은 확실한 우위가 부족합니다.,로봇,보류,🚫 제외,리스크 과다,2,58.0,36.0,20.0,0.0,0.0,2.0,56.0,False,False,중립장,11.0,93700.0,100100.0,naver_realtime,naver_realtime_calculated,-6.39,-20.53,-8.23,4.04,3.49,True,712987568300.0,49.3,True,12.33,거래량 폭발,"추세 상승, 거래량/거래대금 폭발(4.0x/3.5x), MACD 상승, 1분봉 양호 · 장중 -7.61% · 최근 +0.32%","갭 하락 경계, 변동성 과다, 뉴스 리스크: 악재: 매각, 본장 전/초반 1시간 약세 · 초반 -5.93% · 방어 우선, 리스크 50 이상으로 신규 관심 제외, 로봇 섹터 약세",수급 수집 실패,unavailable,0.0,0.0,악재: 매각,google_news,악재 뉴스: 두산로보틱스 5376억원 규모 블록딜 (2026-05-19),none,"두산로보틱스 5376억원 규모 블록딜 (2026-05-19) | 두산로보틱스, 5300억 PRS 블록딜 (2026-05-19)","naver_daily, naver_realtime, news:google_news, flow:unavailable, intraday_1m",0.0,6.0,로봇 섹터 약세,2026-05-19 21:07:50 PDT,3,관망 · 거래량 4.0배 · 악재 뉴스: 두산로보틱스 5376억원 규모 블록딜 (2026-05-19),선행 신호 대기,놓칠 가능성 높음,급락 위험 · 거래량 4.0배 동반 하락,급변 감지 · 당일 -20.53%,"로봇 흐름 · 평균 -15.66% · 거래량 1.2배 · 대표 두산로보틱스, 에브리봇, 유일로보틱스",방어장 · 평균 -5.68% · 하락비중 91% · 현금 비중 높게,수급 수집 실패,로봇 → 감속기 → 자동화 장비 → 센서,"기준 현재가 93,700 · 손절 참고 82,456 · 1차 익절 참고 107,755","최대 호재: 대기업 투자, 로봇 공급계약, 자동화 수요, 감속기 수주 / 최대 악재: 실적 부진, 수주 지연, 경쟁 심화, 적자 확대","악재 영향 예상: -10.1~-18.4% (76,458원 부근까지 경계) · 회복 기준 98,760원 돌파","악재 뉴스: 두산로보틱스 5376억원 규모 블록딜 (2026-05-19) · 최대 호재: 대기업 투자, 로봇 공급계약, 자동화 수요, 감속기 수주 / 최대 악재: 실적 부진, 수주 지연, 경쟁 심화, 적자 확대"
해성디에스,195870.KS,ok,국장,해당 없음,0.0,0.0,0.0,,,0,해당 없음,0.0,0.0,,,,0.0,0.0,,,-8.0,본장 전/초반 1시간 약세 · 초반 -3.14% · 방어 우선,6.0,양호,1분봉 양호 · 장중 -3.76% · 최근 +0.66%,AI 관망,0,지금은 확실한 우위가 부족합니다.,반도체기판,보류,🚫 제외,리스크 과다,2,42.0,36.0,0.0,0.0,4.0,2.0,40.0,False,False,중립장,11.0,77100.0,81000.0,naver_realtime,naver_realtime_calculated,-4.81,-10.24,-2.1,0.54,0.53,False,16332324300.0,50.7,False,9.89,일반 모멘텀,"추세 상승, RSI 건강 구간, 뉴스 키워드: 보통 호재: 투자, 1분봉 양호 · 장중 -3.76% · 최근 +0.66%","변동성 과다, 본장 전/초반 1시간 약세 · 초반 -3.14% · 방어 우선, 매수 확인 부족: 거래량 0.54x / 거래대금 0.53x, 리스크 34 이상으로 신규 관심 제외, 반도체기판 섹터 약세",수급 수집 실패,unavailable,0.0,0.0,보통 호재: 투자,google_news,"호재 뉴스: 해성산업, 자기주식 98만여주 소각 완료…주주 가치 제고 - 더스탁(The Stock) (2026-05-20)",medium,"해성산업, 자기주식 98만여주 소각 완료…주주 가치 제고 - 더스탁(The Stock) (2026-05-20) | 오전 이슈 [업스테이지] : SK네트웍스, 컴퍼니케이, 미래에셋벤처투자, 폴라리스AI, 폴라리스오피스 (2026-05-15)","naver_daily, naver_realtime, news:google_news, flow:unavailable, intraday_1m",0.0,6.0,반도체기판 섹터 약세,2026-05-19 21:07:50 PDT,9,"관망 · 호재 뉴스: 해성산업, 자기주식 98만여주 소각 완료…주주 가치 제고 - 더스탁(The Stock) (2026-05-20)",선행 신호 대기,놓침 위험 낮음,시장 방어장 · 신규 매수는 작게,급변 감지 · 당일 -10.24%,"반도체기판 흐름 · 평균 -5.42% · 거래량 0.6배 · 대표 심텍, 대덕전자, 해성디에스",방어장 · 평균 -5.68% · 하락비중 91% · 현금 비중 높게,수급 수집 실패,AI/반도체 → 전력 → 냉각 → 데이터센터 → 광통신,"기준 현재가 77,100 · 손절 참고 69,475 · 1차 익절 참고 86,631","최대 호재: HBM 수주, 엔비디아 공급, 장비 발주, 수율 개선 / 최대 악재: 어닝 쇼크, 컨센서스 하회, 수출 통제, 재고 급증","호재 영향 예상: +4.1~+7.4% (82,819원 부근까지 시도) · 이탈 기준 73,669원","호재 뉴스: 해성산업, 자기주식 98만여주 소각 완료…주주 가치 제고 - 더스탁(The Stock) (2026-05-20) · 최대 호재: HBM 수주, 엔비디아 공급, 장비 발주, 수율 개선 / 최대 악재: 어닝 쇼크, 컨센서스 하회, 수출 통제, 재고 급증"
F&F,383220.KS,ok,국장,해당 없음,0.0,0.0,0.0,,,0,해당 없음,0.0,0.0,,,,0.0,0.0,,,-8.0,본장 전/초반 1시간 약세 · 초반 -3.15% · 방어 우선,0.0,중립,1분봉 중립 · 장중 -3.53% · 최근 -0.26%,AI 관망,0,지금은 확실한 우위가 부족합니다.,패션,보류,🚫 제외,리스크 과다,2,42.0,40.0,0.0,0.0,0.0,2.0,40.0,False,False,중립장,11.0,76600.0,79000.0,naver_realtime,naver_realtime_calculated,-3.04,-6.01,-0.12,1.14,1.13,True,10170105400.0,69.3,True,6.6,일반 모멘텀,"추세 상승, RSI 건강 구간, MACD 상승","변동성 과다, 뉴스 호재 강도 약함, 본장 전/초반 1시간 약세 · 초반 -3.15% · 방어 우선, 리스크 34 이상으로 신규 관심 제외, 패션 섹터 약세",수급 수집 실패,unavailable,0.0,0.0,약한 호재: 상승,google_news,"호재 뉴스: InvestingPro 적정가치, F&F 58% 상승 잠재력 발견 By Investing.com - Investing.com 한국어 (2026-05-18)",weak,"InvestingPro 적정가치, F&F 58% 상승 잠재력 발견 By Investing.com - Investing.com 한국어 (2026-05-18)","naver_daily, naver_realtime, news:google_news, flow:unavailable, intraday_1m",0.0,6.0,패션 섹터 약세,2026-05-19 21:07:50 PDT,13,"관망 · 호재 뉴스: InvestingPro 적정가치, F&F 58% 상승 잠재력 발견 By Investing.com - Investi",선행 신호 대기,놓침 위험 낮음,시장 방어장 · 신규 매수는 작게,급변 감지 · 당일 -6.01%,"패션 흐름 · 평균 -5.06% · 거래량 1.0배 · 대표 LF, F&F, 영원무역",방어장 · 평균 -5.68% · 하락비중 91% · 현금 비중 높게,수급 수집 실패,대표 테마 연결 대기,"기준 현재가 76,600 · 손절 참고 71,544 · 1차 익절 참고 82,920","최대 호재: 수주, 계약, 실적 개선, 정책 수혜 / 최대 악재: 실적 부진, 규제, 원가 상승, 수요 둔화","호재 영향 예상: +2.8~+5.1% (80,542원 부근까지 시도) · 이탈 기준 74,325원","호재 뉴스: InvestingPro 적정가치, F&F 58% 상승 잠재력 발견 By Investing.com - Investing.com 한국어 (2026-05-18) · 최대 호재: 수주, 계약, 실적 개선, 정책 수혜 / 최대 악재: 실적 부진, 규제, 원가 상승, 수요 둔화"
AMD,AMD,ok,미장,해당 없음,0.0,0.0,0.0,,,0,해당 없음,0.0,0.0,,,,0.0,0.0,,,0.0,,0.0,대기,,AI 관망,6,지금은 확실한 우위가 부족합니다.,미장/반도체,보류,🚫 제외,리스크 과다,2,32.0,30.0,0.0,0.0,0.0,2.0,30.0,False,False,중립장,11.0,414.05,414.05,fast_quote,calculated,0.0,-1.65,-1.99,0.83,0.9,True,15997939213.0,66.1,False,7.01,일반 모멘텀,"추세 상승, RSI 건강 구간","변동성 과다, 뉴스 리스크: 악재: 하락, 리스크 30 이상으로 신규 관심 제외",수급 확인 불가,no_code,0.0,0.0,악재: 하락,google_news,악재 뉴스: Advanced Micro Devices Inc (AMD) 주식 움직였습니다 하락 3.37%에 5월19일: 어떤 신호인가요? (2026-05-19),none,Advanced Micro Devices Inc (AMD) 주식 움직였습니다 하락 3.37%에 5월19일: 어떤 신호인가요? (2026-05-19) | AMD 주식은 CCI가 과매수 신호를 나타내며 혼합된 모멘텀을 보이고 있습니다: 주간 보고서 (2026-05-19),"yahoo_daily, fast_quote, news:google_news, flow:no_code",0.0,0.0,중립,2026-05-19 21:07:50 PDT,0,관망 · 악재 뉴스: Advanced Micro Devices Inc (AMD) 주식 움직였습니다 하락 3.37%에 5월19일: 어떤 ,선행 신호 대기,놓침 위험 낮음,시장 방어장 · 신규 매수는 작게,급변 신호 없음,"반도체 흐름 · 평균 -0.98% · 거래량 0.8배 · 대표 Broadcom, Intel, Texas Instruments",방어장 · 평균 -0.75% · 하락비중 66% · 현금 비중 높게,수급 확인 불가,AI/반도체 → 전력 → 냉각 → 데이터센터 → 광통신,기준 현재가 414 · 손절 참고 385 · 1차 익절 참고 450,"최대 호재: HBM 수주, 엔비디아 공급, 장비 발주, 수율 개선 / 최대 악재: 어닝 쇼크, 컨센서스 하회, 수출 통제, 재고 급증",악재 영향 예상: -5.0~-9.1% (376.32 USD 부근까지 경계) · 회복 기준 427.11 USD 돌파,"악재 뉴스: Advanced Micro Devices Inc (AMD) 주식 움직였습니다 하락 3.37%에 5월19일: 어떤 신호인가요? (2026-05-19) · 최대 호재: HBM 수주, 엔비디아 공급, 장비 발주, 수율 개선 / 최대 악재: 어닝 쇼크, 컨센서스 하회, 수출 통제, 재고 급증"
삼성화재,000810.KS,ok,국장,해당 없음,0.0,0.0,0.0,,,0,해당 없음,0.0,0.0,,,,0.0,0.0,,,-8.0,본장 전/초반 1시간 약세 · 초반 -2.88% · 방어 우선,-8.0,위험,1분봉 약함 · 장중 -3.06% · 최근 -0.92% · 거래 0.7배,AI 관망,0,지금은 확실한 우위가 부족합니다.,보험,보류,🚫 제외,리스크 과다,1,45.0,36.0,0.0,0.0,7.0,2.0,44.0,False,False,중립장,11.0,538000.0,551000.0,naver_realtime,naver_realtime_calculated,-2.36,-2.89,2.17,0.94,1.02,True,101383948000.0,79.2,True,4.59,일반 모멘텀,"추세 상승, MACD 상승, 건전한 갭 상승, 뉴스 키워드: 강한 호재: 계약 / 악재: 부진","RSI 과열, 뉴스 리스크: 강한 호재: 계약 / 악재: 부진, 1분봉 약함 · 장중 -3.06% · 최근 -0.92% · 거래 0.7배, 본장 전/초반 1시간 약세 · 초반 -2.88% · 방어 우선, 리스크 44 이상으로 신규 관심 제외",수급 수집 실패,unavailable,0.0,0.0,강한 호재: 계약 / 악재: 부진,google_news,악재 뉴스: 외국인 자금 몰린 '보험주'···이달 삼성화재·DB손보 '베팅' (2026-05-19),strong,"외국인 자금 몰린 '보험주'···이달 삼성화재·DB손보 '베팅' (2026-05-19) | [클릭 e종목]""삼성화재, 보험업 내 '방어주' 입증…목표가 상향"" (2026-05-19)","naver_daily, naver_realtime, news:google_news, flow:unavailable, intraday_1m",0.0,0.0,중립,2026-05-19 21:07:50 PDT,18,관망 · 악재 뉴스: 외국인 자금 몰린 '보험주'···이달 삼성화재·DB손보 '베팅' (2026-05-19),선행 신호 대기,놓침 위험 낮음,시장 방어장 · 신규 매수는 작게,급변 신호 없음,"보험 흐름 · 평균 -1.25% · 거래량 1.7배 · 대표 롯데손해보험, 삼성생명, DB손해보험",방어장 · 평균 -5.68% · 하락비중 91% · 현금 비중 높게,수급 수집 실패,대표 테마 연결 대기,"기준 현재가 538,000 · 손절 참고 513,306 · 1차 익절 참고 568,868",섹터 최대 호재: 계약,"악재 영향 예상: -3.6~-6.6% (502,440원 부근까지 경계) · 회복 기준 549,112원 돌파",악재 뉴스: 외국인 자금 몰린 '보험주'···이달 삼성화재·DB손보 '베팅' (2026-05-19) · 섹터 최대 호재: 계약
KG스틸,016380.KS,ok,국장,해당 없음,0.0,0.0,0.0,,,0,해당 없음,0.0,0.0,,,,0.0,0.0,,,-8.0,본장 전/초반 1시간 약세 · 초반 -3.74% · 방어 우선,6.0,양호,1분봉 양호 · 장중 -6.33% · 최근 +0.31%,AI 관망,0,지금은 확실한 우위가 부족합니다.,철강,보류,🚫 제외,리스크 과다,1,41.0,36.0,0.0,0.0,3.0,2.0,40.0,False,False,중립장,11.0,6510.0,7030.0,naver_realtime,naver_realtime_calculated,-7.4,-6.33,-0.14,1.0,0.95,True,9053697870.0,58.8,False,8.23,일반 모멘텀,"추세 상승, RSI 건강 구간, 뉴스 키워드: 약한 호재: 상승, 확대, 1분봉 양호 · 장중 -6.33% · 최근 +0.31%","변동성 과다, 뉴스 호재 강도 약함, 본장 전/초반 1시간 약세 · 초반 -3.74% · 방어 우선, 리스크 34 이상으로 신규 관심 제외, 철강 섹터 약세",수급 수집 실패,unavailable,0.0,0.0,"약한 호재: 상승, 확대",google_news,"호재 뉴스: SK證 ""케이카, 2분기 수익성 개선 전망…사업적 시너지 부각"" - supple.kr (2026-05-20)",weak,"SK證 ""케이카, 2분기 수익성 개선 전망…사업적 시너지 부각"" - supple.kr (2026-05-20) | KG스틸, +1.15% 상승폭 확대 (2026-05-19)","naver_daily, naver_realtime, news:google_news, flow:unavailable, intraday_1m",0.0,6.0,철강 섹터 약세,2026-05-19 21:07:50 PDT,12,"관망 · 호재 뉴스: SK證 ""케이카, 2분기 수익성 개선 전망…사업적 시너지 부각"" - supple.kr (2026-05-20)",선행 신호 대기,놓침 위험 낮음,시장 방어장 · 신규 매수는 작게,급변 감지 · 당일 -6.33%,"철강 흐름 · 평균 -12.40% · 거래량 1.2배 · 대표 KG스틸, 대한제강, 현대제철",방어장 · 평균 -5.68% · 하락비중 91% · 현금 비중 높게,수급 수집 실패,대표 테마 연결 대기,"기준 현재가 6,510 · 손절 참고 5,974 · 1차 익절 참고 7,180","최대 호재: 수주, 계약, 실적 개선, 정책 수혜 / 최대 악재: 실적 부진, 규제, 원가 상승, 수요 둔화","호재 영향 예상: +3.4~+6.2% (6,912원 부근까지 시도) · 이탈 기준 6,269원","호재 뉴스: SK證 ""케이카, 2분기 수익성 개선 전망…사업적 시너지 부각"" - supple.kr (2026-05-20) · 최대 호재: 수주, 계약, 실적 개선, 정책 수혜 / 최대 악재: 실적 부진, 규제, 원가 상승, 수요 둔화"
일진홀딩스,015860.KS,ok,국장,해당 없음,0.0,0.0,0.0,,,0,해당 없음,0.0,0.0,,,,0.0,0.0,,,-8.0,본장 전/초반 1시간 약세 · 초반 -4.40% · 방어 우선,6.0,양호,1분봉 양호 · 장중 -5.48% · 최근 +0.29%,AI 관망,0,지금은 확실한 우위가 부족합니다.,전선/전력,보류,🚫 제외,리스크 과다,1,41.0,36.0,0.0,0.0,3.0,2.0,40.0,False,False,중립장,11.0,10440.0,11300.0,naver_realtime,naver_realtime_calculated,-7.61,-12.42,0.0,0.45,0.37,False,3269672280.0,55.8,False,14.05,일반 모멘텀,"추세 상승, RSI 건강 구간, 뉴스 키워드: 약한 호재: 상승, 확대, 1분봉 양호 · 장중 -5.48% · 최근 +0.29%","변동성 과다, 뉴스 호재 강도 약함, 본장 전/초반 1시간 약세 · 초반 -4.40% · 방어 우선, 매수 확인 부족: 거래량 0.45x / 거래대금 0.37x, 리스크 34 이상으로 신규 관심 제외, 전선/전력 섹터 약세",수급 수집 실패,unavailable,0.0,0.0,"약한 호재: 상승, 확대",google_news,호재 뉴스: [거버넌스워치] 일진 허정석 부회장 비상장 개인지주사 3대 승계 지렛대? - v.daum.net (2026-05-20),weak,"[거버넌스워치] 일진 허정석 부회장 비상장 개인지주사 3대 승계 지렛대? - v.daum.net (2026-05-20) | [코스피·코스닥, 삼성중공업 한화 대우건설 신성이엔지 진흥기업 일진홀딩스 서진시스템 쏘카등 18일 주요공시] (2026-05-19)","naver_daily, naver_realtime, news:google_news, flow:unavailable, intraday_1m",0.0,6.0,전선/전력 섹터 약세,2026-05-19 21:07:50 PDT,8,관망 · 호재 뉴스: [거버넌스워치] 일진 허정석 부회장 비상장 개인지주사 3대 승계 지렛대? - v.daum.net (2026-05-,선행 신호 대기,놓침 위험 낮음,시장 방어장 · 신규 매수는 작게,급변 감지 · 당일 -12.42%,"전선/전력 흐름 · 평균 -9.95% · 거래량 0.9배 · 대표 LS, 일진홀딩스",방어장 · 평균 -5.68% · 하락비중 91% · 현금 비중 높게,수급 수집 실패,전력 → 전선 → 구리 → 원전/데이터센터,"기준 현재가 10,440 · 손절 참고 9,187 · 1차 익절 참고 12,006","최대 호재: 해저케이블 수주, 전력망 투자, 구리 가격 상승 수혜, 북미 수주 / 최대 악재: 구리 원가 급등, 공급 지연, 마진 하락, 수주 취소","호재 영향 예상: +5.0~+9.0% (11,380원 부근까지 시도) · 이탈 기준 9,876원","호재 뉴스: [거버넌스워치] 일진 허정석 부회장 비상장 개인지주사 3대 승계 지렛대? - v.daum.net (2026-05-20) · 최대 호재: 해저케이블 수주, 전력망 투자, 구리 가격 상승 수혜, 북미 수주 / 최대 악재: 구리 원가 급등, 공급 지연, 마진 하락, 수주 취소"
Fortis,FTS.TO,ok,캐나다,고배당,0.64,3.15,4.1,2026-05-15,2026-08-13,90,고배당 · 최근 0.64 CAD · 연 3.15 CAD · 배당률 4.10% · 최근 지급일 2026-05-15 · 다음 예상 2026-08-13,0.0,0.0,,,,0.0,0.0,,,0.0,,0.0,대기,,AI 관망,14,지금은 확실한 우위가 부족합니다.,캐나다/유틸리티,보류,🚫 제외,리스크 과다,1,32.0,26.0,0.0,0.0,4.0,2.0,31.0,False,False,중립장,11.0,76.8,76.8,fast_quote,calculated,0.0,2.06,0.29,1.09,1.09,True,145098245.0,51.0,True,1.44,일반 모멘텀,"RSI 건강 구간, MACD 상승, 건전한 갭 상승, 뉴스 키워드: 보통 호재: 실적 / 악재: 부진","거래대금 부족, 뉴스 리스크: 보통 호재: 실적 / 악재: 부진, 리스크 31 이상으로 신규 관심 제외",수급 확인 불가,no_code,0.0,0.0,보통 호재: 실적 / 악재: 부진,google_news,악재 뉴스: 포티스(TSX:FTS)의 2026년 1분기 실적과 288억 캐나다 달러 계획이 배당 내러티브를 재편할까요? - simplywall.st (2026-05-12),medium,"포티스(TSX:FTS)의 2026년 1분기 실적과 288억 캐나다 달러 계획이 배당 내러티브를 재편할까요? - simplywall.st (2026-05-12) | Fortis 실적 발표 임박: 자본 계획, 이익 부진 상쇄할까? By Investing.com - Investing.com 한국어 (2026-05-06)","yahoo_daily, fast_quote, news:google_news, flow:no_code",0.0,0.0,중립,2026-05-19 21:07:50 PDT,32,관망 · 추격 부담 낮음 · 악재 뉴스: 포티스(TSX:FTS)의 2026년 1분기 실적과 288억 캐나다 달러 계획이 배당 내러티브를 재편할까요? - s,선행 신호 대기,놓침 위험 낮음,위험 신호 보통,급변 신호 없음,"유틸리티 흐름 · 평균 +1.36% · 거래량 1.1배 · 대표 Hydro One, Canadian Utilities, Emera",공격장 · 평균 +0.65% · 하락비중 30% · 관심 종목 압축,수급 확인 불가,대표 테마 연결 대기,기준 현재가 77 · 손절 참고 74 · 1차 익절 참고 80,"최대 호재: 수주, 계약, 실적 개선, 정책 수혜 / 최대 악재: 실적 부진, 규제, 원가 상승, 수요 둔화",악재 영향 예상: -3.0~-4.5% (73.34 CAD 부근까지 경계) · 회복 기준 78.34 CAD 돌파,"악재 뉴스: 포티스(TSX:FTS)의 2026년 1분기 실적과 288억 캐나다 달러 계획이 배당 내러티브를 재편할까요? - simplywall.st (2026-05-12) · 최대 호재: 수주, 계약, 실적 개선, 정책 수혜 / 최대 악재: 실적 부진, 규제, 원가 상승, 수요 둔화"
Apple,AAPL,ok,미장,해당 없음,0.0,0.0,0.0,,,0,해당 없음,0.0,0.0,,,,0.0,0.0,,,0.0,,0.0,대기,,AI 관망,0,이미 많이 오른 구간이라 신규 매수보다 눌림 확인이 우선입니다.,미장/빅테크,보류,🚫 제외,리스크 과다,1,32.0,30.0,0.0,0.0,0.0,2.0,31.0,True,True,중립장,11.0,298.97,298.97,fast_quote,calculated,0.0,0.38,-0.29,0.88,0.93,True,12616444360.0,84.1,True,2.24,일반 모멘텀,"추세 상승, MACD 상승","RSI 과열, 20일 범위 상단 추격, 리스크 31 이상으로 신규 관심 제외",수급 확인 불가,no_code,0.0,0.0,뉴스 중립,google_news,관련 뉴스: Apple 주식은 $292.00 지지선이 주목받으며 안정적으로 거래되고 있습니다. (2026-05-19),none,Apple 주식은 $292.00 지지선이 주목받으며 안정적으로 거래되고 있습니다. (2026-05-19) | 주요 지지선이 부각되면서 Apple 주가가 안정적으로 유지됨 (2026-05-18),"yahoo_daily, fast_quote, news:google_news, flow:no_code",0.0,0.0,중립,2026-05-19 21:07:50 PDT,15,관망 · 추격 부담 낮음 · 관련 뉴스: Apple 주식은 $292.00 지지선이 주목받으며 안정적으로 거래되고 있습니다. (2026-05-19),선행 신호 대기,놓침 위험 낮음,시장 방어장 · 신규 매수는 작게,급변 신호 없음,"빅테크 흐름 · 평균 -0.53% · 거래량 0.9배 · 대표 Microsoft, Apple",방어장 · 평균 -0.75% · 하락비중 66% · 현금 비중 높게,수급 확인 불가,대표 테마 연결 대기,기준 현재가 299 · 손절 참고 290 · 1차 익절 참고 311,"최대 호재: 수주, 계약, 실적 개선, 정책 수혜 / 최대 악재: 실적 부진, 규제, 원가 상승, 수요 둔화",뉴스 영향 예상: 방향성 약함 · 가격/거래량 확인 우선,"관련 뉴스: Apple 주식은 $292.00 지지선이 주목받으며 안정적으로 거래되고 있습니다. (2026-05-19) · 최대 호재: 수주, 계약, 실적 개선, 정책 수혜 / 최대 악재: 실적 부진, 규제, 원가 상승, 수요 둔화"
Bank of America,BAC,ok,미장,해당 없음,0.0,0.0,0.0,,,0,해당 없음,0.0,0.0,,,,0.0,0.0,,,0.0,,0.0,대기,,AI 관망,2,지금은 확실한 우위가 부족합니다.,미장/금융,보류,대기,매매 근거 부족,1,24.0,6.0,12.0,0.0,4.0,2.0,23.0,False,False,중립장,11.0,50.7,50.7,fast_quote,calculated,0.0,0.02,0.08,1.39,1.36,True,2237325123.0,37.2,False,2.32,일반 모멘텀,"거래량 증가(1.4x), 건전한 갭 상승, 뉴스 키워드: 보통 호재: 투자 / 악재: 경고, 하향","뉴스 리스크: 보통 호재: 투자 / 악재: 경고, 하향",수급 확인 불가,no_code,0.0,0.0,"보통 호재: 투자 / 악재: 경고, 하향",google_news,"악재 뉴스: BofA ""투자자 현금 이탈 가속…증시 매도 신호 경고"" | (2026-05-20)",medium,"BofA ""투자자 현금 이탈 가속…증시 매도 신호 경고"" | (2026-05-20) | ""글로벌 펀드매니저,4월 주식비중 13%→이 달 50%로"" (2026-05-19)","yahoo_daily, fast_quote, news:google_news, flow:no_code",0.0,0.0,중립,2026-05-19 21:07:50 PDT,20,"관망 · 거래량 1.4배 · 추격 부담 낮음 · 악재 뉴스: BofA ""투자자 현금 이탈 가속…증시 매도 신호 경고"" | (2026-05-20)",선행 신호 대기,놓침 위험 낮음,시장 방어장 · 신규 매수는 작게,급변 신호 없음,"금융 흐름 · 평균 -0.85% · 거래량 1.1배 · 대표 Wells Fargo, Bank of America, JPMorgan Chase",방어장 · 평균 -0.75% · 하락비중 66% · 현금 비중 높게,수급 확인 불가,대표 테마 연결 대기,기준 현재가 51 · 손절 참고 49 · 1차 익절 참고 53,"최대 호재: 금리 수혜, 주주환원, 배당 확대, 자사주 / 최대 악재: PF 손실, 충당금, 연체율, 규제",악재 영향 예상: -3.0~-4.5% (48.42 USD 부근까지 경계) · 회복 기준 51.71 USD 돌파,"악재 뉴스: BofA ""투자자 현금 이탈 가속…증시 매도 신호 경고"" | (2026-05-20) · 최대 호재: 금리 수혜, 주주환원, 배당 확대, 자사주 / 최대 악재: PF 손실, 충당금, 연체율, 규제"
Wells Fargo,WFC,ok,미장,해당 없음,0.0,0.0,0.0,,,0,해당 없음,0.0,0.0,,,,0.0,0.0,,,0.0,,0.0,대기,,AI 관망,5,지금은 확실한 우위가 부족합니다.,미장/금융,보류,대기,매매 근거 부족,1,12.0,6.0,0.0,0.0,4.0,2.0,11.0,False,False,중립장,11.0,74.55,74.55,fast_quote,calculated,0.0,0.24,0.15,1.07,1.03,True,1389947531.0,30.2,False,2.58,일반 모멘텀,"건전한 갭 상승, 뉴스 키워드: 보통 호재: 투자",-,수급 확인 불가,no_code,0.0,0.0,보통 호재: 투자,google_news,호재 뉴스: Viking Holdings Stock Climbs After Wells Fargo Upgrade Cites Booming Cruise Bookin… (2026-05-20),medium,"Viking Holdings Stock Climbs After Wells Fargo Upgrade Cites Booming Cruise Bookings - TIKR.com (2026-05-20) | 웰스파고, 오토매틱 데이터 프로세싱(ADP) 주식 등급 상향 조정... 펀더멘털 안정화 - Investing.com 한국어 (2026-05-18)","yahoo_daily, fast_quote, news:google_news, flow:no_code",0.0,0.0,중립,2026-05-19 21:07:50 PDT,36,관망 · 추격 부담 낮음 · 호재 뉴스: Viking Holdings Stock Climbs After Wells Fargo Upgrade Cites Bo,선행 신호 대기,놓침 위험 낮음,시장 방어장 · 신규 매수는 작게,급변 신호 없음,"금융 흐름 · 평균 -0.85% · 거래량 1.1배 · 대표 Wells Fargo, Bank of America, JPMorgan Chase",방어장 · 평균 -0.75% · 하락비중 66% · 현금 비중 높게,수급 확인 불가,대표 테마 연결 대기,기준 현재가 75 · 손절 참고 72 · 1차 익절 참고 78,"최대 호재: 금리 수혜, 주주환원, 배당 확대, 자사주 / 최대 악재: PF 손실, 충당금, 연체율, 규제",호재 영향 예상: +2.0~+3.2% (76.94 USD 부근까지 시도) · 이탈 기준 73.06 USD,"호재 뉴스: Viking Holdings Stock Climbs After Wells Fargo Upgrade Cites Booming Cruise Bookin… (2026-05-20) · 최대 호재: 금리 수혜, 주주환원, 배당 확대, 자사주 / 최대 악재: PF 손실, 충당금, 연체율, 규제"
하나마이크론,067310.KQ,ok,국장,해당 없음,0.0,0.0,0.0,,,0,해당 없음,0.0,0.0,,,,0.0,0.0,,,-8.0,본장 전/초반 1시간 약세 · 초반 -2.57% · 방어 우선,6.0,양호,1분봉 양호 · 장중 -3.29% · 최근 +0.53%,AI 관망,0,지금은 확실한 우위가 부족합니다.,반도체후공정,보류,🚫 제외,리스크 과다,0,55.0,46.0,0.0,0.0,7.0,2.0,57.0,False,False,중립장,11.0,47200.0,47550.0,naver_realtime,naver_realtime_calculated,-0.74,-3.58,-0.41,0.74,0.8,False,111106440000.0,63.2,True,8.51,일반 모멘텀,"추세 상승, RSI 건강 구간, MACD 상승, 뉴스 키워드: 보통 호재: 투자 / 약한 호재: 상승 / 악재: 지분율, 주식등의 수, 급락, 1분봉 양호 · 장중 -3.29% · 최근 +0.53%","변동성 과다, 뉴스 리스크: 보통 호재: 투자 / 약한 호재: 상승 / 악재: 지분율, 주식등의 수, 급락, 본장 전/초반 1시간 약세 · 초반 -2.57% · 방어 우선, 매수 확인 부족: 거래량 0.74x / 거래대금 0.80x, 리스크 51 이상으로 신규 관심 제외, 반도체후공정 섹터 약세",수급 수집 실패,unavailable,0.0,0.0,"보통 호재: 투자 / 약한 호재: 상승 / 악재: 지분율, 주식등의 수, 급락",google_news,"악재 뉴스: 하나머티리얼즈 최대주주 하나마이크론, 하나머티리얼즈 주식등의 수 변동 없어…총 지분율 44.87% (2026-05-20)",medium,"하나머티리얼즈 최대주주 하나마이크론, 하나머티리얼즈 주식등의 수 변동 없어…총 지분율 44.87% (2026-05-20) | '삼전 파업 D-2' 마이크론 패닉… 내 반도체 주식 던져야 하나 (2026-05-19)","naver_daily, naver_realtime, news:google_news, flow:unavailable, intraday_1m",0.0,6.0,반도체후공정 섹터 약세,2026-05-19 21:07:50 PDT,0,"관망 · 악재 뉴스: 하나머티리얼즈 최대주주 하나마이크론, 하나머티리얼즈 주식등의 수 변동 없어…총 지분율 44.87% (2026-05",선행 신호 대기,놓침 위험 낮음,시장 방어장 · 신규 매수는 작게,급변 신호 없음,"반도체후공정 흐름 · 평균 -4.10% · 거래량 0.6배 · 대표 하나마이크론, 네패스",방어장 · 평균 -5.68% · 하락비중 91% · 현금 비중 높게,수급 수집 실패,AI/반도체 → 전력 → 냉각 → 데이터센터 → 광통신,"기준 현재가 47,200 · 손절 참고 43,183 · 1차 익절 참고 52,221","최대 호재: HBM 수주, 엔비디아 공급, 장비 발주, 수율 개선 / 최대 악재: 어닝 쇼크, 컨센서스 하회, 수출 통제, 재고 급증","악재 영향 예상: -7.0~-12.8% (41,175원 부근까지 경계) · 회복 기준 49,008원 돌파","악재 뉴스: 하나머티리얼즈 최대주주 하나마이크론, 하나머티리얼즈 주식등의 수 변동 없어…총 지분율 44.87% (2026-05-20) · 최대 호재: HBM 수주, 엔비디아 공급, 장비 발주, 수율 개선 / 최대 악재: 어닝 쇼크, 컨센서스 하회, 수출 통제, 재고 급증"
동진쎄미켐,005290.KQ,ok,국장,해당 없음,0.0,0.0,0.0,,,0,해당 없음,0.0,0.0,,,,0.0,0.0,,,-8.0,본장 전/초반 1시간 약세 · 초반 -3.69% · 방어 우선,6.0,양호,1분봉 양호 · 장중 -4.57% · 최근 +0.18%,AI 관망,0,지금은 확실한 우위가 부족합니다.,반도체소재,보류,🚫 제외,리스크 과다,0,8.0,6.0,0.0,0.0,0.0,2.0,40.0,False,False,중립장,11.0,54600.0,57600.0,naver_realtime,naver_realtime_calculated,-5.21,-2.67,-1.07,1.23,1.14,True,64809326400.0,43.6,False,7.25,일반 모멘텀,1분봉 양호 · 장중 -4.57% · 최근 +0.18%,"변동성 과다, 뉴스 호재 강도 약함, 본장 전/초반 1시간 약세 · 초반 -3.69% · 방어 우선, 리스크 34 이상으로 신규 관심 제외, 반도체소재 섹터 약세",수급 수집 실패,unavailable,0.0,0.0,약한 호재: 상승,google_news,"호재 뉴스: 동진쎄미켐 주가, 5월 19일 57,600원 2.67% 상승 마감 (2026-05-19)",weak,"동진쎄미켐 주가, 5월 19일 57,600원 2.67% 상승 마감 (2026-05-19) | 동진쎄미켐 반도체 소재 국산화 경쟁력 부각되며 2.67% 상승 마감 : 금융 (2026-05-19)","naver_daily, naver_realtime, news:google_news, flow:unavailable, intraday_1m",0.0,6.0,반도체소재 섹터 약세,2026-05-19 21:07:50 PDT,13,"관망 · 거래량 1.2배 · 호재 뉴스: 동진쎄미켐 주가, 5월 19일 57,600원 2.67% 상승 마감 (2026-05-19)",선행 신호 대기,놓침 위험 낮음,시장 방어장 · 신규 매수는 작게,급변 신호 없음,"반도체소재 흐름 · 평균 -3.94% · 거래량 1.0배 · 대표 동진쎄미켐, 원익QnC, 원익머트리얼즈",방어장 · 평균 -5.68% · 하락비중 91% · 현금 비중 높게,수급 수집 실패,AI/반도체 → 전력 → 냉각 → 데이터센터 → 광통신,"기준 현재가 54,600 · 손절 참고 50,642 · 1차 익절 참고 59,548","최대 호재: HBM 수주, 엔비디아 공급, 장비 발주, 수율 개선 / 최대 악재: 어닝 쇼크, 컨센서스 하회, 수출 통제, 재고 급증","호재 영향 예상: +3.2~+5.8% (57,745원 부근까지 시도) · 이탈 기준 52,819원","호재 뉴스: 동진쎄미켐 주가, 5월 19일 57,600원 2.67% 상승 마감 (2026-05-19) · 최대 호재: HBM 수주, 엔비디아 공급, 장비 발주, 수율 개선 / 최대 악재: 어닝 쇼크, 컨센서스 하회, 수출 통제, 재고 급증"
리노공업,058470.KQ,ok,국장,해당 없음,0.0,0.0,0.0,,,0,해당 없음,0.0,0.0,,,,0.0,0.0,,,-8.0,본장 전/초반 1시간 약세 · 초반 -1.43% · 방어 우선,0.0,중립,1분봉 중립 · 장중 -1.94% · 최근 -0.41%,AI 관망,0,지금은 확실한 우위가 부족합니다.,반도체,보류,🚫 제외,리스크 과다,0,9.0,0.0,0.0,0.0,7.0,2.0,40.0,False,False,중립장,11.0,96600.0,96100.0,naver_realtime,naver_realtime_calculated,0.52,-4.36,0.0,0.6,0.51,False,67603095000.0,37.2,False,7.42,일반 모멘텀,뉴스 키워드: 보통 호재: 실적 / 약한 호재: 상승,"변동성 과다, 본장 전/초반 1시간 약세 · 초반 -1.43% · 방어 우선, 매수 확인 부족: 거래량 0.60x / 거래대금 0.51x, 리스크 34 이상으로 신규 관심 제외, 반도체 섹터 약세",수급 수집 실패,unavailable,0.0,0.0,보통 호재: 실적 / 약한 호재: 상승,google_news,"호재 뉴스: [MK시그널] 리노공업, 모바일 수요 견조 및 신기술 적용에 따른 실적 성장 기대로 주가 상승세, MK시그널 추천 후 상승률 17.06% 기록 (2026-05-20)",medium,"[MK시그널] 리노공업, 모바일 수요 견조 및 신기술 적용에 따른 실적 성장 기대로 주가 상승세, MK시그널 추천 후 상승률 17.06% 기록 (2026-05-20) | 리노공업 주가, 5월 18일 장중 101,000원 보합세 (2026-05-18)","naver_daily, naver_realtime, news:google_news, flow:unavailable, intraday_1m",0.0,6.0,반도체 섹터 약세,2026-05-19 21:07:50 PDT,8,"관망 · 호재 뉴스: [MK시그널] 리노공업, 모바일 수요 견조 및 신기술 적용에 따른 실적 성장 기대로 주가 상승세, MK시그널 추천",선행 신호 대기,놓침 위험 낮음,시장 방어장 · 신규 매수는 작게,급변 신호 없음,"반도체 흐름 · 평균 -4.70% · 거래량 0.7배 · 대표 한양디지텍, 미래반도체, 테스",방어장 · 평균 -5.68% · 하락비중 91% · 현금 비중 높게,수급 수집 실패,AI/반도체 → 전력 → 냉각 → 데이터센터 → 광통신,"기준 현재가 96,600 · 손절 참고 89,432 · 1차 익절 참고 105,560","최대 호재: HBM 수주, 엔비디아 공급, 장비 발주, 수율 개선 / 최대 악재: 어닝 쇼크, 컨센서스 하회, 수출 통제, 재고 급증","호재 영향 예상: +3.1~+5.6% (101,976원 부근까지 시도) · 이탈 기준 93,375원","호재 뉴스: [MK시그널] 리노공업, 모바일 수요 견조 및 신기술 적용에 따른 실적 성장 기대로 주가 상승세, MK시그널 추천 후 상승률 17.06% 기록 (2026-05-20) · 최대 호재: HBM 수주, 엔비디아 공급, 장비 발주, 수율 개선 / 최대 악재: 어닝 쇼크, 컨센서스 하회, 수출 통제, 재고 급증"
이수페타시스,007660.KS,ok,국장,해당 없음,0.0,0.0,0.0,,,0,해당 없음,0.0,0.0,,,,0.0,0.0,,,-8.0,본장 전/초반 1시간 약세 · 초반 -2.49% · 방어 우선,6.0,양호,1분봉 양호 · 장중 -3.14% · 최근 +0.33%,AI 관망,0,지금은 확실한 우위가 부족합니다.,전자부품,보류,🚫 제외,리스크 과다,0,19.0,6.0,0.0,0.0,11.0,2.0,44.0,False,False,중립장,11.0,120700.0,120900.0,naver_realtime,naver_realtime_calculated,-0.17,-8.21,-1.6,0.7,0.59,False,145520748000.0,23.3,False,8.44,일반 모멘텀,"뉴스 키워드: 보통 호재: 실적, 투자 / 약한 호재: 증가 / 악재: 하락, 1분봉 양호 · 장중 -3.14% · 최근 +0.33%","변동성 과다, 뉴스 리스크: 보통 호재: 실적, 투자 / 약한 호재: 증가 / 악재: 하락, 본장 전/초반 1시간 약세 · 초반 -2.49% · 방어 우선, 매수 확인 부족: 거래량 0.70x / 거래대금 0.59x, 리스크 38 이상으로 신규 관심 제외, 전자부품 섹터 약세",수급 수집 실패,unavailable,0.0,0.0,"보통 호재: 실적, 투자 / 약한 호재: 증가 / 악재: 하락",google_news,악재 뉴스: 매출 2조 증가 전망 나온 이수페타시스[클릭 e종목] (2026-05-20),medium,"매출 2조 증가 전망 나온 이수페타시스[클릭 e종목] (2026-05-20) | 이수페타시스 주가, 5월 19일 장중 121,900원 7.30% 하락 (2026-05-19)","naver_daily, naver_realtime, news:google_news, flow:unavailable, intraday_1m",0.0,6.0,전자부품 섹터 약세,2026-05-19 21:07:50 PDT,0,관망 · 악재 뉴스: 매출 2조 증가 전망 나온 이수페타시스[클릭 e종목] (2026-05-20),선행 신호 대기,놓침 위험 낮음,시장 방어장 · 신규 매수는 작게,급변 감지 · 당일 -8.21%,"전자부품 흐름 · 평균 -3.95% · 거래량 1.0배 · 대표 코리아써키트, 비에이치, LG이노텍",방어장 · 평균 -5.68% · 하락비중 91% · 현금 비중 높게,수급 수집 실패,대표 테마 연결 대기,"기준 현재가 120,700 · 손절 참고 110,513 · 1차 익절 참고 133,434","최대 호재: 수주, 계약, 실적 개선, 정책 수혜 / 최대 악재: 실적 부진, 규제, 원가 상승, 수요 둔화","악재 영향 예상: -5.7~-10.3% (108,231원 부근까지 경계) · 회복 기준 125,284원 돌파","악재 뉴스: 매출 2조 증가 전망 나온 이수페타시스[클릭 e종목] (2026-05-20) · 최대 호재: 수주, 계약, 실적 개선, 정책 수혜 / 최대 악재: 실적 부진, 규제, 원가 상승, 수요 둔화"
가온칩스,399720.KQ,ok,국장,해당 없음,0.0,0.0,0.0,,,0,해당 없음,0.0,0.0,,,,0.0,0.0,,,-8.0,본장 전/초반 1시간 약세 · 초반 -2.71% · 방어 우선,0.0,중립,1분봉 중립 · 장중 -1.08% · 최근 +0.00%,AI 관망,0,지금은 확실한 우위가 부족합니다.,반도체설계,보류,🚫 제외,리스크 과다,0,8.0,6.0,0.0,0.0,0.0,2.0,60.0,False,False,중립장,11.0,55200.0,55100.0,naver_realtime,naver_realtime_calculated,0.18,-6.91,0.67,0.51,0.39,False,5976393600.0,21.9,False,9.7,일반 모멘텀,건전한 갭 상승,"변동성 과다, 뉴스 리스크: 악재: 하락, 감소, 지분율, 본장 전/초반 1시간 약세 · 초반 -2.71% · 방어 우선, 매수 확인 부족: 거래량 0.51x / 거래대금 0.39x, 리스크 54 이상으로 신규 관심 제외, 반도체설계 섹터 약세",수급 수집 실패,unavailable,0.0,0.0,"악재: 하락, 감소, 지분율",google_news,악재 뉴스: [0508주요일정] 세계 최대 파운드리 업체 대만 TSMC 4월 매출 발표 등 (2026-05-08),none,"[0508주요일정] 세계 최대 파운드리 업체 대만 TSMC 4월 매출 발표 등 (2026-05-08) | 가온칩스 주가, 5월 7일 71,500원 4.67% 하락 마감 (2026-05-07)","naver_daily, naver_realtime, news:google_news, flow:unavailable, intraday_1m",0.0,6.0,반도체설계 섹터 약세,2026-05-19 21:07:50 PDT,0,관망 · 악재 뉴스: [0508주요일정] 세계 최대 파운드리 업체 대만 TSMC 4월 매출 발표 등 (2026-05-08),선행 신호 대기,놓침 위험 낮음,시장 방어장 · 신규 매수는 작게,급변 감지 · 당일 -6.91%,"반도체설계 흐름 · 평균 -7.12% · 거래량 0.5배 · 대표 칩스앤미디어, 가온칩스, 오픈엣지테크놀로지",방어장 · 평균 -5.68% · 하락비중 91% · 현금 비중 높게,수급 수집 실패,AI/반도체 → 전력 → 냉각 → 데이터센터 → 광통신,"기준 현재가 55,200 · 손절 참고 49,846 · 1차 익절 참고 61,893","최대 호재: HBM 수주, 엔비디아 공급, 장비 발주, 수율 개선 / 최대 악재: 어닝 쇼크, 컨센서스 하회, 수출 통제, 재고 급증","악재 영향 예상: -6.8~-12.4% (48,373원 부근까지 경계) · 회복 기준 57,609원 돌파","악재 뉴스: [0508주요일정] 세계 최대 파운드리 업체 대만 TSMC 4월 매출 발표 등 (2026-05-08) · 최대 호재: HBM 수주, 엔비디아 공급, 장비 발주, 수율 개선 / 최대 악재: 어닝 쇼크, 컨센서스 하회, 수출 통제, 재고 급증"
ISC,095340.KQ,ok,국장,해당 없음,0.0,0.0,0.0,,,0,해당 없음,0.0,0.0,,,,0.0,0.0,,,0.0,본장 전/초반 1시간 중립 · 초반 +0.67%,4.0,중립,1분봉 중립 · 장중 -1.49% · 최근 -0.05%,AI 관망,0,지금은 확실한 우위가 부족합니다.,반도체소부장,보류,🚫 제외,리스크 과다,0,12.0,10.0,0.0,0.0,0.0,2.0,32.0,False,False,중립장,11.0,193600.0,197300.0,naver_realtime,naver_realtime_calculated,-1.88,-7.37,0.24,0.87,0.71,False,40781065600.0,30.9,False,8.74,일반 모멘텀,"건전한 갭 상승, 1분봉 중립 · 장중 -1.49% · 최근 -0.05%","변동성 과다, 매수 확인 부족: 거래량 0.87x / 거래대금 0.71x, 리스크 26 이상으로 신규 관심 제외, 반도체소부장 섹터 약세",수급 수집 실패,unavailable,0.0,0.0,뉴스 중립,google_news,"관련 뉴스: 정보 서비스 코퍼레이션, 주당 C$51에 비상장 전환 합의 - Investing.com 한국어 (2026-05-19)",none,"정보 서비스 코퍼레이션, 주당 C$51에 비상장 전환 합의 - Investing.com 한국어 (2026-05-19) | 미국·일본·전공정·후공정…반도체 ETF '각양각색' (2026-05-10)","naver_daily, naver_realtime, news:google_news, flow:unavailable, intraday_1m",0.0,6.0,반도체소부장 섹터 약세,2026-05-19 21:07:50 PDT,0,"관망 · 관련 뉴스: 정보 서비스 코퍼레이션, 주당 C$51에 비상장 전환 합의 - Investing.com 한국어 (2026-05-1","조용한 자금 후보 · ok · 점수 3 · 뉴스 트리거 협력, 투자, 실적",놓침 위험 낮음,시장 방어장 · 신규 매수는 작게,급변 감지 · 당일 -7.37%,"반도체소부장 흐름 · 평균 -9.24% · 거래량 0.7배 · 대표 ISC, 미코",방어장 · 평균 -5.68% · 하락비중 91% · 현금 비중 높게,수급 수집 실패,AI/반도체 → 전력 → 냉각 → 데이터센터 → 광통신,"기준 현재가 193,600 · 손절 참고 176,679 · 1차 익절 참고 214,751","최대 호재: HBM 수주, 엔비디아 공급, 장비 발주, 수율 개선 / 최대 악재: 어닝 쇼크, 컨센서스 하회, 수출 통제, 재고 급증",뉴스 영향 예상: 방향성 약함 · 가격/거래량 확인 우선,"관련 뉴스: 정보 서비스 코퍼레이션, 주당 C$51에 비상장 전환 합의 - Investing.com 한국어 (2026-05-19) · 최대 호재: HBM 수주, 엔비디아 공급, 장비 발주, 수율 개선 / 최대 악재: 어닝 쇼크, 컨센서스 하회, 수출 통제, 재고 급증"
삼성전자,005930.KS,ok,국장,해당 없음,0.0,0.0,0.0,,,0,해당 없음,0.0,0.0,,,,0.0,0.0,,,-8.0,본장 전/초반 1시간 약세 · 초반 -1.26% · 방어 우선,6.0,양호,1분봉 양호 · 장중 -3.78% · 최근 +0.47%,AI 관망,0,지금은 확실한 우위가 부족합니다.,반도체,보류,🚫 제외,리스크 과다,0,48.0,46.0,0.0,0.0,0.0,2.0,55.0,False,False,중립장,11.0,269500.0,275500.0,naver_realtime,naver_realtime_calculated,-2.18,-4.09,-2.49,1.03,1.08,True,8291859845500.0,67.2,True,6.9,일반 모멘텀,"추세 상승, RSI 건강 구간, MACD 상승, 1분봉 양호 · 장중 -3.78% · 최근 +0.47%","변동성 과다, 뉴스 리스크: 악재: 처분, 지분율, 부진, 본장 전/초반 1시간 약세 · 초반 -1.26% · 방어 우선, 리스크 49 이상으로 신규 관심 제외, 반도체 섹터 약세",수급 수집 실패,unavailable,0.0,0.0,"악재: 처분, 지분율, 부진",google_news,악재 뉴스: 주가 떨어질까봐 삼성전자 노조 비난하는 당신이 놓친 것 (2026-05-17),none,주가 떨어질까봐 삼성전자 노조 비난하는 당신이 놓친 것 (2026-05-17) | 홍라희·이부진·이서현 “삼성전자 주식 1.7조원 처분”…이재용 지분율 ↑ (2026-05-16),"naver_daily, naver_realtime, news:google_news, flow:unavailable, intraday_1m",0.0,6.0,반도체 섹터 약세,2026-05-19 21:07:50 PDT,0,관망 · 악재 뉴스: 주가 떨어질까봐 삼성전자 노조 비난하는 당신이 놓친 것 (2026-05-17),선행 신호 대기,놓침 위험 낮음,시장 방어장 · 신규 매수는 작게,급변 신호 없음,"반도체 흐름 · 평균 -4.70% · 거래량 0.7배 · 대표 한양디지텍, 미래반도체, 테스",방어장 · 평균 -5.68% · 하락비중 91% · 현금 비중 높게,수급 수집 실패,AI/반도체 → 전력 → 냉각 → 데이터센터 → 광통신,"기준 현재가 269,500 · 손절 참고 250,904 · 1차 익절 참고 292,744","최대 호재: HBM 수주, 엔비디아 공급, 장비 발주, 수율 개선 / 최대 악재: 어닝 쇼크, 컨센서스 하회, 수출 통제, 재고 급증","악재 영향 예상: -5.7~-10.4% (241,510원 부근까지 경계) · 회복 기준 277,868원 돌파","악재 뉴스: 주가 떨어질까봐 삼성전자 노조 비난하는 당신이 놓친 것 (2026-05-17) · 최대 호재: HBM 수주, 엔비디아 공급, 장비 발주, 수율 개선 / 최대 악재: 어닝 쇼크, 컨센서스 하회, 수출 통제, 재고 급증"
한미반도체,042700.KS,ok,국장,해당 없음,0.0,0.0,0.0,,,0,해당 없음,0.0,0.0,,,,0.0,0.0,,,-8.0,본장 전/초반 1시간 약세 · 초반 -3.19% · 방어 우선,0.0,중립,1분봉 중립 · 장중 -4.19% · 최근 -0.17%,AI 관망,0,지금은 확실한 우위가 부족합니다.,반도체,보류,🚫 제외,리스크 과다,0,37.0,20.0,0.0,0.0,15.0,2.0,80.0,False,False,중립장,11.0,287000.0,288000.0,naver_realtime,naver_realtime_calculated,-0.35,-9.46,-4.42,0.96,0.77,False,391835647000.0,32.4,False,11.68,일반 모멘텀,"추세 상승, 뉴스 키워드: 강한 호재: 수주 / 보통 호재: 실적 / 약한 호재: 상승 / 중대 악재: 실적 쇼크, 실적쇼크","갭 하락 경계, 변동성 과다, 뉴스 리스크: 강한 호재: 수주 / 보통 호재: 실적 / 약한 호재: 상승 / 중대 악재: 실적 쇼크, 실적쇼크, 본장 전/초반 1시간 약세 · 초반 -3.19% · 방어 우선, 매수 확인 부족: 거래량 0.96x / 거래대금 0.77x, 리스크 74 이상으로 신규 관심 제외, 반도체 섹터 약세",수급 수집 실패,unavailable,0.0,0.0,"강한 호재: 수주 / 보통 호재: 실적 / 약한 호재: 상승 / 중대 악재: 실적 쇼크, 실적쇼크",company_risk_news+google_news,"악재 뉴스: 반도체 호황인데 '실적 쇼크' 한미반도체, 곽동신 2분기 'HBM TC 본더' 수주 재개로 반등 시동 (2026-05-19)",strong,"반도체 호황인데 '실적 쇼크' 한미반도체, 곽동신 2분기 'HBM TC 본더' 수주 재개로 반등 시동 (2026-05-19) | 코스피, 기관 매수세에 7510선 상승 마감...실적쇼크 한미반도체 ‘급락’도 - ksdaily.co.kr (2026-05-18)","naver_daily, naver_realtime, news:company_risk_news+google_news, flow:unavailable, intraday_1m",0.0,6.0,반도체 섹터 약세,2026-05-19 21:07:50 PDT,0,"관망 · 악재 뉴스: 반도체 호황인데 '실적 쇼크' 한미반도체, 곽동신 2분기 'HBM TC 본더' 수주 재개로 반등 시동 (2026-",선행 신호 대기,놓침 위험 낮음,시장 방어장 · 신규 매수는 작게,급변 감지 · 당일 -9.46%,"반도체 흐름 · 평균 -4.70% · 거래량 0.7배 · 대표 한양디지텍, 미래반도체, 테스",방어장 · 평균 -5.68% · 하락비중 91% · 현금 비중 높게,수급 수집 실패,AI/반도체 → 전력 → 냉각 → 데이터센터 → 광통신,"기준 현재가 287,000 · 손절 참고 253,478 · 1차 익절 참고 328,902","최대 호재: HBM 수주, 엔비디아 공급, 장비 발주, 수율 개선 / 최대 악재: 어닝 쇼크, 컨센서스 하회, 수출 통제, 재고 급증","악재 영향 예상: -8.2~-14.9% (244,260원 부근까지 경계) · 회복 기준 302,085원 돌파","악재 뉴스: 반도체 호황인데 '실적 쇼크' 한미반도체, 곽동신 2분기 'HBM TC 본더' 수주 재개로 반등 시동 (2026-05-19) · 최대 호재: HBM 수주, 엔비디아 공급, 장비 발주, 수율 개선 / 최대 악재: 어닝 쇼크, 컨센서스 하회, 수출 통제, 재고 급증"
네오셈,253590.KQ,ok,국장,해당 없음,0.0,0.0,0.0,,,0,해당 없음,0.0,0.0,,,,0.0,0.0,,,-8.0,본장 전/초반 1시간 약세 · 초반 -3.03% · 방어 우선,0.0,중립,1분봉 중립 · 장중 -4.13% · 최근 -0.14%,AI 관망,0,지금은 확실한 우위가 부족합니다.,반도체장비,보류,🚫 제외,리스크 과다,0,9.0,0.0,0.0,0.0,7.0,2.0,40.0,False,False,중립장,11.0,14000.0,14530.0,naver_realtime,naver_realtime_calculated,-3.65,-7.77,-0.66,0.3,0.23,False,6848968000.0,27.9,False,10.43,일반 모멘텀,뉴스 키워드: 보통 호재: 투자 / 약한 호재: 돌파,"변동성 과다, 본장 전/초반 1시간 약세 · 초반 -3.03% · 방어 우선, 매수 확인 부족: 거래량 0.30x / 거래대금 0.23x, 리스크 34 이상으로 신규 관심 제외, 반도체장비 섹터 약세",수급 수집 실패,unavailable,0.0,0.0,보통 호재: 투자 / 약한 호재: 돌파,google_news,"호재 뉴스: [생생한 주식쇼 생쇼] 개인 투자자 예탁금 120조 시대, 수급 순환매와 해운·원전 섹터 공략 (2026-05-07)",medium,"[생생한 주식쇼 생쇼] 개인 투자자 예탁금 120조 시대, 수급 순환매와 해운·원전 섹터 공략 (2026-05-07) | 5월 6일 주식시장 주요공시 - catchnews.kr (2026-05-07)","naver_daily, naver_realtime, news:google_news, flow:unavailable, intraday_1m",0.0,6.0,반도체장비 섹터 약세,2026-05-19 21:07:50 PDT,6,"관망 · 호재 뉴스: [생생한 주식쇼 생쇼] 개인 투자자 예탁금 120조 시대, 수급 순환매와 해운·원전 섹터 공략 (2026-05-0 · 놓친 상승 복기: 이전 놓친 상승 패턴 1회",선행 신호 대기,놓침 위험 낮음,시장 방어장 · 신규 매수는 작게,급변 감지 · 당일 -7.77%,"반도체장비 흐름 · 평균 -2.48% · 거래량 0.8배 · 대표 피에스케이, 주성엔지니어링, 피에스케이홀딩스",방어장 · 평균 -5.68% · 하락비중 91% · 현금 비중 높게,수급 수집 실패,AI/반도체 → 전력 → 냉각 → 데이터센터 → 광통신,"기준 현재가 14,000 · 손절 참고 12,540 · 1차 익절 참고 15,825","최대 호재: HBM 수주, 엔비디아 공급, 장비 발주, 수율 개선 / 최대 악재: 어닝 쇼크, 컨센서스 하회, 수출 통제, 재고 급증","호재 영향 예상: +4.3~+7.8% (15,095원 부근까지 시도) · 이탈 기준 13,343원","호재 뉴스: [생생한 주식쇼 생쇼] 개인 투자자 예탁금 120조 시대, 수급 순환매와 해운·원전 섹터 공략 (2026-05-07) · 최대 호재: HBM 수주, 엔비디아 공급, 장비 발주, 수율 개선 / 최대 악재: 어닝 쇼크, 컨센서스 하회, 수출 통제, 재고 급증"
와이씨,232140.KQ,ok,국장,해당 없음,0.0,0.0,0.0,,,0,해당 없음,0.0,0.0,,,,0.0,0.0,,,-8.0,본장 전/초반 1시간 약세 · 초반 -3.93% · 방어 우선,0.0,중립,1분봉 중립 · 장중 -3.76% · 최근 +0.00%,AI 관망,0,지금은 확실한 우위가 부족합니다.,반도체장비,보류,🚫 제외,리스크 과다,0,21.0,0.0,0.0,0.0,19.0,2.0,40.0,False,False,중립장,11.0,16790.0,17270.0,naver_realtime,naver_realtime_calculated,-2.78,-6.46,0.0,0.44,0.34,False,8643055460.0,18.7,False,8.61,일반 모멘텀,"뉴스 키워드: 강한 호재: 흑자, 공급 / 보통 호재: 투자","변동성 과다, 본장 전/초반 1시간 약세 · 초반 -3.93% · 방어 우선, 매수 확인 부족: 거래량 0.44x / 거래대금 0.34x, 리스크 34 이상으로 신규 관심 제외, 반도체장비 섹터 약세",수급 수집 실패,unavailable,0.0,0.0,"강한 호재: 흑자, 공급 / 보통 호재: 투자",google_news,"호재 뉴스: 와이씨켐, 1분기 영업이익 16억…전년比 흑자 전환 (2026-05-18)",strong,"와이씨켐, 1분기 영업이익 16억…전년比 흑자 전환 (2026-05-18) | 와이씨켐, 1분기 흑자전환 성공 (2026-05-18)","naver_daily, naver_realtime, news:google_news, flow:unavailable, intraday_1m",0.0,6.0,반도체장비 섹터 약세,2026-05-19 21:07:50 PDT,7,"관망 · 호재 뉴스: 와이씨켐, 1분기 영업이익 16억…전년比 흑자 전환 (2026-05-18) · 놓친 상승 복기: 이전 놓친 상승 패턴 1회","조용한 자금 후보 · ok · 점수 9 · 10만원 이하(16,670원) / 뉴스 트리거 투자, 계약, 실적",놓침 위험 낮음,시장 방어장 · 신규 매수는 작게,급변 감지 · 당일 -6.46%,"반도체장비 흐름 · 평균 -2.48% · 거래량 0.8배 · 대표 피에스케이, 주성엔지니어링, 피에스케이홀딩스",방어장 · 평균 -5.68% · 하락비중 91% · 현금 비중 높게,수급 수집 실패,AI/반도체 → 전력 → 냉각 → 데이터센터 → 광통신,"기준 현재가 16,790 · 손절 참고 15,344 · 1차 익절 참고 18,597","최대 호재: HBM 수주, 엔비디아 공급, 장비 발주, 수율 개선 / 최대 악재: 어닝 쇼크, 컨센서스 하회, 수출 통제, 재고 급증","호재 영향 예상: +5.2~+9.5% (18,378원 부근까지 시도) · 이탈 기준 16,139원","호재 뉴스: 와이씨켐, 1분기 영업이익 16억…전년比 흑자 전환 (2026-05-18) · 최대 호재: HBM 수주, 엔비디아 공급, 장비 발주, 수율 개선 / 최대 악재: 어닝 쇼크, 컨센서스 하회, 수출 통제, 재고 급증"
이오테크닉스,039030.KQ,ok,국장,해당 없음,0.0,0.0,0.0,,,0,해당 없음,0.0,0.0,,,,0.0,0.0,,,0.0,본장 전/초반 1시간 중립 · 초반 -0.97%,0.0,중립,1분봉 중립 · 장중 -2.16% · 최근 +0.00%,AI 관망,0,지금은 확실한 우위가 부족합니다.,반도체장비,보류,🚫 제외,리스크 과다,0,2.0,0.0,0.0,0.0,0.0,2.0,32.0,False,False,중립장,11.0,455500.0,464500.0,naver_realtime,naver_realtime_calculated,-1.94,-6.08,-0.62,1.19,1.14,True,59151230000.0,44.2,False,9.07,일반 모멘텀,-,"변동성 과다, 리스크 26 이상으로 신규 관심 제외, 반도체장비 섹터 약세",수급 수집 실패,unavailable,0.0,0.0,뉴스 중립,google_news,관련 뉴스: (5/19) 내일의 관심종목 (2026-05-19),none,(5/19) 내일의 관심종목 (2026-05-19) | 외국인 투매 반도체 '뚝'…코스피 약세 마감 (2026-05-19),"naver_daily, naver_realtime, news:google_news, flow:unavailable, intraday_1m",0.0,6.0,반도체장비 섹터 약세,2026-05-19 21:07:50 PDT,1,관망 · 관련 뉴스: (5/19) 내일의 관심종목 (2026-05-19) · 놓친 상승 복기: 이전 놓친 상승 패턴 1회,"조용한 자금 후보 · ok · 점수 4 · 뉴스 트리거 투자, 실적, 수주",놓침 위험 낮음,시장 방어장 · 신규 매수는 작게,급변 감지 · 당일 -6.08%,"반도체장비 흐름 · 평균 -2.48% · 거래량 0.8배 · 대표 피에스케이, 주성엔지니어링, 피에스케이홀딩스",방어장 · 평균 -5.68% · 하락비중 91% · 현금 비중 높게,수급 수집 실패,AI/반도체 → 전력 → 냉각 → 데이터센터 → 광통신,"기준 현재가 455,500 · 손절 참고 414,186 · 1차 익절 참고 507,142","최대 호재: HBM 수주, 엔비디아 공급, 장비 발주, 수율 개선 / 최대 악재: 어닝 쇼크, 컨센서스 하회, 수출 통제, 재고 급증",뉴스 영향 예상: 방향성 약함 · 가격/거래량 확인 우선,"관련 뉴스: (5/19) 내일의 관심종목 (2026-05-19) · 최대 호재: HBM 수주, 엔비디아 공급, 장비 발주, 수율 개선 / 최대 악재: 어닝 쇼크, 컨센서스 하회, 수출 통제, 재고 급증"
한화에어로스페이스,012450.KS,ok,국장,해당 없음,0.0,0.0,0.0,,,0,해당 없음,0.0,0.0,,,,0.0,0.0,,,-8.0,본장 전/초반 1시간 약세 · 초반 -5.07% · 방어 우선,6.0,양호,1분봉 양호 · 장중 -6.37% · 최근 +0.41%,AI 관망,0,지금은 확실한 우위가 부족합니다.,방산,보류,🚫 제외,리스크 과다,0,26.0,12.0,12.0,0.0,0.0,2.0,56.0,False,False,중립장,11.0,1225000.0,1286000.0,naver_realtime,naver_realtime_calculated,-4.74,-0.16,2.2,1.64,1.47,True,439198025000.0,33.7,False,6.12,일반 모멘텀,"거래량 증가(1.6x), 건전한 갭 상승, 1분봉 양호 · 장중 -6.37% · 최근 +0.41%","변동성 과다, 뉴스 리스크: 악재: 유상증자, 하락, 본장 전/초반 1시간 약세 · 초반 -5.07% · 방어 우선, 리스크 50 이상으로 신규 관심 제외, 방산 섹터 약세",수급 수집 실패,unavailable,0.0,0.0,"악재: 유상증자, 하락",google_news,"악재 뉴스: 한화에어로스페이스 주가 장중 7%대 올라, 미국 이란 전쟁 재개 가능성에 방산주 강세 (2026-05-19)",none,"한화에어로스페이스 주가 장중 7%대 올라, 미국 이란 전쟁 재개 가능성에 방산주 강세 (2026-05-19) | 한화, KAI 경영참여 시동에 의견 분분…'독점'인가 '윈윈'인가 - v.daum.net (2026-05-18)","naver_daily, naver_realtime, news:google_news, flow:unavailable, intraday_1m",0.0,6.0,방산 섹터 약세,2026-05-19 21:07:50 PDT,0,"관망 · 거래량 1.6배 · 추격 부담 낮음 · 악재 뉴스: 한화에어로스페이스 주가 장중 7%대 올라, 미국 이란 전쟁 재개 가능성에 방산주 강세 (2026-05-19)",선행 신호 대기,놓침 위험 낮음,시장 방어장 · 신규 매수는 작게,급변 신호 없음,"방산 흐름 · 평균 -3.02% · 거래량 1.2배 · 대표 한화에어로스페이스, LIG넥스원, 한화시스템",방어장 · 평균 -5.68% · 하락비중 91% · 현금 비중 높게,수급 수집 실패,대표 테마 연결 대기,"기준 현재가 1,225,000 · 손절 참고 1,150,030 · 1차 익절 참고 1,318,712","최대 호재: 수주, 계약, 실적 개선, 정책 수혜 / 최대 악재: 실적 부진, 규제, 원가 상승, 수요 둔화","악재 영향 예상: -5.5~-9.9% (1,103,137원 부근까지 경계) · 회복 기준 1,258,736원 돌파","악재 뉴스: 한화에어로스페이스 주가 장중 7%대 올라, 미국 이란 전쟁 재개 가능성에 방산주 강세 (2026-05-19) · 최대 호재: 수주, 계약, 실적 개선, 정책 수혜 / 최대 악재: 실적 부진, 규제, 원가 상승, 수요 둔화"
현대로템,064350.KS,ok,국장,해당 없음,0.0,0.0,0.0,,,0,해당 없음,0.0,0.0,,,,0.0,0.0,,,-8.0,본장 전/초반 1시간 약세 · 초반 -7.01% · 방어 우선,6.0,양호,1분봉 양호 · 장중 -6.17% · 최근 +0.43%,AI 관망,0,지금은 확실한 우위가 부족합니다.,방산/철도,보류,🚫 제외,리스크 과다,0,23.0,6.0,0.0,0.0,15.0,2.0,38.0,False,False,중립장,11.0,188600.0,195600.0,naver_realtime,naver_realtime_calculated,-3.58,-6.17,-0.25,0.69,0.55,False,123016801800.0,34.1,False,9.06,일반 모멘텀,"뉴스 키워드: 강한 호재: 수주 / 보통 호재: 투자 / 약한 호재: 상승, 확대 / 악재: 하락, 1분봉 양호 · 장중 -6.17% · 최근 +0.43%","변동성 과다, 뉴스 리스크: 강한 호재: 수주 / 보통 호재: 투자 / 약한 호재: 상승, 확대 / 악재: 하락, 본장 전/초반 1시간 약세 · 초반 -7.01% · 방어 우선, 매수 확인 부족: 거래량 0.69x / 거래대금 0.55x, 리스크 38 이상으로 신규 관심 제외",수급 수집 실패,unavailable,0.0,0.0,"강한 호재: 수주 / 보통 호재: 투자 / 약한 호재: 상승, 확대 / 악재: 하락",google_news,악재 뉴스: [Who Is ?] 이용배 현대로템 대표이사 사장 (2026-05-20),strong,"[Who Is ?] 이용배 현대로템 대표이사 사장 (2026-05-20) | 현대로템 주가, 5월 18일 장중 198,700원 1.39% 하락 (2026-05-18)","naver_daily, naver_realtime, news:google_news, flow:unavailable, intraday_1m",,,섹터 확인 부족,2026-05-19 21:07:50 PDT,9,관망 · 악재 뉴스: [Who Is ?] 이용배 현대로템 대표이사 사장 (2026-05-20),선행 신호 대기,놓침 위험 낮음,시장 방어장 · 신규 매수는 작게,급변 감지 · 당일 -6.17%,방산/철도 흐름 · 평균 -6.17% · 거래량 0.7배 · 대표 현대로템,방어장 · 평균 -5.68% · 하락비중 91% · 현금 비중 높게,수급 수집 실패,대표 테마 연결 대기,"기준 현재가 188,600 · 손절 참고 171,513 · 1차 익절 참고 209,959",섹터 최대 호재: 수주,"악재 영향 예상: -5.8~-10.6% (168,557원 부근까지 경계) · 회복 기준 196,289원 돌파",악재 뉴스: [Who Is ?] 이용배 현대로템 대표이사 사장 (2026-05-20) · 섹터 최대 호재: 수주
기아,000270.KS,ok,국장,해당 없음,0.0,0.0,0.0,,,0,해당 없음,0.0,0.0,,,,0.0,0.0,,,-8.0,본장 전/초반 1시간 약세 · 초반 -2.86% · 방어 우선,6.0,양호,1분봉 양호 · 장중 -3.45% · 최근 +0.27%,AI 관망,0,지금은 확실한 우위가 부족합니다.,자동차,보류,🚫 제외,리스크 과다,0,28.0,26.0,0.0,0.0,0.0,2.0,56.0,False,False,중립장,11.0,148600.0,154900.0,naver_realtime,naver_realtime_calculated,-4.07,-8.55,-0.49,0.95,0.86,True,234509969400.0,51.5,True,7.01,일반 모멘텀,"RSI 건강 구간, MACD 상승, 1분봉 양호 · 장중 -3.45% · 최근 +0.27%","변동성 과다, 뉴스 리스크: 악재: 매각, 하락, 본장 전/초반 1시간 약세 · 초반 -2.86% · 방어 우선, 리스크 50 이상으로 신규 관심 제외, 자동차 섹터 약세",수급 수집 실패,unavailable,0.0,0.0,"악재: 매각, 하락",google_news,"악재 뉴스: 송호성 기아 사장 ""아틀라스, 당장 공장 투입해도 될 정도로 경제성 충분"" (2026-05-18)",none,"송호성 기아 사장 ""아틀라스, 당장 공장 투입해도 될 정도로 경제성 충분"" (2026-05-18) | 게이츠 재단, 마이크로소프트 주식 전량 매각 (2026-05-18)","naver_daily, naver_realtime, news:google_news, flow:unavailable, intraday_1m",0.0,6.0,자동차 섹터 약세,2026-05-19 21:07:50 PDT,0,"관망 · 악재 뉴스: 송호성 기아 사장 ""아틀라스, 당장 공장 투입해도 될 정도로 경제성 충분"" (2026-05-18)",선행 신호 대기,놓침 위험 낮음,시장 방어장 · 신규 매수는 작게,급변 감지 · 당일 -8.55%,"자동차 흐름 · 평균 -9.86% · 거래량 1.1배 · 대표 현대차, 기아",방어장 · 평균 -5.68% · 하락비중 91% · 현금 비중 높게,수급 수집 실패,대표 테마 연결 대기,"기준 현재가 148,600 · 손절 참고 138,183 · 1차 익절 참고 161,621","최대 호재: 판매 증가, 환율 수혜, 신차 효과, 전기차 보조금 / 최대 악재: 리콜, 파업, 관세, 판매 부진","악재 영향 예상: -4.9~-8.9% (135,319원 부근까지 경계) · 회복 기준 153,288원 돌파","악재 뉴스: 송호성 기아 사장 ""아틀라스, 당장 공장 투입해도 될 정도로 경제성 충분"" (2026-05-18) · 최대 호재: 판매 증가, 환율 수혜, 신차 효과, 전기차 보조금 / 최대 악재: 리콜, 파업, 관세, 판매 부진"
한화오션,042660.KS,ok,국장,해당 없음,0.0,0.0,0.0,,,0,해당 없음,0.0,0.0,,,,0.0,0.0,,,-8.0,본장 전/초반 1시간 약세 · 초반 -2.84% · 방어 우선,0.0,중립,1분봉 중립 · 장중 -3.47% · 최근 -0.28%,AI 관망,0,지금은 확실한 우위가 부족합니다.,조선,보류,🚫 제외,리스크 과다,0,2.0,0.0,0.0,0.0,0.0,2.0,37.0,False,False,중립장,11.0,109100.0,111900.0,naver_realtime,naver_realtime_calculated,-2.5,-5.79,-0.09,0.58,0.49,False,112920027400.0,17.9,False,5.42,일반 모멘텀,-,"뉴스 리스크: 악재: 하락, 본장 전/초반 1시간 약세 · 초반 -2.84% · 방어 우선, 매수 확인 부족: 거래량 0.58x / 거래대금 0.49x, 리스크 31 이상으로 신규 관심 제외, 조선 섹터 약세",수급 수집 실패,unavailable,0.0,0.0,악재: 하락,google_news,"악재 뉴스: 한화오션 주가, 5월 20일 장중 109,600원 2.06% 하락 (2026-05-20)",none,"한화오션 주가, 5월 20일 장중 109,600원 2.06% 하락 (2026-05-20) | 한화오션 주가, 5월 19일 장중 112,900원 2.50% 하락 (2026-05-19)","naver_daily, naver_realtime, news:google_news, flow:unavailable, intraday_1m",0.0,6.0,조선 섹터 약세,2026-05-19 21:07:50 PDT,0,"관망 · 악재 뉴스: 한화오션 주가, 5월 20일 장중 109,600원 2.06% 하락 (2026-05-20)",선행 신호 대기,놓침 위험 낮음,시장 방어장 · 신규 매수는 작게,급변 신호 없음,"조선 흐름 · 평균 -3.45% · 거래량 0.7배 · 대표 HD현대중공업, HD한국조선해양, 한화오션",방어장 · 평균 -5.68% · 하락비중 91% · 현금 비중 높게,수급 수집 실패,대표 테마 연결 대기,"기준 현재가 109,100 · 손절 참고 103,187 · 1차 익절 참고 116,492","최대 호재: LNG선 수주, 선가 상승, 흑자 전환, 해양플랜트 수주 / 최대 악재: 인도 지연, 원가 상승, 노사 갈등, 수주 취소","악재 영향 예상: -3.5~-6.3% (102,214원 부근까지 경계) · 회복 기준 111,761원 돌파","악재 뉴스: 한화오션 주가, 5월 20일 장중 109,600원 2.06% 하락 (2026-05-20) · 최대 호재: LNG선 수주, 선가 상승, 흑자 전환, 해양플랜트 수주 / 최대 악재: 인도 지연, 원가 상승, 노사 갈등, 수주 취소"
LIG넥스원,079550.KS,ok,국장,해당 없음,0.0,0.0,0.0,,,0,해당 없음,0.0,0.0,,,,0.0,0.0,,,-8.0,본장 전/초반 1시간 약세 · 초반 -5.28% · 방어 우선,0.0,중립,1분봉 중립 · 장중 -5.74% · 최근 +0.00%,AI 관망,0,지금은 확실한 우위가 부족합니다.,방산,보류,🚫 제외,리스크 과다,0,12.0,6.0,0.0,0.0,4.0,2.0,40.0,False,False,중립장,11.0,824000.0,862000.0,naver_realtime,naver_realtime_calculated,-4.41,-1.79,0.24,0.99,0.88,True,297935328000.0,38.6,False,7.77,일반 모멘텀,"건전한 갭 상승, 뉴스 키워드: 보통 호재: 투자","변동성 과다, 본장 전/초반 1시간 약세 · 초반 -5.28% · 방어 우선, 리스크 34 이상으로 신규 관심 제외, 방산 섹터 약세",수급 수집 실패,unavailable,0.0,0.0,보통 호재: 투자,google_news,"호재 뉴스: 코스피, 삼전·닉스 가고 산업재 오나…차기 황제주도 ‘주목’ - mydaily.co.kr (2026-05-18)",medium,"코스피, 삼전·닉스 가고 산업재 오나…차기 황제주도 ‘주목’ - mydaily.co.kr (2026-05-18) | 세라젬, 투자 주식 모두 팔았지만…줄어든 곳간 (2026-05-15)","naver_daily, naver_realtime, news:google_news, flow:unavailable, intraday_1m",0.0,6.0,방산 섹터 약세,2026-05-19 21:07:50 PDT,11,"관망 · 호재 뉴스: 코스피, 삼전·닉스 가고 산업재 오나…차기 황제주도 ‘주목’ - mydaily.co.kr (2026-05-18)",선행 신호 대기,놓침 위험 낮음,시장 방어장 · 신규 매수는 작게,급변 신호 없음,"방산 흐름 · 평균 -3.02% · 거래량 1.2배 · 대표 한화에어로스페이스, LIG넥스원, 한화시스템",방어장 · 평균 -5.68% · 하락비중 91% · 현금 비중 높게,수급 수집 실패,대표 테마 연결 대기,"기준 현재가 824,000 · 손절 참고 759,975 · 1차 익절 참고 904,031","최대 호재: 수주, 계약, 실적 개선, 정책 수혜 / 최대 악재: 실적 부진, 규제, 원가 상승, 수요 둔화","호재 영향 예상: +3.2~+5.8% (872,019원 부근까지 시도) · 이탈 기준 795,189원","호재 뉴스: 코스피, 삼전·닉스 가고 산업재 오나…차기 황제주도 ‘주목’ - mydaily.co.kr (2026-05-18) · 최대 호재: 수주, 계약, 실적 개선, 정책 수혜 / 최대 악재: 실적 부진, 규제, 원가 상승, 수요 둔화"
한화시스템,272210.KS,ok,국장,해당 없음,0.0,0.0,0.0,,,0,해당 없음,0.0,0.0,,,,0.0,0.0,,,-8.0,본장 전/초반 1시간 약세 · 초반 -3.34% · 방어 우선,6.0,양호,1분봉 양호 · 장중 -3.44% · 최근 +0.20%,AI 관망,0,지금은 확실한 우위가 부족합니다.,방산,보류,🚫 제외,리스크 과다,0,20.0,6.0,12.0,0.0,0.0,2.0,44.0,False,False,중립장,11.0,101500.0,104100.0,naver_realtime,naver_realtime_calculated,-2.5,-4.34,-1.23,1.33,1.14,True,128659979000.0,27.5,False,6.8,일반 모멘텀,"거래량 증가(1.3x), 1분봉 양호 · 장중 -3.44% · 최근 +0.20%","변동성 과다, 뉴스 리스크: 악재: 하락, 본장 전/초반 1시간 약세 · 초반 -3.34% · 방어 우선, 리스크 38 이상으로 신규 관심 제외, 방산 섹터 약세",수급 수집 실패,unavailable,0.0,0.0,악재: 하락,google_news,악재 뉴스: “무인병기 체계 핵심기업 부상”…한화시스템 목표가 76% 올렸다 [오늘 나온 보고서] - v.daum.net (2026-05-19),none,"“무인병기 체계 핵심기업 부상”…한화시스템 목표가 76% 올렸다 [오늘 나온 보고서] - v.daum.net (2026-05-19) | 한화시스템 주가, 5월 18일 장중 101,500원 2.68% 하락 (2026-05-18)","naver_daily, naver_realtime, news:google_news, flow:unavailable, intraday_1m",0.0,6.0,방산 섹터 약세,2026-05-19 21:07:50 PDT,0,관망 · 거래량 1.3배 · 악재 뉴스: “무인병기 체계 핵심기업 부상”…한화시스템 목표가 76% 올렸다 [오늘 나온 보고서] - v.daum.net (2,선행 신호 대기,놓침 위험 낮음,시장 방어장 · 신규 매수는 작게,급변 신호 없음,"방산 흐름 · 평균 -3.02% · 거래량 1.2배 · 대표 한화에어로스페이스, LIG넥스원, 한화시스템",방어장 · 평균 -5.68% · 하락비중 91% · 현금 비중 높게,수급 수집 실패,대표 테마 연결 대기,"기준 현재가 101,500 · 손절 참고 94,598 · 1차 익절 참고 110,128","최대 호재: 수주, 계약, 실적 개선, 정책 수혜 / 최대 악재: 실적 부진, 규제, 원가 상승, 수요 둔화","악재 영향 예상: -5.6~-10.2% (91,159원 부근까지 경계) · 회복 기준 104,606원 돌파","악재 뉴스: “무인병기 체계 핵심기업 부상”…한화시스템 목표가 76% 올렸다 [오늘 나온 보고서] - v.daum.net (2026-05-19) · 최대 호재: 수주, 계약, 실적 개선, 정책 수혜 / 최대 악재: 실적 부진, 규제, 원가 상승, 수요 둔화"
HD현대일렉트릭,267260.KS,ok,국장,해당 없음,0.0,0.0,0.0,,,0,해당 없음,0.0,0.0,,,,0.0,0.0,,,-8.0,본장 전/초반 1시간 약세 · 초반 -3.99% · 방어 우선,0.0,중립,1분봉 중립 · 장중 -5.71% · 최근 -0.19%,AI 관망,0,지금은 확실한 우위가 부족합니다.,전기설비,보류,🚫 제외,리스크 과다,0,10.0,0.0,0.0,0.0,8.0,2.0,40.0,False,False,중립장,11.0,1038000.0,1095000.0,naver_realtime,naver_realtime_calculated,-5.21,-9.5,-0.17,0.87,0.72,False,177647472000.0,32.1,False,8.59,일반 모멘텀,뉴스 키워드: 강한 호재: 수주,"변동성 과다, 본장 전/초반 1시간 약세 · 초반 -3.99% · 방어 우선, 매수 확인 부족: 거래량 0.87x / 거래대금 0.72x, 리스크 34 이상으로 신규 관심 제외, 전기설비 섹터 약세",수급 수집 실패,unavailable,0.0,0.0,강한 호재: 수주,google_news,"호재 뉴스: 사상 최고 랠리에 '황제주' 11개, 역대최다…차기 후보군은? (2026-05-17)",strong,"사상 최고 랠리에 '황제주' 11개, 역대최다…차기 후보군은? (2026-05-17) | 양재철 HD현대일렉 본부장 ""전력기기 슈퍼호황은 뉴노멀"" (2026-05-16)","naver_daily, naver_realtime, news:google_news, flow:unavailable, intraday_1m",0.0,6.0,전기설비 섹터 약세,2026-05-19 21:07:50 PDT,24,"관망 · 호재 뉴스: 사상 최고 랠리에 '황제주' 11개, 역대최다…차기 후보군은? (2026-05-17)",선행 신호 대기,놓침 위험 낮음,시장 방어장 · 신규 매수는 작게,급변 감지 · 당일 -9.50%,"전기설비 흐름 · 평균 -6.74% · 거래량 0.5배 · 대표 광명전기, 효성중공업, LS ELECTRIC",방어장 · 평균 -5.68% · 하락비중 91% · 현금 비중 높게,수급 수집 실패,대표 테마 연결 대기,"기준 현재가 1,038,000 · 손절 참고 948,836 · 1차 익절 참고 1,149,455",섹터 최대 호재: 수주,"호재 영향 예상: +5.2~+9.4% (1,136,013원 부근까지 시도) · 이탈 기준 997,876원","호재 뉴스: 사상 최고 랠리에 '황제주' 11개, 역대최다…차기 후보군은? (2026-05-17) · 섹터 최대 호재: 수주"
LS ELECTRIC,010120.KS,ok,국장,해당 없음,0.0,0.0,0.0,,,0,해당 없음,0.0,0.0,,,,0.0,0.0,,,-8.0,본장 전/초반 1시간 약세 · 초반 -4.26% · 방어 우선,6.0,양호,1분봉 양호 · 장중 -5.68% · 최근 +0.22%,AI 관망,0,지금은 확실한 우위가 부족합니다.,전기설비,보류,🚫 제외,리스크 과다,0,36.0,26.0,0.0,0.0,8.0,2.0,64.0,False,True,중립장,11.0,233500.0,243500.0,naver_realtime,naver_realtime_calculated,-4.11,-7.89,4.93,0.87,0.77,False,329892536000.0,45.7,False,10.55,일반 모멘텀,"추세 상승, 뉴스 키워드: 강한 호재: 수주 / 악재: 하락, 1분봉 양호 · 장중 -5.68% · 최근 +0.22%","갭 상승 과열, 변동성 과다, 뉴스 리스크: 강한 호재: 수주 / 악재: 하락, 본장 전/초반 1시간 약세 · 초반 -4.26% · 방어 우선, 매수 확인 부족: 거래량 0.87x / 거래대금 0.77x, 리스크 58 이상으로 신규 관심 제외, 전기설비 섹터 약세",수급 수집 실패,unavailable,0.0,0.0,강한 호재: 수주 / 악재: 하락,google_news,"악재 뉴스: LS ELECTRIC 주가, 5월 20일 장중 235,000원 3.49% 하락 (2026-05-20)",strong,"LS ELECTRIC 주가, 5월 20일 장중 235,000원 3.49% 하락 (2026-05-20) | LS ELECTRIC 주가, 5월 19일 장중 246,500원 2.76% 하락 (2026-05-19)","naver_daily, naver_realtime, news:google_news, flow:unavailable, intraday_1m",0.0,6.0,전기설비 섹터 약세,2026-05-19 21:07:50 PDT,7,"관망 · 악재 뉴스: LS ELECTRIC 주가, 5월 20일 장중 235,000원 3.49% 하락 (2026-05-20)",선행 신호 대기,놓침 위험 낮음,시장 방어장 · 신규 매수는 작게,급변 감지 · 당일 -7.89%,"전기설비 흐름 · 평균 -6.74% · 거래량 0.5배 · 대표 광명전기, 효성중공업, LS ELECTRIC",방어장 · 평균 -5.68% · 하락비중 91% · 현금 비중 높게,수급 수집 실패,대표 테마 연결 대기,"기준 현재가 233,500 · 손절 참고 208,866 · 1차 익절 참고 264,293",섹터 최대 호재: 수주,"악재 영향 예상: -7.4~-13.5% (202,091원 부근까지 경계) · 회복 기준 244,585원 돌파","악재 뉴스: LS ELECTRIC 주가, 5월 20일 장중 235,000원 3.49% 하락 (2026-05-20) · 섹터 최대 호재: 수주"
효성중공업,298040.KS,ok,국장,해당 없음,0.0,0.0,0.0,,,0,해당 없음,0.0,0.0,,,,0.0,0.0,,,0.0,본장 전/초반 1시간 중립 · 초반 -0.91%,6.0,양호,1분봉 양호 · 장중 -2.47% · 최근 +0.04%,AI 관망,0,지금은 확실한 우위가 부족합니다.,전기설비,보류,🚫 제외,리스크 과다,0,14.0,12.0,0.0,0.0,0.0,2.0,32.0,False,False,중립장,11.0,3521000.0,3580000.0,naver_realtime,naver_realtime_calculated,-1.65,-5.6,0.56,0.71,0.64,False,159244267000.0,40.1,False,8.43,일반 모멘텀,"건전한 갭 상승, 1분봉 양호 · 장중 -2.47% · 최근 +0.04%","변동성 과다, 매수 확인 부족: 거래량 0.71x / 거래대금 0.64x, 리스크 26 이상으로 신규 관심 제외, 전기설비 섹터 약세",수급 수집 실패,unavailable,0.0,0.0,뉴스 중립,google_news,"관련 뉴스: ‘찐 명품주’ 효성중공업, 액면분할 안하는 이유는? (2026-05-15)",none,"‘찐 명품주’ 효성중공업, 액면분할 안하는 이유는? (2026-05-15) | [아경의 창]나만 빼고 다 부자 되나…FOMO 주의보 - v.daum.net (2026-05-13)","naver_daily, naver_realtime, news:google_news, flow:unavailable, intraday_1m",0.0,6.0,전기설비 섹터 약세,2026-05-19 21:07:50 PDT,0,"관망 · 관련 뉴스: ‘찐 명품주’ 효성중공업, 액면분할 안하는 이유는? (2026-05-15)",선행 신호 대기,놓침 위험 낮음,시장 방어장 · 신규 매수는 작게,급변 신호 없음,"전기설비 흐름 · 평균 -6.74% · 거래량 0.5배 · 대표 광명전기, 효성중공업, LS ELECTRIC",방어장 · 평균 -5.68% · 하락비중 91% · 현금 비중 높게,수급 수집 실패,대표 테마 연결 대기,"기준 현재가 3,521,000 · 손절 참고 3,224,180 · 1차 익절 참고 3,892,025","최대 호재: 수주, 계약, 실적 개선, 정책 수혜 / 최대 악재: 실적 부진, 규제, 원가 상승, 수요 둔화",뉴스 영향 예상: 방향성 약함 · 가격/거래량 확인 우선,"관련 뉴스: ‘찐 명품주’ 효성중공업, 액면분할 안하는 이유는? (2026-05-15) · 최대 호재: 수주, 계약, 실적 개선, 정책 수혜 / 최대 악재: 실적 부진, 규제, 원가 상승, 수요 둔화"
NAVER,035420.KS,ok,국장,해당 없음,0.0,0.0,0.0,,,0,해당 없음,0.0,0.0,,,,0.0,0.0,,,-8.0,본장 전/초반 1시간 약세 · 초반 -3.31% · 방어 우선,0.0,중립,1분봉 중립 · 장중 -4.01% · 최근 +0.00%,AI 관망,0,지금은 확실한 우위가 부족합니다.,인터넷,보류,🚫 제외,리스크 과다,0,15.0,6.0,0.0,0.0,7.0,2.0,25.0,False,False,중립장,11.0,191400.0,198100.0,naver_realtime,naver_realtime_calculated,-3.38,-4.3,0.25,1.1,1.0,True,181913067600.0,37.0,False,5.01,일반 모멘텀,"건전한 갭 상승, 뉴스 키워드: 보통 호재: 투자 / 약한 호재: 상승","본장 전/초반 1시간 약세 · 초반 -3.31% · 방어 우선, 인터넷 섹터 약세",수급 수집 실패,unavailable,0.0,0.0,보통 호재: 투자 / 약한 호재: 상승,google_news,호재 뉴스: 이번주 주식 투자 3가지 신호 (주간 투자 전략) (2026-05-17),medium,이번주 주식 투자 3가지 신호 (주간 투자 전략) (2026-05-17) | 🚨 과매도 신호 뜬 국장 우량주 - 지금 주목해야 할 저평가 우량주 리스트 (2026.05.15 기준) (2026-05-16),"naver_daily, naver_realtime, news:google_news, flow:unavailable, intraday_1m",0.0,6.0,인터넷 섹터 약세,2026-05-19 21:07:50 PDT,15,관망 · 호재 뉴스: 이번주 주식 투자 3가지 신호 (주간 투자 전략) (2026-05-17),선행 신호 대기,놓침 위험 낮음,시장 방어장 · 신규 매수는 작게,급변 신호 없음,"인터넷 흐름 · 평균 -4.68% · 거래량 0.9배 · 대표 NAVER, 카카오",방어장 · 평균 -5.68% · 하락비중 91% · 현금 비중 높게,수급 수집 실패,대표 테마 연결 대기,"기준 현재가 191,400 · 손절 참고 181,811 · 1차 익절 참고 203,386","최대 호재: 수주, 계약, 실적 개선, 정책 수혜 / 최대 악재: 실적 부진, 규제, 원가 상승, 수요 둔화","호재 영향 예상: +2.1~+3.9% (198,860원 부근까지 시도) · 이탈 기준 187,085원","호재 뉴스: 이번주 주식 투자 3가지 신호 (주간 투자 전략) (2026-05-17) · 최대 호재: 수주, 계약, 실적 개선, 정책 수혜 / 최대 악재: 실적 부진, 규제, 원가 상승, 수요 둔화"
카카오,035720.KS,ok,국장,해당 없음,0.0,0.0,0.0,,,0,해당 없음,0.0,0.0,,,,0.0,0.0,,,-8.0,본장 전/초반 1시간 약세 · 초반 -3.80% · 방어 우선,6.0,양호,1분봉 양호 · 장중 -4.39% · 최근 +0.19%,AI 관망,0,지금은 확실한 우위가 부족합니다.,인터넷,보류,🚫 제외,리스크 과다,0,8.0,6.0,0.0,0.0,0.0,2.0,25.0,False,False,중립장,11.0,40300.0,41600.0,naver_realtime,naver_realtime_calculated,-3.12,-5.06,-0.24,0.78,0.69,False,62268779300.0,27.4,False,4.99,일반 모멘텀,1분봉 양호 · 장중 -4.39% · 최근 +0.19%,"본장 전/초반 1시간 약세 · 초반 -3.80% · 방어 우선, 매수 확인 부족: 거래량 0.78x / 거래대금 0.69x, 인터넷 섹터 약세",수급 수집 실패,unavailable,0.0,0.0,뉴스 중립,google_news,"관련 뉴스: 카카오 임원 28명, 5억원 규모 주식 매수…""책임 경영 실천“ - mstoday.co.kr (2026-05-20)",none,"카카오 임원 28명, 5억원 규모 주식 매수…""책임 경영 실천“ - mstoday.co.kr (2026-05-20) | 카카오 송재하CTO 등 임원 28명, 주식 5억원 어치 매수 (2026-05-20)","naver_daily, naver_realtime, news:google_news, flow:unavailable, intraday_1m",0.0,6.0,인터넷 섹터 약세,2026-05-19 21:07:50 PDT,0,"관망 · 관련 뉴스: 카카오 임원 28명, 5억원 규모 주식 매수…""책임 경영 실천“ - mstoday.co.kr (2026-05-20",선행 신호 대기,놓침 위험 낮음,시장 방어장 · 신규 매수는 작게,급변 신호 없음,"인터넷 흐름 · 평균 -4.68% · 거래량 0.9배 · 대표 NAVER, 카카오",방어장 · 평균 -5.68% · 하락비중 91% · 현금 비중 높게,수급 수집 실패,대표 테마 연결 대기,"기준 현재가 40,300 · 손절 참고 38,289 · 1차 익절 참고 42,814","최대 호재: 수주, 계약, 실적 개선, 정책 수혜 / 최대 악재: 실적 부진, 규제, 원가 상승, 수요 둔화",뉴스 영향 예상: 방향성 약함 · 가격/거래량 확인 우선,"관련 뉴스: 카카오 임원 28명, 5억원 규모 주식 매수…""책임 경영 실천“ - mstoday.co.kr (2026-05-20) · 최대 호재: 수주, 계약, 실적 개선, 정책 수혜 / 최대 악재: 실적 부진, 규제, 원가 상승, 수요 둔화"
HLB,028300.KQ,ok,국장,해당 없음,0.0,0.0,0.0,,,0,해당 없음,0.0,0.0,,,,0.0,0.0,,,-8.0,본장 전/초반 1시간 약세 · 초반 -1.04% · 방어 우선,6.0,양호,1분봉 양호 · 장중 -2.49% · 최근 +0.43%,AI 관망,0,지금은 확실한 우위가 부족합니다.,의료/바이오,보류,🚫 제외,리스크 과다,0,18.0,12.0,0.0,0.0,4.0,2.0,40.0,False,False,중립장,11.0,47300.0,49500.0,naver_realtime,naver_realtime_calculated,-4.44,-5.96,1.79,1.16,0.95,True,33083228200.0,12.7,False,6.52,일반 모멘텀,"건전한 갭 상승, 뉴스 키워드: 보통 호재: 투자, 1분봉 양호 · 장중 -2.49% · 최근 +0.43%","변동성 과다, 본장 전/초반 1시간 약세 · 초반 -1.04% · 방어 우선, 리스크 34 이상으로 신규 관심 제외, 의료/바이오 섹터 약세",수급 수집 실패,unavailable,0.0,0.0,보통 호재: 투자,google_news,"호재 뉴스: 심경재 대표이사, HLB펩 주식 2170주 매수 (2026-05-20)",medium,"심경재 대표이사, HLB펩 주식 2170주 매수 (2026-05-20) | 인베스팅프로의 적정가치 분석, HLB 주식 투자자 50% 손실 방지 - Investing.com 한국어 (2026-05-17)","naver_daily, naver_realtime, news:google_news, flow:unavailable, intraday_1m",0.0,6.0,의료/바이오 섹터 약세,2026-05-19 21:07:50 PDT,12,"관망 · 호재 뉴스: 심경재 대표이사, HLB펩 주식 2170주 매수 (2026-05-20)",선행 신호 대기,놓침 위험 낮음,시장 방어장 · 신규 매수는 작게,급변 신호 없음,"의료/바이오 흐름 · 평균 -4.31% · 거래량 1.0배 · 대표 셀트리온, 삼성바이오로직스, HLB",방어장 · 평균 -5.68% · 하락비중 91% · 현금 비중 높게,수급 수집 실패,의료/제약 → 임상/승인 → 장비/소모품,"기준 현재가 47,300 · 손절 참고 44,216 · 1차 익절 참고 51,155","최대 호재: FDA 승인, 임상 성공, 기술수출, 품목허가 / 최대 악재: 임상 실패, 허가 지연, 부작용, 소송","호재 영향 예상: +2.8~+5.1% (49,719원 부근까지 시도) · 이탈 기준 45,912원","호재 뉴스: 심경재 대표이사, HLB펩 주식 2170주 매수 (2026-05-20) · 최대 호재: FDA 승인, 임상 성공, 기술수출, 품목허가 / 최대 악재: 임상 실패, 허가 지연, 부작용, 소송"
두산에너빌리티,034020.KS,ok,국장,해당 없음,0.0,0.0,0.0,,,0,해당 없음,0.0,0.0,,,,0.0,0.0,,,-8.0,본장 전/초반 1시간 약세 · 초반 -4.71% · 방어 우선,0.0,중립,1분봉 중립 · 장중 -5.56% · 최근 +0.00%,AI 관망,0,지금은 확실한 우위가 부족합니다.,원전/전력,보류,🚫 제외,리스크 과다,0,2.0,0.0,0.0,0.0,0.0,2.0,44.0,False,False,중립장,11.0,100500.0,106000.0,naver_realtime,naver_realtime_calculated,-5.19,-10.35,-0.98,0.78,0.64,False,367284586500.0,25.8,False,7.24,일반 모멘텀,-,"변동성 과다, 뉴스 리스크: 악재: 하락, 본장 전/초반 1시간 약세 · 초반 -4.71% · 방어 우선, 매수 확인 부족: 거래량 0.78x / 거래대금 0.64x, 리스크 38 이상으로 신규 관심 제외, 원전/전력 섹터 약세",수급 수집 실패,unavailable,0.0,0.0,악재: 하락,google_news,"악재 뉴스: 주가 4배 뛴 두산에너빌리티…두산, ′반대매매 리스크′ 낮추고 유동성 확보 (2026-05-19)",none,"주가 4배 뛴 두산에너빌리티…두산, ′반대매매 리스크′ 낮추고 유동성 확보 (2026-05-19) | ㈜두산, 두산에너빌리티 주가 오르자 담보주식 대거 해제 - v.daum.net (2026-05-19)","naver_daily, naver_realtime, news:google_news, flow:unavailable, intraday_1m",0.0,6.0,원전/전력 섹터 약세,2026-05-19 21:07:50 PDT,0,"관망 · 악재 뉴스: 주가 4배 뛴 두산에너빌리티…두산, ′반대매매 리스크′ 낮추고 유동성 확보 (2026-05-19)",선행 신호 대기,놓침 위험 낮음,시장 방어장 · 신규 매수는 작게,급변 감지 · 당일 -10.35%,"원전/전력 흐름 · 평균 -10.12% · 거래량 0.7배 · 대표 비에이치아이, 두산에너빌리티",방어장 · 평균 -5.68% · 하락비중 91% · 현금 비중 높게,수급 수집 실패,전력 → 전선 → 구리 → 원전/데이터센터,"기준 현재가 100,500 · 손절 참고 93,224 · 1차 익절 참고 109,595","최대 호재: SMR 수주, 원전 수출, 신규 원전, 정부 지원 / 최대 악재: 정책 지연, 인허가 지연, 안전 규제, 수주 취소","악재 영향 예상: -4.9~-8.9% (91,594원 부근까지 경계) · 회복 기준 103,774원 돌파","악재 뉴스: 주가 4배 뛴 두산에너빌리티…두산, ′반대매매 리스크′ 낮추고 유동성 확보 (2026-05-19) · 최대 호재: SMR 수주, 원전 수출, 신규 원전, 정부 지원 / 최대 악재: 정책 지연, 인허가 지연, 안전 규제, 수주 취소"
에스티팜,237690.KQ,ok,국장,해당 없음,0.0,0.0,0.0,,,0,해당 없음,0.0,0.0,,,,0.0,0.0,,,-8.0,본장 전/초반 1시간 약세 · 초반 -1.49% · 방어 우선,6.0,양호,1분봉 양호 · 장중 -2.75% · 최근 +0.32%,AI 관망,0,지금은 확실한 우위가 부족합니다.,바이오/CDMO,보류,🚫 제외,리스크 과다,0,21.0,12.0,0.0,0.0,7.0,2.0,34.0,False,False,중립장,11.0,123900.0,128600.0,naver_realtime,naver_realtime_calculated,-3.65,-0.8,0.32,0.84,0.69,False,17432977800.0,19.4,False,7.24,일반 모멘텀,"건전한 갭 상승, 뉴스 키워드: 보통 호재: 실적 / 약한 호재: 확대, 1분봉 양호 · 장중 -2.75% · 최근 +0.32%","변동성 과다, 본장 전/초반 1시간 약세 · 초반 -1.49% · 방어 우선, 매수 확인 부족: 거래량 0.84x / 거래대금 0.69x, 리스크 34 이상으로 신규 관심 제외",수급 수집 실패,unavailable,0.0,0.0,보통 호재: 실적 / 약한 호재: 확대,google_news,"호재 뉴스: 에스티팜, RNA 원료 수요 확대에…중장기 실적 확대 기대감 [Why 바이오] (2026-05-20)",medium,"에스티팜, RNA 원료 수요 확대에…중장기 실적 확대 기대감 [Why 바이오] (2026-05-20) | 에스티팜, RNA 치료제 시장 만성질환 확장 수혜-대신 (2026-05-20)","naver_daily, naver_realtime, news:google_news, flow:unavailable, intraday_1m",,,섹터 확인 부족,2026-05-19 21:07:50 PDT,12,"관망 · 추격 부담 낮음 · 호재 뉴스: 에스티팜, RNA 원료 수요 확대에…중장기 실적 확대 기대감 [Why 바이오] (2026-05-20)",선행 신호 대기,놓침 위험 낮음,시장 방어장 · 신규 매수는 작게,급변 신호 없음,바이오/CDMO 흐름 · 평균 -0.80% · 거래량 0.8배 · 대표 에스티팜,방어장 · 평균 -5.68% · 하락비중 91% · 현금 비중 높게,수급 수집 실패,의료/제약 → 임상/승인 → 장비/소모품,"기준 현재가 123,900 · 손절 참고 114,930 · 1차 익절 참고 135,113","최대 호재: 수주, 계약, 실적 개선, 정책 수혜 / 최대 악재: 실적 부진, 규제, 원가 상승, 수요 둔화","호재 영향 예상: +3.0~+5.4% (130,628원 부근까지 시도) · 이탈 기준 119,863원","호재 뉴스: 에스티팜, RNA 원료 수요 확대에…중장기 실적 확대 기대감 [Why 바이오] (2026-05-20) · 최대 호재: 수주, 계약, 실적 개선, 정책 수혜 / 최대 악재: 실적 부진, 규제, 원가 상승, 수요 둔화"
알테오젠,196170.KQ,ok,국장,해당 없음,0.0,0.0,0.0,,,0,해당 없음,0.0,0.0,,,,0.0,0.0,,,-8.0,본장 전/초반 1시간 약세 · 초반 -3.11% · 방어 우선,6.0,양호,1분봉 양호 · 장중 -5.41% · 최근 +0.29%,AI 관망,7,지금은 확실한 우위가 부족합니다.,바이오,보류,🚫 제외,리스크 과다,0,36.0,22.0,12.0,0.0,0.0,2.0,44.0,False,False,중립장,11.0,351500.0,366500.0,naver_realtime,naver_realtime_calculated,-4.09,-1.68,0.7,1.58,1.53,True,265200774500.0,46.2,True,7.18,일반 모멘텀,"거래량 증가(1.6x), MACD 상승, 건전한 갭 상승, 1분봉 양호 · 장중 -5.41% · 최근 +0.29%","변동성 과다, 뉴스 리스크: 악재: 하락, 본장 전/초반 1시간 약세 · 초반 -3.11% · 방어 우선, 리스크 38 이상으로 신규 관심 제외, 바이오 섹터 약세",수급 수집 실패,unavailable,0.0,0.0,악재: 하락,google_news,"악재 뉴스: [주식] 휴온스, 휴온스랩 흡수합병...주가 18% '급등' (2026-05-19)",none,"[주식] 휴온스, 휴온스랩 흡수합병...주가 18% '급등' (2026-05-19) | 알테오젠 주가, 5월 18일 장중 351,500원 4.74% 하락 (2026-05-18)","naver_daily, naver_realtime, news:google_news, flow:unavailable, intraday_1m",0.0,6.0,바이오 섹터 약세,2026-05-19 21:07:50 PDT,0,"관망 · 거래량 1.6배 · 악재 뉴스: [주식] 휴온스, 휴온스랩 흡수합병...주가 18% '급등' (2026-05-19) · 놓친 상승 복기: 이전 놓친 상승 패턴 1회",선행 신호 대기,놓침 위험 낮음,시장 방어장 · 신규 매수는 작게,급변 신호 없음,"바이오 흐름 · 평균 -4.44% · 거래량 1.3배 · 대표 바이오니아, 알테오젠, SK바이오사이언스",방어장 · 평균 -5.68% · 하락비중 91% · 현금 비중 높게,수급 수집 실패,의료/제약 → 임상/승인 → 장비/소모품,"기준 현재가 351,500 · 손절 참고 326,262 · 1차 익절 참고 383,047","최대 호재: 수주, 계약, 실적 개선, 정책 수혜 / 최대 악재: 실적 부진, 규제, 원가 상승, 수요 둔화","악재 영향 예상: -6.1~-11.0% (312,711원 부근까지 경계) · 회복 기준 362,857원 돌파","악재 뉴스: [주식] 휴온스, 휴온스랩 흡수합병...주가 18% '급등' (2026-05-19) · 최대 호재: 수주, 계약, 실적 개선, 정책 수혜 / 최대 악재: 실적 부진, 규제, 원가 상승, 수요 둔화"
삼천당제약,000250.KQ,ok,국장,해당 없음,0.0,0.0,0.0,,,0,해당 없음,0.0,0.0,,,,0.0,0.0,,,-8.0,본장 전/초반 1시간 약세 · 초반 -2.01% · 방어 우선,6.0,양호,1분봉 양호 · 장중 -3.58% · 최근 +0.15%,AI 관망,0,지금은 확실한 우위가 부족합니다.,바이오,보류,🚫 제외,리스크 과다,0,24.0,22.0,0.0,0.0,0.0,2.0,53.0,False,False,중립장,11.0,338500.0,365500.0,naver_realtime,naver_realtime_calculated,-7.39,-9.37,0.13,0.74,0.61,False,71751845000.0,22.5,True,8.77,일반 모멘텀,"MACD 상승, 건전한 갭 상승, 1분봉 양호 · 장중 -3.58% · 최근 +0.15%","변동성 과다, 뉴스 호재 강도 약함, 뉴스 리스크: 약한 호재: 상승 / 악재: 하락, 쇼크, 본장 전/초반 1시간 약세 · 초반 -2.01% · 방어 우선, 매수 확인 부족: 거래량 0.74x / 거래대금 0.61x, 리스크 47 이상으로 신규 관심 제외, 바이오 섹터 약세",수급 수집 실패,unavailable,0.0,0.0,"약한 호재: 상승 / 악재: 하락, 쇼크",google_news,"악재 뉴스: 삼천당제약 주가, 5월 19일 365,500원 2.14% 하락 마감 (2026-05-19)",weak,"삼천당제약 주가, 5월 19일 365,500원 2.14% 하락 마감 (2026-05-19) | 코스닥 제약업종 톱50 외국인 주식 보유액 8.4조원 규모 (2026-05-19)","naver_daily, naver_realtime, news:google_news, flow:unavailable, intraday_1m",0.0,6.0,바이오 섹터 약세,2026-05-19 21:07:50 PDT,0,"관망 · 악재 뉴스: 삼천당제약 주가, 5월 19일 365,500원 2.14% 하락 마감 (2026-05-19) · 놓친 상승 복기: 이전 놓친 상승 패턴 1회",선행 신호 대기,놓침 위험 낮음,시장 방어장 · 신규 매수는 작게,급변 감지 · 당일 -9.37%,"바이오 흐름 · 평균 -4.44% · 거래량 1.3배 · 대표 바이오니아, 알테오젠, SK바이오사이언스",방어장 · 평균 -5.68% · 하락비중 91% · 현금 비중 높게,수급 수집 실패,의료/제약 → 임상/승인 → 장비/소모품,"기준 현재가 338,500 · 손절 참고 308,814 · 1차 익절 참고 375,608","최대 호재: 수주, 계약, 실적 개선, 정책 수혜 / 최대 악재: 실적 부진, 규제, 원가 상승, 수요 둔화","악재 영향 예상: -6.1~-11.2% (300,650원 부근까지 경계) · 회복 기준 351,859원 돌파","악재 뉴스: 삼천당제약 주가, 5월 19일 365,500원 2.14% 하락 마감 (2026-05-19) · 최대 호재: 수주, 계약, 실적 개선, 정책 수혜 / 최대 악재: 실적 부진, 규제, 원가 상승, 수요 둔화"
오스코텍,039200.KQ,ok,국장,해당 없음,0.0,0.0,0.0,,,0,해당 없음,0.0,0.0,,,,0.0,0.0,,,-8.0,본장 전/초반 1시간 약세 · 초반 -1.89% · 방어 우선,6.0,양호,1분봉 양호 · 장중 -3.77% · 최근 +0.13%,AI 관망,0,지금은 확실한 우위가 부족합니다.,바이오,보류,🚫 제외,리스크 과다,0,17.0,12.0,0.0,0.0,3.0,2.0,40.0,False,False,중립장,11.0,38500.0,41000.0,naver_realtime,naver_realtime_calculated,-6.1,-5.52,0.25,0.82,0.64,False,8259328000.0,18.0,False,8.78,일반 모멘텀,"건전한 갭 상승, 뉴스 키워드: 약한 호재: 확대, 증가, 1분봉 양호 · 장중 -3.77% · 최근 +0.13%","변동성 과다, 뉴스 호재 강도 약함, 본장 전/초반 1시간 약세 · 초반 -1.89% · 방어 우선, 매수 확인 부족: 거래량 0.82x / 거래대금 0.64x, 리스크 34 이상으로 신규 관심 제외, 바이오 섹터 약세",수급 수집 실패,unavailable,0.0,0.0,"약한 호재: 확대, 증가",google_news,호재 뉴스: 코스닥 제약업종 톱50 외국인 주식 보유액 8.4조원 규모 (2026-05-19),weak,"코스닥 제약업종 톱50 외국인 주식 보유액 8.4조원 규모 (2026-05-19) | [바이오사 리포트] 오스코텍, 로열티로 외형 확대…2Q 마일스톤 분기점 (2026-05-15)","naver_daily, naver_realtime, news:google_news, flow:unavailable, intraday_1m",0.0,6.0,바이오 섹터 약세,2026-05-19 21:07:50 PDT,10,관망 · 호재 뉴스: 코스닥 제약업종 톱50 외국인 주식 보유액 8.4조원 규모 (2026-05-19) · 놓친 상승 복기: 이전 놓친 상승 패턴 1회,"조용한 자금 후보 · ok · 점수 15 · 10만원 이하(38,300원) / 뉴스 트리거 투자, 인수, 승인",놓침 위험 낮음,시장 방어장 · 신규 매수는 작게,급변 신호 없음,"바이오 흐름 · 평균 -4.44% · 거래량 1.3배 · 대표 바이오니아, 알테오젠, SK바이오사이언스",방어장 · 평균 -5.68% · 하락비중 91% · 현금 비중 높게,수급 수집 실패,의료/제약 → 임상/승인 → 장비/소모품,"기준 현재가 38,500 · 손절 참고 35,120 · 1차 익절 참고 42,725","최대 호재: 수주, 계약, 실적 개선, 정책 수혜 / 최대 악재: 실적 부진, 규제, 원가 상승, 수요 둔화","호재 영향 예상: +3.6~+6.6% (41,035원 부근까지 시도) · 이탈 기준 36,979원","호재 뉴스: 코스닥 제약업종 톱50 외국인 주식 보유액 8.4조원 규모 (2026-05-19) · 최대 호재: 수주, 계약, 실적 개선, 정책 수혜 / 최대 악재: 실적 부진, 규제, 원가 상승, 수요 둔화"
루닛,328130.KQ,ok,국장,해당 없음,0.0,0.0,0.0,,,0,해당 없음,0.0,0.0,,,,0.0,0.0,,,-8.0,본장 전/초반 1시간 약세 · 초반 -3.65% · 방어 우선,0.0,중립,1분봉 중립 · 장중 -4.56% · 최근 +0.00%,AI 관망,0,지금은 확실한 우위가 부족합니다.,의료AI,보류,🚫 제외,리스크 과다,0,8.0,6.0,0.0,0.0,0.0,2.0,40.0,False,False,중립장,11.0,16810.0,17660.0,naver_realtime,naver_realtime_calculated,-4.81,-6.61,1.67,0.5,0.43,False,3847287890.0,42.4,False,10.07,일반 모멘텀,건전한 갭 상승,"변동성 과다, 뉴스 호재 강도 약함, 본장 전/초반 1시간 약세 · 초반 -3.65% · 방어 우선, 매수 확인 부족: 거래량 0.50x / 거래대금 0.43x, 리스크 34 이상으로 신규 관심 제외, 의료AI 섹터 약세",수급 수집 실패,unavailable,0.0,0.0,약한 호재: 확대,google_news,"호재 뉴스: 루닛, 미국 NCCN 가이드라인 개정 맞춰 유방암 AI 솔루션 시장 진입 (2026-05-18)",weak,"루닛, 미국 NCCN 가이드라인 개정 맞춰 유방암 AI 솔루션 시장 진입 (2026-05-18) | ""5년 내 유방암""…루닛, AI 솔루션 美 NCCN 등재 (2026-05-18)","naver_daily, naver_realtime, news:google_news, flow:unavailable, intraday_1m",0.0,6.0,의료AI 섹터 약세,2026-05-19 21:07:50 PDT,8,"관망 · 호재 뉴스: 루닛, 미국 NCCN 가이드라인 개정 맞춰 유방암 AI 솔루션 시장 진입 (2026-05-18)",선행 신호 대기,놓침 위험 낮음,시장 방어장 · 신규 매수는 작게,급변 감지 · 당일 -6.61%,"의료AI 흐름 · 평균 -6.72% · 거래량 0.5배 · 대표 딥노이드, 루닛, 뷰노",방어장 · 평균 -5.68% · 하락비중 91% · 현금 비중 높게,수급 수집 실패,의료/제약 → 임상/승인 → 장비/소모품,"기준 현재가 16,810 · 손절 참고 15,117 · 1차 익절 참고 18,926","최대 호재: FDA 승인, 임상 성공, 기술수출, 품목허가 / 최대 악재: 임상 실패, 허가 지연, 부작용, 소송","호재 영향 예상: +4.2~+7.6% (18,080원 부근까지 시도) · 이탈 기준 16,048원","호재 뉴스: 루닛, 미국 NCCN 가이드라인 개정 맞춰 유방암 AI 솔루션 시장 진입 (2026-05-18) · 최대 호재: FDA 승인, 임상 성공, 기술수출, 품목허가 / 최대 악재: 임상 실패, 허가 지연, 부작용, 소송"
뷰노,338220.KQ,ok,국장,해당 없음,0.0,0.0,0.0,,,0,해당 없음,0.0,0.0,,,,0.0,0.0,,,-8.0,본장 전/초반 1시간 약세 · 초반 -4.03% · 방어 우선,0.0,중립,1분봉 중립 · 장중 -5.08% · 최근 -0.50%,AI 관망,0,지금은 확실한 우위가 부족합니다.,의료AI,보류,🚫 제외,리스크 과다,0,12.0,6.0,0.0,0.0,4.0,2.0,55.0,False,False,중립장,11.0,9870.0,10460.0,naver_realtime,naver_realtime_calculated,-5.64,-7.84,0.65,0.5,0.34,False,696713430.0,7.4,False,10.88,일반 모멘텀,"건전한 갭 상승, 뉴스 키워드: 보통 호재: 실적","변동성 과다, 거래대금 부족, 본장 전/초반 1시간 약세 · 초반 -4.03% · 방어 우선, 매수 확인 부족: 거래량 0.50x / 거래대금 0.34x, 리스크 49 이상으로 신규 관심 제외, 의료AI 섹터 약세",수급 수집 실패,unavailable,0.0,0.0,보통 호재: 실적,google_news,호재 뉴스: '실적 개선 기대' 루닛·토모큐브↑...'FDA 인증 획득 실패' 뷰노↓[바이오 맥짚기... (2026-05-08),medium,'실적 개선 기대' 루닛·토모큐브↑...'FDA 인증 획득 실패' 뷰노↓[바이오 맥짚기... (2026-05-08),"naver_daily, naver_realtime, news:google_news, flow:unavailable, intraday_1m",0.0,6.0,의료AI 섹터 약세,2026-05-19 21:07:50 PDT,4,관망 · 호재 뉴스: '실적 개선 기대' 루닛·토모큐브↑...'FDA 인증 획득 실패' 뷰노↓[바이오 맥짚기... (2026-05-08,"조용한 자금 후보 · ok · 점수 3 · 10만원 이하(9,820원) / 뉴스 트리거 투자, 인수, 실적",놓침 위험 낮음,시장 방어장 · 신규 매수는 작게,급변 감지 · 당일 -7.84%,"의료AI 흐름 · 평균 -6.72% · 거래량 0.5배 · 대표 딥노이드, 루닛, 뷰노",방어장 · 평균 -5.68% · 하락비중 91% · 현금 비중 높게,수급 수집 실패,의료/제약 → 임상/승인 → 장비/소모품,"기준 현재가 9,870 · 손절 참고 8,796 · 1차 익절 참고 11,212","최대 호재: FDA 승인, 임상 성공, 기술수출, 품목허가 / 최대 악재: 임상 실패, 허가 지연, 부작용, 소송","호재 영향 예상: +4.5~+8.2% (10,675원 부근까지 시도) · 이탈 기준 9,387원","호재 뉴스: '실적 개선 기대' 루닛·토모큐브↑...'FDA 인증 획득 실패' 뷰노↓[바이오 맥짚기... (2026-05-08) · 최대 호재: FDA 승인, 임상 성공, 기술수출, 품목허가 / 최대 악재: 임상 실패, 허가 지연, 부작용, 소송"
셀트리온,068270.KS,ok,국장,해당 없음,0.0,0.0,0.0,,,0,해당 없음,0.0,0.0,,,,0.0,0.0,,,-8.0,본장 전/초반 1시간 약세 · 초반 -2.17% · 방어 우선,6.0,양호,1분봉 양호 · 장중 -2.99% · 최근 +0.06%,AI 관망,0,지금은 확실한 우위가 부족합니다.,의료/바이오,보류,🚫 제외,리스크 과다,0,15.0,6.0,0.0,0.0,7.0,2.0,25.0,False,False,중립장,11.0,178500.0,182500.0,naver_realtime,naver_realtime_calculated,-2.19,-2.57,-0.33,0.91,0.83,True,101908327500.0,30.9,False,4.11,일반 모멘텀,"뉴스 키워드: 보통 호재: 실적 / 약한 호재: 확대, 1분봉 양호 · 장중 -2.99% · 최근 +0.06%","본장 전/초반 1시간 약세 · 초반 -2.17% · 방어 우선, 의료/바이오 섹터 약세",수급 수집 실패,unavailable,0.0,0.0,보통 호재: 실적 / 약한 호재: 확대,google_news,"호재 뉴스: 수익률 1200% '서프라이즈' 재연배우 ""송도 본사 가서 큰절""…무슨 종목? - 뉴스1 (2026-05-20)",medium,"수익률 1200% '서프라이즈' 재연배우 ""송도 본사 가서 큰절""…무슨 종목? - 뉴스1 (2026-05-20) | “1200% 수익률로 인생 역전”…본사 가서 큰절한 ‘서프라이즈’ 재연배우 (2026-05-19)","naver_daily, naver_realtime, news:google_news, flow:unavailable, intraday_1m",0.0,6.0,의료/바이오 섹터 약세,2026-05-19 21:07:50 PDT,14,"관망 · 호재 뉴스: 수익률 1200% '서프라이즈' 재연배우 ""송도 본사 가서 큰절""…무슨 종목? - 뉴스1 (2026-05-20)",선행 신호 대기,놓침 위험 낮음,시장 방어장 · 신규 매수는 작게,급변 신호 없음,"의료/바이오 흐름 · 평균 -4.31% · 거래량 1.0배 · 대표 셀트리온, 삼성바이오로직스, HLB",방어장 · 평균 -5.68% · 하락비중 91% · 현금 비중 높게,수급 수집 실패,의료/제약 → 임상/승인 → 장비/소모품,"기준 현재가 178,500 · 손절 참고 171,164 · 1차 익절 참고 187,670","최대 호재: FDA 승인, 임상 성공, 기술수출, 품목허가 / 최대 악재: 임상 실패, 허가 지연, 부작용, 소송","호재 영향 예상: +2.0~+3.2% (184,212원 부근까지 시도) · 이탈 기준 174,930원","호재 뉴스: 수익률 1200% '서프라이즈' 재연배우 ""송도 본사 가서 큰절""…무슨 종목? - 뉴스1 (2026-05-20) · 최대 호재: FDA 승인, 임상 성공, 기술수출, 품목허가 / 최대 악재: 임상 실패, 허가 지연, 부작용, 소송"
삼성바이오로직스,207940.KS,ok,국장,해당 없음,0.0,0.0,0.0,,,0,해당 없음,0.0,0.0,,,,0.0,0.0,,,-8.0,본장 전/초반 1시간 약세 · 초반 -2.59% · 방어 우선,6.0,양호,1분봉 양호 · 장중 -1.92% · 최근 +0.68%,AI 관망,0,지금은 확실한 우위가 부족합니다.,의료/바이오,보류,🚫 제외,리스크 과다,0,16.0,6.0,0.0,0.0,8.0,2.0,25.0,False,False,중립장,11.0,1325000.0,1346000.0,naver_realtime,naver_realtime_calculated,-1.56,-4.4,-0.79,0.99,0.89,True,91105675000.0,20.8,False,2.98,일반 모멘텀,"뉴스 키워드: 강한 호재: 수주, 1분봉 양호 · 장중 -1.92% · 최근 +0.68%","본장 전/초반 1시간 약세 · 초반 -2.59% · 방어 우선, 의료/바이오 섹터 약세",수급 수집 실패,unavailable,0.0,0.0,강한 호재: 수주,google_news,"호재 뉴스: 대신證 ""삼성바이오, 단기조정은 기회…목표가 200만원"" (2026-05-20)",strong,"대신證 ""삼성바이오, 단기조정은 기회…목표가 200만원"" (2026-05-20) | ""삼성전자·삼성바이오, 현금 여력 기준으로 성과급 책정해야"" (2026-05-15)","naver_daily, naver_realtime, news:google_news, flow:unavailable, intraday_1m",0.0,6.0,의료/바이오 섹터 약세,2026-05-19 21:07:50 PDT,14,"관망 · 호재 뉴스: 대신證 ""삼성바이오, 단기조정은 기회…목표가 200만원"" (2026-05-20)",선행 신호 대기,놓침 위험 낮음,시장 방어장 · 신규 매수는 작게,급변 신호 없음,"의료/바이오 흐름 · 평균 -4.31% · 거래량 1.0배 · 대표 셀트리온, 삼성바이오로직스, HLB",방어장 · 평균 -5.68% · 하락비중 91% · 현금 비중 높게,수급 수집 실패,의료/제약 → 임상/승인 → 장비/소모품,"기준 현재가 1,325,000 · 손절 참고 1,285,250 · 1차 익절 참고 1,378,000","최대 호재: FDA 승인, 임상 성공, 기술수출, 품목허가 / 최대 악재: 임상 실패, 허가 지연, 부작용, 소송","호재 영향 예상: +2.9~+5.2% (1,394,364원 부근까지 시도) · 이탈 기준 1,298,500원","호재 뉴스: 대신證 ""삼성바이오, 단기조정은 기회…목표가 200만원"" (2026-05-20) · 최대 호재: FDA 승인, 임상 성공, 기술수출, 품목허가 / 최대 악재: 임상 실패, 허가 지연, 부작용, 소송"
파마리서치,214450.KQ,ok,국장,해당 없음,0.0,0.0,0.0,,,0,해당 없음,0.0,0.0,,,,0.0,0.0,,,-8.0,본장 전/초반 1시간 약세 · 초반 -3.78% · 방어 우선,6.0,양호,1분봉 양호 · 장중 -5.59% · 최근 +0.17%,AI 관망,0,지금은 확실한 우위가 부족합니다.,의료/미용,보류,🚫 제외,리스크 과다,0,28.0,26.0,0.0,0.0,0.0,2.0,34.0,False,False,중립장,11.0,288500.0,305000.0,naver_realtime,naver_realtime_calculated,-5.41,-7.38,-0.16,0.6,0.53,False,21910132500.0,42.4,False,7.89,일반 모멘텀,"추세 상승, 1분봉 양호 · 장중 -5.59% · 최근 +0.17%","변동성 과다, 뉴스 호재 강도 약함, 본장 전/초반 1시간 약세 · 초반 -3.78% · 방어 우선, 매수 확인 부족: 거래량 0.60x / 거래대금 0.53x, 리스크 34 이상으로 신규 관심 제외",수급 수집 실패,unavailable,0.0,0.0,약한 호재: 확대,google_news,"호재 뉴스: [단독] 파마리서치, 차세대 리쥬란 임상 신청 - v.daum.net (2026-05-19)",weak,"[단독] 파마리서치, 차세대 리쥬란 임상 신청 - v.daum.net (2026-05-19) | [단독] 파마리서치, 차세대 리쥬란 임상 신청 (2026-05-19)","naver_daily, naver_realtime, news:google_news, flow:unavailable, intraday_1m",,,섹터 확인 부족,2026-05-19 21:07:50 PDT,10,"관망 · 호재 뉴스: [단독] 파마리서치, 차세대 리쥬란 임상 신청 - v.daum.net (2026-05-19)",선행 신호 대기,놓침 위험 낮음,시장 방어장 · 신규 매수는 작게,급변 감지 · 당일 -7.38%,의료/미용 흐름 · 평균 -7.38% · 거래량 0.6배 · 대표 파마리서치,방어장 · 평균 -5.68% · 하락비중 91% · 현금 비중 높게,수급 수집 실패,의료/제약 → 임상/승인 → 장비/소모품,"기준 현재가 288,500 · 손절 참고 265,737 · 1차 익절 참고 316,953","최대 호재: FDA 승인, 임상 성공, 기술수출, 품목허가 / 최대 악재: 임상 실패, 허가 지연, 부작용, 소송","호재 영향 예상: +3.3~+5.9% (305,572원 부근까지 시도) · 이탈 기준 278,257원","호재 뉴스: [단독] 파마리서치, 차세대 리쥬란 임상 신청 - v.daum.net (2026-05-19) · 최대 호재: FDA 승인, 임상 성공, 기술수출, 품목허가 / 최대 악재: 임상 실패, 허가 지연, 부작용, 소송"
휴젤,145020.KQ,ok,국장,해당 없음,0.0,0.0,0.0,,,0,해당 없음,0.0,0.0,,,,0.0,0.0,,,-8.0,본장 전/초반 1시간 약세 · 초반 -6.07% · 방어 우선,0.0,중립,1분봉 중립 · 장중 -6.64% · 최근 +0.00%,AI 관망,0,지금은 확실한 우위가 부족합니다.,바이오,보류,🚫 제외,리스크 과다,0,22.0,20.0,0.0,0.0,0.0,2.0,50.0,False,False,중립장,11.0,248500.0,265500.0,naver_realtime,naver_realtime_calculated,-6.4,-4.97,-0.38,0.65,0.59,False,10563983500.0,49.0,False,7.17,일반 모멘텀,추세 상승,"변동성 과다, 뉴스 호재 강도 약함, 뉴스 리스크: 약한 호재: 증가 / 악재: 지분율, 주식등의 수, 본장 전/초반 1시간 약세 · 초반 -6.07% · 방어 우선, 매수 확인 부족: 거래량 0.65x / 거래대금 0.59x, 리스크 44 이상으로 신규 관심 제외, 바이오 섹터 약세",수급 수집 실패,unavailable,0.0,0.0,"약한 호재: 증가 / 악재: 지분율, 주식등의 수",google_news,악재 뉴스: 코스닥 제약업종 톱50 외국인 주식 보유액 8.4조원 규모 (2026-05-19),weak,코스닥 제약업종 톱50 외국인 주식 보유액 8.4조원 규모 (2026-05-19) | 휴젤 '5% 주주'로 돌아온 MFS…CBC그룹 엑시트 변수 될까 (2026-05-13),"naver_daily, naver_realtime, news:google_news, flow:unavailable, intraday_1m",0.0,6.0,바이오 섹터 약세,2026-05-19 21:07:50 PDT,0,관망 · 악재 뉴스: 코스닥 제약업종 톱50 외국인 주식 보유액 8.4조원 규모 (2026-05-19) · 놓친 상승 복기: 이전 놓친 상승 패턴 1회,선행 신호 대기,놓침 위험 낮음,시장 방어장 · 신규 매수는 작게,급변 신호 없음,"바이오 흐름 · 평균 -4.44% · 거래량 1.3배 · 대표 바이오니아, 알테오젠, SK바이오사이언스",방어장 · 평균 -5.68% · 하락비중 91% · 현금 비중 높게,수급 수집 실패,의료/제약 → 임상/승인 → 장비/소모품,"기준 현재가 248,500 · 손절 참고 230,683 · 1차 익절 참고 270,772","최대 호재: 수주, 계약, 실적 개선, 정책 수혜 / 최대 악재: 실적 부진, 규제, 원가 상승, 수요 둔화","악재 영향 예상: -5.9~-10.8% (221,774원 부근까지 경계) · 회복 기준 256,518원 돌파","악재 뉴스: 코스닥 제약업종 톱50 외국인 주식 보유액 8.4조원 규모 (2026-05-19) · 최대 호재: 수주, 계약, 실적 개선, 정책 수혜 / 최대 악재: 실적 부진, 규제, 원가 상승, 수요 둔화"
보로노이,310210.KQ,ok,국장,해당 없음,0.0,0.0,0.0,,,0,해당 없음,0.0,0.0,,,,0.0,0.0,,,-8.0,본장 전/초반 1시간 약세 · 초반 -3.02% · 방어 우선,0.0,중립,1분봉 중립 · 장중 -2.82% · 최근 -0.21%,AI 관망,0,지금은 확실한 우위가 부족합니다.,바이오,보류,🚫 제외,리스크 과다,0,20.0,6.0,12.0,0.0,0.0,2.0,40.0,False,False,중립장,11.0,243000.0,253500.0,naver_realtime,naver_realtime_calculated,-4.14,-2.61,1.4,1.56,1.31,True,44569845000.0,24.6,False,8.54,일반 모멘텀,"거래량 증가(1.6x), 건전한 갭 상승","변동성 과다, 본장 전/초반 1시간 약세 · 초반 -3.02% · 방어 우선, 리스크 34 이상으로 신규 관심 제외, 바이오 섹터 약세",수급 수집 실패,unavailable,0.0,0.0,뉴스 중립,google_news,"관련 뉴스: 삼성전자 급하게 던진 '상위 1%' 고수들, 어디 가나 봤더니 (2026-05-19)",none,"삼성전자 급하게 던진 '상위 1%' 고수들, 어디 가나 봤더니 (2026-05-19) | 5월18일 주식이야기(보로 콥데이~!) (2026-05-18)","naver_daily, naver_realtime, news:google_news, flow:unavailable, intraday_1m",0.0,6.0,바이오 섹터 약세,2026-05-19 21:07:50 PDT,2,"관망 · 거래량 1.6배 · 관련 뉴스: 삼성전자 급하게 던진 '상위 1%' 고수들, 어디 가나 봤더니 (2026-05-19) · 놓친 상승 복기: 이전 놓친 상승 패턴 1회",선행 신호 대기,놓침 위험 낮음,시장 방어장 · 신규 매수는 작게,급변 신호 없음,"바이오 흐름 · 평균 -4.44% · 거래량 1.3배 · 대표 바이오니아, 알테오젠, SK바이오사이언스",방어장 · 평균 -5.68% · 하락비중 91% · 현금 비중 높게,수급 수집 실패,의료/제약 → 임상/승인 → 장비/소모품,"기준 현재가 243,000 · 손절 참고 222,248 · 1차 익절 참고 268,940","최대 호재: 수주, 계약, 실적 개선, 정책 수혜 / 최대 악재: 실적 부진, 규제, 원가 상승, 수요 둔화",뉴스 영향 예상: 방향성 약함 · 가격/거래량 확인 우선,"관련 뉴스: 삼성전자 급하게 던진 '상위 1%' 고수들, 어디 가나 봤더니 (2026-05-19) · 최대 호재: 수주, 계약, 실적 개선, 정책 수혜 / 최대 악재: 실적 부진, 규제, 원가 상승, 수요 둔화"
POSCO홀딩스,005490.KS,ok,국장,해당 없음,0.0,0.0,0.0,,,0,해당 없음,0.0,0.0,,,,0.0,0.0,,,-8.0,본장 전/초반 1시간 약세 · 초반 -4.88% · 방어 우선,6.0,양호,1분봉 양호 · 장중 -6.70% · 최근 +0.12%,AI 관망,0,지금은 확실한 우위가 부족합니다.,2차전지/소재,보류,🚫 제외,리스크 과다,0,44.0,42.0,0.0,0.0,0.0,2.0,50.0,False,False,중립장,11.0,413000.0,440500.0,naver_realtime,naver_realtime_calculated,-6.24,-10.8,0.86,0.82,0.72,False,238830879000.0,54.8,False,7.95,일반 모멘텀,"추세 상승, RSI 건강 구간, 건전한 갭 상승, 1분봉 양호 · 장중 -6.70% · 최근 +0.12%","변동성 과다, 뉴스 리스크: 악재: 하락, 본장 전/초반 1시간 약세 · 초반 -4.88% · 방어 우선, 매수 확인 부족: 거래량 0.82x / 거래대금 0.72x, 리스크 50 이상으로 신규 관심 제외",수급 수집 실패,unavailable,0.0,0.0,악재: 하락,google_news,"악재 뉴스: POSCO홀딩스 주가, 5월 20일 장중 420,500원 20,000원 하락 4.54% (2026-05-20)",none,"POSCO홀딩스 주가, 5월 20일 장중 420,500원 20,000원 하락 4.54% (2026-05-20) | POSCO홀딩스 주가, 5월 18일 장중 446,000원 4.60% 하락 (2026-05-18)","naver_daily, naver_realtime, news:google_news, flow:unavailable, intraday_1m",,,섹터 확인 부족,2026-05-19 21:07:50 PDT,0,"관망 · 악재 뉴스: POSCO홀딩스 주가, 5월 20일 장중 420,500원 20,000원 하락 4.54% (2026-05-20)",선행 신호 대기,놓침 위험 낮음,시장 방어장 · 신규 매수는 작게,급변 감지 · 당일 -10.80%,2차전지/소재 흐름 · 평균 -10.80% · 거래량 0.8배 · 대표 POSCO홀딩스,방어장 · 평균 -5.68% · 하락비중 91% · 현금 비중 높게,수급 수집 실패,대표 테마 연결 대기,"기준 현재가 413,000 · 손절 참고 380,166 · 1차 익절 참고 454,042","최대 호재: 수주, IRA 수혜, 리튬 가격 안정, 흑자 전환 / 최대 악재: 화재, 리콜, 수요 둔화, 적자 확대","악재 영향 예상: -5.6~-10.1% (371,137원 부근까지 경계) · 회복 기준 427,775원 돌파","악재 뉴스: POSCO홀딩스 주가, 5월 20일 장중 420,500원 20,000원 하락 4.54% (2026-05-20) · 최대 호재: 수주, IRA 수혜, 리튬 가격 안정, 흑자 전환 / 최대 악재: 화재, 리콜, 수요 둔화, 적자 확대"
에코프로,086520.KQ,ok,국장,해당 없음,0.0,0.0,0.0,,,0,해당 없음,0.0,0.0,,,,0.0,0.0,,,-8.0,본장 전/초반 1시간 약세 · 초반 -1.26% · 방어 우선,6.0,양호,1분봉 양호 · 장중 -1.76% · 최근 +0.26%,AI 관망,0,지금은 확실한 우위가 부족합니다.,2차전지,보류,🚫 제외,리스크 과다,0,21.0,12.0,0.0,0.0,7.0,2.0,40.0,False,False,중립장,11.0,118000.0,121600.0,naver_realtime,naver_realtime_calculated,-2.96,-6.94,0.63,0.74,0.58,False,134263114000.0,28.1,False,7.79,일반 모멘텀,"건전한 갭 상승, 뉴스 키워드: 보통 호재: 투자 / 약한 호재: 특허, 1분봉 양호 · 장중 -1.76% · 최근 +0.26%","변동성 과다, 본장 전/초반 1시간 약세 · 초반 -1.26% · 방어 우선, 매수 확인 부족: 거래량 0.74x / 거래대금 0.58x, 리스크 34 이상으로 신규 관심 제외, 2차전지 섹터 약세",수급 수집 실패,unavailable,0.0,0.0,보통 호재: 투자 / 약한 호재: 특허,google_news,"호재 뉴스: '지주사 반납' 에코프로, 신사업 투자·M&A 속도…타업종 진출 기대 : 네이버 블로그 (2026-05-19)",medium,"'지주사 반납' 에코프로, 신사업 투자·M&A 속도…타업종 진출 기대 : 네이버 블로그 (2026-05-19) | 반도체 ‘투톱’ 쓸어담고, 전장·배터리株는 매도 [주식 초고수는 지금] (2026-05-18)","naver_daily, naver_realtime, news:google_news, flow:unavailable, intraday_1m",0.0,6.0,2차전지 섹터 약세,2026-05-19 21:07:50 PDT,9,"관망 · 호재 뉴스: '지주사 반납' 에코프로, 신사업 투자·M&A 속도…타업종 진출 기대 : 네이버 블로그 (2026-05-19)",선행 신호 대기,놓침 위험 낮음,시장 방어장 · 신규 매수는 작게,급변 감지 · 당일 -6.94%,"2차전지 흐름 · 평균 -7.70% · 거래량 0.7배 · 대표 LG에너지솔루션, 에코프로비엠, 에코프로",방어장 · 평균 -5.68% · 하락비중 91% · 현금 비중 높게,수급 수집 실패,대표 테마 연결 대기,"기준 현재가 118,000 · 손절 참고 108,808 · 1차 익절 참고 129,490","최대 호재: 수주, IRA 수혜, 리튬 가격 안정, 흑자 전환 / 최대 악재: 화재, 리콜, 수요 둔화, 적자 확대","호재 영향 예상: +3.2~+5.8% (124,894원 부근까지 시도) · 이탈 기준 113,864원","호재 뉴스: '지주사 반납' 에코프로, 신사업 투자·M&A 속도…타업종 진출 기대 : 네이버 블로그 (2026-05-19) · 최대 호재: 수주, IRA 수혜, 리튬 가격 안정, 흑자 전환 / 최대 악재: 화재, 리콜, 수요 둔화, 적자 확대"
LG화학,051910.KS,ok,국장,해당 없음,0.0,0.0,0.0,,,0,해당 없음,0.0,0.0,,,,0.0,0.0,,,-8.0,본장 전/초반 1시간 약세 · 초반 -3.76% · 방어 우선,6.0,양호,1분봉 양호 · 장중 -5.20% · 최근 +0.15%,AI 관망,0,지금은 확실한 우위가 부족합니다.,2차전지/화학,보류,🚫 제외,리스크 과다,0,8.0,6.0,0.0,0.0,0.0,2.0,42.0,False,False,중립장,11.0,328500.0,350500.0,naver_realtime,naver_realtime_calculated,-6.28,-11.93,-0.94,1.0,0.83,True,129774910500.0,41.5,False,7.89,일반 모멘텀,1분봉 양호 · 장중 -5.20% · 최근 +0.15%,"변동성 과다, 뉴스 리스크: 악재: 하락, 본장 전/초반 1시간 약세 · 초반 -3.76% · 방어 우선, 리스크 42 이상으로 신규 관심 제외",수급 수집 실패,unavailable,0.0,0.0,악재: 하락,google_news,악재 뉴스: LG화학 주가의 최근 하락을 촉발한 요인 (2026-05-19),none,"LG화학 주가의 최근 하락을 촉발한 요인 (2026-05-19) | [THE COMPASS] LG화학, 중복상장 비율 62.5% 1위 불명예…신용등급도 ‘흔들’ (2026-05-15)","naver_daily, naver_realtime, news:google_news, flow:unavailable, intraday_1m",,,섹터 확인 부족,2026-05-19 21:07:50 PDT,0,관망 · 악재 뉴스: LG화학 주가의 최근 하락을 촉발한 요인 (2026-05-19),선행 신호 대기,놓침 위험 낮음,시장 방어장 · 신규 매수는 작게,급변 감지 · 당일 -11.93%,2차전지/화학 흐름 · 평균 -11.93% · 거래량 1.0배 · 대표 LG화학,방어장 · 평균 -5.68% · 하락비중 91% · 현금 비중 높게,수급 수집 실패,대표 테마 연결 대기,"기준 현재가 328,500 · 손절 참고 302,581 · 1차 익절 참고 360,898","최대 호재: 수주, IRA 수혜, 리튬 가격 안정, 흑자 전환 / 최대 악재: 화재, 리콜, 수요 둔화, 적자 확대","악재 영향 예상: -5.2~-9.5% (297,216원 부근까지 경계) · 회복 기준 340,163원 돌파","악재 뉴스: LG화학 주가의 최근 하락을 촉발한 요인 (2026-05-19) · 최대 호재: 수주, IRA 수혜, 리튬 가격 안정, 흑자 전환 / 최대 악재: 화재, 리콜, 수요 둔화, 적자 확대"
포스코퓨처엠,003670.KS,ok,국장,해당 없음,0.0,0.0,0.0,,,0,해당 없음,0.0,0.0,,,,0.0,0.0,,,-8.0,본장 전/초반 1시간 약세 · 초반 -2.47% · 방어 우선,6.0,양호,1분봉 양호 · 장중 -4.49% · 최근 +0.24%,AI 관망,0,지금은 확실한 우위가 부족합니다.,2차전지,보류,🚫 제외,리스크 과다,0,33.0,12.0,0.0,0.0,19.0,2.0,40.0,False,False,중립장,11.0,214500.0,224000.0,naver_realtime,naver_realtime_calculated,-4.24,-7.54,1.29,0.69,0.56,False,70987059000.0,40.9,False,9.09,일반 모멘텀,"건전한 갭 상승, 뉴스 키워드: 강한 호재: 공급, 흑자 / 보통 호재: 투자, 1분봉 양호 · 장중 -4.49% · 최근 +0.24%","변동성 과다, 본장 전/초반 1시간 약세 · 초반 -2.47% · 방어 우선, 매수 확인 부족: 거래량 0.69x / 거래대금 0.56x, 리스크 34 이상으로 신규 관심 제외, 2차전지 섹터 약세",수급 수집 실패,unavailable,0.0,0.0,"강한 호재: 공급, 흑자 / 보통 호재: 투자",google_news,"호재 뉴스: ""흑연보다 4배 저장""…포스코퓨처엠, 실리콘 음극재 기술 확보 - v.daum.net (2026-05-20)",strong,"""흑연보다 4배 저장""…포스코퓨처엠, 실리콘 음극재 기술 확보 - v.daum.net (2026-05-20) | 포스코퓨처엠, 실리콘 음극재 양산기술 확보…2028년 공급 (2026-05-20)","naver_daily, naver_realtime, news:google_news, flow:unavailable, intraday_1m",0.0,6.0,2차전지 섹터 약세,2026-05-19 21:07:50 PDT,9,"관망 · 호재 뉴스: ""흑연보다 4배 저장""…포스코퓨처엠, 실리콘 음극재 기술 확보 - v.daum.net (2026-05-20)",선행 신호 대기,놓침 위험 낮음,시장 방어장 · 신규 매수는 작게,급변 감지 · 당일 -7.54%,"2차전지 흐름 · 평균 -7.70% · 거래량 0.7배 · 대표 LG에너지솔루션, 에코프로비엠, 에코프로",방어장 · 평균 -5.68% · 하락비중 91% · 현금 비중 높게,수급 수집 실패,대표 테마 연결 대기,"기준 현재가 214,500 · 손절 참고 195,002 · 1차 익절 참고 238,873","최대 호재: 수주, IRA 수혜, 리튬 가격 안정, 흑자 전환 / 최대 악재: 화재, 리콜, 수요 둔화, 적자 확대","호재 영향 예상: +5.4~+9.8% (235,559원 부근까지 시도) · 이탈 기준 205,726원","호재 뉴스: ""흑연보다 4배 저장""…포스코퓨처엠, 실리콘 음극재 기술 확보 - v.daum.net (2026-05-20) · 최대 호재: 수주, IRA 수혜, 리튬 가격 안정, 흑자 전환 / 최대 악재: 화재, 리콜, 수요 둔화, 적자 확대"
에코프로비엠,247540.KQ,ok,국장,해당 없음,0.0,0.0,0.0,,,0,해당 없음,0.0,0.0,,,,0.0,0.0,,,0.0,본장 전/초반 1시간 중립 · 초반 -0.77%,6.0,양호,1분봉 양호 · 장중 -2.65% · 최근 +0.23%,AI 관망,0,지금은 확실한 우위가 부족합니다.,2차전지,보류,🚫 제외,리스크 과다,0,21.0,12.0,0.0,0.0,7.0,2.0,32.0,False,False,중립장,11.0,177600.0,182400.0,naver_realtime,naver_realtime_calculated,-2.63,-6.72,0.84,0.84,0.7,False,103108699200.0,39.9,False,8.43,일반 모멘텀,"건전한 갭 상승, 뉴스 키워드: 보통 호재: 투자 / 약한 호재: 상승, 1분봉 양호 · 장중 -2.65% · 최근 +0.23%","변동성 과다, 매수 확인 부족: 거래량 0.84x / 거래대금 0.70x, 리스크 26 이상으로 신규 관심 제외, 2차전지 섹터 약세",수급 수집 실패,unavailable,0.0,0.0,보통 호재: 투자 / 약한 호재: 상승,google_news,"호재 뉴스: '지주사 반납' 에코프로, 신사업 투자·M&A 속도…타업종 진출 기대 : 네이버 블로그 (2026-05-19)",medium,"'지주사 반납' 에코프로, 신사업 투자·M&A 속도…타업종 진출 기대 : 네이버 블로그 (2026-05-19) | 지주사 벗은 에코프로, M&A 시동…이차전지 너머 정조준 - jabon.co.kr (2026-05-18)","naver_daily, naver_realtime, news:google_news, flow:unavailable, intraday_1m",0.0,6.0,2차전지 섹터 약세,2026-05-19 21:07:50 PDT,12,"관망 · 호재 뉴스: '지주사 반납' 에코프로, 신사업 투자·M&A 속도…타업종 진출 기대 : 네이버 블로그 (2026-05-19)",선행 신호 대기,놓침 위험 낮음,시장 방어장 · 신규 매수는 작게,급변 감지 · 당일 -6.72%,"2차전지 흐름 · 평균 -7.70% · 거래량 0.7배 · 대표 LG에너지솔루션, 에코프로비엠, 에코프로",방어장 · 평균 -5.68% · 하락비중 91% · 현금 비중 높게,수급 수집 실패,대표 테마 연결 대기,"기준 현재가 177,600 · 손절 참고 162,628 · 1차 익절 참고 196,315","최대 호재: 수주, IRA 수혜, 리튬 가격 안정, 흑자 전환 / 최대 악재: 화재, 리콜, 수요 둔화, 적자 확대","호재 영향 예상: +3.5~+6.3% (188,829원 부근까지 시도) · 이탈 기준 170,863원","호재 뉴스: '지주사 반납' 에코프로, 신사업 투자·M&A 속도…타업종 진출 기대 : 네이버 블로그 (2026-05-19) · 최대 호재: 수주, IRA 수혜, 리튬 가격 안정, 흑자 전환 / 최대 악재: 화재, 리콜, 수요 둔화, 적자 확대"
매커스,093520.KQ,ok,국장,해당 없음,0.0,0.0,0.0,,,0,해당 없음,0.0,0.0,,,,0.0,0.0,,,-8.0,본장 전/초반 1시간 약세 · 초반 -3.50% · 방어 우선,0.0,중립,1분봉 중립 · 장중 -3.91% · 최근 -0.64%,AI 관망,0,지금은 확실한 우위가 부족합니다.,반도체,보류,🚫 제외,리스크 과다,0,2.0,0.0,0.0,0.0,0.0,2.0,40.0,False,False,중립장,11.0,23400.0,24600.0,naver_realtime,naver_realtime_calculated,-4.88,-3.51,-2.47,1.15,1.02,True,1784694600.0,33.3,False,6.32,일반 모멘텀,-,"변동성 과다, 본장 전/초반 1시간 약세 · 초반 -3.50% · 방어 우선, 리스크 34 이상으로 신규 관심 제외, 반도체 섹터 약세",수급 수집 실패,unavailable,0.0,0.0,뉴스 중립,google_news,"관련 뉴스: 종목 진단 - 매커스, DS단석 (`26.05.19) (2026-05-19)",none,"종목 진단 - 매커스, DS단석 (`26.05.19) (2026-05-19)","naver_daily, naver_realtime, news:google_news, flow:unavailable, intraday_1m",0.0,6.0,반도체 섹터 약세,2026-05-19 21:07:50 PDT,0,"관망 · 관련 뉴스: 종목 진단 - 매커스, DS단석 (`26.05.19) (2026-05-19)","조용한 자금 후보 · ok · 점수 28 · 10만원 이하(23,450원) / 평소 조용함: 60일 평균거래대금 26.8억 / 뉴스 트리거 투자, 승인, 실적",놓침 위험 낮음,시장 방어장 · 신규 매수는 작게,급변 신호 없음,"반도체 흐름 · 평균 -4.70% · 거래량 0.7배 · 대표 한양디지텍, 미래반도체, 테스",방어장 · 평균 -5.68% · 하락비중 91% · 현금 비중 높게,수급 수집 실패,AI/반도체 → 전력 → 냉각 → 데이터센터 → 광통신,"기준 현재가 23,400 · 손절 참고 21,921 · 1차 익절 참고 25,249","최대 호재: HBM 수주, 엔비디아 공급, 장비 발주, 수율 개선 / 최대 악재: 어닝 쇼크, 컨센서스 하회, 수출 통제, 재고 급증",뉴스 영향 예상: 방향성 약함 · 가격/거래량 확인 우선,"관련 뉴스: 종목 진단 - 매커스, DS단석 (`26.05.19) (2026-05-19) · 최대 호재: HBM 수주, 엔비디아 공급, 장비 발주, 수율 개선 / 최대 악재: 어닝 쇼크, 컨센서스 하회, 수출 통제, 재고 급증"
LG에너지솔루션,373220.KS,ok,국장,해당 없음,0.0,0.0,0.0,,,0,해당 없음,0.0,0.0,,,,0.0,0.0,,,-8.0,본장 전/초반 1시간 약세 · 초반 -2.12% · 방어 우선,0.0,중립,1분봉 중립 · 장중 -4.00% · 최근 -0.26%,AI 관망,0,지금은 확실한 우위가 부족합니다.,2차전지,보류,🚫 제외,리스크 과다,0,8.0,6.0,0.0,0.0,0.0,2.0,40.0,False,False,중립장,11.0,385000.0,400000.0,naver_realtime,naver_realtime_calculated,-3.75,-5.64,0.74,0.71,0.59,False,145003705000.0,28.8,False,6.13,일반 모멘텀,건전한 갭 상승,"변동성 과다, 본장 전/초반 1시간 약세 · 초반 -2.12% · 방어 우선, 매수 확인 부족: 거래량 0.71x / 거래대금 0.59x, 리스크 34 이상으로 신규 관심 제외, 2차전지 섹터 약세",수급 수집 실패,unavailable,0.0,0.0,뉴스 중립,google_news,관련 뉴스: LG 수요예측 1경5천조(?) 같은 '허수아비 청약' 사라질까? (2026-05-19),none,"LG 수요예측 1경5천조(?) 같은 '허수아비 청약' 사라질까? (2026-05-19) | [THE COMPASS] LG화학, 중복상장 비율 62.5% 1위 불명예…신용등급도 ‘흔들’ (2026-05-15)","naver_daily, naver_realtime, news:google_news, flow:unavailable, intraday_1m",0.0,6.0,2차전지 섹터 약세,2026-05-19 21:07:50 PDT,0,관망 · 관련 뉴스: LG 수요예측 1경5천조(?) 같은 '허수아비 청약' 사라질까? (2026-05-19),선행 신호 대기,놓침 위험 낮음,시장 방어장 · 신규 매수는 작게,급변 신호 없음,"2차전지 흐름 · 평균 -7.70% · 거래량 0.7배 · 대표 LG에너지솔루션, 에코프로비엠, 에코프로",방어장 · 평균 -5.68% · 하락비중 91% · 현금 비중 높게,수급 수집 실패,대표 테마 연결 대기,"기준 현재가 385,000 · 손절 참고 361,400 · 1차 익절 참고 414,501","최대 호재: 수주, IRA 수혜, 리튬 가격 안정, 흑자 전환 / 최대 악재: 화재, 리콜, 수요 둔화, 적자 확대",뉴스 영향 예상: 방향성 약함 · 가격/거래량 확인 우선,"관련 뉴스: LG 수요예측 1경5천조(?) 같은 '허수아비 청약' 사라질까? (2026-05-19) · 최대 호재: 수주, IRA 수혜, 리튬 가격 안정, 흑자 전환 / 최대 악재: 화재, 리콜, 수요 둔화, 적자 확대"
삼성SDI,006400.KS,ok,국장,해당 없음,0.0,0.0,0.0,,,0,해당 없음,0.0,0.0,,,,0.0,0.0,,,-8.0,본장 전/초반 1시간 약세 · 초반 -3.29% · 방어 우선,0.0,중립,1분봉 중립 · 장중 -4.16% · 최근 +0.00%,AI 관망,0,지금은 확실한 우위가 부족합니다.,2차전지,보류,🚫 제외,리스크 과다,0,2.0,0.0,0.0,0.0,0.0,2.0,48.0,False,False,중립장,11.0,556500.0,587000.0,naver_realtime,naver_realtime_calculated,-5.2,-9.22,-0.16,0.52,0.44,False,284560710000.0,40.3,False,7.46,일반 모멘텀,-,"변동성 과다, 뉴스 호재 강도 약함, 뉴스 리스크: 약한 호재: 돌파 / 악재: 하락, 본장 전/초반 1시간 약세 · 초반 -3.29% · 방어 우선, 매수 확인 부족: 거래량 0.52x / 거래대금 0.44x, 리스크 42 이상으로 신규 관심 제외, 2차전지 섹터 약세",수급 수집 실패,unavailable,0.0,0.0,약한 호재: 돌파 / 악재: 하락,google_news,악재 뉴스: [수급분석] 삼성SDI·DB하이텍 강세! 연기금·외국인 순매수 상위 10종목 (2026.05.18) (2026-05-18),weak,"[수급분석] 삼성SDI·DB하이텍 강세! 연기금·외국인 순매수 상위 10종목 (2026.05.18) (2026-05-18) | 사상 최고 랠리에 '황제주' 11개, 역대최다…차기 후보군은? (2026-05-17)","naver_daily, naver_realtime, news:google_news, flow:unavailable, intraday_1m",0.0,6.0,2차전지 섹터 약세,2026-05-19 21:07:50 PDT,0,관망 · 악재 뉴스: [수급분석] 삼성SDI·DB하이텍 강세! 연기금·외국인 순매수 상위 10종목 (2026.05.18) (2026-0,선행 신호 대기,놓침 위험 낮음,시장 방어장 · 신규 매수는 작게,급변 감지 · 당일 -9.22%,"2차전지 흐름 · 평균 -7.70% · 거래량 0.7배 · 대표 LG에너지솔루션, 에코프로비엠, 에코프로",방어장 · 평균 -5.68% · 하락비중 91% · 현금 비중 높게,수급 수집 실패,대표 테마 연결 대기,"기준 현재가 556,500 · 손절 참고 514,985 · 1차 익절 참고 608,394","최대 호재: 수주, IRA 수혜, 리튬 가격 안정, 흑자 전환 / 최대 악재: 화재, 리콜, 수요 둔화, 적자 확대","악재 영향 예상: -5.2~-9.4% (504,274원 부근까지 경계) · 회복 기준 575,182원 돌파","악재 뉴스: [수급분석] 삼성SDI·DB하이텍 강세! 연기금·외국인 순매수 상위 10종목 (2026.05.18) (2026-05-18) · 최대 호재: 수주, IRA 수혜, 리튬 가격 안정, 흑자 전환 / 최대 악재: 화재, 리콜, 수요 둔화, 적자 확대"
필에너지,378340.KQ,ok,국장,해당 없음,0.0,0.0,0.0,,,0,해당 없음,0.0,0.0,,,,0.0,0.0,,,-8.0,본장 전/초반 1시간 약세 · 초반 -3.53% · 방어 우선,6.0,양호,1분봉 양호 · 장중 -4.43% · 최근 +0.20%,AI 관망,0,지금은 확실한 우위가 부족합니다.,2차전지장비,보류,🚫 제외,리스크 과다,0,28.0,12.0,0.0,0.0,14.0,2.0,40.0,False,False,중립장,11.0,14900.0,15710.0,naver_realtime,naver_realtime_calculated,-5.16,-9.37,0.49,0.26,0.19,False,1841148300.0,25.0,False,9.7,일반 모멘텀,"건전한 갭 상승, 뉴스 키워드: 강한 호재: 계약, 공급, 1분봉 양호 · 장중 -4.43% · 최근 +0.20%","변동성 과다, 본장 전/초반 1시간 약세 · 초반 -3.53% · 방어 우선, 매수 확인 부족: 거래량 0.26x / 거래대금 0.19x, 리스크 34 이상으로 신규 관심 제외, 2차전지장비 섹터 약세",수급 수집 실패,unavailable,0.0,0.0,"강한 호재: 계약, 공급",google_news,"호재 뉴스: 필에너지, 2차전지 조립설비 공급 계약 체결 (2026-05-13)",strong,"필에너지, 2차전지 조립설비 공급 계약 체결 (2026-05-13) | 필에너지, 애프터마켓서 10%대 급등 (2026-05-13)","naver_daily, naver_realtime, news:google_news, flow:unavailable, intraday_1m",0.0,6.0,2차전지장비 섹터 약세,2026-05-19 21:07:50 PDT,6,"관망 · 호재 뉴스: 필에너지, 2차전지 조립설비 공급 계약 체결 (2026-05-13)",선행 신호 대기,놓침 위험 낮음,시장 방어장 · 신규 매수는 작게,급변 감지 · 당일 -9.37%,"2차전지장비 흐름 · 평균 -8.87% · 거래량 0.4배 · 대표 윤성에프앤씨, 씨아이에스, 하나기술",방어장 · 평균 -5.68% · 하락비중 91% · 현금 비중 높게,수급 수집 실패,대표 테마 연결 대기,"기준 현재가 14,900 · 손절 참고 13,455 · 1차 익절 참고 16,707","최대 호재: 수주, IRA 수혜, 리튬 가격 안정, 흑자 전환 / 최대 악재: 화재, 리콜, 수요 둔화, 적자 확대","호재 영향 예상: +5.7~+10.3% (16,431원 부근까지 시도) · 이탈 기준 14,250원","호재 뉴스: 필에너지, 2차전지 조립설비 공급 계약 체결 (2026-05-13) · 최대 호재: 수주, IRA 수혜, 리튬 가격 안정, 흑자 전환 / 최대 악재: 화재, 리콜, 수요 둔화, 적자 확대"
피엔티,137400.KQ,ok,국장,해당 없음,0.0,0.0,0.0,,,0,해당 없음,0.0,0.0,,,,0.0,0.0,,,-8.0,본장 전/초반 1시간 약세 · 초반 -3.60% · 방어 우선,0.0,중립,1분봉 중립 · 장중 -5.41% · 최근 +0.00%,AI 관망,0,지금은 확실한 우위가 부족합니다.,2차전지장비,보류,🚫 제외,리스크 과다,0,15.0,6.0,0.0,0.0,7.0,2.0,40.0,False,False,중립장,11.0,42100.0,45050.0,naver_realtime,naver_realtime_calculated,-6.55,-10.62,1.17,0.65,0.49,False,7390486600.0,14.0,False,7.04,일반 모멘텀,"건전한 갭 상승, 뉴스 키워드: 강한 호재: 계약","변동성 과다, 본장 전/초반 1시간 약세 · 초반 -3.60% · 방어 우선, 매수 확인 부족: 거래량 0.65x / 거래대금 0.49x, 리스크 34 이상으로 신규 관심 제외, 2차전지장비 섹터 약세",수급 수집 실패,unavailable,0.0,0.0,강한 호재: 계약,google_news,"호재 뉴스: 피엔티, 中 배터리 전시회 CIBF 참가 성료 (2026-05-18)",strong,"피엔티, 中 배터리 전시회 CIBF 참가 성료 (2026-05-18) | 피엔티, CIBF 2026서 건식·전고체 배터리 기술 공개 (2026-05-18)","naver_daily, naver_realtime, news:google_news, flow:unavailable, intraday_1m",0.0,6.0,2차전지장비 섹터 약세,2026-05-19 21:07:50 PDT,9,"관망 · 호재 뉴스: 피엔티, 中 배터리 전시회 CIBF 참가 성료 (2026-05-18)",선행 신호 대기,놓침 위험 낮음,시장 방어장 · 신규 매수는 작게,급변 감지 · 당일 -10.62%,"2차전지장비 흐름 · 평균 -8.87% · 거래량 0.4배 · 대표 윤성에프앤씨, 씨아이에스, 하나기술",방어장 · 평균 -5.68% · 하락비중 91% · 현금 비중 높게,수급 수집 실패,대표 테마 연결 대기,"기준 현재가 42,100 · 손절 참고 39,136 · 1차 익절 참고 45,805","최대 호재: 수주, IRA 수혜, 리튬 가격 안정, 흑자 전환 / 최대 악재: 화재, 리콜, 수요 둔화, 적자 확대","호재 영향 예상: +4.6~+8.3% (45,586원 부근까지 시도) · 이탈 기준 40,766원","호재 뉴스: 피엔티, 中 배터리 전시회 CIBF 참가 성료 (2026-05-18) · 최대 호재: 수주, IRA 수혜, 리튬 가격 안정, 흑자 전환 / 최대 악재: 화재, 리콜, 수요 둔화, 적자 확대"
윤성에프앤씨,372170.KQ,ok,국장,해당 없음,0.0,0.0,0.0,,,0,해당 없음,0.0,0.0,,,,0.0,0.0,,,-8.0,본장 전/초반 1시간 약세 · 초반 -2.95% · 방어 우선,0.0,중립,1분봉 중립 · 장중 -4.86% · 최근 -0.72%,AI 관망,0,지금은 확실한 우위가 부족합니다.,2차전지장비,보류,🚫 제외,리스크 과다,0,16.0,0.0,0.0,0.0,14.0,2.0,55.0,False,False,중립장,11.0,27300.0,28650.0,naver_realtime,naver_realtime_calculated,-4.71,-6.98,0.0,0.45,0.36,False,446573400.0,27.6,False,6.97,일반 모멘텀,"뉴스 키워드: 강한 호재: 계약, 공급","변동성 과다, 거래대금 부족, 본장 전/초반 1시간 약세 · 초반 -2.95% · 방어 우선, 매수 확인 부족: 거래량 0.45x / 거래대금 0.36x, 리스크 49 이상으로 신규 관심 제외, 2차전지장비 섹터 약세",수급 수집 실패,unavailable,0.0,0.0,"강한 호재: 계약, 공급",google_news,호재 뉴스: 5월 13일 시간외 특이종목 (2026-05-13),strong,"5월 13일 시간외 특이종목 (2026-05-13) | 윤성에프앤씨, 496.7억 규모 공급계약 체결 (2026-05-13)","naver_daily, naver_realtime, news:google_news, flow:unavailable, intraday_1m",0.0,6.0,2차전지장비 섹터 약세,2026-05-19 21:07:50 PDT,4,관망 · 호재 뉴스: 5월 13일 시간외 특이종목 (2026-05-13),"조용한 자금 후보 · ok · 점수 27 · 10만원 이하(27,400원) / 뉴스 트리거 투자, 승인, 계약",놓침 위험 낮음,시장 방어장 · 신규 매수는 작게,급변 감지 · 당일 -6.98%,"2차전지장비 흐름 · 평균 -8.87% · 거래량 0.4배 · 대표 윤성에프앤씨, 씨아이에스, 하나기술",방어장 · 평균 -5.68% · 하락비중 91% · 현금 비중 높게,수급 수집 실패,대표 테마 연결 대기,"기준 현재가 27,300 · 손절 참고 25,397 · 1차 익절 참고 29,679","최대 호재: 수주, IRA 수혜, 리튬 가격 안정, 흑자 전환 / 최대 악재: 화재, 리콜, 수요 둔화, 적자 확대","호재 영향 예상: +4.5~+8.2% (29,546원 부근까지 시도) · 이탈 기준 26,444원","호재 뉴스: 5월 13일 시간외 특이종목 (2026-05-13) · 최대 호재: 수주, IRA 수혜, 리튬 가격 안정, 흑자 전환 / 최대 악재: 화재, 리콜, 수요 둔화, 적자 확대"
탑머티리얼,360070.KQ,ok,국장,해당 없음,0.0,0.0,0.0,,,0,해당 없음,0.0,0.0,,,,0.0,0.0,,,-8.0,본장 전/초반 1시간 약세 · 초반 -1.32% · 방어 우선,6.0,양호,1분봉 양호 · 장중 -3.11% · 최근 +0.34%,AI 관망,0,지금은 확실한 우위가 부족합니다.,2차전지소재,보류,🚫 제외,리스크 과다,0,8.0,6.0,0.0,0.0,0.0,2.0,40.0,False,False,중립장,11.0,14640.0,15190.0,naver_realtime,naver_realtime_calculated,-3.62,-6.21,-0.9,0.74,0.57,False,501346800.0,6.1,False,5.9,일반 모멘텀,1분봉 양호 · 장중 -3.11% · 최근 +0.34%,"거래대금 부족, 본장 전/초반 1시간 약세 · 초반 -1.32% · 방어 우선, 매수 확인 부족: 거래량 0.74x / 거래대금 0.57x, 리스크 34 이상으로 신규 관심 제외, 2차전지소재 섹터 약세",수급 수집 실패,unavailable,0.0,0.0,뉴스 중립,google_news,"관련 뉴스: 탑머티리얼, 차세대 LMR 양극재 국책과제 참여 (2026-05-18)",none,"탑머티리얼, 차세대 LMR 양극재 국책과제 참여 (2026-05-18) | 탑머티리얼, 하이망간 리튬이온 소재 국책과제 참여 (2026-05-18)","naver_daily, naver_realtime, news:google_news, flow:unavailable, intraday_1m",0.0,6.0,2차전지소재 섹터 약세,2026-05-19 21:07:50 PDT,0,"관망 · 관련 뉴스: 탑머티리얼, 차세대 LMR 양극재 국책과제 참여 (2026-05-18)",선행 신호 대기,놓침 위험 낮음,시장 방어장 · 신규 매수는 작게,급변 감지 · 당일 -6.21%,"2차전지소재 흐름 · 평균 -9.44% · 거래량 0.5배 · 대표 탑머티리얼, 에코프로머티, 중앙첨단소재",방어장 · 평균 -5.68% · 하락비중 91% · 현금 비중 높게,수급 수집 실패,대표 테마 연결 대기,"기준 현재가 14,640 · 손절 참고 13,776 · 1차 익절 참고 15,720","최대 호재: 수주, IRA 수혜, 리튬 가격 안정, 흑자 전환 / 최대 악재: 화재, 리콜, 수요 둔화, 적자 확대",뉴스 영향 예상: 방향성 약함 · 가격/거래량 확인 우선,"관련 뉴스: 탑머티리얼, 차세대 LMR 양극재 국책과제 참여 (2026-05-18) · 최대 호재: 수주, IRA 수혜, 리튬 가격 안정, 흑자 전환 / 최대 악재: 화재, 리콜, 수요 둔화, 적자 확대"
HD현대중공업,329180.KS,ok,국장,해당 없음,0.0,0.0,0.0,,,0,해당 없음,0.0,0.0,,,,0.0,0.0,,,0.0,본장 전/초반 1시간 중립 · 초반 +1.14%,16.0,강함,1분봉 강함 · 장중 +2.78% · 최근 +0.32% · 거래 0.3배,AI 관망,0,지금은 확실한 우위가 부족합니다.,조선,보류,🚫 제외,리스크 과다,0,20.0,18.0,0.0,0.0,0.0,2.0,36.0,False,False,중립장,11.0,633000.0,598000.0,naver_realtime,naver_realtime_calculated,5.85,2.93,0.98,0.6,0.58,False,240345669000.0,39.6,False,7.14,일반 모멘텀,"건전한 갭 상승, 1분봉 강함 · 장중 +2.78% · 최근 +0.32% · 거래 0.3배","변동성 과다, 뉴스 호재 강도 약함, 뉴스 리스크: 약한 호재: 상승 / 악재: 하락, 매수 확인 부족: 거래량 0.60x / 거래대금 0.58x, 리스크 30 이상으로 신규 관심 제외, 조선 섹터 약세",수급 수집 실패,unavailable,0.0,0.0,약한 호재: 상승 / 악재: 하락,google_news,"악재 뉴스: HD현대중공업 주가, 5월 19일 598,000원 2.76% 하락 마감 (2026-05-19)",weak,"HD현대중공업 주가, 5월 19일 598,000원 2.76% 하락 마감 (2026-05-19) | 사상 최고 랠리에 '황제주' 11개, 역대최다…차기 후보군은? (2026-05-17)","naver_daily, naver_realtime, news:google_news, flow:unavailable, intraday_1m",0.0,6.0,조선 섹터 약세,2026-05-19 21:07:50 PDT,3,"관망 · 추격 부담 낮음 · 악재 뉴스: HD현대중공업 주가, 5월 19일 598,000원 2.76% 하락 마감 (2026-05-19)",선행 신호 대기,놓침 위험 낮음,시장 방어장 · 신규 매수는 작게,급변 신호 없음,"조선 흐름 · 평균 -3.45% · 거래량 0.7배 · 대표 HD현대중공업, HD한국조선해양, 한화오션",방어장 · 평균 -5.68% · 하락비중 91% · 현금 비중 높게,수급 수집 실패,대표 테마 연결 대기,"기준 현재가 633,000 · 손절 참고 587,804 · 1차 익절 참고 689,495","최대 호재: LNG선 수주, 선가 상승, 흑자 전환, 해양플랜트 수주 / 최대 악재: 인도 지연, 원가 상승, 노사 갈등, 수주 취소","악재 영향 예상: -5.3~-9.7% (571,533원 부근까지 경계) · 회복 기준 653,338원 돌파","악재 뉴스: HD현대중공업 주가, 5월 19일 598,000원 2.76% 하락 마감 (2026-05-19) · 최대 호재: LNG선 수주, 선가 상승, 흑자 전환, 해양플랜트 수주 / 최대 악재: 인도 지연, 원가 상승, 노사 갈등, 수주 취소"
TCC스틸,002710.KS,ok,국장,해당 없음,0.0,0.0,0.0,,,0,해당 없음,0.0,0.0,,,,0.0,0.0,,,-8.0,본장 전/초반 1시간 약세 · 초반 -3.82% · 방어 우선,6.0,양호,1분봉 양호 · 장중 -6.62% · 최근 +0.20%,AI 관망,0,지금은 확실한 우위가 부족합니다.,2차전지소재,보류,🚫 제외,리스크 과다,0,17.0,12.0,0.0,0.0,3.0,2.0,48.0,False,False,중립장,11.0,14680.0,15900.0,naver_realtime,naver_realtime_calculated,-7.67,-11.03,1.21,0.23,0.17,False,1791679320.0,37.6,False,10.56,일반 모멘텀,"건전한 갭 상승, 뉴스 키워드: 약한 호재: 상승, 확대 / 악재: 전환사채, 1분봉 양호 · 장중 -6.62% · 최근 +0.20%","변동성 과다, 뉴스 호재 강도 약함, 뉴스 리스크: 약한 호재: 상승, 확대 / 악재: 전환사채, 본장 전/초반 1시간 약세 · 초반 -3.82% · 방어 우선, 매수 확인 부족: 거래량 0.23x / 거래대금 0.17x, 리스크 42 이상으로 신규 관심 제외, 2차전지소재 섹터 약세",수급 수집 실패,unavailable,0.0,0.0,"약한 호재: 상승, 확대 / 악재: 전환사채",google_news,"악재 뉴스: [주요공시] 코미코, 앤로보틱스, 교촌에프앤비, 휴메딕스, 나무기술, 영원무역홀딩스, 호텔신라 외 (2026-05-12)",weak,"[주요공시] 코미코, 앤로보틱스, 교촌에프앤비, 휴메딕스, 나무기술, 영원무역홀딩스, 호텔신라 외 (2026-05-12) | TCC스틸, 전환사채 210억 발행 결정 (2026-05-12)","naver_daily, naver_realtime, news:google_news, flow:unavailable, intraday_1m",0.0,6.0,2차전지소재 섹터 약세,2026-05-19 21:07:50 PDT,0,"관망 · 악재 뉴스: [주요공시] 코미코, 앤로보틱스, 교촌에프앤비, 휴메딕스, 나무기술, 영원무역홀딩스, 호텔신라 외 (2026-05","조용한 자금 후보 · ok · 점수 17 · 10만원 이하(14,660원) / 뉴스 트리거 투자, 승인, 증설",놓침 위험 낮음,중대 리스크 · 악재 뉴스 우선 확인,급변 감지 · 당일 -11.03%,"2차전지소재 흐름 · 평균 -9.44% · 거래량 0.5배 · 대표 탑머티리얼, 에코프로머티, 중앙첨단소재",방어장 · 평균 -5.68% · 하락비중 91% · 현금 비중 높게,수급 수집 실패,대표 테마 연결 대기,"기준 현재가 14,680 · 손절 참고 13,130 · 1차 익절 참고 16,618","최대 호재: 수주, IRA 수혜, 리튬 가격 안정, 흑자 전환 / 최대 악재: 화재, 리콜, 수요 둔화, 적자 확대","악재 영향 예상: -7.3~-13.3% (12,730원 부근까지 경계) · 회복 기준 15,378원 돌파","악재 뉴스: [주요공시] 코미코, 앤로보틱스, 교촌에프앤비, 휴메딕스, 나무기술, 영원무역홀딩스, 호텔신라 외 (2026-05-12) · 최대 호재: 수주, IRA 수혜, 리튬 가격 안정, 흑자 전환 / 최대 악재: 화재, 리콜, 수요 둔화, 적자 확대"
HD한국조선해양,009540.KS,ok,국장,해당 없음,0.0,0.0,0.0,,,0,해당 없음,0.0,0.0,,,,0.0,0.0,,,-8.0,본장 전/초반 1시간 약세 · 초반 -2.98% · 방어 우선,6.0,양호,1분봉 양호 · 장중 -1.99% · 최근 +0.64%,AI 관망,0,지금은 확실한 우위가 부족합니다.,조선,보류,🚫 제외,리스크 과다,0,16.0,6.0,0.0,0.0,8.0,2.0,40.0,False,False,중립장,11.0,395000.0,400000.0,naver_realtime,naver_realtime_calculated,-1.25,-3.66,-0.24,1.08,0.95,True,112064265000.0,27.6,False,6.24,일반 모멘텀,"뉴스 키워드: 강한 호재: 수주, 1분봉 양호 · 장중 -1.99% · 최근 +0.64%","변동성 과다, 본장 전/초반 1시간 약세 · 초반 -2.98% · 방어 우선, 리스크 34 이상으로 신규 관심 제외, 조선 섹터 약세",수급 수집 실패,unavailable,0.0,0.0,강한 호재: 수주,google_news,호재 뉴스: “영업익 30% 달라” K조선 번진 성과급 요구…오히려 좋다는 월가 (2026-05-18),strong,"“영업익 30% 달라” K조선 번진 성과급 요구…오히려 좋다는 월가 (2026-05-18) | HD한국조선해양, LNG운반선 2척 수주…7439억원 규모 - v.daum.net (2026-05-14)","naver_daily, naver_realtime, news:google_news, flow:unavailable, intraday_1m",0.0,6.0,조선 섹터 약세,2026-05-19 21:07:50 PDT,12,관망 · 호재 뉴스: “영업익 30% 달라” K조선 번진 성과급 요구…오히려 좋다는 월가 (2026-05-18),선행 신호 대기,놓침 위험 낮음,시장 방어장 · 신규 매수는 작게,급변 신호 없음,"조선 흐름 · 평균 -3.45% · 거래량 0.7배 · 대표 HD현대중공업, HD한국조선해양, 한화오션",방어장 · 평균 -5.68% · 하락비중 91% · 현금 비중 높게,수급 수집 실패,대표 테마 연결 대기,"기준 현재가 395,000 · 손절 참고 370,352 · 1차 익절 참고 425,810","최대 호재: LNG선 수주, 선가 상승, 흑자 전환, 해양플랜트 수주 / 최대 악재: 인도 지연, 원가 상승, 노사 갈등, 수주 취소","호재 영향 예상: +4.3~+7.8% (425,778원 부근까지 시도) · 이탈 기준 383,908원","호재 뉴스: “영업익 30% 달라” K조선 번진 성과급 요구…오히려 좋다는 월가 (2026-05-18) · 최대 호재: LNG선 수주, 선가 상승, 흑자 전환, 해양플랜트 수주 / 최대 악재: 인도 지연, 원가 상승, 노사 갈등, 수주 취소"
제룡전기,033100.KQ,ok,국장,해당 없음,0.0,0.0,0.0,,,0,해당 없음,0.0,0.0,,,,0.0,0.0,,,-8.0,본장 전/초반 1시간 약세 · 초반 -1.76% · 방어 우선,6.0,양호,1분봉 양호 · 장중 -2.88% · 최근 +0.66%,AI 관망,0,지금은 확실한 우위가 부족합니다.,전기설비,보류,🚫 제외,리스크 과다,0,38.0,36.0,0.0,0.0,0.0,2.0,44.0,False,False,중립장,11.0,61000.0,63200.0,naver_realtime,naver_realtime_calculated,-3.48,-8.27,3.91,0.47,0.38,False,22317704000.0,51.7,False,14.52,일반 모멘텀,"추세 상승, RSI 건강 구간, 1분봉 양호 · 장중 -2.88% · 최근 +0.66%","변동성 과다, 뉴스 호재 강도 약함, 뉴스 리스크: 약한 호재: 상승 / 악재: 하락, 본장 전/초반 1시간 약세 · 초반 -1.76% · 방어 우선, 매수 확인 부족: 거래량 0.47x / 거래대금 0.38x, 리스크 38 이상으로 신규 관심 제외, 전기설비 섹터 약세",수급 수집 실패,unavailable,0.0,0.0,약한 호재: 상승 / 악재: 하락,google_news,"악재 뉴스: 제룡전기 주가, 5월 14일 장중 77,100원 4.47% 상승 (2026-05-14)",weak,"제룡전기 주가, 5월 14일 장중 77,100원 4.47% 상승 (2026-05-14) | [종목 주요지표&DATA] 26년 3월 초고압(중대형)변압기 수출액 추이 (2026-05-12)","naver_daily, naver_realtime, news:google_news, flow:unavailable, intraday_1m",0.0,6.0,전기설비 섹터 약세,2026-05-19 21:07:50 PDT,0,"관망 · 악재 뉴스: 제룡전기 주가, 5월 14일 장중 77,100원 4.47% 상승 (2026-05-14)",선행 신호 대기,놓침 위험 낮음,시장 방어장 · 신규 매수는 작게,급변 감지 · 당일 -8.27%,"전기설비 흐름 · 평균 -6.74% · 거래량 0.5배 · 대표 광명전기, 효성중공업, LS ELECTRIC",방어장 · 평균 -5.68% · 하락비중 91% · 현금 비중 높게,수급 수집 실패,대표 테마 연결 대기,"기준 현재가 61,000 · 손절 참고 53,680 · 1차 익절 참고 70,150","최대 호재: 수주, 계약, 실적 개선, 정책 수혜 / 최대 악재: 실적 부진, 규제, 원가 상승, 수요 둔화","악재 영향 예상: -8.1~-14.7% (52,040원 부근까지 경계) · 회복 기준 64,294원 돌파","악재 뉴스: 제룡전기 주가, 5월 14일 장중 77,100원 4.47% 상승 (2026-05-14) · 최대 호재: 수주, 계약, 실적 개선, 정책 수혜 / 최대 악재: 실적 부진, 규제, 원가 상승, 수요 둔화"
광명전기,017040.KS,ok,국장,해당 없음,0.0,0.0,0.0,,,0,해당 없음,0.0,0.0,,,,0.0,0.0,,,0.0,1분봉 데이터 부족,0.0,대기,1분봉 데이터 부족,AI 관망,0,지금은 확실한 우위가 부족합니다.,전기설비,보류,🚫 제외,리스크 과다,0,12.0,10.0,0.0,0.0,0.0,2.0,69.0,False,False,중립장,11.0,932.0,932.0,naver_realtime,naver_realtime_calculated,0.0,0.0,-100.0,0.0,0.0,False,0.0,,True,100.0,일반 모멘텀,MACD 상승,"갭 하락 경계, 변동성 과다, 거래대금 부족, 뉴스 리스크: 악재: 소송, 처분, 매수 확인 부족: 거래량 0.00x / 거래대금 0.00x, 리스크 63 이상으로 신규 관심 제외, 전기설비 섹터 약세",수급 수집 실패,unavailable,0.0,0.0,"악재: 소송, 처분",google_news,"악재 뉴스: 광명전기, 최대주주 의결권 행사 허용 가처분 소송 피소 (2026-05-15)",none,"광명전기, 최대주주 의결권 행사 허용 가처분 소송 피소 (2026-05-15) | [풍전등화 광명전기]⑧ 회생 절차시 '감자' 막을 수 없어…경영진 타격은 없어 - v.daum.net (2026-05-12)","naver_daily, naver_realtime, news:google_news, flow:unavailable, intraday_1m",0.0,6.0,전기설비 섹터 약세,2026-05-19 21:07:50 PDT,0,"관망 · 추격 부담 낮음 · 악재 뉴스: 광명전기, 최대주주 의결권 행사 허용 가처분 소송 피소 (2026-05-15)","조용한 자금 후보 · ok · 점수 47 · 10만원 이하(932원) / 평소 조용함: 60일 평균거래대금 7.8억 / 30일 박스권 응축(6.2%) / 초기 RSI 50.0 / 뉴스 트리거 인수, 투자, ",놓침 위험 낮음,중대 리스크 · 악재 뉴스 우선 확인,급변 신호 없음,"전기설비 흐름 · 평균 -6.74% · 거래량 0.5배 · 대표 광명전기, 효성중공업, LS ELECTRIC",방어장 · 평균 -5.68% · 하락비중 91% · 현금 비중 높게,수급 수집 실패,대표 테마 연결 대기,"기준 현재가 932 · 손절 참고 820 · 1차 익절 참고 1,072","최대 호재: 수주, 계약, 실적 개선, 정책 수혜 / 최대 악재: 실적 부진, 규제, 원가 상승, 수요 둔화",악재 영향 예상: -9.9~-18.0% (764원 부근까지 경계) · 회복 기준 982원 돌파,"악재 뉴스: 광명전기, 최대주주 의결권 행사 허용 가처분 소송 피소 (2026-05-15) · 최대 호재: 수주, 계약, 실적 개선, 정책 수혜 / 최대 악재: 실적 부진, 규제, 원가 상승, 수요 둔화"
한국전력,015760.KS,ok,국장,해당 없음,0.0,0.0,0.0,,,0,해당 없음,0.0,0.0,,,,0.0,0.0,,,-8.0,본장 전/초반 1시간 약세 · 초반 -3.00% · 방어 우선,0.0,중립,1분봉 중립 · 장중 -4.83% · 최근 -0.14%,AI 관망,5,지금은 확실한 우위가 부족합니다.,전력에너지,보류,🚫 제외,리스크 과다,0,19.0,6.0,0.0,0.0,11.0,2.0,31.0,False,False,중립장,11.0,36400.0,39150.0,naver_realtime,naver_realtime_calculated,-7.02,-3.32,0.27,1.2,1.02,True,111783053200.0,23.6,False,4.98,일반 모멘텀,"건전한 갭 상승, 뉴스 키워드: 보통 호재: 투자, 실적 / 약한 호재: 상승 / 악재: 하향","뉴스 리스크: 보통 호재: 투자, 실적 / 약한 호재: 상승 / 악재: 하향, 본장 전/초반 1시간 약세 · 초반 -3.00% · 방어 우선, 리스크 25 이상으로 신규 관심 제외, 전력에너지 섹터 약세",수급 수집 실패,unavailable,0.0,0.0,"보통 호재: 투자, 실적 / 약한 호재: 상승 / 악재: 하향",google_news,악재 뉴스: AI가 분석해주는 한국전력(015760) 상승확률은? (2026-05-20),medium,AI가 분석해주는 한국전력(015760) 상승확률은? (2026-05-20) | “너무 올랐다”···‘투자의견 하향’ 코스피 종목 보니 (2026-05-16),"naver_daily, naver_realtime, news:google_news, flow:unavailable, intraday_1m",0.0,6.0,전력에너지 섹터 약세,2026-05-19 21:07:50 PDT,3,관망 · 거래량 1.2배 · 악재 뉴스: AI가 분석해주는 한국전력(015760) 상승확률은? (2026-05-20),선행 신호 대기,놓침 위험 낮음,시장 방어장 · 신규 매수는 작게,급변 신호 없음,"전력에너지 흐름 · 평균 -4.16% · 거래량 0.8배 · 대표 한국가스공사, 한국전력, 지역난방공사",방어장 · 평균 -5.68% · 하락비중 91% · 현금 비중 높게,수급 수집 실패,전력 → 전선 → 구리 → 원전/데이터센터,"기준 현재가 36,400 · 손절 참고 34,587 · 1차 익절 참고 38,666","최대 호재: 전력망 투자, 변압기 수주, 데이터센터 전력, 송전망 증설 / 최대 악재: 정책 지연, 원가 상승, 납기 지연, 안전사고","악재 영향 예상: -3.7~-6.8% (33,938원 부근까지 경계) · 회복 기준 37,216원 돌파","악재 뉴스: AI가 분석해주는 한국전력(015760) 상승확률은? (2026-05-20) · 최대 호재: 전력망 투자, 변압기 수주, 데이터센터 전력, 송전망 증설 / 최대 악재: 정책 지연, 원가 상승, 납기 지연, 안전사고"
씨에스윈드,112610.KS,ok,국장,해당 없음,0.0,0.0,0.0,,,0,해당 없음,0.0,0.0,,,,0.0,0.0,,,-8.0,본장 전/초반 1시간 약세 · 초반 -3.70% · 방어 우선,0.0,중립,1분봉 중립 · 장중 -5.06% · 최근 +0.00%,AI 관망,0,지금은 확실한 우위가 부족합니다.,풍력,보류,🚫 제외,리스크 과다,0,2.0,0.0,0.0,0.0,0.0,2.0,38.0,False,False,중립장,11.0,49000.0,51400.0,naver_realtime,naver_realtime_calculated,-4.67,-7.02,-0.19,0.55,0.41,False,13426735000.0,2.1,False,7.91,일반 모멘텀,-,"변동성 과다, 뉴스 리스크: 악재: 하락, 본장 전/초반 1시간 약세 · 초반 -3.70% · 방어 우선, 매수 확인 부족: 거래량 0.55x / 거래대금 0.41x, 리스크 38 이상으로 신규 관심 제외",수급 수집 실패,unavailable,0.0,0.0,악재: 하락,google_news,"악재 뉴스: 씨에스윈드 주가, 5월 15일 52,800원 4.52% 하락 마감 (2026-05-15)",none,"씨에스윈드 주가, 5월 15일 52,800원 4.52% 하락 마감 (2026-05-15) | 삼현철강, 자사주 26만 주 소각…주주가치 제고 (2026-05-13)","naver_daily, naver_realtime, news:google_news, flow:unavailable, intraday_1m",,,섹터 확인 부족,2026-05-19 21:07:50 PDT,0,"관망 · 악재 뉴스: 씨에스윈드 주가, 5월 15일 52,800원 4.52% 하락 마감 (2026-05-15)",선행 신호 대기,놓침 위험 낮음,시장 방어장 · 신규 매수는 작게,급변 감지 · 당일 -7.02%,풍력 흐름 · 평균 -7.02% · 거래량 0.6배 · 대표 씨에스윈드,방어장 · 평균 -5.68% · 하락비중 91% · 현금 비중 높게,수급 수집 실패,대표 테마 연결 대기,"기준 현재가 49,000 · 손절 참고 45,124 · 1차 익절 참고 53,845","최대 호재: 수주, 계약, 실적 개선, 정책 수혜 / 최대 악재: 실적 부진, 규제, 원가 상승, 수요 둔화","악재 영향 예상: -5.1~-9.3% (44,454원 부근까지 경계) · 회복 기준 50,744원 돌파","악재 뉴스: 씨에스윈드 주가, 5월 15일 52,800원 4.52% 하락 마감 (2026-05-15) · 최대 호재: 수주, 계약, 실적 개선, 정책 수혜 / 최대 악재: 실적 부진, 규제, 원가 상승, 수요 둔화"
세명전기,017510.KQ,ok,국장,해당 없음,0.0,0.0,0.0,,,0,해당 없음,0.0,0.0,,,,0.0,0.0,,,-8.0,본장 전/초반 1시간 약세 · 초반 -3.69% · 방어 우선,0.0,중립,1분봉 중립 · 장중 -5.36% · 최근 -0.46%,AI 관망,0,지금은 확실한 우위가 부족합니다.,전력기기,보류,🚫 제외,리스크 과다,0,12.0,6.0,0.0,0.0,4.0,2.0,40.0,False,False,중립장,11.0,10800.0,11430.0,naver_realtime,naver_realtime_calculated,-5.51,-7.77,1.96,0.18,0.14,False,5808996000.0,39.5,False,15.21,일반 모멘텀,"건전한 갭 상승, 뉴스 키워드: 보통 호재: 실적","변동성 과다, 본장 전/초반 1시간 약세 · 초반 -3.69% · 방어 우선, 매수 확인 부족: 거래량 0.18x / 거래대금 0.14x, 리스크 34 이상으로 신규 관심 제외, 전력기기 섹터 약세",수급 수집 실패,unavailable,0.0,0.0,보통 호재: 실적,google_news,호재 뉴스: (5/19) 내일의 관심종목 (2026-05-19),medium,(5/19) 내일의 관심종목 (2026-05-19) | (5/17) 한주의 검증 & 집중분석 (2026-05-17),"naver_daily, naver_realtime, news:google_news, flow:unavailable, intraday_1m",0.0,6.0,전력기기 섹터 약세,2026-05-19 21:07:50 PDT,5,관망 · 호재 뉴스: (5/19) 내일의 관심종목 (2026-05-19),선행 신호 대기,놓침 위험 낮음,시장 방어장 · 신규 매수는 작게,급변 감지 · 당일 -7.77%,"전력기기 흐름 · 평균 -8.75% · 거래량 0.3배 · 대표 비츠로테크, 산일전기, 세명전기",방어장 · 평균 -5.68% · 하락비중 91% · 현금 비중 높게,수급 수집 실패,전력 → 전선 → 구리 → 원전/데이터센터,"기준 현재가 10,800 · 손절 참고 9,504 · 1차 익절 참고 12,420","최대 호재: 전력망 투자, 변압기 수주, 데이터센터 전력, 송전망 증설 / 최대 악재: 정책 지연, 원가 상승, 납기 지연, 안전사고","호재 영향 예상: +5.0~+9.0% (11,772원 부근까지 시도) · 이탈 기준 10,217원","호재 뉴스: (5/19) 내일의 관심종목 (2026-05-19) · 최대 호재: 전력망 투자, 변압기 수주, 데이터센터 전력, 송전망 증설 / 최대 악재: 정책 지연, 원가 상승, 납기 지연, 안전사고"
대원전선,006340.KS,ok,국장,해당 없음,0.0,0.0,0.0,,,0,해당 없음,0.0,0.0,,,,0.0,0.0,,,-8.0,본장 전/초반 1시간 약세 · 초반 -4.64% · 방어 우선,0.0,중립,1분봉 중립 · 장중 -5.69% · 최근 -0.07%,AI 관망,0,지금은 확실한 우위가 부족합니다.,전선,보류,🚫 제외,리스크 과다,0,32.0,30.0,0.0,0.0,0.0,2.0,59.0,False,False,중립장,11.0,13490.0,14080.0,naver_realtime,naver_realtime_calculated,-4.19,-10.96,0.0,0.21,0.23,False,98427613110.0,61.5,False,20.54,일반 모멘텀,"추세 상승, RSI 건강 구간","변동성 과다, 뉴스 리스크: 악재: 하락, 급락, 본장 전/초반 1시간 약세 · 초반 -4.64% · 방어 우선, 매수 확인 부족: 거래량 0.21x / 거래대금 0.23x, 리스크 53 이상으로 신규 관심 제외, 전선 섹터 약세",수급 수집 실패,unavailable,0.0,0.0,"악재: 하락, 급락",google_news,"악재 뉴스: 대원전선 주가, 5월 19일 장중 14,310원 5.54% 하락 (2026-05-19)",none,"대원전선 주가, 5월 19일 장중 14,310원 5.54% 하락 (2026-05-19) | 대원전선, 9% 급락에도 전선주 관심 지속…월요일 시장서 전력 테마 다시 살아날까 (2026-05-18)","naver_daily, naver_realtime, news:google_news, flow:unavailable, intraday_1m",0.0,6.0,전선 섹터 약세,2026-05-19 21:07:50 PDT,0,"관망 · 악재 뉴스: 대원전선 주가, 5월 19일 장중 14,310원 5.54% 하락 (2026-05-19)","조용한 자금 후보 · ok · 점수 28 · 10만원 이하(13,450원) / 초기 RSI 59.6 / 뉴스 트리거 투자, 공급, 수주",놓침 위험 낮음,시장 방어장 · 신규 매수는 작게,급변 감지 · 당일 -10.96%,"전선 흐름 · 평균 -8.50% · 거래량 0.6배 · 대표 가온전선, LS에코에너지, 대원전선",방어장 · 평균 -5.68% · 하락비중 91% · 현금 비중 높게,수급 수집 실패,전력 → 전선 → 구리 → 원전/데이터센터,"기준 현재가 13,490 · 손절 참고 11,871 · 1차 익절 참고 15,513","최대 호재: 해저케이블 수주, 전력망 투자, 구리 가격 상승 수혜, 북미 수주 / 최대 악재: 구리 원가 급등, 공급 지연, 마진 하락, 수주 취소","악재 영향 예상: -8.4~-15.3% (11,426원 부근까지 경계) · 회복 기준 14,218원 돌파","악재 뉴스: 대원전선 주가, 5월 19일 장중 14,310원 5.54% 하락 (2026-05-19) · 최대 호재: 해저케이블 수주, 전력망 투자, 구리 가격 상승 수혜, 북미 수주 / 최대 악재: 구리 원가 급등, 공급 지연, 마진 하락, 수주 취소"
KB금융,105560.KS,ok,국장,해당 없음,0.0,0.0,0.0,,,0,해당 없음,0.0,0.0,,,,0.0,0.0,,,-8.0,본장 전/초반 1시간 약세 · 초반 -2.45% · 방어 우선,6.0,양호,1분봉 양호 · 장중 -2.58% · 최근 +0.33%,AI 관망,11,지금은 확실한 우위가 부족합니다.,금융,보류,🚫 제외,리스크 과다,0,15.0,6.0,0.0,0.0,7.0,2.0,25.0,False,False,중립장,11.0,150300.0,152800.0,naver_realtime,naver_realtime_calculated,-1.64,-1.76,-1.83,0.93,0.89,True,174044394000.0,41.4,False,3.39,일반 모멘텀,"뉴스 키워드: 보통 호재: 실적 / 약한 호재: 증가 / 악재: 감소, 1분봉 양호 · 장중 -2.58% · 최근 +0.33%","뉴스 리스크: 보통 호재: 실적 / 약한 호재: 증가 / 악재: 감소, 본장 전/초반 1시간 약세 · 초반 -2.45% · 방어 우선, 리스크 25 이상으로 신규 관심 제외",수급 수집 실패,unavailable,0.0,0.0,보통 호재: 실적 / 약한 호재: 증가 / 악재: 감소,google_news,"악재 뉴스: [단독] KB금융, 美 SEC 공시에 국민연금 지분 '증가' 오기…실제론 4만5643주 '감소' - v.daum.net (2026-05-19)",medium,"[단독] KB금융, 美 SEC 공시에 국민연금 지분 '증가' 오기…실제론 4만5643주 '감소' - v.daum.net (2026-05-19) | [生기업TALK] KB금융, 1분기 균형 잡힌 비즈 포트폴리오로 견조한 실적 시현 (2026-05-19)","naver_daily, naver_realtime, news:google_news, flow:unavailable, intraday_1m",0.0,0.0,중립,2026-05-19 21:07:50 PDT,12,"관망 · 악재 뉴스: [단독] KB금융, 美 SEC 공시에 국민연금 지분 '증가' 오기…실제론 4만5643주 '감소' - v.daum.",선행 신호 대기,놓침 위험 낮음,시장 방어장 · 신규 매수는 작게,급변 신호 없음,"금융 흐름 · 평균 -1.10% · 거래량 1.1배 · 대표 메리츠금융지주, KB금융, 하나금융지주",방어장 · 평균 -5.68% · 하락비중 91% · 현금 비중 높게,수급 수집 실패,대표 테마 연결 대기,"기준 현재가 150,300 · 손절 참고 145,205 · 1차 익절 참고 156,669","최대 호재: 금리 수혜, 주주환원, 배당 확대, 자사주 / 최대 악재: PF 손실, 충당금, 연체율, 규제","악재 영향 예상: -3.0~-4.5% (143,536원 부근까지 경계) · 회복 기준 153,306원 돌파","악재 뉴스: [단독] KB금융, 美 SEC 공시에 국민연금 지분 '증가' 오기…실제론 4만5643주 '감소' - v.daum.net (2026-05-19) · 최대 호재: 금리 수혜, 주주환원, 배당 확대, 자사주 / 최대 악재: PF 손실, 충당금, 연체율, 규제"
하나금융지주,086790.KS,ok,국장,해당 없음,0.0,0.0,0.0,,,0,해당 없음,0.0,0.0,,,,0.0,0.0,,,-8.0,본장 전/초반 1시간 약세 · 초반 -2.12% · 방어 우선,6.0,양호,1분봉 양호 · 장중 -2.72% · 최근 +0.09%,AI 관망,0,지금은 확실한 우위가 부족합니다.,금융,보류,대기,매매 근거 부족,0,18.0,12.0,0.0,0.0,4.0,2.0,19.0,False,False,중립장,11.0,114200.0,115300.0,naver_realtime,naver_realtime_calculated,-0.95,0.0,0.09,1.15,1.07,True,119222630200.0,37.2,False,4.48,일반 모멘텀,"건전한 갭 상승, 뉴스 키워드: 보통 호재: 투자, 1분봉 양호 · 장중 -2.72% · 최근 +0.09%",본장 전/초반 1시간 약세 · 초반 -2.12% · 방어 우선,수급 수집 실패,unavailable,0.0,0.0,보통 호재: 투자,google_news,호재 뉴스: '두나무 1조 투자'...하나금융 주주환원 영향은? (2026-05-18),medium,"'두나무 1조 투자'...하나금융 주주환원 영향은? (2026-05-18) | 하나금융, 두나무에 1조 투자… 은행·가상자산 첫 동맹 (2026-05-16)","naver_daily, naver_realtime, news:google_news, flow:unavailable, intraday_1m",0.0,0.0,중립,2026-05-19 21:07:50 PDT,46,관망 · 추격 부담 낮음 · 호재 뉴스: '두나무 1조 투자'...하나금융 주주환원 영향은? (2026-05-18),선행 신호 대기,놓침 위험 낮음,시장 방어장 · 신규 매수는 작게,급변 신호 없음,"금융 흐름 · 평균 -1.10% · 거래량 1.1배 · 대표 메리츠금융지주, KB금융, 하나금융지주",방어장 · 평균 -5.68% · 하락비중 91% · 현금 비중 높게,수급 수집 실패,대표 테마 연결 대기,"기준 현재가 114,200 · 손절 참고 109,084 · 1차 익절 참고 120,595",섹터 최대 호재: 주주환원,"호재 영향 예상: +3.6~+6.6% (121,703원 부근까지 시도) · 이탈 기준 111,898원",호재 뉴스: '두나무 1조 투자'...하나금융 주주환원 영향은? (2026-05-18) · 섹터 최대 호재: 주주환원
STX엔진,077970.KS,ok,국장,해당 없음,0.0,0.0,0.0,,,0,해당 없음,0.0,0.0,,,,0.0,0.0,,,-8.0,본장 전/초반 1시간 약세 · 초반 -14.49% · 방어 우선,6.0,양호,1분봉 양호 · 장중 -15.75% · 최근 +0.62%,AI 관망,0,지금은 확실한 우위가 부족합니다.,조선/방산,보류,🚫 제외,리스크 과다,0,8.0,6.0,0.0,0.0,0.0,2.0,46.0,False,True,중립장,11.0,40600.0,42900.0,naver_realtime,naver_realtime_calculated,-5.36,-9.07,5.04,0.36,0.27,False,15486017400.0,24.7,False,11.71,일반 모멘텀,1분봉 양호 · 장중 -15.75% · 최근 +0.62%,"갭 상승 과열, 변동성 과다, 본장 전/초반 1시간 약세 · 초반 -14.49% · 방어 우선, 매수 확인 부족: 거래량 0.36x / 거래대금 0.27x, 리스크 46 이상으로 신규 관심 제외",수급 수집 실패,unavailable,0.0,0.0,뉴스 중립,google_news,관련 뉴스: [박정식의 국내 주식시황] 증시 반등에 핵심은 기관 매수력과 향후 케빈 워시의 금리 방향성 발언 (2026-05-20),none,[박정식의 국내 주식시황] 증시 반등에 핵심은 기관 매수력과 향후 케빈 워시의 금리 방향성 발언 (2026-05-20) | 5월 19일 시간외 특이종목 (2026-05-19),"naver_daily, naver_realtime, news:google_news, flow:unavailable, intraday_1m",,,섹터 확인 부족,2026-05-19 21:07:50 PDT,0,관망 · 관련 뉴스: [박정식의 국내 주식시황] 증시 반등에 핵심은 기관 매수력과 향후 케빈 워시의 금리 방향성 발언 (2026-05-,"조용한 자금 후보 · ok · 점수 19 · 10만원 이하(40,450원) / 뉴스 트리거 투자, 수주, 실적",놓침 위험 낮음,시장 방어장 · 신규 매수는 작게,급변 감지 · 당일 -9.07%,조선/방산 흐름 · 평균 -9.07% · 거래량 0.4배 · 대표 STX엔진,방어장 · 평균 -5.68% · 하락비중 91% · 현금 비중 높게,수급 수집 실패,대표 테마 연결 대기,"기준 현재가 40,600 · 손절 참고 35,846 · 1차 익절 참고 46,543","최대 호재: LNG선 수주, 선가 상승, 흑자 전환, 해양플랜트 수주 / 최대 악재: 인도 지연, 원가 상승, 노사 갈등, 수주 취소",뉴스 영향 예상: 방향성 약함 · 가격/거래량 확인 우선,"관련 뉴스: [박정식의 국내 주식시황] 증시 반등에 핵심은 기관 매수력과 향후 케빈 워시의 금리 방향성 발언 (2026-05-20) · 최대 호재: LNG선 수주, 선가 상승, 흑자 전환, 해양플랜트 수주 / 최대 악재: 인도 지연, 원가 상승, 노사 갈등, 수주 취소"
삼성중공업,010140.KS,ok,국장,해당 없음,0.0,0.0,0.0,,,0,해당 없음,0.0,0.0,,,,0.0,0.0,,,-8.0,본장 전/초반 1시간 약세 · 초반 -3.47% · 방어 우선,6.0,양호,1분봉 양호 · 장중 -5.03% · 최근 +0.37%,AI 관망,0,지금은 확실한 우위가 부족합니다.,조선,보류,🚫 제외,리스크 과다,0,22.0,12.0,0.0,0.0,8.0,2.0,52.0,False,False,중립장,11.0,27400.0,28550.0,naver_realtime,naver_realtime_calculated,-4.03,-7.28,0.85,0.54,0.46,False,131163498600.0,31.3,False,7.03,일반 모멘텀,"건전한 갭 상승, 뉴스 키워드: 강한 호재: 수주 / 악재: 하락, 1분봉 양호 · 장중 -5.03% · 최근 +0.37%","변동성 과다, 뉴스 리스크: 강한 호재: 수주 / 악재: 하락, 본장 전/초반 1시간 약세 · 초반 -3.47% · 방어 우선, 매수 확인 부족: 거래량 0.54x / 거래대금 0.46x, 리스크 46 이상으로 신규 관심 제외, 조선 섹터 약세",수급 수집 실패,unavailable,0.0,0.0,강한 호재: 수주 / 악재: 하락,google_news,"악재 뉴스: 삼성중공업 주가, 5월 19일 장중 28,400원 3.89% 하락 (2026-05-19)",strong,"삼성중공업 주가, 5월 19일 장중 28,400원 3.89% 하락 (2026-05-19) | 삼성중공업 주가, 5월 18일 장중 28,800원 1.71% 하락 (2026-05-18)","naver_daily, naver_realtime, news:google_news, flow:unavailable, intraday_1m",0.0,6.0,조선 섹터 약세,2026-05-19 21:07:50 PDT,0,"관망 · 악재 뉴스: 삼성중공업 주가, 5월 19일 장중 28,400원 3.89% 하락 (2026-05-19)",선행 신호 대기,놓침 위험 낮음,시장 방어장 · 신규 매수는 작게,급변 감지 · 당일 -7.28%,"조선 흐름 · 평균 -3.45% · 거래량 0.7배 · 대표 HD현대중공업, HD한국조선해양, 한화오션",방어장 · 평균 -5.68% · 하락비중 91% · 현금 비중 높게,수급 수집 실패,대표 테마 연결 대기,"기준 현재가 27,400 · 손절 참고 25,474 · 1차 익절 참고 29,808","최대 호재: LNG선 수주, 선가 상승, 흑자 전환, 해양플랜트 수주 / 최대 악재: 인도 지연, 원가 상승, 노사 갈등, 수주 취소","악재 영향 예상: -4.9~-9.0% (24,944원 부근까지 경계) · 회복 기준 28,267원 돌파","악재 뉴스: 삼성중공업 주가, 5월 19일 장중 28,400원 3.89% 하락 (2026-05-19) · 최대 호재: LNG선 수주, 선가 상승, 흑자 전환, 해양플랜트 수주 / 최대 악재: 인도 지연, 원가 상승, 노사 갈등, 수주 취소"
신한지주,055550.KS,ok,국장,해당 없음,0.0,0.0,0.0,,,0,해당 없음,0.0,0.0,,,,0.0,0.0,,,-8.0,본장 전/초반 1시간 약세 · 초반 -1.36% · 방어 우선,6.0,양호,1분봉 양호 · 장중 -2.50% · 최근 +0.11%,AI 관망,0,지금은 확실한 우위가 부족합니다.,금융,보류,🚫 제외,리스크 과다,0,15.0,6.0,0.0,0.0,7.0,2.0,25.0,False,False,중립장,11.0,93100.0,93900.0,naver_realtime,naver_realtime_calculated,-0.85,0.0,-0.64,1.11,1.06,True,135886991100.0,29.9,False,3.36,일반 모멘텀,"뉴스 키워드: 보통 호재: 투자 / 약한 호재: 확대 / 악재: 감소, 1분봉 양호 · 장중 -2.50% · 최근 +0.11%","뉴스 리스크: 보통 호재: 투자 / 약한 호재: 확대 / 악재: 감소, 본장 전/초반 1시간 약세 · 초반 -1.36% · 방어 우선, 리스크 25 이상으로 신규 관심 제외",수급 수집 실패,unavailable,0.0,0.0,보통 호재: 투자 / 약한 호재: 확대 / 악재: 감소,google_news,악재 뉴스: “은행들 주주환원 확대 경쟁 펀더멘털 약화 초래할 수도” (2026-05-18),medium,“은행들 주주환원 확대 경쟁 펀더멘털 약화 초래할 수도” (2026-05-18) | '두나무 1조 투자'...하나금융 주주환원 영향은? (2026-05-18),"naver_daily, naver_realtime, news:google_news, flow:unavailable, intraday_1m",0.0,0.0,중립,2026-05-19 21:07:50 PDT,30,관망 · 추격 부담 낮음 · 악재 뉴스: “은행들 주주환원 확대 경쟁 펀더멘털 약화 초래할 수도” (2026-05-18),선행 신호 대기,놓침 위험 낮음,시장 방어장 · 신규 매수는 작게,급변 신호 없음,"금융 흐름 · 평균 -1.10% · 거래량 1.1배 · 대표 메리츠금융지주, KB금융, 하나금융지주",방어장 · 평균 -5.68% · 하락비중 91% · 현금 비중 높게,수급 수집 실패,대표 테마 연결 대기,"기준 현재가 93,100 · 손절 참고 89,972 · 1차 익절 참고 97,010",섹터 최대 호재: 주주환원,"악재 영향 예상: -3.0~-4.5% (88,910원 부근까지 경계) · 회복 기준 94,962원 돌파",악재 뉴스: “은행들 주주환원 확대 경쟁 펀더멘털 약화 초래할 수도” (2026-05-18) · 섹터 최대 호재: 주주환원
태광,023160.KQ,ok,국장,해당 없음,0.0,0.0,0.0,,,0,해당 없음,0.0,0.0,,,,0.0,0.0,,,-8.0,본장 전/초반 1시간 약세 · 초반 -2.30% · 방어 우선,0.0,중립,1분봉 중립 · 장중 -1.95% · 최근 -0.28%,AI 관망,0,지금은 확실한 우위가 부족합니다.,조선기자재,보류,🚫 제외,리스크 과다,0,8.0,6.0,0.0,0.0,0.0,2.0,40.0,False,False,중립장,11.0,35250.0,36500.0,naver_realtime,naver_realtime_calculated,-3.42,0.0,1.28,0.74,0.63,False,10831972500.0,19.4,False,8.91,일반 모멘텀,건전한 갭 상승,"변동성 과다, 본장 전/초반 1시간 약세 · 초반 -2.30% · 방어 우선, 매수 확인 부족: 거래량 0.74x / 거래대금 0.63x, 리스크 34 이상으로 신규 관심 제외, 조선기자재 섹터 약세",수급 수집 실패,unavailable,0.0,0.0,뉴스 중립,google_news,관련 뉴스: 기사회생한 유니온·동성제약...부광·태광 품에서 '재도약' 날개 편다 (2026-05-20),none,기사회생한 유니온·동성제약...부광·태광 품에서 '재도약' 날개 편다 (2026-05-20) | (특징주)태광산업 급등..`자산주에 성장성까지` (2026-05-19),"naver_daily, naver_realtime, news:google_news, flow:unavailable, intraday_1m",0.0,6.0,조선기자재 섹터 약세,2026-05-19 21:07:50 PDT,4,관망 · 추격 부담 낮음 · 관련 뉴스: 기사회생한 유니온·동성제약...부광·태광 품에서 '재도약' 날개 편다 (2026-05-20),"조용한 자금 후보 · ok · 점수 12 · 10만원 이하(35,400원) / 뉴스 트리거 인수, 계약, 투자",놓침 위험 낮음,시장 방어장 · 신규 매수는 작게,급변 신호 없음,"조선기자재 흐름 · 평균 -4.26% · 거래량 0.6배 · 대표 동성화인텍, 태광, 한화엔진",방어장 · 평균 -5.68% · 하락비중 91% · 현금 비중 높게,수급 수집 실패,의료/제약 → 임상/승인 → 장비/소모품,"기준 현재가 35,250 · 손절 참고 32,109 · 1차 익절 참고 39,176","최대 호재: LNG선 수주, 선가 상승, 흑자 전환, 해양플랜트 수주 / 최대 악재: 인도 지연, 원가 상승, 노사 갈등, 수주 취소",뉴스 영향 예상: 방향성 약함 · 가격/거래량 확인 우선,"관련 뉴스: 기사회생한 유니온·동성제약...부광·태광 품에서 '재도약' 날개 편다 (2026-05-20) · 최대 호재: LNG선 수주, 선가 상승, 흑자 전환, 해양플랜트 수주 / 최대 악재: 인도 지연, 원가 상승, 노사 갈등, 수주 취소"
동성화인텍,033500.KQ,ok,국장,해당 없음,0.0,0.0,0.0,,,0,해당 없음,0.0,0.0,,,,0.0,0.0,,,-8.0,본장 전/초반 1시간 약세 · 초반 -3.94% · 방어 우선,6.0,양호,1분봉 양호 · 장중 -6.35% · 최근 +0.71%,AI 관망,0,지금은 확실한 우위가 부족합니다.,조선기자재,보류,🚫 제외,리스크 과다,0,35.0,6.0,12.0,0.0,15.0,2.0,52.0,False,True,중립장,11.0,21350.0,22900.0,naver_realtime,naver_realtime_calculated,-6.77,0.23,6.34,1.52,1.23,True,9294231450.0,16.7,False,7.54,일반 모멘텀,"거래량 증가(1.5x), 뉴스 키워드: 강한 호재: 수주 / 보통 호재: 실적 / 약한 호재: 상승, 1분봉 양호 · 장중 -6.35% · 최근 +0.71%","갭 상승 과열, 변동성 과다, 본장 전/초반 1시간 약세 · 초반 -3.94% · 방어 우선, 리스크 46 이상으로 신규 관심 제외, 조선기자재 섹터 약세",수급 수집 실패,unavailable,0.0,0.0,강한 호재: 수주 / 보통 호재: 실적 / 약한 호재: 상승,google_news,"호재 뉴스: [서치 e종목] 동성화인텍, 하반기 미국발 LNG선 대규모 발주로 주가 동력 얻을까 (2026-05-20)",strong,"[서치 e종목] 동성화인텍, 하반기 미국발 LNG선 대규모 발주로 주가 동력 얻을까 (2026-05-20) | 증권가 ""매력적인 밸류에이션 구간""…동성화인텍 6%↑[특징주] (2026-05-19)","naver_daily, naver_realtime, news:google_news, flow:unavailable, intraday_1m",0.0,6.0,조선기자재 섹터 약세,2026-05-19 21:07:50 PDT,20,"관망 · 거래량 1.5배 · 추격 부담 낮음 · 호재 뉴스: [서치 e종목] 동성화인텍, 하반기 미국발 LNG선 대규모 발주로 주가 동력 얻을까 (2026-05-20)","조용한 자금 후보 · ok · 점수 9 · 10만원 이하(21,350원) / 뉴스 트리거 수주, 투자, 승인",놓침 위험 낮음,시장 방어장 · 신규 매수는 작게,급변 신호 없음,"조선기자재 흐름 · 평균 -4.26% · 거래량 0.6배 · 대표 동성화인텍, 태광, 한화엔진",방어장 · 평균 -5.68% · 하락비중 91% · 현금 비중 높게,수급 수집 실패,대표 테마 연결 대기,"기준 현재가 21,350 · 손절 참고 19,740 · 1차 익절 참고 23,362","최대 호재: LNG선 수주, 선가 상승, 흑자 전환, 해양플랜트 수주 / 최대 악재: 인도 지연, 원가 상승, 노사 갈등, 수주 취소","호재 영향 예상: +5.2~+9.4% (23,353원 부근까지 시도) · 이탈 기준 20,626원","호재 뉴스: [서치 e종목] 동성화인텍, 하반기 미국발 LNG선 대규모 발주로 주가 동력 얻을까 (2026-05-20) · 최대 호재: LNG선 수주, 선가 상승, 흑자 전환, 해양플랜트 수주 / 최대 악재: 인도 지연, 원가 상승, 노사 갈등, 수주 취소"
레인보우로보틱스,277810.KQ,ok,국장,해당 없음,0.0,0.0,0.0,,,0,해당 없음,0.0,0.0,,,,0.0,0.0,,,-8.0,본장 전/초반 1시간 약세 · 초반 -4.39% · 방어 우선,0.0,중립,1분봉 중립 · 장중 -5.76% · 최근 +0.00%,AI 관망,0,지금은 확실한 우위가 부족합니다.,로봇,보류,🚫 제외,리스크 과다,0,25.0,20.0,0.0,0.0,3.0,2.0,44.0,False,False,중립장,11.0,624000.0,666000.0,naver_realtime,naver_realtime_calculated,-6.31,-16.35,-0.67,0.83,0.69,False,136300320000.0,49.7,False,12.84,일반 모멘텀,"추세 상승, 뉴스 키워드: 약한 호재: 확대, 상승 / 악재: 하락","변동성 과다, 뉴스 호재 강도 약함, 뉴스 리스크: 약한 호재: 확대, 상승 / 악재: 하락, 본장 전/초반 1시간 약세 · 초반 -4.39% · 방어 우선, 매수 확인 부족: 거래량 0.83x / 거래대금 0.69x, 리스크 38 이상으로 신규 관심 제외, 로봇 섹터 약세",수급 수집 실패,unavailable,0.0,0.0,"약한 호재: 확대, 상승 / 악재: 하락",google_news,"악재 뉴스: [기로 선 K-피지컬 AI] ②레인보우로보틱스, '삼성 우산' 속 외형은 성장···'두뇌' 기술력은 아직 - v.daum.net (2026-05-18)",weak,"[기로 선 K-피지컬 AI] ②레인보우로보틱스, '삼성 우산' 속 외형은 성장···'두뇌' 기술력은 아직 - v.daum.net (2026-05-18) | [기로 선 K-피지컬 AI] ②레인보우로보틱스, 삼성 우산 속 외형은 성장···두뇌 기술력은 아직 (2026-05-18)","naver_daily, naver_realtime, news:google_news, flow:unavailable, intraday_1m",0.0,6.0,로봇 섹터 약세,2026-05-19 21:07:50 PDT,0,"관망 · 악재 뉴스: [기로 선 K-피지컬 AI] ②레인보우로보틱스, '삼성 우산' 속 외형은 성장···'두뇌' 기술력은 아직 - v.",선행 신호 대기,놓침 위험 낮음,시장 방어장 · 신규 매수는 작게,급변 감지 · 당일 -16.35%,"로봇 흐름 · 평균 -15.66% · 거래량 1.2배 · 대표 두산로보틱스, 에브리봇, 유일로보틱스",방어장 · 평균 -5.68% · 하락비중 91% · 현금 비중 높게,수급 수집 실패,로봇 → 감속기 → 자동화 장비 → 센서,"기준 현재가 624,000 · 손절 참고 549,120 · 1차 익절 참고 717,600","최대 호재: 대기업 투자, 로봇 공급계약, 자동화 수요, 감속기 수주 / 최대 악재: 실적 부진, 수주 지연, 경쟁 심화, 적자 확대","악재 영향 예상: -8.1~-14.7% (532,347원 부근까지 경계) · 회복 기준 657,696원 돌파","악재 뉴스: [기로 선 K-피지컬 AI] ②레인보우로보틱스, '삼성 우산' 속 외형은 성장···'두뇌' 기술력은 아직 - v.daum.net (2026-05-18) · 최대 호재: 대기업 투자, 로봇 공급계약, 자동화 수요, 감속기 수주 / 최대 악재: 실적 부진, 수주 지연, 경쟁 심화, 적자 확대"
성광벤드,014620.KQ,ok,국장,해당 없음,0.0,0.0,0.0,,,0,해당 없음,0.0,0.0,,,,0.0,0.0,,,-8.0,본장 전/초반 1시간 약세 · 초반 -4.07% · 방어 우선,0.0,중립,1분봉 중립 · 장중 -5.09% · 최근 -0.31%,AI 관망,0,지금은 확실한 우위가 부족합니다.,조선기자재,보류,🚫 제외,리스크 과다,0,15.0,6.0,0.0,0.0,7.0,2.0,57.0,False,False,중립장,11.0,33000.0,34650.0,naver_realtime,naver_realtime_calculated,-4.76,-6.38,1.7,0.38,0.29,False,5183508000.0,15.3,False,11.16,일반 모멘텀,"건전한 갭 상승, 뉴스 키워드: 보통 호재: 실적 / 약한 호재: 증가, 상승 / 악재: 지분율, 주식등의 수, 급락","변동성 과다, 뉴스 리스크: 보통 호재: 실적 / 약한 호재: 증가, 상승 / 악재: 지분율, 주식등의 수, 급락, 본장 전/초반 1시간 약세 · 초반 -4.07% · 방어 우선, 매수 확인 부족: 거래량 0.38x / 거래대금 0.29x, 리스크 51 이상으로 신규 관심 제외, 조선기자재 섹터 약세",수급 수집 실패,unavailable,0.0,0.0,"보통 호재: 실적 / 약한 호재: 증가, 상승 / 악재: 지분율, 주식등의 수, 급락",google_news,"악재 뉴스: 성광벤드 주주 제이피모건에셋 매니지먼트, 성광벤드 주식등의 수 29만7472주 증가…총 지분율 6.2% (2026-05-18)",medium,"성광벤드 주주 제이피모건에셋 매니지먼트, 성광벤드 주식등의 수 29만7472주 증가…총 지분율 6.2% (2026-05-18) | 2026년 1분기 실적 특징주(5월 8일 발표) (2026-05-11)","naver_daily, naver_realtime, news:google_news, flow:unavailable, intraday_1m",0.0,6.0,조선기자재 섹터 약세,2026-05-19 21:07:50 PDT,0,"관망 · 악재 뉴스: 성광벤드 주주 제이피모건에셋 매니지먼트, 성광벤드 주식등의 수 29만7472주 증가…총 지분율 6.2% (2026",선행 신호 대기,놓침 위험 낮음,시장 방어장 · 신규 매수는 작게,급변 감지 · 당일 -6.38%,"조선기자재 흐름 · 평균 -4.26% · 거래량 0.6배 · 대표 동성화인텍, 태광, 한화엔진",방어장 · 평균 -5.68% · 하락비중 91% · 현금 비중 높게,수급 수집 실패,대표 테마 연결 대기,"기준 현재가 33,000 · 손절 참고 29,317 · 1차 익절 참고 37,604","최대 호재: LNG선 수주, 선가 상승, 흑자 전환, 해양플랜트 수주 / 최대 악재: 인도 지연, 원가 상승, 노사 갈등, 수주 취소","악재 영향 예상: -7.8~-14.2% (28,304원 부근까지 경계) · 회복 기준 34,657원 돌파","악재 뉴스: 성광벤드 주주 제이피모건에셋 매니지먼트, 성광벤드 주식등의 수 29만7472주 증가…총 지분율 6.2% (2026-05-18) · 최대 호재: LNG선 수주, 선가 상승, 흑자 전환, 해양플랜트 수주 / 최대 악재: 인도 지연, 원가 상승, 노사 갈등, 수주 취소"
로보티즈,108490.KQ,ok,국장,해당 없음,0.0,0.0,0.0,,,0,해당 없음,0.0,0.0,,,,0.0,0.0,,,-8.0,본장 전/초반 1시간 약세 · 초반 -5.56% · 방어 우선,0.0,중립,1분봉 중립 · 장중 -7.78% · 최근 +0.00%,AI 관망,0,지금은 확실한 우위가 부족합니다.,로봇,보류,🚫 제외,리스크 과다,0,22.0,20.0,0.0,0.0,0.0,2.0,56.0,False,False,중립장,11.0,251500.0,274000.0,naver_realtime,naver_realtime_calculated,-8.21,-17.81,-0.98,0.79,0.61,False,91967262500.0,35.2,False,14.5,일반 모멘텀,추세 상승,"변동성 과다, 뉴스 리스크: 악재: 하락, 본장 전/초반 1시간 약세 · 초반 -5.56% · 방어 우선, 매수 확인 부족: 거래량 0.79x / 거래대금 0.61x, 리스크 50 이상으로 신규 관심 제외, 로봇 섹터 약세",수급 수집 실패,unavailable,0.0,0.0,악재: 하락,google_news,"악재 뉴스: 로보티즈 주가, 5월 19일 장중 273,000원 10.78% 하락 (2026-05-19)",none,"로보티즈 주가, 5월 19일 장중 273,000원 10.78% 하락 (2026-05-19) | 로보티즈 주가, 5월 18일 306,000원 6.85% 하락 마감 (2026-05-18)","naver_daily, naver_realtime, news:google_news, flow:unavailable, intraday_1m",0.0,6.0,로봇 섹터 약세,2026-05-19 21:07:50 PDT,0,"관망 · 악재 뉴스: 로보티즈 주가, 5월 19일 장중 273,000원 10.78% 하락 (2026-05-19)","조용한 자금 후보 · ok · 점수 0 · 뉴스 트리거 투자, 공급, 승인",놓침 위험 낮음,시장 방어장 · 신규 매수는 작게,급변 감지 · 당일 -17.81%,"로봇 흐름 · 평균 -15.66% · 거래량 1.2배 · 대표 두산로보틱스, 에브리봇, 유일로보틱스",방어장 · 평균 -5.68% · 하락비중 91% · 현금 비중 높게,수급 수집 실패,로봇 → 감속기 → 자동화 장비 → 센서,"기준 현재가 251,500 · 손절 참고 221,320 · 1차 익절 참고 289,225","최대 호재: 대기업 투자, 로봇 공급계약, 자동화 수요, 감속기 수주 / 최대 악재: 실적 부진, 수주 지연, 경쟁 심화, 적자 확대","악재 영향 예상: -8.4~-15.3% (213,020원 부근까지 경계) · 회복 기준 265,081원 돌파","악재 뉴스: 로보티즈 주가, 5월 19일 장중 273,000원 10.78% 하락 (2026-05-19) · 최대 호재: 대기업 투자, 로봇 공급계약, 자동화 수요, 감속기 수주 / 최대 악재: 실적 부진, 수주 지연, 경쟁 심화, 적자 확대"
유진로봇,056080.KQ,ok,국장,해당 없음,0.0,0.0,0.0,,,0,해당 없음,0.0,0.0,,,,0.0,0.0,,,-8.0,본장 전/초반 1시간 약세 · 초반 -2.86% · 방어 우선,6.0,양호,1분봉 양호 · 장중 -4.85% · 최근 +0.47%,AI 관망,0,지금은 확실한 우위가 부족합니다.,로봇,보류,🚫 제외,리스크 과다,0,12.0,6.0,0.0,0.0,4.0,2.0,47.0,False,False,중립장,11.0,21800.0,23500.0,naver_realtime,naver_realtime_calculated,-7.23,-15.01,-0.97,0.53,0.43,False,12060152400.0,34.1,False,11.55,일반 모멘텀,"뉴스 키워드: 보통 호재: 투자 / 악재: 급락, 1분봉 양호 · 장중 -4.85% · 최근 +0.47%","변동성 과다, 뉴스 리스크: 보통 호재: 투자 / 악재: 급락, 본장 전/초반 1시간 약세 · 초반 -2.86% · 방어 우선, 매수 확인 부족: 거래량 0.53x / 거래대금 0.43x, 리스크 41 이상으로 신규 관심 제외, 로봇 섹터 약세",수급 수집 실패,unavailable,0.0,0.0,보통 호재: 투자 / 악재: 급락,google_news,악재 뉴스: 오늘의 로봇 기업 주식 시세(2026-05-19) - irobotnews.com (2026-05-19),medium,오늘의 로봇 기업 주식 시세(2026-05-19) - irobotnews.com (2026-05-19) | 오늘의 로봇 기업 주식 시세(2026-05-18) - irobotnews.com (2026-05-18),"naver_daily, naver_realtime, news:google_news, flow:unavailable, intraday_1m",0.0,6.0,로봇 섹터 약세,2026-05-19 21:07:50 PDT,0,관망 · 악재 뉴스: 오늘의 로봇 기업 주식 시세(2026-05-19) - irobotnews.com (2026-05-19),"조용한 자금 후보 · ok · 점수 7 · 10만원 이하(21,600원) / 뉴스 트리거 투자, 계약, 공급",놓침 위험 낮음,시장 방어장 · 신규 매수는 작게,급변 감지 · 당일 -15.01%,"로봇 흐름 · 평균 -15.66% · 거래량 1.2배 · 대표 두산로보틱스, 에브리봇, 유일로보틱스",방어장 · 평균 -5.68% · 하락비중 91% · 현금 비중 높게,수급 수집 실패,로봇 → 감속기 → 자동화 장비 → 센서,"기준 현재가 21,800 · 손절 참고 19,282 · 1차 익절 참고 24,947","최대 호재: 대기업 투자, 로봇 공급계약, 자동화 수요, 감속기 수주 / 최대 악재: 실적 부진, 수주 지연, 경쟁 심화, 적자 확대","악재 영향 예상: -7.9~-14.4% (18,654원 부근까지 경계) · 회복 기준 22,933원 돌파","악재 뉴스: 오늘의 로봇 기업 주식 시세(2026-05-19) - irobotnews.com (2026-05-19) · 최대 호재: 대기업 투자, 로봇 공급계약, 자동화 수요, 감속기 수주 / 최대 악재: 실적 부진, 수주 지연, 경쟁 심화, 적자 확대"
에스피지,058610.KQ,ok,국장,해당 없음,0.0,0.0,0.0,,,0,해당 없음,0.0,0.0,,,,0.0,0.0,,,-8.0,본장 전/초반 1시간 약세 · 초반 -6.22% · 방어 우선,0.0,중립,1분봉 중립 · 장중 -7.33% · 최근 +0.00%,AI 관망,0,지금은 확실한 우위가 부족합니다.,로봇부품,보류,🚫 제외,리스크 과다,0,2.0,0.0,0.0,0.0,0.0,2.0,40.0,False,False,중립장,11.0,101300.0,109800.0,naver_realtime,naver_realtime_calculated,-7.74,-17.17,-1.31,0.79,0.62,False,43874346900.0,32.7,False,12.83,일반 모멘텀,-,"변동성 과다, 뉴스 호재 강도 약함, 본장 전/초반 1시간 약세 · 초반 -6.22% · 방어 우선, 매수 확인 부족: 거래량 0.79x / 거래대금 0.62x, 리스크 34 이상으로 신규 관심 제외, 로봇부품 섹터 약세",수급 수집 실패,unavailable,0.0,0.0,약한 호재: 상승,google_news,호재 뉴스: 원가 혁신 성공한 모터기업…미·중 수출 본격화 가능성 (2026-05-15),weak,"원가 혁신 성공한 모터기업…미·중 수출 본격화 가능성 (2026-05-15) | 에스피지 주가, 5월 11일 142,200원 5.10% 상승 마감 (2026-05-11)","naver_daily, naver_realtime, news:google_news, flow:unavailable, intraday_1m",0.0,6.0,로봇부품 섹터 약세,2026-05-19 21:07:50 PDT,10,관망 · 호재 뉴스: 원가 혁신 성공한 모터기업…미·중 수출 본격화 가능성 (2026-05-15),"조용한 자금 후보 · ok · 점수 5 · 뉴스 트리거 투자, 협력, 출시",놓침 위험 낮음,시장 방어장 · 신규 매수는 작게,급변 감지 · 당일 -17.17%,"로봇부품 흐름 · 평균 -14.30% · 거래량 0.6배 · 대표 에스비비테크, 에스피지",방어장 · 평균 -5.68% · 하락비중 91% · 현금 비중 높게,수급 수집 실패,로봇 → 감속기 → 자동화 장비 → 센서,"기준 현재가 101,300 · 손절 참고 89,144 · 1차 익절 참고 116,495","최대 호재: 대기업 투자, 로봇 공급계약, 자동화 수요, 감속기 수주 / 최대 악재: 실적 부진, 수주 지연, 경쟁 심화, 적자 확대","호재 영향 예상: +5.0~+9.0% (110,417원 부근까지 시도) · 이탈 기준 95,830원","호재 뉴스: 원가 혁신 성공한 모터기업…미·중 수출 본격화 가능성 (2026-05-15) · 최대 호재: 대기업 투자, 로봇 공급계약, 자동화 수요, 감속기 수주 / 최대 악재: 실적 부진, 수주 지연, 경쟁 심화, 적자 확대"
삼성전기,009150.KS,ok,국장,해당 없음,0.0,0.0,0.0,,,0,해당 없음,0.0,0.0,,,,0.0,0.0,,,-8.0,본장 전/초반 1시간 약세 · 초반 -3.19% · 방어 우선,6.0,양호,1분봉 양호 · 장중 -1.85% · 최근 +0.53%,AI 관망,0,지금은 확실한 우위가 부족합니다.,전자부품,보류,🚫 제외,리스크 과다,0,38.0,36.0,0.0,0.0,0.0,2.0,40.0,False,False,중립장,11.0,965000.0,987000.0,naver_realtime,naver_realtime_calculated,-2.23,-6.4,0.0,0.95,1.02,True,851407920000.0,74.8,True,8.38,일반 모멘텀,"추세 상승, MACD 상승, 1분봉 양호 · 장중 -1.85% · 최근 +0.53%","변동성 과다, 뉴스 호재 강도 약함, 본장 전/초반 1시간 약세 · 초반 -3.19% · 방어 우선, 리스크 34 이상으로 신규 관심 제외, 전자부품 섹터 약세",수급 수집 실패,unavailable,0.0,0.0,약한 호재: 상승,google_news,"호재 뉴스: 삼성전기 주가 장중 7%대 상승, MLCC 가격 인상에 '사상 최고가' (2026-05-15)",weak,"삼성전기 주가 장중 7%대 상승, MLCC 가격 인상에 '사상 최고가' (2026-05-15) | ""MLCC 가격 인상 본격화""…삼성전기 목표주가 150만원↑ - v.daum.net (2026-05-15)","naver_daily, naver_realtime, news:google_news, flow:unavailable, intraday_1m",0.0,6.0,전자부품 섹터 약세,2026-05-19 21:07:50 PDT,11,"관망 · 호재 뉴스: 삼성전기 주가 장중 7%대 상승, MLCC 가격 인상에 '사상 최고가' (2026-05-15)",선행 신호 대기,놓침 위험 낮음,시장 방어장 · 신규 매수는 작게,급변 감지 · 당일 -6.40%,"전자부품 흐름 · 평균 -3.95% · 거래량 1.0배 · 대표 코리아써키트, 비에이치, LG이노텍",방어장 · 평균 -5.68% · 하락비중 91% · 현금 비중 높게,수급 수집 실패,대표 테마 연결 대기,"기준 현재가 965,000 · 손절 참고 884,133 · 1차 익절 참고 1,066,084","최대 호재: 수주, 계약, 실적 개선, 정책 수혜 / 최대 악재: 실적 부진, 규제, 원가 상승, 수요 둔화","호재 영향 예상: +3.5~+6.3% (1,025,650원 부근까지 시도) · 이탈 기준 928,610원","호재 뉴스: 삼성전기 주가 장중 7%대 상승, MLCC 가격 인상에 '사상 최고가' (2026-05-15) · 최대 호재: 수주, 계약, 실적 개선, 정책 수혜 / 최대 악재: 실적 부진, 규제, 원가 상승, 수요 둔화"
뉴로메카,348340.KQ,ok,국장,해당 없음,0.0,0.0,0.0,,,0,해당 없음,0.0,0.0,,,,0.0,0.0,,,-8.0,본장 전/초반 1시간 약세 · 초반 -5.42% · 방어 우선,0.0,중립,1분봉 중립 · 장중 -8.47% · 최근 -0.37%,AI 관망,0,지금은 확실한 우위가 부족합니다.,협동로봇,보류,🚫 제외,리스크 과다,0,9.0,0.0,0.0,0.0,7.0,2.0,34.0,False,False,중립장,11.0,54700.0,59800.0,naver_realtime,naver_realtime_calculated,-8.53,-16.1,-1.38,0.4,0.31,False,15628008800.0,42.6,False,12.86,일반 모멘텀,뉴스 키워드: 보통 호재: 투자 / 약한 호재: 돌파,"변동성 과다, 본장 전/초반 1시간 약세 · 초반 -5.42% · 방어 우선, 매수 확인 부족: 거래량 0.40x / 거래대금 0.31x, 리스크 34 이상으로 신규 관심 제외",수급 수집 실패,unavailable,0.0,0.0,보통 호재: 투자 / 약한 호재: 돌파,google_news,호재 뉴스: 변압기 테마는 기술적 반등 나오기 좋다. (2026-05-18),medium,변압기 테마는 기술적 반등 나오기 좋다. (2026-05-18) | 제조혁신 주도 두산로보틱스 주가 다시 펄펄 끓네...글로벌 자동화 투자 수혜 부각 (2026-05-15),"naver_daily, naver_realtime, news:google_news, flow:unavailable, intraday_1m",,,섹터 확인 부족,2026-05-19 21:07:50 PDT,8,관망 · 호재 뉴스: 변압기 테마는 기술적 반등 나오기 좋다. (2026-05-18),"조용한 자금 후보 · ok · 점수 0 · 10만원 이하(54,500원) / 뉴스 트리거 투자, 실적",놓침 위험 낮음,시장 방어장 · 신규 매수는 작게,급변 감지 · 당일 -16.10%,협동로봇 흐름 · 평균 -16.10% · 거래량 0.4배 · 대표 뉴로메카,방어장 · 평균 -5.68% · 하락비중 91% · 현금 비중 높게,수급 수집 실패,전력 → 전선 → 구리 → 원전/데이터센터,"기준 현재가 54,700 · 손절 참고 48,136 · 1차 익절 참고 62,905","최대 호재: 대기업 투자, 로봇 공급계약, 자동화 수요, 감속기 수주 / 최대 악재: 실적 부진, 수주 지연, 경쟁 심화, 적자 확대","호재 영향 예상: +5.0~+9.0% (59,623원 부근까지 시도) · 이탈 기준 51,746원","호재 뉴스: 변압기 테마는 기술적 반등 나오기 좋다. (2026-05-18) · 최대 호재: 대기업 투자, 로봇 공급계약, 자동화 수요, 감속기 수주 / 최대 악재: 실적 부진, 수주 지연, 경쟁 심화, 적자 확대"
LG이노텍,011070.KS,ok,국장,해당 없음,0.0,0.0,0.0,,,0,해당 없음,0.0,0.0,,,,0.0,0.0,,,-8.0,본장 전/초반 1시간 약세 · 초반 -5.58% · 방어 우선,6.0,양호,1분봉 양호 · 장중 -5.84% · 최근 +0.69%,AI 관망,0,이미 많이 오른 구간이라 신규 매수보다 눌림 확인이 우선입니다.,전자부품,보류,🚫 제외,리스크 과다,0,38.0,36.0,0.0,0.0,0.0,2.0,79.0,True,True,중립장,11.0,735000.0,793000.0,naver_realtime,naver_realtime_calculated,-7.31,-3.29,5.13,1.24,1.48,True,314072115000.0,84.1,True,8.33,일반 모멘텀,"추세 상승, MACD 상승, 1분봉 양호 · 장중 -5.84% · 최근 +0.69%","RSI 과열, 갭 상승 과열, 변동성 과다, 20일 범위 상단 추격, 뉴스 리스크: 악재: 급락, 본장 전/초반 1시간 약세 · 초반 -5.58% · 방어 우선, 리스크 73 이상으로 신규 관심 제외, 전자부품 섹터 약세",수급 수집 실패,unavailable,0.0,0.0,악재: 급락,google_news,악재 뉴스: 한 달새 109% 뛰었다…코스피 급락에도 '최고가' 터진 회사 [종목+] (2026-05-19),none,"한 달새 109% 뛰었다…코스피 급락에도 '최고가' 터진 회사 [종목+] (2026-05-19) | 기판·로봇 테마 타고 질주하는 LG이노텍...""주가 10배 오른다"" 전망까지 (2026-05-19)","naver_daily, naver_realtime, news:google_news, flow:unavailable, intraday_1m",0.0,6.0,전자부품 섹터 약세,2026-05-19 21:07:50 PDT,0,관망 · 거래량 1.2배 · 악재 뉴스: 한 달새 109% 뛰었다…코스피 급락에도 '최고가' 터진 회사 [종목+] (2026-05-19),선행 신호 대기,놓침 위험 낮음,시장 방어장 · 신규 매수는 작게,급변 신호 없음,"전자부품 흐름 · 평균 -3.95% · 거래량 1.0배 · 대표 코리아써키트, 비에이치, LG이노텍",방어장 · 평균 -5.68% · 하락비중 91% · 현금 비중 높게,수급 수집 실패,대표 테마 연결 대기,"기준 현재가 735,000 · 손절 참고 673,774 · 1차 익절 참고 811,532","최대 호재: 수주, 계약, 실적 개선, 정책 수혜 / 최대 악재: 실적 부진, 규제, 원가 상승, 수요 둔화","악재 영향 예상: -7.0~-12.8% (641,045원 부근까지 경계) · 회복 기준 762,551원 돌파","악재 뉴스: 한 달새 109% 뛰었다…코스피 급락에도 '최고가' 터진 회사 [종목+] (2026-05-19) · 최대 호재: 수주, 계약, 실적 개선, 정책 수혜 / 최대 악재: 실적 부진, 규제, 원가 상승, 수요 둔화"
DB하이텍,000990.KS,ok,국장,해당 없음,0.0,0.0,0.0,,,0,해당 없음,0.0,0.0,,,,0.0,0.0,,,-8.0,본장 전/초반 1시간 약세 · 초반 -2.14% · 방어 우선,6.0,양호,1분봉 양호 · 장중 -3.40% · 최근 +0.13%,AI 관망,0,지금은 확실한 우위가 부족합니다.,반도체,보류,🚫 제외,리스크 과다,0,28.0,26.0,0.0,0.0,0.0,2.0,40.0,False,False,중립장,11.0,154700.0,157300.0,naver_realtime,naver_realtime_calculated,-1.65,-9.48,-0.64,0.46,0.46,False,59576052900.0,49.4,False,10.88,일반 모멘텀,"추세 상승, 1분봉 양호 · 장중 -3.40% · 최근 +0.13%","변동성 과다, 뉴스 호재 강도 약함, 본장 전/초반 1시간 약세 · 초반 -2.14% · 방어 우선, 매수 확인 부족: 거래량 0.46x / 거래대금 0.46x, 리스크 34 이상으로 신규 관심 제외, 반도체 섹터 약세",수급 수집 실패,unavailable,0.0,0.0,약한 호재: 상승,google_news,"호재 뉴스: DB하이텍, 중국향 제품 판가 인상 본격화…목표가 '20만8000원'-상상인 (2026-05-20)",weak,"DB하이텍, 중국향 제품 판가 인상 본격화…목표가 '20만8000원'-상상인 (2026-05-20) | 상상인 ""DB하이텍, 중국 BCD 판가 인상 본격 반영…가격 상승 사이클 기대"" (2026-05-20)","naver_daily, naver_realtime, news:google_news, flow:unavailable, intraday_1m",0.0,6.0,반도체 섹터 약세,2026-05-19 21:07:50 PDT,7,"관망 · 호재 뉴스: DB하이텍, 중국향 제품 판가 인상 본격화…목표가 '20만8000원'-상상인 (2026-05-20)",선행 신호 대기,놓침 위험 낮음,시장 방어장 · 신규 매수는 작게,급변 감지 · 당일 -9.48%,"반도체 흐름 · 평균 -4.70% · 거래량 0.7배 · 대표 한양디지텍, 미래반도체, 테스",방어장 · 평균 -5.68% · 하락비중 91% · 현금 비중 높게,수급 수집 실패,AI/반도체 → 전력 → 냉각 → 데이터센터 → 광통신,"기준 현재가 154,700 · 손절 참고 137,869 · 1차 익절 참고 175,739","최대 호재: HBM 수주, 엔비디아 공급, 장비 발주, 수율 개선 / 최대 악재: 어닝 쇼크, 컨센서스 하회, 수출 통제, 재고 급증","호재 영향 예상: +4.5~+8.2% (167,324원 부근까지 시도) · 이탈 기준 147,126원","호재 뉴스: DB하이텍, 중국향 제품 판가 인상 본격화…목표가 '20만8000원'-상상인 (2026-05-20) · 최대 호재: HBM 수주, 엔비디아 공급, 장비 발주, 수율 개선 / 최대 악재: 어닝 쇼크, 컨센서스 하회, 수출 통제, 재고 급증"
HPSP,403870.KQ,ok,국장,해당 없음,0.0,0.0,0.0,,,0,해당 없음,0.0,0.0,,,,0.0,0.0,,,-8.0,본장 전/초반 1시간 약세 · 초반 -3.13% · 방어 우선,6.0,양호,1분봉 양호 · 장중 -3.84% · 최근 +0.21%,AI 관망,0,지금은 확실한 우위가 부족합니다.,반도체장비,보류,🚫 제외,리스크 과다,0,11.0,6.0,0.0,0.0,3.0,2.0,66.0,False,False,중립장,11.0,48150.0,49000.0,naver_realtime,naver_realtime_calculated,-1.73,-7.76,-0.38,0.54,0.5,False,80604063000.0,40.4,False,8.57,일반 모멘텀,"뉴스 키워드: 약한 호재: 확대, 상승 / 중대 악재: 어닝 쇼크, 1분봉 양호 · 장중 -3.84% · 최근 +0.21%","변동성 과다, 뉴스 호재 강도 약함, 뉴스 리스크: 약한 호재: 확대, 상승 / 중대 악재: 어닝 쇼크, 본장 전/초반 1시간 약세 · 초반 -3.13% · 방어 우선, 매수 확인 부족: 거래량 0.54x / 거래대금 0.50x, 리스크 60 이상으로 신규 관심 제외, 반도체장비 섹터 약세",수급 수집 실패,unavailable,0.0,0.0,"약한 호재: 확대, 상승 / 중대 악재: 어닝 쇼크",google_news,"악재 뉴스: [생생한 주식쇼 생쇼] 고금리 리스크 확대, 대안으로 부상하는 AI 보안주 (2026-05-19)",weak,"[생생한 주식쇼 생쇼] 고금리 리스크 확대, 대안으로 부상하는 AI 보안주 (2026-05-19) | [생생한 주식쇼 생쇼] 시장 불확실성 증대, 반도체 섹터 선별적 강세 (2026-05-18)","naver_daily, naver_realtime, news:google_news, flow:unavailable, intraday_1m",0.0,6.0,반도체장비 섹터 약세,2026-05-19 21:07:50 PDT,0,"관망 · 악재 뉴스: [생생한 주식쇼 생쇼] 고금리 리스크 확대, 대안으로 부상하는 AI 보안주 (2026-05-19) · 놓친 상승 복기: 이전 놓친 상승 패턴 1회",선행 신호 대기,놓침 위험 낮음,섹터 최대 악재: 어닝 쇼크,급변 감지 · 당일 -7.76%,"반도체장비 흐름 · 평균 -2.48% · 거래량 0.8배 · 대표 피에스케이, 주성엔지니어링, 피에스케이홀딩스",방어장 · 평균 -5.68% · 하락비중 91% · 현금 비중 높게,수급 수집 실패,AI/반도체 → 전력 → 냉각 → 데이터센터 → 광통신,"기준 현재가 48,150 · 손절 참고 44,024 · 1차 익절 참고 53,308",섹터 최대 악재: 어닝 쇼크,"악재 영향 예상: -6.0~-10.9% (42,889원 부근까지 경계) · 회복 기준 50,007원 돌파","악재 뉴스: [생생한 주식쇼 생쇼] 고금리 리스크 확대, 대안으로 부상하는 AI 보안주 (2026-05-19) · 섹터 최대 악재: 어닝 쇼크"
원익IPS,240810.KQ,ok,국장,해당 없음,0.0,0.0,0.0,,,0,해당 없음,0.0,0.0,,,,0.0,0.0,,,-8.0,본장 전/초반 1시간 약세 · 초반 -1.41% · 방어 우선,6.0,양호,1분봉 양호 · 장중 -1.50% · 최근 +0.27%,AI 관망,0,지금은 확실한 우위가 부족합니다.,반도체장비,보류,🚫 제외,리스크 과다,0,8.0,6.0,0.0,0.0,0.0,2.0,63.0,False,False,중립장,11.0,112400.0,113000.0,naver_realtime,naver_realtime_calculated,-0.53,-3.19,-1.03,0.59,0.53,False,46416704000.0,44.2,False,8.81,일반 모멘텀,1분봉 양호 · 장중 -1.50% · 최근 +0.27%,"변동성 과다, 뉴스 호재 강도 약함, 뉴스 리스크: 약한 호재: 돌파 / 악재: 감소, 지분율, 주식등의 수, 본장 전/초반 1시간 약세 · 초반 -1.41% · 방어 우선, 매수 확인 부족: 거래량 0.59x / 거래대금 0.53x, 리스크 57 이상으로 신규 관심 제외, 반도체장비 섹터 약세",수급 수집 실패,unavailable,0.0,0.0,"약한 호재: 돌파 / 악재: 감소, 지분율, 주식등의 수",google_news,"악재 뉴스: 맥쿼리 선정, 주시해야 할 한국 반도체 상위 6개 주식 - Investing.com 한국어 (2026-05-19)",weak,"맥쿼리 선정, 주시해야 할 한국 반도체 상위 6개 주식 - Investing.com 한국어 (2026-05-19) | 원익IPS 최대주주 원익홀딩스, 원익IPS 주식등의 수 1만8411주 감소…총 지분율 32.95% (2026-05-15)","naver_daily, naver_realtime, news:google_news, flow:unavailable, intraday_1m",0.0,6.0,반도체장비 섹터 약세,2026-05-19 21:07:50 PDT,0,"관망 · 악재 뉴스: 맥쿼리 선정, 주시해야 할 한국 반도체 상위 6개 주식 - Investing.com 한국어 (2026-05-19) · 놓친 상승 복기: 이전 놓친 상승 패턴 1회",선행 신호 대기,놓침 위험 낮음,시장 방어장 · 신규 매수는 작게,급변 신호 없음,"반도체장비 흐름 · 평균 -2.48% · 거래량 0.8배 · 대표 피에스케이, 주성엔지니어링, 피에스케이홀딩스",방어장 · 평균 -5.68% · 하락비중 91% · 현금 비중 높게,수급 수집 실패,AI/반도체 → 전력 → 냉각 → 데이터센터 → 광통신,"기준 현재가 112,400 · 손절 참고 102,498 · 1차 익절 참고 124,778","최대 호재: HBM 수주, 엔비디아 공급, 장비 발주, 수율 개선 / 최대 악재: 어닝 쇼크, 컨센서스 하회, 수출 통제, 재고 급증","악재 영향 예상: -7.3~-13.2% (97,546원 부근까지 경계) · 회복 기준 116,856원 돌파","악재 뉴스: 맥쿼리 선정, 주시해야 할 한국 반도체 상위 6개 주식 - Investing.com 한국어 (2026-05-19) · 최대 호재: HBM 수주, 엔비디아 공급, 장비 발주, 수율 개선 / 최대 악재: 어닝 쇼크, 컨센서스 하회, 수출 통제, 재고 급증"
파크시스템스,140860.KQ,ok,국장,해당 없음,0.0,0.0,0.0,,,0,해당 없음,0.0,0.0,,,,0.0,0.0,,,-8.0,본장 전/초반 1시간 약세 · 초반 -4.05% · 방어 우선,-8.0,위험,1분봉 약함 · 장중 -5.01% · 최근 -1.40% · 거래 0.3배,AI 관망,0,지금은 확실한 우위가 부족합니다.,반도체장비,보류,🚫 제외,리스크 과다,0,6.0,0.0,0.0,0.0,4.0,2.0,54.0,False,False,중립장,11.0,247000.0,261000.0,naver_realtime,naver_realtime_calculated,-5.36,-9.02,-2.39,0.48,0.41,False,6007287000.0,40.0,False,9.01,일반 모멘텀,뉴스 키워드: 보통 호재: 실적 / 악재: 처분,"변동성 과다, 뉴스 리스크: 보통 호재: 실적 / 악재: 처분, 1분봉 약함 · 장중 -5.01% · 최근 -1.40% · 거래 0.3배, 본장 전/초반 1시간 약세 · 초반 -4.05% · 방어 우선, 매수 확인 부족: 거래량 0.48x / 거래대금 0.41x, 리스크 48 이상으로 신규 관심 제외, 반도체장비 섹터 약세",수급 수집 실패,unavailable,0.0,0.0,보통 호재: 실적 / 악재: 처분,google_news,"악재 뉴스: 파크시스템스, 2026 기업가치제고 계획 공시 (2026-05-18)",medium,"파크시스템스, 2026 기업가치제고 계획 공시 (2026-05-18) | 파크시스템스, -8.49% VI 발동 (2026-05-15)","naver_daily, naver_realtime, news:google_news, flow:unavailable, intraday_1m",0.0,6.0,반도체장비 섹터 약세,2026-05-19 21:07:50 PDT,0,"관망 · 악재 뉴스: 파크시스템스, 2026 기업가치제고 계획 공시 (2026-05-18) · 놓친 상승 복기: 이전 놓친 상승 패턴 1회",선행 신호 대기,놓침 위험 낮음,시장 방어장 · 신규 매수는 작게,급변 감지 · 당일 -9.02%,"반도체장비 흐름 · 평균 -2.48% · 거래량 0.8배 · 대표 피에스케이, 주성엔지니어링, 피에스케이홀딩스",방어장 · 평균 -5.68% · 하락비중 91% · 현금 비중 높게,수급 수집 실패,AI/반도체 → 전력 → 냉각 → 데이터센터 → 광통신,"기준 현재가 247,000 · 손절 참고 224,745 · 1차 익절 참고 274,818","최대 호재: HBM 수주, 엔비디아 공급, 장비 발주, 수율 개선 / 최대 악재: 어닝 쇼크, 컨센서스 하회, 수출 통제, 재고 급증","악재 영향 예상: -6.3~-11.5% (218,625원 부근까지 경계) · 회복 기준 257,015원 돌파","악재 뉴스: 파크시스템스, 2026 기업가치제고 계획 공시 (2026-05-18) · 최대 호재: HBM 수주, 엔비디아 공급, 장비 발주, 수율 개선 / 최대 악재: 어닝 쇼크, 컨센서스 하회, 수출 통제, 재고 급증"
대덕전자,353200.KS,ok,국장,해당 없음,0.0,0.0,0.0,,,0,해당 없음,0.0,0.0,,,,0.0,0.0,,,-8.0,본장 전/초반 1시간 약세 · 초반 -2.56% · 방어 우선,6.0,양호,1분봉 양호 · 장중 -3.68% · 최근 +0.31%,AI 관망,0,지금은 확실한 우위가 부족합니다.,반도체기판,보류,🚫 제외,리스크 과다,0,52.0,46.0,0.0,0.0,4.0,2.0,58.0,False,False,중립장,11.0,129100.0,134300.0,naver_realtime,naver_realtime_calculated,-3.87,-8.05,0.0,0.68,0.75,False,89029554700.0,68.2,True,10.65,일반 모멘텀,"추세 상승, RSI 건강 구간, MACD 상승, 뉴스 키워드: 보통 호재: 투자 / 악재: 거래정지, 경고, 하락, 1분봉 양호 · 장중 -3.68% · 최근 +0.31%","변동성 과다, 뉴스 리스크: 보통 호재: 투자 / 악재: 거래정지, 경고, 하락, 본장 전/초반 1시간 약세 · 초반 -2.56% · 방어 우선, 매수 확인 부족: 거래량 0.68x / 거래대금 0.75x, 리스크 52 이상으로 신규 관심 제외, 반도체기판 섹터 약세",수급 수집 실패,unavailable,0.0,0.0,"보통 호재: 투자 / 악재: 거래정지, 경고, 하락",google_news,"악재 뉴스: 대덕전자, AI 호황 속 고성능기판(FC-BGA) 중심 재편…공정 격차·투자 불확실성은 변수 (2026-05-15)",medium,"대덕전자, AI 호황 속 고성능기판(FC-BGA) 중심 재편…공정 격차·투자 불확실성은 변수 (2026-05-15) | 대덕전자, 투자경고종목 주가 급등→매매거래정지 예고 (2026-05-13)","naver_daily, naver_realtime, news:google_news, flow:unavailable, intraday_1m",0.0,6.0,반도체기판 섹터 약세,2026-05-19 21:07:50 PDT,0,"관망 · 악재 뉴스: 대덕전자, AI 호황 속 고성능기판(FC-BGA) 중심 재편…공정 격차·투자 불확실성은 변수 (2026-05-15",선행 신호 대기,놓침 위험 낮음,시장 방어장 · 신규 매수는 작게,급변 감지 · 당일 -8.05%,"반도체기판 흐름 · 평균 -5.42% · 거래량 0.6배 · 대표 심텍, 대덕전자, 해성디에스",방어장 · 평균 -5.68% · 하락비중 91% · 현금 비중 높게,수급 수집 실패,AI/반도체 → 전력 → 냉각 → 데이터센터 → 광통신,"기준 현재가 129,100 · 손절 참고 115,351 · 1차 익절 참고 146,286","최대 호재: HBM 수주, 엔비디아 공급, 장비 발주, 수율 개선 / 최대 악재: 어닝 쇼크, 컨센서스 하회, 수출 통제, 재고 급증","악재 영향 예상: -7.5~-13.6% (111,570원 부근까지 경계) · 회복 기준 135,287원 돌파","악재 뉴스: 대덕전자, AI 호황 속 고성능기판(FC-BGA) 중심 재편…공정 격차·투자 불확실성은 변수 (2026-05-15) · 최대 호재: HBM 수주, 엔비디아 공급, 장비 발주, 수율 개선 / 최대 악재: 어닝 쇼크, 컨센서스 하회, 수출 통제, 재고 급증"
HL만도,204320.KS,ok,국장,해당 없음,0.0,0.0,0.0,,,0,해당 없음,0.0,0.0,,,,0.0,0.0,,,-8.0,본장 전/초반 1시간 약세 · 초반 -2.99% · 방어 우선,0.0,중립,1분봉 중립 · 장중 -3.55% · 최근 +0.00%,AI 관망,0,지금은 확실한 우위가 부족합니다.,자동차부품,보류,🚫 제외,리스크 과다,0,22.0,20.0,0.0,0.0,0.0,2.0,40.0,False,False,중립장,11.0,52000.0,54100.0,naver_realtime,naver_realtime_calculated,-3.88,-11.11,-0.51,0.87,0.76,False,32218680000.0,44.4,False,7.91,일반 모멘텀,추세 상승,"변동성 과다, 본장 전/초반 1시간 약세 · 초반 -2.99% · 방어 우선, 매수 확인 부족: 거래량 0.87x / 거래대금 0.76x, 리스크 34 이상으로 신규 관심 제외, 자동차부품 섹터 약세",수급 수집 실패,unavailable,0.0,0.0,뉴스 중립,google_news,"관련 뉴스: 조성현 HL만도 부회장, 발명의 날 '은탑산업훈장' 수훈 (2026-05-20)",none,"조성현 HL만도 부회장, 발명의 날 '은탑산업훈장' 수훈 (2026-05-20) | ""주식 비율 늘었는데 세금은 모르쇠"" 경기도, 과점주주 취득세 탈루 세원 123억 원 확보 (2026-05-20)","naver_daily, naver_realtime, news:google_news, flow:unavailable, intraday_1m",0.0,6.0,자동차부품 섹터 약세,2026-05-19 21:07:50 PDT,0,"관망 · 관련 뉴스: 조성현 HL만도 부회장, 발명의 날 '은탑산업훈장' 수훈 (2026-05-20)",선행 신호 대기,놓침 위험 낮음,시장 방어장 · 신규 매수는 작게,급변 감지 · 당일 -11.11%,"자동차부품 흐름 · 평균 -9.34% · 거래량 1.0배 · 대표 현대모비스, 한국타이어앤테크놀로지, 에스엘",방어장 · 평균 -5.68% · 하락비중 91% · 현금 비중 높게,수급 수집 실패,대표 테마 연결 대기,"기준 현재가 52,000 · 손절 참고 47,887 · 1차 익절 참고 57,142","최대 호재: 판매 증가, 환율 수혜, 신차 효과, 전기차 보조금 / 최대 악재: 리콜, 파업, 관세, 판매 부진",뉴스 영향 예상: 방향성 약함 · 가격/거래량 확인 우선,"관련 뉴스: 조성현 HL만도 부회장, 발명의 날 '은탑산업훈장' 수훈 (2026-05-20) · 최대 호재: 판매 증가, 환율 수혜, 신차 효과, 전기차 보조금 / 최대 악재: 리콜, 파업, 관세, 판매 부진"
한국타이어앤테크놀로지,161390.KS,ok,국장,해당 없음,0.0,0.0,0.0,,,0,해당 없음,0.0,0.0,,,,0.0,0.0,,,-8.0,본장 전/초반 1시간 약세 · 초반 -3.08% · 방어 우선,6.0,양호,1분봉 양호 · 장중 -4.38% · 최근 +0.86%,AI 관망,0,지금은 확실한 우위가 부족합니다.,자동차부품,보류,🚫 제외,리스크 과다,0,29.0,12.0,0.0,0.0,15.0,2.0,40.0,False,False,중립장,11.0,58800.0,60400.0,naver_realtime,naver_realtime_calculated,-2.65,-4.85,0.32,0.97,0.93,True,24930376800.0,46.1,False,6.12,일반 모멘텀,"건전한 갭 상승, 뉴스 키워드: 강한 호재: 공급 / 보통 호재: 실적, 투자, 1분봉 양호 · 장중 -4.38% · 최근 +0.86%","변동성 과다, 본장 전/초반 1시간 약세 · 초반 -3.08% · 방어 우선, 리스크 34 이상으로 신규 관심 제외, 자동차부품 섹터 약세",수급 수집 실패,unavailable,0.0,0.0,"강한 호재: 공급 / 보통 호재: 실적, 투자",google_news,"호재 뉴스: 한국타이어, 아우디 SUV Q7·Q9에 신차용 타이어 공급 (2026-05-20)",strong,"한국타이어, 아우디 SUV Q7·Q9에 신차용 타이어 공급 (2026-05-20) | 한화투자증권 ""한국타이어, 열관리 실적 개선으로 업황 방어"" (2026-05-20)","naver_daily, naver_realtime, news:google_news, flow:unavailable, intraday_1m",0.0,6.0,자동차부품 섹터 약세,2026-05-19 21:07:50 PDT,11,"관망 · 호재 뉴스: 한국타이어, 아우디 SUV Q7·Q9에 신차용 타이어 공급 (2026-05-20)",선행 신호 대기,놓침 위험 낮음,시장 방어장 · 신규 매수는 작게,급변 신호 없음,"자동차부품 흐름 · 평균 -9.34% · 거래량 1.0배 · 대표 현대모비스, 한국타이어앤테크놀로지, 에스엘",방어장 · 평균 -5.68% · 하락비중 91% · 현금 비중 높게,수급 수집 실패,대표 테마 연결 대기,"기준 현재가 58,800 · 손절 참고 55,201 · 1차 익절 참고 63,298","최대 호재: 판매 증가, 환율 수혜, 신차 효과, 전기차 보조금 / 최대 악재: 리콜, 파업, 관세, 판매 부진","호재 영향 예상: +2.5~+4.6% (61,499원 부근까지 시도) · 이탈 기준 57,181원","호재 뉴스: 한국타이어, 아우디 SUV Q7·Q9에 신차용 타이어 공급 (2026-05-20) · 최대 호재: 판매 증가, 환율 수혜, 신차 효과, 전기차 보조금 / 최대 악재: 리콜, 파업, 관세, 판매 부진"
현대위아,011210.KS,ok,국장,해당 없음,0.0,0.0,0.0,,,0,해당 없음,0.0,0.0,,,,0.0,0.0,,,-8.0,본장 전/초반 1시간 약세 · 초반 -2.40% · 방어 우선,6.0,양호,1분봉 양호 · 장중 -3.66% · 최근 +0.13%,AI 관망,0,지금은 확실한 우위가 부족합니다.,자동차부품,보류,🚫 제외,리스크 과다,0,32.0,26.0,0.0,0.0,4.0,2.0,40.0,False,False,중립장,11.0,76900.0,80200.0,naver_realtime,naver_realtime_calculated,-4.11,-13.6,-2.7,0.74,0.64,False,24630454800.0,44.5,False,9.24,일반 모멘텀,"추세 상승, 뉴스 키워드: 보통 호재: 실적, 1분봉 양호 · 장중 -3.66% · 최근 +0.13%","변동성 과다, 본장 전/초반 1시간 약세 · 초반 -2.40% · 방어 우선, 매수 확인 부족: 거래량 0.74x / 거래대금 0.64x, 리스크 34 이상으로 신규 관심 제외, 자동차부품 섹터 약세",수급 수집 실패,unavailable,0.0,0.0,보통 호재: 실적,google_news,"호재 뉴스: 현대차그룹 방산 재편 추진, 현대위아 내부 구성원 반발 해소가 안착 관건 (2026-05-18)",medium,"현대차그룹 방산 재편 추진, 현대위아 내부 구성원 반발 해소가 안착 관건 (2026-05-18) | 현대위아·현대로템 ESG경영 ‘A+’…중소기업은 현실적 어려움 호소 - v.daum.net (2026-05-17)","naver_daily, naver_realtime, news:google_news, flow:unavailable, intraday_1m",0.0,6.0,자동차부품 섹터 약세,2026-05-19 21:07:50 PDT,9,"관망 · 호재 뉴스: 현대차그룹 방산 재편 추진, 현대위아 내부 구성원 반발 해소가 안착 관건 (2026-05-18)",선행 신호 대기,놓침 위험 낮음,시장 방어장 · 신규 매수는 작게,급변 감지 · 당일 -13.60%,"자동차부품 흐름 · 평균 -9.34% · 거래량 1.0배 · 대표 현대모비스, 한국타이어앤테크놀로지, 에스엘",방어장 · 평균 -5.68% · 하락비중 91% · 현금 비중 높게,수급 수집 실패,대표 테마 연결 대기,"기준 현재가 76,900 · 손절 참고 69,794 · 1차 익절 참고 85,782","최대 호재: 판매 증가, 환율 수혜, 신차 효과, 전기차 보조금 / 최대 악재: 리콜, 파업, 관세, 판매 부진","호재 영향 예상: +3.8~+6.9% (82,229원 부근까지 시도) · 이탈 기준 73,702원","호재 뉴스: 현대차그룹 방산 재편 추진, 현대위아 내부 구성원 반발 해소가 안착 관건 (2026-05-18) · 최대 호재: 판매 증가, 환율 수혜, 신차 효과, 전기차 보조금 / 최대 악재: 리콜, 파업, 관세, 판매 부진"
에스엘,005850.KS,ok,국장,해당 없음,0.0,0.0,0.0,,,0,해당 없음,0.0,0.0,,,,0.0,0.0,,,-8.0,본장 전/초반 1시간 약세 · 초반 -3.57% · 방어 우선,0.0,중립,1분봉 중립 · 장중 -7.29% · 최근 +0.00%,AI 관망,0,지금은 확실한 우위가 부족합니다.,자동차부품,보류,🚫 제외,리스크 과다,0,34.0,20.0,12.0,0.0,0.0,2.0,50.0,False,False,중립장,11.0,58000.0,62500.0,naver_realtime,naver_realtime_calculated,-7.2,-10.49,0.0,1.3,1.14,True,21819890000.0,47.7,False,8.91,일반 모멘텀,"추세 상승, 거래량 증가(1.3x)","변동성 과다, 뉴스 호재 강도 약함, 뉴스 리스크: 약한 호재: 증가 / 악재: 지분율, 주식등의 수, 본장 전/초반 1시간 약세 · 초반 -3.57% · 방어 우선, 리스크 44 이상으로 신규 관심 제외, 자동차부품 섹터 약세",수급 수집 실패,unavailable,0.0,0.0,"약한 호재: 증가 / 악재: 지분율, 주식등의 수",google_news,"악재 뉴스: 조정을 기회로 로봇 - 로보티즈, 에스엘, 한국피아이엠 (2026-05-17)",weak,"조정을 기회로 로봇 - 로보티즈, 에스엘, 한국피아이엠 (2026-05-17) | 댓글 : 종목리뷰 (2026-05-16)","naver_daily, naver_realtime, news:google_news, flow:unavailable, intraday_1m",0.0,6.0,자동차부품 섹터 약세,2026-05-19 21:07:50 PDT,0,"관망 · 거래량 1.3배 · 악재 뉴스: 조정을 기회로 로봇 - 로보티즈, 에스엘, 한국피아이엠 (2026-05-17)",선행 신호 대기,놓침 위험 낮음,시장 방어장 · 신규 매수는 작게,급변 감지 · 당일 -10.49%,"자동차부품 흐름 · 평균 -9.34% · 거래량 1.0배 · 대표 현대모비스, 한국타이어앤테크놀로지, 에스엘",방어장 · 평균 -5.68% · 하락비중 91% · 현금 비중 높게,수급 수집 실패,로봇 → 감속기 → 자동화 장비 → 센서,"기준 현재가 58,000 · 손절 참고 52,832 · 1차 익절 참고 64,460","최대 호재: 판매 증가, 환율 수혜, 신차 효과, 전기차 보조금 / 최대 악재: 리콜, 파업, 관세, 판매 부진","악재 영향 예상: -6.4~-11.7% (51,234원 부근까지 경계) · 회복 기준 60,326원 돌파","악재 뉴스: 조정을 기회로 로봇 - 로보티즈, 에스엘, 한국피아이엠 (2026-05-17) · 최대 호재: 판매 증가, 환율 수혜, 신차 효과, 전기차 보조금 / 최대 악재: 리콜, 파업, 관세, 판매 부진"
HD현대,267250.KS,ok,국장,해당 없음,0.0,0.0,0.0,,,0,해당 없음,0.0,0.0,,,,0.0,0.0,,,-8.0,본장 전/초반 1시간 약세 · 초반 -2.65% · 방어 우선,6.0,양호,1분봉 양호 · 장중 -3.41% · 최근 +0.20%,AI 관망,0,지금은 확실한 우위가 부족합니다.,조선/지주,보류,🚫 제외,리스크 과다,0,8.0,6.0,0.0,0.0,0.0,2.0,44.0,False,False,중립장,11.0,254500.0,265000.0,naver_realtime,naver_realtime_calculated,-3.96,-5.39,-0.37,1.04,0.93,True,59426768000.0,41.9,False,8.83,일반 모멘텀,1분봉 양호 · 장중 -3.41% · 최근 +0.20%,"변동성 과다, 뉴스 리스크: 악재: 순매도, 본장 전/초반 1시간 약세 · 초반 -2.65% · 방어 우선, 리스크 44 이상으로 신규 관심 제외",수급 수집 실패,unavailable,0.0,0.0,악재: 순매도,google_news,"악재 뉴스: 외국인, 올해 순매도 행진 속에서도 지주사 주식은 '쇼핑' - v.daum.net (2026-05-19)",none,"외국인, 올해 순매도 행진 속에서도 지주사 주식은 '쇼핑' - v.daum.net (2026-05-19) | 밀리면 산다…하이닉스 ‘줍줍’나서 [주식 초고수는 지금] (2026-05-19)","naver_daily, naver_realtime, news:google_news, flow:unavailable, intraday_1m",,,섹터 확인 부족,2026-05-19 21:07:50 PDT,0,"관망 · 호재 · [특징주] HD현대중공업, 데이터센터향 엔진 신규 수주 등 기대 재부각에 강세 - 이투데이 · 2026-05-20T0",선행 신호 대기,놓침 위험 낮음,시장 방어장 · 신규 매수는 작게,급변 신호 없음,조선/지주 흐름 · 평균 -5.39% · 거래량 1.0배 · 대표 HD현대,방어장 · 평균 -5.68% · 하락비중 91% · 현금 비중 높게,수급 수집 실패,대표 테마 연결 대기,"기준 현재가 254,500 · 손절 참고 232,028 · 1차 익절 참고 282,590","최대 호재: LNG선 수주, 선가 상승, 흑자 전환, 해양플랜트 수주 / 최대 악재: 인도 지연, 원가 상승, 노사 갈등, 수주 취소","악재 영향 예상: -6.0~-10.8% (226,890원 부근까지 경계) · 회복 기준 264,613원 돌파","호재 · [특징주] HD현대중공업, 데이터센터향 엔진 신규 수주 등 기대 재부각에 강세 - 이투데이 · 2026-05-20T09:49:00+09:00 · 최대 호재: LNG선 수주, 선가 상승, 흑자 전환, 해양플랜트 수주 / 최대 악재: 인도 지연, 원가 상승, 노사 갈등, 수주 취소"
한화엔진,082740.KS,ok,국장,해당 없음,0.0,0.0,0.0,,,0,해당 없음,0.0,0.0,,,,0.0,0.0,,,-8.0,본장 전/초반 1시간 약세 · 초반 -6.40% · 방어 우선,6.0,양호,1분봉 양호 · 장중 -4.65% · 최근 +0.46%,AI 관망,0,지금은 확실한 우위가 부족합니다.,조선기자재,보류,🚫 제외,리스크 과다,0,14.0,12.0,0.0,0.0,0.0,2.0,50.0,False,False,중립장,11.0,65900.0,66300.0,naver_realtime,naver_realtime_calculated,-0.6,-3.65,2.49,0.51,0.44,False,58219486800.0,24.4,False,9.85,일반 모멘텀,"건전한 갭 상승, 1분봉 양호 · 장중 -4.65% · 최근 +0.46%","변동성 과다, 뉴스 리스크: 악재: 감소, 지분율, 본장 전/초반 1시간 약세 · 초반 -6.40% · 방어 우선, 매수 확인 부족: 거래량 0.51x / 거래대금 0.44x, 리스크 44 이상으로 신규 관심 제외, 조선기자재 섹터 약세",수급 수집 실패,unavailable,0.0,0.0,"악재: 감소, 지분율",google_news,"악재 뉴스: 한화에어로·KAI, 방산업계 재편론 수면 위로…“독점 우려” vs “글로벌 생존 전략” 충돌 (2026-05-19)",none,"한화에어로·KAI, 방산업계 재편론 수면 위로…“독점 우려” vs “글로벌 생존 전략” 충돌 (2026-05-19) | 액면병합 마친 이노테나, 20일부터 거래 재개…장 개시 전 시간외매매는 불가 (2026-05-19)","naver_daily, naver_realtime, news:google_news, flow:unavailable, intraday_1m",0.0,6.0,조선기자재 섹터 약세,2026-05-19 21:07:50 PDT,0,"관망 · 악재 뉴스: 한화에어로·KAI, 방산업계 재편론 수면 위로…“독점 우려” vs “글로벌 생존 전략” 충돌 (2026-05-19",선행 신호 대기,놓침 위험 낮음,시장 방어장 · 신규 매수는 작게,급변 신호 없음,"조선기자재 흐름 · 평균 -4.26% · 거래량 0.6배 · 대표 동성화인텍, 태광, 한화엔진",방어장 · 평균 -5.68% · 하락비중 91% · 현금 비중 높게,수급 수집 실패,대표 테마 연결 대기,"기준 현재가 65,900 · 손절 참고 59,409 · 1차 익절 참고 74,014","최대 호재: LNG선 수주, 선가 상승, 흑자 전환, 해양플랜트 수주 / 최대 악재: 인도 지연, 원가 상승, 노사 갈등, 수주 취소","악재 영향 예상: -8.1~-14.8% (56,163원 부근까지 경계) · 회복 기준 68,821원 돌파","악재 뉴스: 한화에어로·KAI, 방산업계 재편론 수면 위로…“독점 우려” vs “글로벌 생존 전략” 충돌 (2026-05-19) · 최대 호재: LNG선 수주, 선가 상승, 흑자 전환, 해양플랜트 수주 / 최대 악재: 인도 지연, 원가 상승, 노사 갈등, 수주 취소"
두산밥캣,241560.KS,ok,국장,해당 없음,0.0,0.0,0.0,,,0,해당 없음,0.0,0.0,,,,0.0,0.0,,,-8.0,본장 전/초반 1시간 약세 · 초반 -4.44% · 방어 우선,0.0,중립,1분봉 중립 · 장중 -5.63% · 최근 -0.16%,AI 관망,0,지금은 확실한 우위가 부족합니다.,건설기계,보류,🚫 제외,리스크 과다,0,2.0,0.0,0.0,0.0,0.0,2.0,31.0,False,False,중립장,11.0,63800.0,67200.0,naver_realtime,naver_realtime_calculated,-5.06,-5.76,-0.15,0.96,0.84,True,20436416000.0,30.5,False,5.88,일반 모멘텀,-,"뉴스 리스크: 악재: 매각, 본장 전/초반 1시간 약세 · 초반 -4.44% · 방어 우선, 리스크 25 이상으로 신규 관심 제외, 건설기계 섹터 약세",수급 수집 실패,unavailable,0.0,0.0,악재: 매각,google_news,"악재 뉴스: SK실트론 인수 ‘순항’… 두산, 핵심 반도체 기업으로 변신 (2026-05-19)",none,"SK실트론 인수 ‘순항’… 두산, 핵심 반도체 기업으로 변신 (2026-05-19) | 두산밥캣, 비핵심자산 英 자회사 ‘러시리프트 GSE’ 매각 (2026-05-19)","naver_daily, naver_realtime, news:google_news, flow:unavailable, intraday_1m",0.0,6.0,건설기계 섹터 약세,2026-05-19 21:07:50 PDT,0,"관망 · 악재 뉴스: SK실트론 인수 ‘순항’… 두산, 핵심 반도체 기업으로 변신 (2026-05-19)",선행 신호 대기,놓침 위험 낮음,시장 방어장 · 신규 매수는 작게,급변 신호 없음,"건설기계 흐름 · 평균 -6.31% · 거래량 0.8배 · 대표 두산밥캣, HD현대건설기계",방어장 · 평균 -5.68% · 하락비중 91% · 현금 비중 높게,수급 수집 실패,AI/반도체 → 전력 → 냉각 → 데이터센터 → 광통신,"기준 현재가 63,800 · 손절 참고 60,049 · 1차 익절 참고 68,489","최대 호재: 대형 수주, 해외 수주, 정비사업 수주, 분양 완판 / 최대 악재: 철근 누락, 부실시공, 붕괴, 하자","악재 영향 예상: -3.6~-6.5% (59,623원 부근까지 경계) · 회복 기준 65,488원 돌파","악재 뉴스: SK실트론 인수 ‘순항’… 두산, 핵심 반도체 기업으로 변신 (2026-05-19) · 최대 호재: 대형 수주, 해외 수주, 정비사업 수주, 분양 완판 / 최대 악재: 철근 누락, 부실시공, 붕괴, 하자"
HMM,011200.KS,ok,국장,해당 없음,0.0,0.0,0.0,,,0,해당 없음,0.0,0.0,,,,0.0,0.0,,,-8.0,본장 전/초반 1시간 약세 · 초반 -1.26% · 방어 우선,6.0,양호,1분봉 양호 · 장중 -1.31% · 최근 +0.36%,AI 관망,0,지금은 확실한 우위가 부족합니다.,해운,보류,🚫 제외,리스크 과다,0,25.0,12.0,0.0,0.0,11.0,2.0,25.0,False,False,중립장,11.0,19590.0,19820.0,naver_realtime,naver_realtime_calculated,-1.16,-1.85,0.45,0.96,0.92,True,25074338040.0,35.8,False,3.49,일반 모멘텀,"건전한 갭 상승, 뉴스 키워드: 강한 호재: 공급 / 보통 호재: 투자, 1분봉 양호 · 장중 -1.31% · 최근 +0.36%","본장 전/초반 1시간 약세 · 초반 -1.26% · 방어 우선, 해운 섹터 약세",수급 수집 실패,unavailable,0.0,0.0,강한 호재: 공급 / 보통 호재: 투자,google_news,호재 뉴스: '부산 리스크' 턴 HMM…민영화 최종 분수령은 1.6조 영구채 소각 (2026-05-18),strong,"'부산 리스크' 턴 HMM…민영화 최종 분수령은 1.6조 영구채 소각 (2026-05-18) | 한국투자 ""HMM 주식 중립 유지, 공급과잉과 불필요한 정부 개입 가능성 남아"" (2026-05-14)","naver_daily, naver_realtime, news:google_news, flow:unavailable, intraday_1m",0.0,6.0,해운 섹터 약세,2026-05-19 21:07:50 PDT,14,관망 · 호재 뉴스: '부산 리스크' 턴 HMM…민영화 최종 분수령은 1.6조 영구채 소각 (2026-05-18),선행 신호 대기,놓침 위험 낮음,시장 방어장 · 신규 매수는 작게,급변 신호 없음,"해운 흐름 · 평균 -3.69% · 거래량 0.8배 · 대표 팬오션, HMM, KSS해운",방어장 · 평균 -5.68% · 하락비중 91% · 현금 비중 높게,수급 수집 실패,대표 테마 연결 대기,"기준 현재가 19,590 · 손절 참고 18,906 · 1차 익절 참고 20,445","최대 호재: 운임 상승, 물동량 증가, 홍해 리스크, 컨테이너 강세 / 최대 악재: 운임 하락, 물동량 감소, 선복 과잉, 제재","호재 영향 예상: +2.0~+3.2% (20,217원 부근까지 시도) · 이탈 기준 19,198원","호재 뉴스: '부산 리스크' 턴 HMM…민영화 최종 분수령은 1.6조 영구채 소각 (2026-05-18) · 최대 호재: 운임 상승, 물동량 증가, 홍해 리스크, 컨테이너 강세 / 최대 악재: 운임 하락, 물동량 감소, 선복 과잉, 제재"
현대글로비스,086280.KS,ok,국장,해당 없음,0.0,0.0,0.0,,,0,해당 없음,0.0,0.0,,,,0.0,0.0,,,-8.0,본장 전/초반 1시간 약세 · 초반 -1.41% · 방어 우선,6.0,양호,1분봉 양호 · 장중 -1.87% · 최근 +0.48%,AI 관망,0,지금은 확실한 우위가 부족합니다.,물류,보류,🚫 제외,리스크 과다,0,28.0,26.0,0.0,0.0,0.0,2.0,40.0,False,False,중립장,11.0,209500.0,214000.0,naver_realtime,naver_realtime_calculated,-2.1,-8.91,-0.65,1.12,0.95,True,119546566000.0,45.2,False,9.68,일반 모멘텀,"추세 상승, 1분봉 양호 · 장중 -1.87% · 최근 +0.48%","변동성 과다, 본장 전/초반 1시간 약세 · 초반 -1.41% · 방어 우선, 리스크 34 이상으로 신규 관심 제외, 물류 섹터 약세",수급 수집 실패,unavailable,0.0,0.0,뉴스 중립,google_news,"관련 뉴스: ""주가 100만원도 가능""…현대차 재평가 가속 [마켓딥다이브] (2026-05-19)",none,"""주가 100만원도 가능""…현대차 재평가 가속 [마켓딥다이브] (2026-05-19) | 지금 현대글로비스에 기회가 있을까요? (KRX:086280)에 기회가 있을까요? - simplywall.st (2026-05-18)","naver_daily, naver_realtime, news:google_news, flow:unavailable, intraday_1m",0.0,6.0,물류 섹터 약세,2026-05-19 21:07:50 PDT,0,"관망 · 관련 뉴스: ""주가 100만원도 가능""…현대차 재평가 가속 [마켓딥다이브] (2026-05-19)",선행 신호 대기,놓침 위험 낮음,시장 방어장 · 신규 매수는 작게,급변 감지 · 당일 -8.91%,"물류 흐름 · 평균 -6.30% · 거래량 0.9배 · 대표 CJ대한통운, 현대글로비스",방어장 · 평균 -5.68% · 하락비중 91% · 현금 비중 높게,수급 수집 실패,대표 테마 연결 대기,"기준 현재가 209,500 · 손절 참고 189,220 · 1차 익절 참고 234,850","최대 호재: 수주, 계약, 실적 개선, 정책 수혜 / 최대 악재: 실적 부진, 규제, 원가 상승, 수요 둔화",뉴스 영향 예상: 방향성 약함 · 가격/거래량 확인 우선,"관련 뉴스: ""주가 100만원도 가능""…현대차 재평가 가속 [마켓딥다이브] (2026-05-19) · 최대 호재: 수주, 계약, 실적 개선, 정책 수혜 / 최대 악재: 실적 부진, 규제, 원가 상승, 수요 둔화"
CJ제일제당,097950.KS,ok,국장,해당 없음,0.0,0.0,0.0,,,0,해당 없음,0.0,0.0,,,,0.0,0.0,,,-8.0,본장 전/초반 1시간 약세 · 초반 -2.52% · 방어 우선,6.0,양호,1분봉 양호 · 장중 -2.06% · 최근 +0.47%,AI 관망,0,지금은 확실한 우위가 부족합니다.,음식료,보류,🚫 제외,리스크 과다,0,14.0,12.0,0.0,0.0,0.0,2.0,35.0,False,False,중립장,11.0,213500.0,216000.0,naver_realtime,naver_realtime_calculated,-1.16,-3.61,0.45,0.87,0.81,True,13127474500.0,40.2,False,5.42,일반 모멘텀,"건전한 갭 상승, 1분봉 양호 · 장중 -2.06% · 최근 +0.47%","뉴스 호재 강도 약함, 뉴스 리스크: 약한 호재: 확대 / 악재: 부진, 본장 전/초반 1시간 약세 · 초반 -2.52% · 방어 우선, 리스크 29 이상으로 신규 관심 제외, 음식료 섹터 약세",수급 수집 실패,unavailable,0.0,0.0,약한 호재: 확대 / 악재: 부진,google_news,"악재 뉴스: CJ, 제일제당 '고부가가치 바이오 제품' 확대...올리브영 '미국 진출 모멘텀'으로 기업가치 'UP' (2026-05-19)",weak,"CJ, 제일제당 '고부가가치 바이오 제품' 확대...올리브영 '미국 진출 모멘텀'으로 기업가치 'UP' (2026-05-19) | ‘바이오 부진’ 재확인했지만 증권가 모두 ""지금이 저점"" (2026-05-13)","naver_daily, naver_realtime, news:google_news, flow:unavailable, intraday_1m",0.0,6.0,음식료 섹터 약세,2026-05-19 21:07:50 PDT,0,"관망 · 악재 뉴스: CJ, 제일제당 '고부가가치 바이오 제품' 확대...올리브영 '미국 진출 모멘텀'으로 기업가치 'UP' (2026",선행 신호 대기,놓침 위험 낮음,시장 방어장 · 신규 매수는 작게,급변 신호 없음,"음식료 흐름 · 평균 -2.05% · 거래량 1.1배 · 대표 농심, 삼양식품, 롯데웰푸드",방어장 · 평균 -5.68% · 하락비중 91% · 현금 비중 높게,수급 수집 실패,의료/제약 → 임상/승인 → 장비/소모품,"기준 현재가 213,500 · 손절 참고 201,928 · 1차 익절 참고 227,965","최대 호재: 가격 인상, 수출 증가, K푸드, 마진 개선 / 최대 악재: 원가 상승, 리콜, 식품 사고, 소비 둔화","악재 영향 예상: -4.0~-7.3% (197,878원 부근까지 경계) · 회복 기준 218,707원 돌파","악재 뉴스: CJ, 제일제당 '고부가가치 바이오 제품' 확대...올리브영 '미국 진출 모멘텀'으로 기업가치 'UP' (2026-05-19) · 최대 호재: 가격 인상, 수출 증가, K푸드, 마진 개선 / 최대 악재: 원가 상승, 리콜, 식품 사고, 소비 둔화"
오리온,271560.KS,ok,국장,해당 없음,0.0,0.0,0.0,,,0,해당 없음,0.0,0.0,,,,0.0,0.0,,,-8.0,본장 전/초반 1시간 약세 · 초반 -3.39% · 방어 우선,6.0,양호,1분봉 양호 · 장중 -3.24% · 최근 +0.37%,AI 관망,4,지금은 확실한 우위가 부족합니다.,음식료,보류,🚫 제외,리스크 과다,0,14.0,12.0,0.0,0.0,0.0,2.0,25.0,False,False,중립장,11.0,134500.0,137600.0,naver_realtime,naver_realtime_calculated,-2.25,-1.25,0.59,1.21,1.15,True,16803085000.0,43.9,False,3.99,일반 모멘텀,"건전한 갭 상승, 1분봉 양호 · 장중 -3.24% · 최근 +0.37%","본장 전/초반 1시간 약세 · 초반 -3.39% · 방어 우선, 음식료 섹터 약세",수급 수집 실패,unavailable,0.0,0.0,뉴스 중립,google_news,"관련 뉴스: 오리온, 다음달 강남으로 이사간다…글로벌 공략 속도 - biz.sbs.co.kr. (2026-05-19)",none,"오리온, 다음달 강남으로 이사간다…글로벌 공략 속도 - biz.sbs.co.kr. (2026-05-19) | [공시모음] 오리온, 오리온홀딩스 강남 오피스 임차 外 (2026-05-19)","naver_daily, naver_realtime, news:google_news, flow:unavailable, intraday_1m",0.0,6.0,음식료 섹터 약세,2026-05-19 21:07:50 PDT,7,"관망 · 거래량 1.2배 · 관련 뉴스: 오리온, 다음달 강남으로 이사간다…글로벌 공략 속도 - biz.sbs.co.kr. (2026-05-19)",선행 신호 대기,놓침 위험 낮음,시장 방어장 · 신규 매수는 작게,급변 신호 없음,"음식료 흐름 · 평균 -2.05% · 거래량 1.1배 · 대표 농심, 삼양식품, 롯데웰푸드",방어장 · 평균 -5.68% · 하락비중 91% · 현금 비중 높게,수급 수집 실패,대표 테마 연결 대기,"기준 현재가 134,500 · 손절 참고 129,133 · 1차 익절 참고 141,208","최대 호재: 가격 인상, 수출 증가, K푸드, 마진 개선 / 최대 악재: 원가 상승, 리콜, 식품 사고, 소비 둔화",뉴스 영향 예상: 방향성 약함 · 가격/거래량 확인 우선,"관련 뉴스: 오리온, 다음달 강남으로 이사간다…글로벌 공략 속도 - biz.sbs.co.kr. (2026-05-19) · 최대 호재: 가격 인상, 수출 증가, K푸드, 마진 개선 / 최대 악재: 원가 상승, 리콜, 식품 사고, 소비 둔화"
코스맥스,192820.KS,ok,국장,해당 없음,0.0,0.0,0.0,,,0,해당 없음,0.0,0.0,,,,0.0,0.0,,,-8.0,본장 전/초반 1시간 약세 · 초반 -2.82% · 방어 우선,0.0,중립,1분봉 중립 · 장중 -2.88% · 최근 -0.12%,AI 관망,0,지금은 확실한 우위가 부족합니다.,화장품,보류,🚫 제외,리스크 과다,0,8.0,6.0,0.0,0.0,0.0,2.0,40.0,False,False,중립장,11.0,171700.0,177000.0,naver_realtime,naver_realtime_calculated,-2.99,-4.82,0.83,0.7,0.58,False,11589921700.0,22.2,False,7.16,일반 모멘텀,건전한 갭 상승,"변동성 과다, 본장 전/초반 1시간 약세 · 초반 -2.82% · 방어 우선, 매수 확인 부족: 거래량 0.70x / 거래대금 0.58x, 리스크 34 이상으로 신규 관심 제외, 화장품 섹터 약세",수급 수집 실패,unavailable,0.0,0.0,뉴스 중립,google_news,"관련 뉴스: [생생한 주식쇼 생쇼] 대형주 랠리 종료, 방어적 턴어라운드 종목 주목 (2026-05-19)",none,"[생생한 주식쇼 생쇼] 대형주 랠리 종료, 방어적 턴어라운드 종목 주목 (2026-05-19) | 코스맥스, 한화솔루션과 손잡고 태양광 직접 PPA 체결… K뷰티에 '녹색 엔진' 단다 (2026-05-19)","naver_daily, naver_realtime, news:google_news, flow:unavailable, intraday_1m",0.0,6.0,화장품 섹터 약세,2026-05-19 21:07:50 PDT,0,"관망 · 관련 뉴스: [생생한 주식쇼 생쇼] 대형주 랠리 종료, 방어적 턴어라운드 종목 주목 (2026-05-19)",선행 신호 대기,놓침 위험 낮음,시장 방어장 · 신규 매수는 작게,급변 신호 없음,"화장품 흐름 · 평균 -4.80% · 거래량 0.7배 · 대표 한국콜마, 아모레퍼시픽, 코스맥스",방어장 · 평균 -5.68% · 하락비중 91% · 현금 비중 높게,수급 수집 실패,대표 테마 연결 대기,"기준 현재가 171,700 · 손절 참고 159,406 · 1차 익절 참고 187,067","최대 호재: 수주, 계약, 실적 개선, 정책 수혜 / 최대 악재: 실적 부진, 규제, 원가 상승, 수요 둔화",뉴스 영향 예상: 방향성 약함 · 가격/거래량 확인 우선,"관련 뉴스: [생생한 주식쇼 생쇼] 대형주 랠리 종료, 방어적 턴어라운드 종목 주목 (2026-05-19) · 최대 호재: 수주, 계약, 실적 개선, 정책 수혜 / 최대 악재: 실적 부진, 규제, 원가 상승, 수요 둔화"
아모레퍼시픽,090430.KS,ok,국장,해당 없음,0.0,0.0,0.0,,,0,해당 없음,0.0,0.0,,,,0.0,0.0,,,-8.0,본장 전/초반 1시간 약세 · 초반 -2.64% · 방어 우선,6.0,양호,1분봉 양호 · 장중 -4.05% · 최근 +0.35%,AI 관망,0,지금은 확실한 우위가 부족합니다.,화장품,보류,🚫 제외,리스크 과다,0,21.0,12.0,0.0,0.0,7.0,2.0,25.0,False,False,중립장,11.0,116300.0,119900.0,naver_realtime,naver_realtime_calculated,-3.0,-3.41,0.08,0.59,0.51,False,23533886500.0,19.3,False,5.88,일반 모멘텀,"건전한 갭 상승, 뉴스 키워드: 보통 호재: 투자 / 약한 호재: 돌파, 1분봉 양호 · 장중 -4.05% · 최근 +0.35%","본장 전/초반 1시간 약세 · 초반 -2.64% · 방어 우선, 매수 확인 부족: 거래량 0.59x / 거래대금 0.51x, 화장품 섹터 약세",수급 수집 실패,unavailable,0.0,0.0,보통 호재: 투자 / 약한 호재: 돌파,google_news,"호재 뉴스: 아모레퍼시픽, 해외 사업 체질 바꿨다...중국 대신 일본·미국 비중 'Up' (2026-05-18)",medium,"아모레퍼시픽, 해외 사업 체질 바꿨다...중국 대신 일본·미국 비중 'Up' (2026-05-18) | 제일모직이 ‘진짜 황제주’인 이유 (2026-05-16)","naver_daily, naver_realtime, news:google_news, flow:unavailable, intraday_1m",0.0,6.0,화장품 섹터 약세,2026-05-19 21:07:50 PDT,12,"관망 · 호재 뉴스: 아모레퍼시픽, 해외 사업 체질 바꿨다...중국 대신 일본·미국 비중 'Up' (2026-05-18)",선행 신호 대기,놓침 위험 낮음,시장 방어장 · 신규 매수는 작게,급변 신호 없음,"화장품 흐름 · 평균 -4.80% · 거래량 0.7배 · 대표 한국콜마, 아모레퍼시픽, 코스맥스",방어장 · 평균 -5.68% · 하락비중 91% · 현금 비중 높게,수급 수집 실패,대표 테마 연결 대기,"기준 현재가 116,300 · 손절 참고 109,462 · 1차 익절 참고 124,848","최대 호재: 수주, 계약, 실적 개선, 정책 수혜 / 최대 악재: 실적 부진, 규제, 원가 상승, 수요 둔화","호재 영향 예상: +2.4~+4.4% (121,429원 부근까지 시도) · 이탈 기준 113,223원","호재 뉴스: 아모레퍼시픽, 해외 사업 체질 바꿨다...중국 대신 일본·미국 비중 'Up' (2026-05-18) · 최대 호재: 수주, 계약, 실적 개선, 정책 수혜 / 최대 악재: 실적 부진, 규제, 원가 상승, 수요 둔화"
JYP Ent.,035900.KQ,ok,국장,해당 없음,0.0,0.0,0.0,,,0,해당 없음,0.0,0.0,,,,0.0,0.0,,,-8.0,본장 전/초반 1시간 약세 · 초반 -2.76% · 방어 우선,0.0,중립,1분봉 중립 · 장중 -3.58% · 최근 +0.00%,AI 관망,0,지금은 확실한 우위가 부족합니다.,엔터,보류,🚫 제외,리스크 과다,0,18.0,16.0,0.0,0.0,0.0,2.0,25.0,False,False,중립장,11.0,59400.0,62100.0,naver_realtime,naver_realtime_calculated,-4.35,-2.62,0.82,1.29,1.25,True,17007408000.0,48.0,True,3.92,일반 모멘텀,"MACD 상승, 건전한 갭 상승","뉴스 호재 강도 약함, 본장 전/초반 1시간 약세 · 초반 -2.76% · 방어 우선, 엔터 섹터 약세",수급 수집 실패,unavailable,0.0,0.0,약한 호재: 상승,google_news,"호재 뉴스: “반도체 없는데 주식 이야기, 스트레스네요”…로봇·바이오는 주저앉았다 - v.daum.net (2026-05-19)",weak,"“반도체 없는데 주식 이야기, 스트레스네요”…로봇·바이오는 주저앉았다 - v.daum.net (2026-05-19) | JYP Ent. 주가, 5월 14일 59,000원 4.24% 상승 마감 (2026-05-14)","naver_daily, naver_realtime, news:google_news, flow:unavailable, intraday_1m",0.0,6.0,엔터 섹터 약세,2026-05-19 21:07:50 PDT,17,"관망 · 거래량 1.3배 · 호재 뉴스: “반도체 없는데 주식 이야기, 스트레스네요”…로봇·바이오는 주저앉았다 - v.daum.net (2026-05-19",선행 신호 대기,놓침 위험 낮음,시장 방어장 · 신규 매수는 작게,급변 신호 없음,"엔터 흐름 · 평균 -4.03% · 거래량 1.2배 · 대표 JYP Ent., 에스엠, 하이브",방어장 · 평균 -5.68% · 하락비중 91% · 현금 비중 높게,수급 수집 실패,AI/반도체 → 전력 → 냉각 → 데이터센터 → 광통신,"기준 현재가 59,400 · 손절 참고 57,072 · 1차 익절 참고 62,311","최대 호재: 수주, 계약, 실적 개선, 정책 수혜 / 최대 악재: 실적 부진, 규제, 원가 상승, 수요 둔화","호재 영향 예상: +2.0~+3.3% (61,388원 부근까지 시도) · 이탈 기준 58,212원","호재 뉴스: “반도체 없는데 주식 이야기, 스트레스네요”…로봇·바이오는 주저앉았다 - v.daum.net (2026-05-19) · 최대 호재: 수주, 계약, 실적 개선, 정책 수혜 / 최대 악재: 실적 부진, 규제, 원가 상승, 수요 둔화"
하이브,352820.KS,ok,국장,해당 없음,0.0,0.0,0.0,,,0,해당 없음,0.0,0.0,,,,0.0,0.0,,,-8.0,본장 전/초반 1시간 약세 · 초반 -3.40% · 방어 우선,6.0,양호,1분봉 양호 · 장중 -5.10% · 최근 +0.45%,AI 관망,0,지금은 확실한 우위가 부족합니다.,엔터,보류,🚫 제외,리스크 과다,0,24.0,22.0,0.0,0.0,0.0,2.0,25.0,False,False,중립장,11.0,223500.0,236000.0,naver_realtime,naver_realtime_calculated,-5.3,-4.89,0.21,0.88,0.8,True,60549949500.0,41.9,True,5.51,일반 모멘텀,"MACD 상승, 건전한 갭 상승, 1분봉 양호 · 장중 -5.10% · 최근 +0.45%","본장 전/초반 1시간 약세 · 초반 -3.40% · 방어 우선, 엔터 섹터 약세",수급 수집 실패,unavailable,0.0,0.0,뉴스 중립,google_news,"관련 뉴스: 하이브, 최대주주로부터 자기주식 무상 수증...19만2126주 - Investing.com 한국어 (2026-05-19)",none,"하이브, 최대주주로부터 자기주식 무상 수증...19만2126주 - Investing.com 한국어 (2026-05-19) | 방시혁 하이브 의장, 453억원 주식 추가 기증 (2026-05-19)","naver_daily, naver_realtime, news:google_news, flow:unavailable, intraday_1m",0.0,6.0,엔터 섹터 약세,2026-05-19 21:07:50 PDT,1,"관망 · 관련 뉴스: 하이브, 최대주주로부터 자기주식 무상 수증...19만2126주 - Investing.com 한국어 (2026-05",선행 신호 대기,놓침 위험 낮음,시장 방어장 · 신규 매수는 작게,급변 신호 없음,"엔터 흐름 · 평균 -4.03% · 거래량 1.2배 · 대표 JYP Ent., 에스엠, 하이브",방어장 · 평균 -5.68% · 하락비중 91% · 현금 비중 높게,수급 수집 실패,대표 테마 연결 대기,"기준 현재가 223,500 · 손절 참고 211,185 · 1차 익절 참고 238,894","최대 호재: 수주, 계약, 실적 개선, 정책 수혜 / 최대 악재: 실적 부진, 규제, 원가 상승, 수요 둔화",뉴스 영향 예상: 방향성 약함 · 가격/거래량 확인 우선,"관련 뉴스: 하이브, 최대주주로부터 자기주식 무상 수증...19만2126주 - Investing.com 한국어 (2026-05-19) · 최대 호재: 수주, 계약, 실적 개선, 정책 수혜 / 최대 악재: 실적 부진, 규제, 원가 상승, 수요 둔화"
에스엠,041510.KQ,ok,국장,해당 없음,0.0,0.0,0.0,,,0,해당 없음,0.0,0.0,,,,0.0,0.0,,,-8.0,본장 전/초반 1시간 약세 · 초반 -5.19% · 방어 우선,-8.0,위험,1분봉 약함 · 장중 -6.31% · 최근 -0.84% · 거래 0.6배,AI 관망,0,지금은 확실한 우위가 부족합니다.,엔터,보류,🚫 제외,리스크 과다,0,23.0,6.0,12.0,0.0,3.0,2.0,62.0,False,False,중립장,11.0,83400.0,90500.0,naver_realtime,naver_realtime_calculated,-7.85,-4.58,1.49,1.38,1.25,True,12900145200.0,46.9,False,6.36,일반 모멘텀,"거래량 증가(1.4x), 건전한 갭 상승, 뉴스 키워드: 약한 호재: 증가, 확대 / 악재: 지분율, 주식등의 수","변동성 과다, 뉴스 호재 강도 약함, 뉴스 리스크: 약한 호재: 증가, 확대 / 악재: 지분율, 주식등의 수, 1분봉 약함 · 장중 -6.31% · 최근 -0.84% · 거래 0.6배, 본장 전/초반 1시간 약세 · 초반 -5.19% · 방어 우선, 리스크 56 이상으로 신규 관심 제외, 엔터 섹터 약세",수급 수집 실패,unavailable,0.0,0.0,"약한 호재: 증가, 확대 / 악재: 지분율, 주식등의 수",google_news,"악재 뉴스: 에스엠벡셀, 최대주주등 보통주 8만주 장내매수로 지분 88.10% (2026-05-19)",weak,"에스엠벡셀, 최대주주등 보통주 8만주 장내매수로 지분 88.10% (2026-05-19) | 에스엠벡셀 최대주주 에스엠하이플러스, 에스엠벡셀 주식등의 수 8만주 증가…총 지분율 88.1% (2026-05-19)","naver_daily, naver_realtime, news:google_news, flow:unavailable, intraday_1m",0.0,6.0,엔터 섹터 약세,2026-05-19 21:07:50 PDT,0,"관망 · 거래량 1.4배 · 악재 뉴스: 에스엠벡셀, 최대주주등 보통주 8만주 장내매수로 지분 88.10% (2026-05-19)",선행 신호 대기,놓침 위험 낮음,시장 방어장 · 신규 매수는 작게,급변 신호 없음,"엔터 흐름 · 평균 -4.03% · 거래량 1.2배 · 대표 JYP Ent., 에스엠, 하이브",방어장 · 평균 -5.68% · 하락비중 91% · 현금 비중 높게,수급 수집 실패,대표 테마 연결 대기,"기준 현재가 83,400 · 손절 참고 78,096 · 1차 익절 참고 90,030","최대 호재: 수주, 계약, 실적 개선, 정책 수혜 / 최대 악재: 실적 부진, 규제, 원가 상승, 수요 둔화","악재 영향 예상: -5.5~-10.0% (75,063원 부근까지 경계) · 회복 기준 85,787원 돌파","악재 뉴스: 에스엠벡셀, 최대주주등 보통주 8만주 장내매수로 지분 88.10% (2026-05-19) · 최대 호재: 수주, 계약, 실적 개선, 정책 수혜 / 최대 악재: 실적 부진, 규제, 원가 상승, 수요 둔화"
삼성증권,016360.KS,ok,국장,해당 없음,0.0,0.0,0.0,,,0,해당 없음,0.0,0.0,,,,0.0,0.0,,,-8.0,본장 전/초반 1시간 약세 · 초반 -2.28% · 방어 우선,6.0,양호,1분봉 양호 · 장중 -2.11% · 최근 +0.09%,AI 관망,0,지금은 확실한 우위가 부족합니다.,증권,보류,🚫 제외,리스크 과다,0,38.0,36.0,0.0,0.0,0.0,2.0,40.0,False,False,중립장,11.0,112100.0,114500.0,naver_realtime,naver_realtime_calculated,-2.1,-6.51,-0.67,0.52,0.44,False,59022331500.0,51.0,False,9.8,일반 모멘텀,"추세 상승, RSI 건강 구간, 1분봉 양호 · 장중 -2.11% · 최근 +0.09%","변동성 과다, 본장 전/초반 1시간 약세 · 초반 -2.28% · 방어 우선, 매수 확인 부족: 거래량 0.52x / 거래대금 0.44x, 리스크 34 이상으로 신규 관심 제외, 증권 섹터 약세",수급 수집 실패,unavailable,0.0,0.0,뉴스 중립,google_news,"관련 뉴스: 삼성증권, '외국인통합계좌' 서비스 개시…증시 자금 유입 더 거세지나 - v.daum.net (2026-05-12)",none,"삼성증권, '외국인통합계좌' 서비스 개시…증시 자금 유입 더 거세지나 - v.daum.net (2026-05-12) | 삼성증권, IBKR과 '외국인통합계좌' 서비스 오픈 - v.daum.net (2026-05-12)","naver_daily, naver_realtime, news:google_news, flow:unavailable, intraday_1m",0.0,6.0,증권 섹터 약세,2026-05-19 21:07:50 PDT,0,"관망 · 관련 뉴스: 삼성증권, '외국인통합계좌' 서비스 개시…증시 자금 유입 더 거세지나 - v.daum.net (2026-05-12",선행 신호 대기,놓침 위험 낮음,시장 방어장 · 신규 매수는 작게,급변 감지 · 당일 -6.51%,"증권 흐름 · 평균 -8.01% · 거래량 0.6배 · 대표 한국금융지주, NH투자증권, 삼성증권",방어장 · 평균 -5.68% · 하락비중 91% · 현금 비중 높게,수급 수집 실패,대표 테마 연결 대기,"기준 현재가 112,100 · 손절 참고 101,114 · 1차 익절 참고 125,832","최대 호재: 거래대금 증가, 금리 인하, IB 회복, 자사주 / 최대 악재: 부동산PF 손실, 충당금, 순매도, IB 부진",뉴스 영향 예상: 방향성 약함 · 가격/거래량 확인 우선,"관련 뉴스: 삼성증권, '외국인통합계좌' 서비스 개시…증시 자금 유입 더 거세지나 - v.daum.net (2026-05-12) · 최대 호재: 거래대금 증가, 금리 인하, IB 회복, 자사주 / 최대 악재: 부동산PF 손실, 충당금, 순매도, IB 부진"
미래에셋증권,006800.KS,ok,국장,해당 없음,0.0,0.0,0.0,,,0,해당 없음,0.0,0.0,,,,0.0,0.0,,,-8.0,본장 전/초반 1시간 약세 · 초반 -5.20% · 방어 우선,6.0,양호,1분봉 양호 · 장중 -6.42% · 최근 +0.33%,AI 관망,0,지금은 확실한 우위가 부족합니다.,증권,보류,🚫 제외,리스크 과다,0,8.0,6.0,0.0,0.0,0.0,2.0,40.0,False,False,중립장,11.0,61400.0,66400.0,naver_realtime,naver_realtime_calculated,-7.53,-12.91,0.0,0.64,0.53,False,175701748800.0,47.3,False,10.94,일반 모멘텀,1분봉 양호 · 장중 -6.42% · 최근 +0.33%,"변동성 과다, 뉴스 호재 강도 약함, 본장 전/초반 1시간 약세 · 초반 -5.20% · 방어 우선, 매수 확인 부족: 거래량 0.64x / 거래대금 0.53x, 리스크 34 이상으로 신규 관심 제외, 증권 섹터 약세",수급 수집 실패,unavailable,0.0,0.0,약한 호재: 확대,google_news,"호재 뉴스: 미래에셋증권 주가 장중 5%대 내려, 증시 위축에 증권주 약세 (2026-05-20)",weak,"미래에셋증권 주가 장중 5%대 내려, 증시 위축에 증권주 약세 (2026-05-20) | 거래대금 폭증에 커진 브로커리지 시장...미래에셋證, 2위권과 격차 확대 (2026-05-19)","naver_daily, naver_realtime, news:google_news, flow:unavailable, intraday_1m",0.0,6.0,증권 섹터 약세,2026-05-19 21:07:50 PDT,9,"관망 · 호재 뉴스: 미래에셋증권 주가 장중 5%대 내려, 증시 위축에 증권주 약세 (2026-05-20)",선행 신호 대기,놓침 위험 낮음,시장 방어장 · 신규 매수는 작게,급변 감지 · 당일 -12.91%,"증권 흐름 · 평균 -8.01% · 거래량 0.6배 · 대표 한국금융지주, NH투자증권, 삼성증권",방어장 · 평균 -5.68% · 하락비중 91% · 현금 비중 높게,수급 수집 실패,대표 테마 연결 대기,"기준 현재가 61,400 · 손절 참고 54,683 · 1차 익절 참고 69,796","최대 호재: 거래대금 증가, 금리 인하, IB 회복, 자사주 / 최대 악재: 부동산PF 손실, 충당금, 순매도, IB 부진","호재 영향 예상: +4.5~+8.2% (66,438원 부근까지 시도) · 이탈 기준 58,377원","호재 뉴스: 미래에셋증권 주가 장중 5%대 내려, 증시 위축에 증권주 약세 (2026-05-20) · 최대 호재: 거래대금 증가, 금리 인하, IB 회복, 자사주 / 최대 악재: 부동산PF 손실, 충당금, 순매도, IB 부진"
키움증권,039490.KS,ok,국장,해당 없음,0.0,0.0,0.0,,,0,해당 없음,0.0,0.0,,,,0.0,0.0,,,-8.0,본장 전/초반 1시간 약세 · 초반 -3.08% · 방어 우선,6.0,양호,1분봉 양호 · 장중 -3.35% · 최근 +0.42%,AI 관망,0,지금은 확실한 우위가 부족합니다.,증권,보류,🚫 제외,리스크 과다,0,12.0,6.0,0.0,0.0,4.0,2.0,40.0,False,False,중립장,11.0,362000.0,377500.0,naver_realtime,naver_realtime_calculated,-4.11,-7.18,-0.9,0.51,0.43,False,35500978000.0,36.5,False,9.38,일반 모멘텀,"뉴스 키워드: 보통 호재: 투자, 1분봉 양호 · 장중 -3.35% · 최근 +0.42%","변동성 과다, 본장 전/초반 1시간 약세 · 초반 -3.08% · 방어 우선, 매수 확인 부족: 거래량 0.51x / 거래대금 0.43x, 리스크 34 이상으로 신규 관심 제외, 증권 섹터 약세",수급 수집 실패,unavailable,0.0,0.0,보통 호재: 투자,google_news,"호재 뉴스: [허정수칼럼] 신한과 키움, 두 증권사의 생존법 (2026-05-20)",medium,"[허정수칼럼] 신한과 키움, 두 증권사의 생존법 (2026-05-20) | '영웅문' 너머 '글로벌'…미국서 금융 인프라 판 짠다 (2026-05-18)","naver_daily, naver_realtime, news:google_news, flow:unavailable, intraday_1m",0.0,6.0,증권 섹터 약세,2026-05-19 21:07:50 PDT,8,"관망 · 호재 뉴스: [허정수칼럼] 신한과 키움, 두 증권사의 생존법 (2026-05-20)",선행 신호 대기,놓침 위험 낮음,시장 방어장 · 신규 매수는 작게,급변 감지 · 당일 -7.18%,"증권 흐름 · 평균 -8.01% · 거래량 0.6배 · 대표 한국금융지주, NH투자증권, 삼성증권",방어장 · 평균 -5.68% · 하락비중 91% · 현금 비중 높게,수급 수집 실패,대표 테마 연결 대기,"기준 현재가 362,000 · 손절 참고 328,044 · 1차 익절 참고 404,444","최대 호재: 거래대금 증가, 금리 인하, IB 회복, 자사주 / 최대 악재: 부동산PF 손실, 충당금, 순매도, IB 부진","호재 영향 예상: +3.9~+7.0% (387,467원 부근까지 시도) · 이탈 기준 346,720원","호재 뉴스: [허정수칼럼] 신한과 키움, 두 증권사의 생존법 (2026-05-20) · 최대 호재: 거래대금 증가, 금리 인하, IB 회복, 자사주 / 최대 악재: 부동산PF 손실, 충당금, 순매도, IB 부진"
우리금융지주,316140.KS,ok,국장,해당 없음,0.0,0.0,0.0,,,0,해당 없음,0.0,0.0,,,,0.0,0.0,,,-8.0,본장 전/초반 1시간 약세 · 초반 -1.45% · 방어 우선,0.0,중립,1분봉 중립 · 장중 -2.90% · 최근 -0.17%,AI 관망,0,지금은 확실한 우위가 부족합니다.,금융,보류,🚫 제외,리스크 과다,0,2.0,0.0,0.0,0.0,0.0,2.0,25.0,False,False,중립장,11.0,30050.0,30300.0,naver_realtime,naver_realtime_calculated,-0.83,-1.96,-0.33,0.9,0.83,True,66558796750.0,25.8,False,3.58,일반 모멘텀,-,"뉴스 호재 강도 약함, 뉴스 리스크: 약한 호재: 확대 / 악재: 소송, 본장 전/초반 1시간 약세 · 초반 -1.45% · 방어 우선, 리스크 25 이상으로 신규 관심 제외",수급 수집 실패,unavailable,0.0,0.0,약한 호재: 확대 / 악재: 소송,google_news,"악재 뉴스: 동양생명 소액주주 집단 민원…금감원 ""증권신고서 종합 심사"" - v.daum.net (2026-05-19)",weak,"동양생명 소액주주 집단 민원…금감원 ""증권신고서 종합 심사"" - v.daum.net (2026-05-19) | 동양생명 소액주주, 우리금융 상대 법적 대응 (2026-05-19)","naver_daily, naver_realtime, news:google_news, flow:unavailable, intraday_1m",0.0,0.0,중립,2026-05-19 21:07:50 PDT,7,"관망 · 악재 뉴스: 동양생명 소액주주 집단 민원…금감원 ""증권신고서 종합 심사"" - v.daum.net (2026-05-19)",선행 신호 대기,놓침 위험 낮음,중대 리스크 · 악재 뉴스 우선 확인,급변 신호 없음,"금융 흐름 · 평균 -1.10% · 거래량 1.1배 · 대표 메리츠금융지주, KB금융, 하나금융지주",방어장 · 평균 -5.68% · 하락비중 91% · 현금 비중 높게,수급 수집 실패,대표 테마 연결 대기,"기준 현재가 30,050 · 손절 참고 28,974 · 1차 익절 참고 31,395","최대 호재: 금리 수혜, 주주환원, 배당 확대, 자사주 / 최대 악재: PF 손실, 충당금, 연체율, 규제","악재 영향 예상: -3.0~-4.5% (28,698원 부근까지 경계) · 회복 기준 30,651원 돌파","악재 뉴스: 동양생명 소액주주 집단 민원…금감원 ""증권신고서 종합 심사"" - v.daum.net (2026-05-19) · 최대 호재: 금리 수혜, 주주환원, 배당 확대, 자사주 / 최대 악재: PF 손실, 충당금, 연체율, 규제"
기업은행,024110.KS,ok,국장,해당 없음,0.0,0.0,0.0,,,0,해당 없음,0.0,0.0,,,,0.0,0.0,,,-8.0,본장 전/초반 1시간 약세 · 초반 -2.66% · 방어 우선,6.0,양호,1분봉 양호 · 장중 -1.93% · 최근 +0.25%,AI 관망,0,지금은 확실한 우위가 부족합니다.,금융,보류,대기,매매 근거 부족,0,12.0,6.0,0.0,0.0,4.0,2.0,19.0,False,False,중립장,11.0,20200.0,20600.0,naver_realtime,naver_realtime_calculated,-1.94,-2.18,-1.21,1.02,0.95,True,27818551200.0,28.9,False,3.2,일반 모멘텀,"뉴스 키워드: 보통 호재: 투자, 1분봉 양호 · 장중 -1.93% · 최근 +0.25%",본장 전/초반 1시간 약세 · 초반 -2.66% · 방어 우선,수급 수집 실패,unavailable,0.0,0.0,보통 호재: 투자,google_news,호재 뉴스: [CEO풍향계] '금탄산업훈장' 장재훈…'주식가치 50조' 이재용 (2026-05-15),medium,"[CEO풍향계] '금탄산업훈장' 장재훈…'주식가치 50조' 이재용 (2026-05-15) | 기업은행, 은행주 고ROE+저PER+저PBR 1위 (2026-05-14)","naver_daily, naver_realtime, news:google_news, flow:unavailable, intraday_1m",0.0,0.0,중립,2026-05-19 21:07:50 PDT,23,관망 · 호재 뉴스: [CEO풍향계] '금탄산업훈장' 장재훈…'주식가치 50조' 이재용 (2026-05-15),선행 신호 대기,놓침 위험 낮음,시장 방어장 · 신규 매수는 작게,급변 신호 없음,"금융 흐름 · 평균 -1.10% · 거래량 1.1배 · 대표 메리츠금융지주, KB금융, 하나금융지주",방어장 · 평균 -5.68% · 하락비중 91% · 현금 비중 높게,수급 수집 실패,대표 테마 연결 대기,"기준 현재가 20,200 · 손절 참고 19,554 · 1차 익절 참고 21,008","최대 호재: 금리 수혜, 주주환원, 배당 확대, 자사주 / 최대 악재: PF 손실, 충당금, 연체율, 규제","호재 영향 예상: +2.0~+3.2% (20,846원 부근까지 시도) · 이탈 기준 19,796원","호재 뉴스: [CEO풍향계] '금탄산업훈장' 장재훈…'주식가치 50조' 이재용 (2026-05-15) · 최대 호재: 금리 수혜, 주주환원, 배당 확대, 자사주 / 최대 악재: PF 손실, 충당금, 연체율, 규제"
KT,030200.KS,ok,국장,해당 없음,0.0,0.0,0.0,,,0,해당 없음,0.0,0.0,,,,0.0,0.0,,,-8.0,본장 전/초반 1시간 약세 · 초반 -1.40% · 방어 우선,0.0,중립,1분봉 중립 · 장중 -2.44% · 최근 +0.00%,AI 관망,0,지금은 확실한 우위가 부족합니다.,통신,보류,🚫 제외,리스크 과다,0,8.0,6.0,0.0,0.0,0.0,2.0,29.0,False,False,중립장,11.0,55800.0,56200.0,naver_realtime,naver_realtime_calculated,-0.71,-2.11,0.35,0.87,0.81,True,24009289200.0,33.1,False,3.06,일반 모멘텀,건전한 갭 상승,"뉴스 리스크: 악재: 하락, 본장 전/초반 1시간 약세 · 초반 -1.40% · 방어 우선, 통신 섹터 약세",수급 수집 실패,unavailable,0.0,0.0,악재: 하락,google_news,"악재 뉴스: “배당맛집 KT, 기업가치 제고 시동…주가 전망은?” - v.daum.net (2026-05-20)",none,"“배당맛집 KT, 기업가치 제고 시동…주가 전망은?” - v.daum.net (2026-05-20) | KT 주식은 ₩55,500의 지지선이 유지되며 안정적인 흐름을 보이고 있습니다. (2026-05-19)","naver_daily, naver_realtime, news:google_news, flow:unavailable, intraday_1m",0.0,6.0,통신 섹터 약세,2026-05-19 21:07:50 PDT,0,"관망 · 악재 뉴스: “배당맛집 KT, 기업가치 제고 시동…주가 전망은?” - v.daum.net (2026-05-20)",선행 신호 대기,놓침 위험 낮음,시장 방어장 · 신규 매수는 작게,급변 신호 없음,"통신 흐름 · 평균 -2.12% · 거래량 0.8배 · 대표 SK텔레콤, LG유플러스, 인스코비",방어장 · 평균 -5.68% · 하락비중 91% · 현금 비중 높게,수급 수집 실패,대표 테마 연결 대기,"기준 현재가 55,800 · 손절 참고 54,093 · 1차 익절 참고 58,032","최대 호재: 요금제 개편, AI 데이터센터, 주주환원, 5G 투자 / 최대 악재: 과징금, 해킹, 통신 장애, 규제","악재 영향 예상: -3.0~-4.5% (53,289원 부근까지 경계) · 회복 기준 56,916원 돌파","악재 뉴스: “배당맛집 KT, 기업가치 제고 시동…주가 전망은?” - v.daum.net (2026-05-20) · 최대 호재: 요금제 개편, AI 데이터센터, 주주환원, 5G 투자 / 최대 악재: 과징금, 해킹, 통신 장애, 규제"
LG유플러스,032640.KS,ok,국장,해당 없음,0.0,0.0,0.0,,,0,해당 없음,0.0,0.0,,,,0.0,0.0,,,-8.0,본장 전/초반 1시간 약세 · 초반 -1.90% · 방어 우선,6.0,양호,1분봉 양호 · 장중 -2.02% · 최근 +0.06%,AI 관망,4,지금은 확실한 우위가 부족합니다.,통신,보류,🚫 제외,리스크 과다,0,14.0,12.0,0.0,0.0,0.0,2.0,25.0,False,False,중립장,11.0,15500.0,15560.0,naver_realtime,naver_realtime_calculated,-0.39,-0.64,1.92,1.12,1.09,True,18123189000.0,41.0,False,4.12,일반 모멘텀,"건전한 갭 상승, 1분봉 양호 · 장중 -2.02% · 최근 +0.06%","뉴스 호재 강도 약함, 본장 전/초반 1시간 약세 · 초반 -1.90% · 방어 우선, 통신 섹터 약세",수급 수집 실패,unavailable,0.0,0.0,약한 호재: 증가,google_news,"호재 뉴스: LG유플러스, AI 비서 '익시오' 수출 첫발 - v.daum.net (2026-05-12)",weak,"LG유플러스, AI 비서 '익시오' 수출 첫발 - v.daum.net (2026-05-12) | LG U+, 1분기 영업이익 2723억…AIDC 매출 31% 급성장 - theitplus.kr (2026-05-11)","naver_daily, naver_realtime, news:google_news, flow:unavailable, intraday_1m",0.0,6.0,통신 섹터 약세,2026-05-19 21:07:50 PDT,17,"관망 · 추격 부담 낮음 · 호재 뉴스: LG유플러스, AI 비서 '익시오' 수출 첫발 - v.daum.net (2026-05-12)",선행 신호 대기,놓침 위험 낮음,시장 방어장 · 신규 매수는 작게,급변 신호 없음,"통신 흐름 · 평균 -2.12% · 거래량 0.8배 · 대표 SK텔레콤, LG유플러스, 인스코비",방어장 · 평균 -5.68% · 하락비중 91% · 현금 비중 높게,수급 수집 실패,대표 테마 연결 대기,"기준 현재가 15,500 · 손절 참고 14,861 · 1차 익절 참고 16,298","최대 호재: 요금제 개편, AI 데이터센터, 주주환원, 5G 투자 / 최대 악재: 과징금, 해킹, 통신 장애, 규제","호재 영향 예상: +2.0~+3.3% (16,005원 부근까지 시도) · 이탈 기준 15,190원","호재 뉴스: LG유플러스, AI 비서 '익시오' 수출 첫발 - v.daum.net (2026-05-12) · 최대 호재: 요금제 개편, AI 데이터센터, 주주환원, 5G 투자 / 최대 악재: 과징금, 해킹, 통신 장애, 규제"
SK이노베이션,096770.KS,ok,국장,해당 없음,0.0,0.0,0.0,,,0,해당 없음,0.0,0.0,,,,0.0,0.0,,,-8.0,본장 전/초반 1시간 약세 · 초반 -5.74% · 방어 우선,6.0,양호,1분봉 양호 · 장중 -6.71% · 최근 +0.26%,AI 관망,0,지금은 확실한 우위가 부족합니다.,에너지/2차전지,보류,🚫 제외,리스크 과다,0,12.0,6.0,0.0,0.0,4.0,2.0,42.0,False,False,중립장,11.0,115700.0,119600.0,naver_realtime,naver_realtime_calculated,-3.26,-6.16,-0.32,0.67,0.56,False,70096729300.0,40.0,False,7.51,일반 모멘텀,"뉴스 키워드: 보통 호재: 투자 / 악재: 하락, 1분봉 양호 · 장중 -6.71% · 최근 +0.26%","변동성 과다, 뉴스 리스크: 보통 호재: 투자 / 악재: 하락, 본장 전/초반 1시간 약세 · 초반 -5.74% · 방어 우선, 매수 확인 부족: 거래량 0.67x / 거래대금 0.56x, 리스크 42 이상으로 신규 관심 제외",수급 수집 실패,unavailable,0.0,0.0,보통 호재: 투자 / 악재: 하락,google_news,"악재 뉴스: SK이노베이션 주가, 5월 19일 장중 121,700원 1.30% 하락 (2026-05-19)",medium,"SK이노베이션 주가, 5월 19일 장중 121,700원 1.30% 하락 (2026-05-19) | SK이노베이션 주가가 장기 평균선보다 크게 하회하며 소폭 하락 (2026-05-18)","naver_daily, naver_realtime, news:google_news, flow:unavailable, intraday_1m",,,섹터 확인 부족,2026-05-19 21:07:50 PDT,0,"관망 · 악재 뉴스: SK이노베이션 주가, 5월 19일 장중 121,700원 1.30% 하락 (2026-05-19)",선행 신호 대기,놓침 위험 낮음,시장 방어장 · 신규 매수는 작게,급변 감지 · 당일 -6.16%,에너지/2차전지 흐름 · 평균 -6.16% · 거래량 0.7배 · 대표 SK이노베이션,방어장 · 평균 -5.68% · 하락비중 91% · 현금 비중 높게,수급 수집 실패,대표 테마 연결 대기,"기준 현재가 115,700 · 손절 참고 107,011 · 1차 익절 참고 126,561","최대 호재: 유가 상승, 가스 가격 상승, 정책 지원, 수소 투자 / 최대 악재: 유가 급락, 정제마진 하락, 환경 규제, 사고","악재 영향 예상: -5.0~-9.1% (105,212원 부근까지 경계) · 회복 기준 119,610원 돌파","악재 뉴스: SK이노베이션 주가, 5월 19일 장중 121,700원 1.30% 하락 (2026-05-19) · 최대 호재: 유가 상승, 가스 가격 상승, 정책 지원, 수소 투자 / 최대 악재: 유가 급락, 정제마진 하락, 환경 규제, 사고"
고려아연,010130.KS,ok,국장,해당 없음,0.0,0.0,0.0,,,0,해당 없음,0.0,0.0,,,,0.0,0.0,,,-8.0,본장 전/초반 1시간 약세 · 초반 -3.62% · 방어 우선,6.0,양호,1분봉 양호 · 장중 -4.84% · 최근 +0.15%,AI 관망,0,지금은 확실한 우위가 부족합니다.,비철금속,보류,🚫 제외,리스크 과다,0,21.0,12.0,0.0,0.0,7.0,2.0,34.0,False,False,중립장,11.0,1321000.0,1374000.0,naver_realtime,naver_realtime_calculated,-3.86,-6.97,1.27,0.5,0.41,False,27389614000.0,28.5,False,6.72,일반 모멘텀,"건전한 갭 상승, 뉴스 키워드: 강한 호재: 계약, 1분봉 양호 · 장중 -4.84% · 최근 +0.15%","변동성 과다, 본장 전/초반 1시간 약세 · 초반 -3.62% · 방어 우선, 매수 확인 부족: 거래량 0.50x / 거래대금 0.41x, 리스크 34 이상으로 신규 관심 제외",수급 수집 실패,unavailable,0.0,0.0,강한 호재: 계약,google_news,호재 뉴스: 140만원 깨진 고려아연…복잡해진 주담대 셈법 (2026-05-19),strong,140만원 깨진 고려아연…복잡해진 주담대 셈법 (2026-05-19) | “고려아연 지분 팔아라”…한화솔루션 압박 나선 소액주주 (2026-05-19),"naver_daily, naver_realtime, news:google_news, flow:unavailable, intraday_1m",,,섹터 확인 부족,2026-05-19 21:07:50 PDT,23,관망 · 호재 뉴스: 140만원 깨진 고려아연…복잡해진 주담대 셈법 (2026-05-19),선행 신호 대기,놓침 위험 낮음,시장 방어장 · 신규 매수는 작게,급변 감지 · 당일 -6.97%,비철금속 흐름 · 평균 -6.97% · 거래량 0.5배 · 대표 고려아연,방어장 · 평균 -5.68% · 하락비중 91% · 현금 비중 높게,수급 수집 실패,대표 테마 연결 대기,"기준 현재가 1,321,000 · 손절 참고 1,232,229 · 1차 익절 참고 1,431,964",섹터 최대 호재: 계약,"호재 영향 예상: +4.4~+8.0% (1,427,208원 부근까지 시도) · 이탈 기준 1,281,053원",호재 뉴스: 140만원 깨진 고려아연…복잡해진 주담대 셈법 (2026-05-19) · 섹터 최대 호재: 계약
S-Oil,010950.KS,ok,국장,해당 없음,0.0,0.0,0.0,,,0,해당 없음,0.0,0.0,,,,0.0,0.0,,,-8.0,본장 전/초반 1시간 약세 · 초반 -1.89% · 방어 우선,6.0,양호,1분봉 양호 · 장중 -0.72% · 최근 +0.73%,AI 관망,0,지금은 확실한 우위가 부족합니다.,정유,보류,🚫 제외,리스크 과다,0,18.0,12.0,0.0,0.0,4.0,2.0,38.0,False,False,중립장,11.0,110200.0,110100.0,naver_realtime,naver_realtime_calculated,0.09,-1.17,0.09,0.54,0.49,False,33007104000.0,44.9,False,6.91,일반 모멘텀,"건전한 갭 상승, 뉴스 키워드: 보통 호재: 실적 / 악재: 하락, 1분봉 양호 · 장중 -0.72% · 최근 +0.73%","변동성 과다, 뉴스 리스크: 보통 호재: 실적 / 악재: 하락, 본장 전/초반 1시간 약세 · 초반 -1.89% · 방어 우선, 매수 확인 부족: 거래량 0.54x / 거래대금 0.49x, 리스크 38 이상으로 신규 관심 제외",수급 수집 실패,unavailable,0.0,0.0,보통 호재: 실적 / 악재: 하락,google_news,"악재 뉴스: [특징주] 정유주, 미중정상회담 주시하며 혼조(종합) (2026-05-14)",medium,"[특징주] 정유주, 미중정상회담 주시하며 혼조(종합) (2026-05-14) | [특징주] 정유사, 호실적에도 장 초반 소폭 하락 출발 (2026-05-14)","naver_daily, naver_realtime, news:google_news, flow:unavailable, intraday_1m",,,섹터 확인 부족,2026-05-19 21:07:50 PDT,0,"관망 · 악재 뉴스: [특징주] 정유주, 미중정상회담 주시하며 혼조(종합) (2026-05-14)",선행 신호 대기,놓침 위험 낮음,시장 방어장 · 신규 매수는 작게,급변 신호 없음,정유 흐름 · 평균 -1.17% · 거래량 0.5배 · 대표 S-Oil,방어장 · 평균 -5.68% · 하락비중 91% · 현금 비중 높게,수급 수집 실패,대표 테마 연결 대기,"기준 현재가 110,200 · 손절 참고 102,585 · 1차 익절 참고 119,719","최대 호재: 수주, 계약, 실적 개선, 정책 수혜 / 최대 악재: 실적 부진, 규제, 원가 상승, 수요 둔화","악재 영향 예상: -5.2~-9.5% (99,692원 부근까지 경계) · 회복 기준 113,627원 돌파","악재 뉴스: [특징주] 정유주, 미중정상회담 주시하며 혼조(종합) (2026-05-14) · 최대 호재: 수주, 계약, 실적 개선, 정책 수혜 / 최대 악재: 실적 부진, 규제, 원가 상승, 수요 둔화"
풍산,103140.KS,ok,국장,해당 없음,0.0,0.0,0.0,,,0,해당 없음,0.0,0.0,,,,0.0,0.0,,,-8.0,본장 전/초반 1시간 약세 · 초반 -3.80% · 방어 우선,6.0,양호,1분봉 양호 · 장중 -4.15% · 최근 +0.36%,AI 관망,0,지금은 확실한 우위가 부족합니다.,구리/방산,보류,대기,매매 근거 부족,0,8.0,6.0,0.0,0.0,0.0,2.0,23.0,False,False,중립장,11.0,83400.0,86700.0,naver_realtime,naver_realtime_calculated,-3.81,-3.02,-0.23,0.89,0.77,False,14353890600.0,21.4,False,4.53,일반 모멘텀,1분봉 양호 · 장중 -4.15% · 최근 +0.36%,"뉴스 호재 강도 약함, 뉴스 리스크: 약한 호재: 확대 / 악재: 지분율, 본장 전/초반 1시간 약세 · 초반 -3.80% · 방어 우선, 매수 확인 부족: 거래량 0.89x / 거래대금 0.77x",수급 수집 실패,unavailable,0.0,0.0,약한 호재: 확대 / 악재: 지분율,google_news,"악재 뉴스: 풍산 임원진, 장내매수로 지분 확대...총 80주 늘었지만 지분율은 그대로 (2026-05-12)",weak,"풍산 임원진, 장내매수로 지분 확대...총 80주 늘었지만 지분율은 그대로 (2026-05-12) | 풍산에서 KAI로 관심 바꾼 한화…경영권 프리미엄 숙제는 (2026-05-10)","naver_daily, naver_realtime, news:google_news, flow:unavailable, intraday_1m",,,섹터 확인 부족,2026-05-19 21:07:50 PDT,0,"관망 · 악재 뉴스: 풍산 임원진, 장내매수로 지분 확대...총 80주 늘었지만 지분율은 그대로 (2026-05-12)",선행 신호 대기,놓침 위험 낮음,시장 방어장 · 신규 매수는 작게,급변 신호 없음,구리/방산 흐름 · 평균 -3.02% · 거래량 0.9배 · 대표 풍산,방어장 · 평균 -5.68% · 하락비중 91% · 현금 비중 높게,수급 수집 실패,전력 → 전선 → 구리 → 원전/데이터센터,"기준 현재가 83,400 · 손절 참고 79,622 · 1차 익절 참고 88,123","최대 호재: 수주, 계약, 실적 개선, 정책 수혜 / 최대 악재: 실적 부진, 규제, 원가 상승, 수요 둔화","악재 영향 예상: -3.1~-5.6% (78,753원 부근까지 경계) · 회복 기준 85,100원 돌파","악재 뉴스: 풍산 임원진, 장내매수로 지분 확대...총 80주 늘었지만 지분율은 그대로 (2026-05-12) · 최대 호재: 수주, 계약, 실적 개선, 정책 수혜 / 최대 악재: 실적 부진, 규제, 원가 상승, 수요 둔화"
롯데케미칼,011170.KS,ok,국장,해당 없음,0.0,0.0,0.0,,,0,해당 없음,0.0,0.0,,,,0.0,0.0,,,-8.0,본장 전/초반 1시간 약세 · 초반 -3.29% · 방어 우선,6.0,양호,1분봉 양호 · 장중 -4.75% · 최근 +0.13%,AI 관망,0,지금은 확실한 우위가 부족합니다.,화학,보류,🚫 제외,리스크 과다,0,20.0,6.0,0.0,0.0,12.0,2.0,47.0,False,False,중립장,11.0,78300.0,82000.0,naver_realtime,naver_realtime_calculated,-4.51,-6.9,-0.12,0.42,0.33,False,13222677600.0,44.0,False,11.37,일반 모멘텀,"뉴스 키워드: 강한 호재: 흑자 / 보통 호재: 실적 / 악재: 급락, 1분봉 양호 · 장중 -4.75% · 최근 +0.13%","변동성 과다, 뉴스 리스크: 강한 호재: 흑자 / 보통 호재: 실적 / 악재: 급락, 본장 전/초반 1시간 약세 · 초반 -3.29% · 방어 우선, 매수 확인 부족: 거래량 0.42x / 거래대금 0.33x, 리스크 41 이상으로 신규 관심 제외, 화학 섹터 약세",수급 수집 실패,unavailable,0.0,0.0,강한 호재: 흑자 / 보통 호재: 실적 / 악재: 급락,google_news,"악재 뉴스: 롯데케미칼, 10분기 만의 흑자…래깅 효과 '약효' 언제까지 (2026-05-12)",strong,"롯데케미칼, 10분기 만의 흑자…래깅 효과 '약효' 언제까지 (2026-05-12) | 롯데케미칼, '역래깅' 실적악화 우려 16%↓…화학주 동반 약세[핫종목] - 뉴스1 (2026-05-12)","naver_daily, naver_realtime, news:google_news, flow:unavailable, intraday_1m",0.0,6.0,화학 섹터 약세,2026-05-19 21:07:50 PDT,0,"관망 · 악재 뉴스: 롯데케미칼, 10분기 만의 흑자…래깅 효과 '약효' 언제까지 (2026-05-12)",선행 신호 대기,놓침 위험 낮음,시장 방어장 · 신규 매수는 작게,급변 감지 · 당일 -6.90%,"화학 흐름 · 평균 -7.29% · 거래량 0.4배 · 대표 금호석유, 롯데케미칼",방어장 · 평균 -5.68% · 하락비중 91% · 현금 비중 높게,수급 수집 실패,대표 테마 연결 대기,"기준 현재가 78,300 · 손절 참고 69,397 · 1차 익절 참고 89,428","최대 호재: 수주, 계약, 실적 개선, 정책 수혜 / 최대 악재: 실적 부진, 규제, 원가 상승, 수요 둔화","악재 영향 예상: -7.8~-14.2% (67,176원 부근까지 경계) · 회복 기준 82,306원 돌파","악재 뉴스: 롯데케미칼, 10분기 만의 흑자…래깅 효과 '약효' 언제까지 (2026-05-12) · 최대 호재: 수주, 계약, 실적 개선, 정책 수혜 / 최대 악재: 실적 부진, 규제, 원가 상승, 수요 둔화"
현대제철,004020.KS,ok,국장,해당 없음,0.0,0.0,0.0,,,0,해당 없음,0.0,0.0,,,,0.0,0.0,,,-8.0,본장 전/초반 1시간 약세 · 초반 -5.37% · 방어 우선,6.0,양호,1분봉 양호 · 장중 -6.41% · 최근 +0.28%,AI 관망,1,지금은 확실한 우위가 부족합니다.,철강,보류,🚫 제외,리스크 과다,0,44.0,26.0,12.0,0.0,4.0,2.0,52.0,False,False,중립장,11.0,35950.0,38600.0,naver_realtime,naver_realtime_calculated,-6.87,-17.26,-1.5,1.3,1.09,True,77938233900.0,38.4,False,9.59,일반 모멘텀,"추세 상승, 거래량 증가(1.3x), 뉴스 키워드: 보통 호재: 투자 / 악재: 적자, 하락, 1분봉 양호 · 장중 -6.41% · 최근 +0.28%","변동성 과다, 뉴스 리스크: 보통 호재: 투자 / 악재: 적자, 하락, 본장 전/초반 1시간 약세 · 초반 -5.37% · 방어 우선, 리스크 46 이상으로 신규 관심 제외, 철강 섹터 약세",수급 수집 실패,unavailable,0.0,0.0,"보통 호재: 투자 / 악재: 적자, 하락",google_news,악재 뉴스: 본사는 적자인데 美 제철소엔 7073억 투자…현대제철 차입금 1조 늘었다 (2026-05-19),medium,"본사는 적자인데 美 제철소엔 7073억 투자…현대제철 차입금 1조 늘었다 (2026-05-19) | 현대제철 주가, 5월 19일 장중 38,800원 10.70% 하락 (2026-05-19)","naver_daily, naver_realtime, news:google_news, flow:unavailable, intraday_1m",0.0,6.0,철강 섹터 약세,2026-05-19 21:07:50 PDT,0,관망 · 거래량 1.3배 · 악재 뉴스: 본사는 적자인데 美 제철소엔 7073억 투자…현대제철 차입금 1조 늘었다 (2026-05-19),선행 신호 대기,놓침 위험 낮음,중대 리스크 · 악재 뉴스 우선 확인,급변 감지 · 당일 -17.26%,"철강 흐름 · 평균 -12.40% · 거래량 1.2배 · 대표 KG스틸, 대한제강, 현대제철",방어장 · 평균 -5.68% · 하락비중 91% · 현금 비중 높게,수급 수집 실패,대표 테마 연결 대기,"기준 현재가 35,950 · 손절 참고 32,502 · 1차 익절 참고 40,260","최대 호재: 수주, 계약, 실적 개선, 정책 수혜 / 최대 악재: 실적 부진, 규제, 원가 상승, 수요 둔화","악재 영향 예상: -6.9~-12.5% (31,444원 부근까지 경계) · 회복 기준 37,501원 돌파","악재 뉴스: 본사는 적자인데 美 제철소엔 7073억 투자…현대제철 차입금 1조 늘었다 (2026-05-19) · 최대 호재: 수주, 계약, 실적 개선, 정책 수혜 / 최대 악재: 실적 부진, 규제, 원가 상승, 수요 둔화"
세아베스틸지주,001430.KS,ok,국장,해당 없음,0.0,0.0,0.0,,,0,해당 없음,0.0,0.0,,,,0.0,0.0,,,-8.0,본장 전/초반 1시간 약세 · 초반 -9.23% · 방어 우선,0.0,중립,1분봉 중립 · 장중 -10.71% · 최근 +0.00%,AI 관망,0,지금은 확실한 우위가 부족합니다.,철강,보류,🚫 제외,리스크 과다,0,42.0,20.0,20.0,0.0,0.0,2.0,52.0,False,True,중립장,11.0,60400.0,71400.0,naver_realtime,naver_realtime_calculated,-15.41,-20.0,11.13,2.14,1.8,True,42707088400.0,48.5,False,12.1,거래량 폭발,"추세 상승, 거래량/거래대금 폭발(2.1x/1.8x)","갭 상승 과열, 변동성 과다, 뉴스 호재 강도 약함, 본장 전/초반 1시간 약세 · 초반 -9.23% · 방어 우선, 리스크 46 이상으로 신규 관심 제외, 철강 섹터 약세",수급 수집 실패,unavailable,0.0,0.0,약한 호재: 상승,google_news,"호재 뉴스: 세아베스틸지주, -13.59% VI 발동 (2026-05-20)",weak,"세아베스틸지주, -13.59% VI 발동 (2026-05-20) | 세아베스틸지주, 1분기 영업익 307억원…전년比 69.8%↑ (2026-05-19)","naver_daily, naver_realtime, news:google_news, flow:unavailable, intraday_1m",0.0,6.0,철강 섹터 약세,2026-05-19 21:07:50 PDT,17,"관망 · 거래량 2.1배 · 호재 뉴스: 세아베스틸지주, -13.59% VI 발동 (2026-05-20)",선행 신호 대기,놓칠 가능성 높음,급락 위험 · 거래량 2.1배 동반 하락,급변 감지 · 당일 -20.00%,"철강 흐름 · 평균 -12.40% · 거래량 1.2배 · 대표 KG스틸, 대한제강, 현대제철",방어장 · 평균 -5.68% · 하락비중 91% · 현금 비중 높게,수급 수집 실패,대표 테마 연결 대기,"기준 현재가 60,400 · 손절 참고 53,152 · 1차 익절 참고 69,460","최대 호재: 수주, 계약, 실적 개선, 정책 수혜 / 최대 악재: 실적 부진, 규제, 원가 상승, 수요 둔화","호재 영향 예상: +5.8~+10.6% (66,800원 부근까지 시도) · 이탈 기준 57,138원","호재 뉴스: 세아베스틸지주, -13.59% VI 발동 (2026-05-20) · 최대 호재: 수주, 계약, 실적 개선, 정책 수혜 / 최대 악재: 실적 부진, 규제, 원가 상승, 수요 둔화"
종근당,185750.KS,ok,국장,해당 없음,0.0,0.0,0.0,,,0,해당 없음,0.0,0.0,,,,0.0,0.0,,,-8.0,본장 전/초반 1시간 약세 · 초반 -2.23% · 방어 우선,6.0,양호,1분봉 양호 · 장중 -2.98% · 최근 +0.13%,AI 관망,0,지금은 확실한 우위가 부족합니다.,의료/제약,보류,🚫 제외,리스크 과다,0,14.0,12.0,0.0,0.0,0.0,2.0,25.0,False,False,중립장,11.0,78200.0,80100.0,naver_realtime,naver_realtime_calculated,-2.37,-1.88,1.51,0.81,0.75,False,1760516600.0,26.1,False,2.86,일반 모멘텀,"건전한 갭 상승, 1분봉 양호 · 장중 -2.98% · 최근 +0.13%","뉴스 호재 강도 약함, 본장 전/초반 1시간 약세 · 초반 -2.23% · 방어 우선, 매수 확인 부족: 거래량 0.81x / 거래대금 0.75x, 의료/제약 섹터 약세",수급 수집 실패,unavailable,0.0,0.0,약한 호재: 상승,google_news,호재 뉴스: '외국인 인기템' 여드름·기미 연고…코스메슈티컬 급성장 (2026-05-17),weak,"'외국인 인기템' 여드름·기미 연고…코스메슈티컬 급성장 (2026-05-17) | 부동산과 금융 절연이 낳은 부작용…기업대출, 연체율도 동반 상승 (2026-05-15)","naver_daily, naver_realtime, news:google_news, flow:unavailable, intraday_1m",0.0,6.0,의료/제약 섹터 약세,2026-05-19 21:07:50 PDT,0,관망 · 호재 뉴스: '외국인 인기템' 여드름·기미 연고…코스메슈티컬 급성장 (2026-05-17),선행 신호 대기,놓침 위험 낮음,시장 방어장 · 신규 매수는 작게,급변 신호 없음,"의료/제약 흐름 · 평균 -3.53% · 거래량 1.0배 · 대표 유한양행, 보령, 대웅제약",방어장 · 평균 -5.68% · 하락비중 91% · 현금 비중 높게,수급 수집 실패,의료/제약 → 임상/승인 → 장비/소모품,"기준 현재가 78,200 · 손절 참고 75,854 · 1차 익절 참고 81,328",섹터 최대 악재: 부작용,"악재 영향 예상: -3.0~-4.5% (74,681원 부근까지 경계) · 회복 기준 79,764원 돌파",호재 뉴스: '외국인 인기템' 여드름·기미 연고…코스메슈티컬 급성장 (2026-05-17) · 섹터 최대 악재: 부작용
한미약품,128940.KS,ok,국장,해당 없음,0.0,0.0,0.0,,,0,해당 없음,0.0,0.0,,,,0.0,0.0,,,-8.0,본장 전/초반 1시간 약세 · 초반 -5.17% · 방어 우선,6.0,양호,1분봉 양호 · 장중 -4.83% · 최근 +0.12%,AI 관망,0,지금은 확실한 우위가 부족합니다.,의료/제약,보류,🚫 제외,리스크 과다,0,30.0,16.0,12.0,0.0,0.0,2.0,44.0,False,False,중립장,11.0,417500.0,439500.0,naver_realtime,naver_realtime_calculated,-5.01,-3.47,-0.12,1.36,1.23,True,65520362500.0,36.0,True,6.47,일반 모멘텀,"거래량 증가(1.4x), MACD 상승, 1분봉 양호 · 장중 -4.83% · 최근 +0.12%","변동성 과다, 뉴스 리스크: 악재: 하락, 본장 전/초반 1시간 약세 · 초반 -5.17% · 방어 우선, 리스크 38 이상으로 신규 관심 제외, 의료/제약 섹터 약세",수급 수집 실패,unavailable,0.0,0.0,악재: 하락,google_news,악재 뉴스: [동명이사] 한미약품 vs 한미반도체 vs 한미글로벌 By EBN - Investing.com 한국어 (2026-05-19),none,[동명이사] 한미약품 vs 한미반도체 vs 한미글로벌 By EBN - Investing.com 한국어 (2026-05-19) | [주식] 코스닥 하락세 지속...셀레믹스 23%↑·툴젠 17% ↓ (2026-05-18),"naver_daily, naver_realtime, news:google_news, flow:unavailable, intraday_1m",0.0,6.0,의료/제약 섹터 약세,2026-05-19 21:07:50 PDT,0,관망 · 거래량 1.4배 · 악재 뉴스: [동명이사] 한미약품 vs 한미반도체 vs 한미글로벌 By EBN - Investing.com 한국어 (2026-,선행 신호 대기,놓침 위험 낮음,시장 방어장 · 신규 매수는 작게,급변 신호 없음,"의료/제약 흐름 · 평균 -3.53% · 거래량 1.0배 · 대표 유한양행, 보령, 대웅제약",방어장 · 평균 -5.68% · 하락비중 91% · 현금 비중 높게,수급 수집 실패,AI/반도체 → 전력 → 냉각 → 데이터센터 → 광통신,"기준 현재가 417,500 · 손절 참고 390,488 · 1차 익절 참고 451,265","최대 호재: FDA 승인, 임상 성공, 기술수출, 품목허가 / 최대 악재: 임상 실패, 허가 지연, 부작용, 소송","악재 영향 예상: -5.4~-9.7% (376,799원 부근까지 경계) · 회복 기준 429,656원 돌파","악재 뉴스: [동명이사] 한미약품 vs 한미반도체 vs 한미글로벌 By EBN - Investing.com 한국어 (2026-05-19) · 최대 호재: FDA 승인, 임상 성공, 기술수출, 품목허가 / 최대 악재: 임상 실패, 허가 지연, 부작용, 소송"
SK바이오팜,326030.KS,ok,국장,해당 없음,0.0,0.0,0.0,,,0,해당 없음,0.0,0.0,,,,0.0,0.0,,,-8.0,본장 전/초반 1시간 약세 · 초반 -1.81% · 방어 우선,0.0,중립,1분봉 중립 · 장중 -3.77% · 최근 -0.17%,AI 관망,3,지금은 확실한 우위가 부족합니다.,바이오,보류,🚫 제외,리스크 과다,0,10.0,0.0,0.0,0.0,8.0,2.0,25.0,False,False,중립장,11.0,91000.0,93000.0,naver_realtime,naver_realtime_calculated,-2.15,-4.71,-0.63,1.05,0.96,True,20690306000.0,32.2,False,4.53,일반 모멘텀,"뉴스 키워드: 보통 호재: 실적, 투자","본장 전/초반 1시간 약세 · 초반 -1.81% · 방어 우선, 바이오 섹터 약세",수급 수집 실패,unavailable,0.0,0.0,"보통 호재: 실적, 투자",google_news,"호재 뉴스: SK바이오팜 '세노바메이트', 성장 가속…年 '1조 신약' 주목 (2026-05-18)",medium,"SK바이오팜 '세노바메이트', 성장 가속…年 '1조 신약' 주목 (2026-05-18) | 지금이 SK 바이오 제약 (KRX :326030)을 관심 목록에 올릴 때입니까? - simplywall.st (2026-05-15)","naver_daily, naver_realtime, news:google_news, flow:unavailable, intraday_1m",0.0,6.0,바이오 섹터 약세,2026-05-19 21:07:50 PDT,16,"관망 · 호재 뉴스: SK바이오팜 '세노바메이트', 성장 가속…年 '1조 신약' 주목 (2026-05-18) · 놓친 상승 복기: 이전 놓친 상승 패턴 1회",선행 신호 대기,놓침 위험 낮음,시장 방어장 · 신규 매수는 작게,급변 신호 없음,"바이오 흐름 · 평균 -4.44% · 거래량 1.3배 · 대표 바이오니아, 알테오젠, SK바이오사이언스",방어장 · 평균 -5.68% · 하락비중 91% · 현금 비중 높게,수급 수집 실패,의료/제약 → 임상/승인 → 장비/소모품,"기준 현재가 91,000 · 손절 참고 86,878 · 1차 익절 참고 96,153","최대 호재: 수주, 계약, 실적 개선, 정책 수혜 / 최대 악재: 실적 부진, 규제, 원가 상승, 수요 둔화","호재 영향 예상: +2.0~+3.5% (94,155원 부근까지 시도) · 이탈 기준 89,145원","호재 뉴스: SK바이오팜 '세노바메이트', 성장 가속…年 '1조 신약' 주목 (2026-05-18) · 최대 호재: 수주, 계약, 실적 개선, 정책 수혜 / 최대 악재: 실적 부진, 규제, 원가 상승, 수요 둔화"
SK바이오사이언스,302440.KS,ok,국장,해당 없음,0.0,0.0,0.0,,,0,해당 없음,0.0,0.0,,,,0.0,0.0,,,-8.0,본장 전/초반 1시간 약세 · 초반 -1.32% · 방어 우선,0.0,중립,1분봉 중립 · 장중 -3.84% · 최근 -0.25%,AI 관망,0,지금은 확실한 우위가 부족합니다.,바이오,보류,🚫 제외,리스크 과다,0,14.0,0.0,12.0,0.0,0.0,2.0,29.0,False,False,중립장,11.0,40150.0,40900.0,naver_realtime,naver_realtime_calculated,-1.83,-0.99,-0.12,1.36,1.27,True,7284374350.0,36.7,False,4.01,일반 모멘텀,거래량 증가(1.4x),"뉴스 리스크: 악재: 하락, 본장 전/초반 1시간 약세 · 초반 -1.32% · 방어 우선, 바이오 섹터 약세",수급 수집 실패,unavailable,0.0,0.0,악재: 하락,google_news,"악재 뉴스: SK바이오사이언스 주가, 5월 15일 41,300원 4.40% 하락 마감 (2026-05-15)",none,"SK바이오사이언스 주가, 5월 15일 41,300원 4.40% 하락 마감 (2026-05-15) | ""우린 운명공동체""…제약바이오, 주식성과보상 확산 (2026-05-11)","naver_daily, naver_realtime, news:google_news, flow:unavailable, intraday_1m",0.0,6.0,바이오 섹터 약세,2026-05-19 21:07:50 PDT,0,"관망 · 거래량 1.4배 · 추격 부담 낮음 · 악재 뉴스: SK바이오사이언스 주가, 5월 15일 41,300원 4.40% 하락 마감 (2026-05-15) · 놓친 상승 복기: 이전 놓친 상승 패턴 1회",선행 신호 대기,놓침 위험 낮음,시장 방어장 · 신규 매수는 작게,급변 신호 없음,"바이오 흐름 · 평균 -4.44% · 거래량 1.3배 · 대표 바이오니아, 알테오젠, SK바이오사이언스",방어장 · 평균 -5.68% · 하락비중 91% · 현금 비중 높게,수급 수집 실패,의료/제약 → 임상/승인 → 장비/소모품,"기준 현재가 40,150 · 손절 참고 38,540 · 1차 익절 참고 42,163","최대 호재: 수주, 계약, 실적 개선, 정책 수혜 / 최대 악재: 실적 부진, 규제, 원가 상승, 수요 둔화","악재 영향 예상: -3.1~-5.6% (37,900원 부근까지 경계) · 회복 기준 40,953원 돌파","악재 뉴스: SK바이오사이언스 주가, 5월 15일 41,300원 4.40% 하락 마감 (2026-05-15) · 최대 호재: 수주, 계약, 실적 개선, 정책 수혜 / 최대 악재: 실적 부진, 규제, 원가 상승, 수요 둔화"
에이비엘바이오,298380.KQ,ok,국장,해당 없음,0.0,0.0,0.0,,,0,해당 없음,0.0,0.0,,,,0.0,0.0,,,-8.0,본장 전/초반 1시간 약세 · 초반 -2.90% · 방어 우선,6.0,양호,1분봉 양호 · 장중 -5.25% · 최근 +0.19%,AI 관망,0,지금은 확실한 우위가 부족합니다.,바이오,보류,🚫 제외,리스크 과다,0,12.0,6.0,0.0,0.0,4.0,2.0,40.0,False,False,중립장,11.0,105300.0,112000.0,naver_realtime,naver_realtime_calculated,-5.98,-6.15,0.0,0.86,0.66,False,61801412400.0,12.7,False,9.44,일반 모멘텀,"뉴스 키워드: 보통 호재: 투자, 1분봉 양호 · 장중 -5.25% · 최근 +0.19%","변동성 과다, 본장 전/초반 1시간 약세 · 초반 -2.90% · 방어 우선, 매수 확인 부족: 거래량 0.86x / 거래대금 0.66x, 리스크 34 이상으로 신규 관심 제외, 바이오 섹터 약세",수급 수집 실패,unavailable,0.0,0.0,보통 호재: 투자,google_news,호재 뉴스: 코스닥 제약업종 톱50 외국인 주식 보유액 8.4조원 규모 (2026-05-19),medium,"코스닥 제약업종 톱50 외국인 주식 보유액 8.4조원 규모 (2026-05-19) | 에이비엘바이오, 11만 원대로 밀려…미중 관세 완화 월요일 동향 체크 (2026-05-17)","naver_daily, naver_realtime, news:google_news, flow:unavailable, intraday_1m",0.0,6.0,바이오 섹터 약세,2026-05-19 21:07:50 PDT,10,관망 · 중립 · [코스닥 외국인] 파두 성호전자 에이비엘바이오 에코프로 쓸어 담았다 - 핀포인트뉴스 · 2026-05-19T16:08 · 놓친 상승 복기: 이전 놓친 상승 패턴 1회,선행 신호 대기,놓침 위험 낮음,시장 방어장 · 신규 매수는 작게,급변 감지 · 당일 -6.15%,"바이오 흐름 · 평균 -4.44% · 거래량 1.3배 · 대표 바이오니아, 알테오젠, SK바이오사이언스",방어장 · 평균 -5.68% · 하락비중 91% · 현금 비중 높게,수급 수집 실패,의료/제약 → 임상/승인 → 장비/소모품,"기준 현재가 105,300 · 손절 참고 95,360 · 1차 익절 참고 117,725","최대 호재: 수주, 계약, 실적 개선, 정책 수혜 / 최대 악재: 실적 부진, 규제, 원가 상승, 수요 둔화","호재 영향 예상: +3.9~+7.1% (112,755원 부근까지 시도) · 이탈 기준 100,827원","중립 · [코스닥 외국인] 파두 성호전자 에이비엘바이오 에코프로 쓸어 담았다 - 핀포인트뉴스 · 2026-05-19T16:08:59+09:00 · 최대 호재: 수주, 계약, 실적 개선, 정책 수혜 / 최대 악재: 실적 부진, 규제, 원가 상승, 수요 둔화"
엘앤에프,066970.KS,ok,국장,해당 없음,0.0,0.0,0.0,,,0,해당 없음,0.0,0.0,,,,0.0,0.0,,,-8.0,본장 전/초반 1시간 약세 · 초반 -3.68% · 방어 우선,6.0,양호,1분봉 양호 · 장중 -5.62% · 최근 +0.07%,AI 관망,0,지금은 확실한 우위가 부족합니다.,2차전지,보류,🚫 제외,리스크 과다,0,14.0,12.0,0.0,0.0,0.0,2.0,40.0,False,False,중립장,11.0,148200.0,157000.0,naver_realtime,naver_realtime_calculated,-5.61,-7.66,2.18,0.51,0.4,False,55508458200.0,26.2,False,10.42,일반 모멘텀,"건전한 갭 상승, 1분봉 양호 · 장중 -5.62% · 최근 +0.07%","변동성 과다, 본장 전/초반 1시간 약세 · 초반 -3.68% · 방어 우선, 매수 확인 부족: 거래량 0.51x / 거래대금 0.40x, 리스크 34 이상으로 신규 관심 제외, 2차전지 섹터 약세",수급 수집 실패,unavailable,0.0,0.0,뉴스 중립,google_news,"관련 뉴스: ‘GS 4세’ 허제홍, 엘앤에프 복귀 다섯 달…“양극재 집중” (2026-05-18)",none,"‘GS 4세’ 허제홍, 엘앤에프 복귀 다섯 달…“양극재 집중” (2026-05-18) | 엘앤에프, LFP 양극재 자회사 '엘앤에프플러스' 준공 (2026-05-18)","naver_daily, naver_realtime, news:google_news, flow:unavailable, intraday_1m",0.0,6.0,2차전지 섹터 약세,2026-05-19 21:07:50 PDT,0,"관망 · 관련 뉴스: ‘GS 4세’ 허제홍, 엘앤에프 복귀 다섯 달…“양극재 집중” (2026-05-18)",선행 신호 대기,놓침 위험 낮음,시장 방어장 · 신규 매수는 작게,급변 감지 · 당일 -7.66%,"2차전지 흐름 · 평균 -7.70% · 거래량 0.7배 · 대표 LG에너지솔루션, 에코프로비엠, 에코프로",방어장 · 평균 -5.68% · 하락비중 91% · 현금 비중 높게,수급 수집 실패,대표 테마 연결 대기,"기준 현재가 148,200 · 손절 참고 132,758 · 1차 익절 참고 167,503","최대 호재: 수주, IRA 수혜, 리튬 가격 안정, 흑자 전환 / 최대 악재: 화재, 리콜, 수요 둔화, 적자 확대",뉴스 영향 예상: 방향성 약함 · 가격/거래량 확인 우선,"관련 뉴스: ‘GS 4세’ 허제홍, 엘앤에프 복귀 다섯 달…“양극재 집중” (2026-05-18) · 최대 호재: 수주, IRA 수혜, 리튬 가격 안정, 흑자 전환 / 최대 악재: 화재, 리콜, 수요 둔화, 적자 확대"
에코프로머티,450080.KS,ok,국장,해당 없음,0.0,0.0,0.0,,,0,해당 없음,0.0,0.0,,,,0.0,0.0,,,-8.0,본장 전/초반 1시간 약세 · 초반 -3.11% · 방어 우선,0.0,중립,1분봉 중립 · 장중 -4.10% · 최근 +0.00%,AI 관망,0,지금은 확실한 우위가 부족합니다.,2차전지소재,보류,🚫 제외,리스크 과다,0,10.0,0.0,0.0,0.0,8.0,2.0,40.0,False,False,중립장,11.0,59000.0,61200.0,naver_realtime,naver_realtime_calculated,-3.59,-7.23,0.0,0.35,0.26,False,34748994000.0,15.6,False,8.57,일반 모멘텀,"뉴스 키워드: 보통 호재: 투자, 실적","변동성 과다, 본장 전/초반 1시간 약세 · 초반 -3.11% · 방어 우선, 매수 확인 부족: 거래량 0.35x / 거래대금 0.26x, 리스크 34 이상으로 신규 관심 제외, 2차전지소재 섹터 약세",수급 수집 실패,unavailable,0.0,0.0,"보통 호재: 투자, 실적",google_news,호재 뉴스: 에코아이 최대주주 지분 72% 보호예수 해제 - v.daum.net (2026-05-18),medium,"에코아이 최대주주 지분 72% 보호예수 해제 - v.daum.net (2026-05-18) | '지주사 반납' 에코프로, 신사업 투자·M&A 속도…타업종 진출 기대 (2026-05-18)","naver_daily, naver_realtime, news:google_news, flow:unavailable, intraday_1m",0.0,6.0,2차전지소재 섹터 약세,2026-05-19 21:07:50 PDT,7,관망 · 호재 뉴스: 에코아이 최대주주 지분 72% 보호예수 해제 - v.daum.net (2026-05-18),선행 신호 대기,놓침 위험 낮음,시장 방어장 · 신규 매수는 작게,급변 감지 · 당일 -7.23%,"2차전지소재 흐름 · 평균 -9.44% · 거래량 0.5배 · 대표 탑머티리얼, 에코프로머티, 중앙첨단소재",방어장 · 평균 -5.68% · 하락비중 91% · 현금 비중 높게,수급 수집 실패,대표 테마 연결 대기,"기준 현재가 59,000 · 손절 참고 53,944 · 1차 익절 참고 65,320","최대 호재: 수주, IRA 수혜, 리튬 가격 안정, 흑자 전환 / 최대 악재: 화재, 리콜, 수요 둔화, 적자 확대","호재 영향 예상: +3.5~+6.4% (62,792원 부근까지 시도) · 이탈 기준 56,725원","호재 뉴스: 에코아이 최대주주 지분 72% 보호예수 해제 - v.daum.net (2026-05-18) · 최대 호재: 수주, IRA 수혜, 리튬 가격 안정, 흑자 전환 / 최대 악재: 화재, 리콜, 수요 둔화, 적자 확대"
나노신소재,121600.KQ,ok,국장,해당 없음,0.0,0.0,0.0,,,0,해당 없음,0.0,0.0,,,,0.0,0.0,,,-8.0,본장 전/초반 1시간 약세 · 초반 -1.51% · 방어 우선,6.0,양호,1분봉 양호 · 장중 -4.54% · 최근 +0.32%,AI 관망,0,지금은 확실한 우위가 부족합니다.,2차전지소재,보류,🚫 제외,리스크 과다,0,14.0,12.0,0.0,0.0,0.0,2.0,40.0,False,False,중립장,11.0,63600.0,67900.0,naver_realtime,naver_realtime_calculated,-6.33,-10.3,1.27,0.61,0.48,False,7494178800.0,21.3,False,7.69,일반 모멘텀,"건전한 갭 상승, 1분봉 양호 · 장중 -4.54% · 최근 +0.32%","변동성 과다, 본장 전/초반 1시간 약세 · 초반 -1.51% · 방어 우선, 매수 확인 부족: 거래량 0.61x / 거래대금 0.48x, 리스크 34 이상으로 신규 관심 제외, 2차전지소재 섹터 약세",수급 수집 실패,unavailable,0.0,0.0,뉴스 중립,google_news,"관련 뉴스: 나노실리칸첨단소재, 7월 3일 임시주총 소집…액면병합·정관변경 안건 (2026-05-18)",none,"나노실리칸첨단소재, 7월 3일 임시주총 소집…액면병합·정관변경 안건 (2026-05-18) | 나노 신소재 개발 기업 나노실리칸첨단소재(286750)가 2대 1 주식병합 결정, 18일 공시했다 (2026-05-18)","naver_daily, naver_realtime, news:google_news, flow:unavailable, intraday_1m",0.0,6.0,2차전지소재 섹터 약세,2026-05-19 21:07:50 PDT,0,"관망 · 관련 뉴스: 나노실리칸첨단소재, 7월 3일 임시주총 소집…액면병합·정관변경 안건 (2026-05-18)",선행 신호 대기,놓침 위험 낮음,시장 방어장 · 신규 매수는 작게,급변 감지 · 당일 -10.30%,"2차전지소재 흐름 · 평균 -9.44% · 거래량 0.5배 · 대표 탑머티리얼, 에코프로머티, 중앙첨단소재",방어장 · 평균 -5.68% · 하락비중 91% · 현금 비중 높게,수급 수집 실패,대표 테마 연결 대기,"기준 현재가 63,600 · 손절 참고 58,709 · 1차 익절 참고 69,714","최대 호재: 수주, IRA 수혜, 리튬 가격 안정, 흑자 전환 / 최대 악재: 화재, 리콜, 수요 둔화, 적자 확대",뉴스 영향 예상: 방향성 약함 · 가격/거래량 확인 우선,"관련 뉴스: 나노실리칸첨단소재, 7월 3일 임시주총 소집…액면병합·정관변경 안건 (2026-05-18) · 최대 호재: 수주, IRA 수혜, 리튬 가격 안정, 흑자 전환 / 최대 악재: 화재, 리콜, 수요 둔화, 적자 확대"
솔브레인,357780.KQ,ok,국장,해당 없음,0.0,0.0,0.0,,,0,해당 없음,0.0,0.0,,,,0.0,0.0,,,-8.0,본장 전/초반 1시간 약세 · 초반 -2.97% · 방어 우선,0.0,중립,1분봉 중립 · 장중 -4.96% · 최근 -0.26%,AI 관망,0,지금은 확실한 우위가 부족합니다.,반도체/2차전지소재,보류,🚫 제외,리스크 과다,0,8.0,6.0,0.0,0.0,0.0,2.0,34.0,False,False,중립장,11.0,386000.0,401000.0,naver_realtime,naver_realtime_calculated,-3.74,-5.39,0.12,0.86,0.73,False,18084100000.0,32.6,False,9.02,일반 모멘텀,건전한 갭 상승,"변동성 과다, 본장 전/초반 1시간 약세 · 초반 -2.97% · 방어 우선, 매수 확인 부족: 거래량 0.86x / 거래대금 0.73x, 리스크 34 이상으로 신규 관심 제외",수급 수집 실패,unavailable,0.0,0.0,뉴스 중립,google_news,"관련 뉴스: 솔브레인홀딩스, 전기제품주 고ROE+저PER+저PBR 1위 (2026-05-12)",none,"솔브레인홀딩스, 전기제품주 고ROE+저PER+저PBR 1위 (2026-05-12)","naver_daily, naver_realtime, news:google_news, flow:unavailable, intraday_1m",,,섹터 확인 부족,2026-05-19 21:07:50 PDT,0,"관망 · 관련 뉴스: 솔브레인홀딩스, 전기제품주 고ROE+저PER+저PBR 1위 (2026-05-12)",선행 신호 대기,놓침 위험 낮음,시장 방어장 · 신규 매수는 작게,급변 신호 없음,반도체/2차전지소재 흐름 · 평균 -5.39% · 거래량 0.9배 · 대표 솔브레인,방어장 · 평균 -5.68% · 하락비중 91% · 현금 비중 높게,수급 수집 실패,AI/반도체 → 전력 → 냉각 → 데이터센터 → 광통신,"기준 현재가 386,000 · 손절 참고 351,183 · 1차 익절 참고 429,521","최대 호재: HBM 수주, 엔비디아 공급, 장비 발주, 수율 개선 / 최대 악재: 어닝 쇼크, 컨센서스 하회, 수출 통제, 재고 급증",뉴스 영향 예상: 방향성 약함 · 가격/거래량 확인 우선,"관련 뉴스: 솔브레인홀딩스, 전기제품주 고ROE+저PER+저PBR 1위 (2026-05-12) · 최대 호재: HBM 수주, 엔비디아 공급, 장비 발주, 수율 개선 / 최대 악재: 어닝 쇼크, 컨센서스 하회, 수출 통제, 재고 급증"
펩트론,087010.KQ,ok,국장,해당 없음,0.0,0.0,0.0,,,0,해당 없음,0.0,0.0,,,,0.0,0.0,,,0.0,본장 전/초반 1시간 중립 · 초반 +4.97%,4.0,중립,1분봉 중립 · 장중 -1.04% · 최근 +0.00%,AI 관망,0,지금은 확실한 우위가 부족합니다.,바이오,보류,🚫 제외,리스크 과다,0,15.0,10.0,0.0,0.0,3.0,2.0,32.0,False,False,중립장,11.0,240000.0,245500.0,naver_realtime,naver_realtime_calculated,-2.24,0.42,2.72,0.87,0.78,False,34072080000.0,35.3,False,8.51,일반 모멘텀,"건전한 갭 상승, 뉴스 키워드: 약한 호재: 상승, 돌파, 1분봉 중립 · 장중 -1.04% · 최근 +0.00%","변동성 과다, 뉴스 호재 강도 약함, 매수 확인 부족: 거래량 0.87x / 거래대금 0.78x, 리스크 26 이상으로 신규 관심 제외, 바이오 섹터 약세",수급 수집 실패,unavailable,0.0,0.0,"약한 호재: 상승, 돌파",google_news,호재 뉴스: 코스닥 제약업종 톱50 외국인 주식 보유액 8.4조원 규모 (2026-05-19),weak,"코스닥 제약업종 톱50 외국인 주식 보유액 8.4조원 규모 (2026-05-19) | 펩트론 주가, 5월 12일 장중 292,500원 5.78% 상승 (2026-05-12)","naver_daily, naver_realtime, news:google_news, flow:unavailable, intraday_1m",0.0,6.0,바이오 섹터 약세,2026-05-19 21:07:50 PDT,20,관망 · 추격 부담 낮음 · 호재 뉴스: 코스닥 제약업종 톱50 외국인 주식 보유액 8.4조원 규모 (2026-05-19) · 놓친 상승 복기: 이전 놓친 상승 패턴 1회,선행 신호 대기,놓침 위험 낮음,시장 방어장 · 신규 매수는 작게,급변 신호 없음,"바이오 흐름 · 평균 -4.44% · 거래량 1.3배 · 대표 바이오니아, 알테오젠, SK바이오사이언스",방어장 · 평균 -5.68% · 하락비중 91% · 현금 비중 높게,수급 수집 실패,의료/제약 → 임상/승인 → 장비/소모품,"기준 현재가 240,000 · 손절 참고 219,576 · 1차 익절 참고 265,530","최대 호재: 수주, 계약, 실적 개선, 정책 수혜 / 최대 악재: 실적 부진, 규제, 원가 상승, 수요 둔화","호재 영향 예상: +3.5~+6.4% (255,318원 부근까지 시도) · 이탈 기준 230,809원","호재 뉴스: 코스닥 제약업종 톱50 외국인 주식 보유액 8.4조원 규모 (2026-05-19) · 최대 호재: 수주, 계약, 실적 개선, 정책 수혜 / 최대 악재: 실적 부진, 규제, 원가 상승, 수요 둔화"
리가켐바이오,141080.KQ,ok,국장,해당 없음,0.0,0.0,0.0,,,0,해당 없음,0.0,0.0,,,,0.0,0.0,,,-8.0,본장 전/초반 1시간 약세 · 초반 -4.43% · 방어 우선,6.0,양호,1분봉 양호 · 장중 -6.20% · 최근 +0.36%,AI 관망,0,지금은 확실한 우위가 부족합니다.,바이오,보류,🚫 제외,리스크 과다,0,28.0,6.0,20.0,0.0,0.0,2.0,56.0,False,False,중립장,11.0,138400.0,150300.0,naver_realtime,naver_realtime_calculated,-7.92,-14.57,-1.73,2.02,1.49,True,125948982400.0,25.8,False,11.67,거래량 폭발,"거래량/거래대금 폭발(2.0x/1.5x), 1분봉 양호 · 장중 -6.20% · 최근 +0.36%","변동성 과다, 뉴스 리스크: 악재: 순매도, 급락, 하락, 본장 전/초반 1시간 약세 · 초반 -4.43% · 방어 우선, 리스크 50 이상으로 신규 관심 제외, 바이오 섹터 약세",수급 수집 실패,unavailable,0.0,0.0,"악재: 순매도, 급락, 하락",google_news,"악재 뉴스: 19일, 기관 코스닥에서 리가켐바이오(-7.22%), 파두(+9.10%) 등 순매도 (2026-05-19)",none,"19일, 기관 코스닥에서 리가켐바이오(-7.22%), 파두(+9.10%) 등 순매도 (2026-05-19) | 오리온이 준 2년의 시간···리가켐, 'ADC 데이터'로 가치 입증해야 (2026-05-19)","naver_daily, naver_realtime, news:google_news, flow:unavailable, intraday_1m",0.0,6.0,바이오 섹터 약세,2026-05-19 21:07:50 PDT,0,"관망 · 거래량 2.0배 · 악재 뉴스: 19일, 기관 코스닥에서 리가켐바이오(-7.22%), 파두(+9.10%) 등 순매도 (2026-05-19) · 놓친 상승 복기: 이전 놓친 상승 패턴 1회",선행 신호 대기,놓칠 가능성 높음,급락 위험 · 거래량 2.0배 동반 하락,급변 감지 · 당일 -14.57%,"바이오 흐름 · 평균 -4.44% · 거래량 1.3배 · 대표 바이오니아, 알테오젠, SK바이오사이언스",방어장 · 평균 -5.68% · 하락비중 91% · 현금 비중 높게,수급 수집 실패,의료/제약 → 임상/승인 → 장비/소모품,"기준 현재가 138,400 · 손절 참고 122,249 · 1차 익절 참고 158,589","최대 호재: 수주, 계약, 실적 개선, 정책 수혜 / 최대 악재: 실적 부진, 규제, 원가 상승, 수요 둔화","악재 영향 예상: -8.8~-15.9% (116,367원 부근까지 경계) · 회복 기준 145,668원 돌파","악재 뉴스: 19일, 기관 코스닥에서 리가켐바이오(-7.22%), 파두(+9.10%) 등 순매도 (2026-05-19) · 최대 호재: 수주, 계약, 실적 개선, 정책 수혜 / 최대 악재: 실적 부진, 규제, 원가 상승, 수요 둔화"
천보,278280.KQ,ok,국장,해당 없음,0.0,0.0,0.0,,,0,해당 없음,0.0,0.0,,,,0.0,0.0,,,0.0,본장 전/초반 1시간 중립 · 초반 -0.85%,6.0,양호,1분봉 양호 · 장중 -3.39% · 최근 +0.11%,AI 관망,0,지금은 확실한 우위가 부족합니다.,2차전지소재,보류,🚫 제외,리스크 과다,0,8.0,6.0,0.0,0.0,0.0,2.0,40.0,False,False,중립장,11.0,45700.0,48300.0,naver_realtime,naver_realtime_calculated,-5.38,-9.68,-0.99,0.54,0.39,False,3466756300.0,12.7,False,8.77,일반 모멘텀,1분봉 양호 · 장중 -3.39% · 최근 +0.11%,"변동성 과다, 뉴스 호재 강도 약함, 뉴스 리스크: 약한 호재: 증가 / 악재: 전환사채, 매수 확인 부족: 거래량 0.54x / 거래대금 0.39x, 리스크 34 이상으로 신규 관심 제외, 2차전지소재 섹터 약세",수급 수집 실패,unavailable,0.0,0.0,약한 호재: 증가 / 악재: 전환사채,google_news,"악재 뉴스: 천보, 전환사채 전환 7,120주 추가상장→주식총수 증가 (2026-05-12)",weak,"천보, 전환사채 전환 7,120주 추가상장→주식총수 증가 (2026-05-12)","naver_daily, naver_realtime, news:google_news, flow:unavailable, intraday_1m",0.0,6.0,2차전지소재 섹터 약세,2026-05-19 21:07:50 PDT,0,"관망 · 악재 뉴스: 천보, 전환사채 전환 7,120주 추가상장→주식총수 증가 (2026-05-12)",선행 신호 대기,놓침 위험 낮음,중대 리스크 · 악재 뉴스 우선 확인,급변 감지 · 당일 -9.68%,"2차전지소재 흐름 · 평균 -9.44% · 거래량 0.5배 · 대표 탑머티리얼, 에코프로머티, 중앙첨단소재",방어장 · 평균 -5.68% · 하락비중 91% · 현금 비중 높게,수급 수집 실패,대표 테마 연결 대기,"기준 현재가 45,700 · 손절 참고 41,692 · 1차 익절 참고 50,710","최대 호재: 수주, IRA 수혜, 리튬 가격 안정, 흑자 전환 / 최대 악재: 화재, 리콜, 수요 둔화, 적자 확대","악재 영향 예상: -5.7~-10.4% (40,931원 부근까지 경계) · 회복 기준 47,504원 돌파","악재 뉴스: 천보, 전환사채 전환 7,120주 추가상장→주식총수 증가 (2026-05-12) · 최대 호재: 수주, IRA 수혜, 리튬 가격 안정, 흑자 전환 / 최대 악재: 화재, 리콜, 수요 둔화, 적자 확대"
대주전자재료,078600.KQ,ok,국장,해당 없음,0.0,0.0,0.0,,,0,해당 없음,0.0,0.0,,,,0.0,0.0,,,-8.0,본장 전/초반 1시간 약세 · 초반 -5.18% · 방어 우선,0.0,중립,1분봉 중립 · 장중 -6.96% · 최근 -0.23%,AI 관망,0,지금은 확실한 우위가 부족합니다.,2차전지소재,보류,🚫 제외,리스크 과다,0,10.0,0.0,0.0,0.0,8.0,2.0,56.0,False,False,중립장,11.0,131800.0,146700.0,naver_realtime,naver_realtime_calculated,-10.16,-16.05,3.06,0.87,0.72,False,54481507000.0,33.5,False,9.05,일반 모멘텀,"뉴스 키워드: 보통 호재: 투자, 실적 / 악재: 전환사채","변동성 과다, 뉴스 리스크: 보통 호재: 투자, 실적 / 악재: 전환사채, 본장 전/초반 1시간 약세 · 초반 -5.18% · 방어 우선, 매수 확인 부족: 거래량 0.87x / 거래대금 0.72x, 리스크 50 이상으로 신규 관심 제외, 2차전지소재 섹터 약세",수급 수집 실패,unavailable,0.0,0.0,"보통 호재: 투자, 실적 / 악재: 전환사채",google_news,"악재 뉴스: [메자닌 투자파일] 대주전자재료, CB 묘수…백기사 메리츠 눈길 (2026-05-20)",medium,"[메자닌 투자파일] 대주전자재료, CB 묘수…백기사 메리츠 눈길 (2026-05-20) | [서치 e종목] 대주전자재료, 내후년까지 MLCC 등 도전재 호황…호실적 행진? (2026-05-18)","naver_daily, naver_realtime, news:google_news, flow:unavailable, intraday_1m",0.0,6.0,2차전지소재 섹터 약세,2026-05-19 21:07:50 PDT,0,"관망 · 악재 뉴스: [메자닌 투자파일] 대주전자재료, CB 묘수…백기사 메리츠 눈길 (2026-05-20)",선행 신호 대기,놓침 위험 낮음,중대 리스크 · 악재 뉴스 우선 확인,급변 감지 · 당일 -16.05%,"2차전지소재 흐름 · 평균 -9.44% · 거래량 0.5배 · 대표 탑머티리얼, 에코프로머티, 중앙첨단소재",방어장 · 평균 -5.68% · 하락비중 91% · 현금 비중 높게,수급 수집 실패,대표 테마 연결 대기,"기준 현재가 131,800 · 손절 참고 119,872 · 1차 익절 참고 146,710","최대 호재: 수주, IRA 수혜, 리튬 가격 안정, 흑자 전환 / 최대 악재: 화재, 리콜, 수요 둔화, 적자 확대","악재 영향 예상: -6.3~-11.5% (116,592원 부근까지 경계) · 회복 기준 137,168원 돌파","악재 뉴스: [메자닌 투자파일] 대주전자재료, CB 묘수…백기사 메리츠 눈길 (2026-05-20) · 최대 호재: 수주, IRA 수혜, 리튬 가격 안정, 흑자 전환 / 최대 악재: 화재, 리콜, 수요 둔화, 적자 확대"
더블유씨피,393890.KQ,ok,국장,해당 없음,0.0,0.0,0.0,,,0,해당 없음,0.0,0.0,,,,0.0,0.0,,,-8.0,본장 전/초반 1시간 약세 · 초반 -5.54% · 방어 우선,6.0,양호,1분봉 양호 · 장중 -5.41% · 최근 +0.07%,AI 관망,0,지금은 확실한 우위가 부족합니다.,2차전지분리막,보류,🚫 제외,리스크 과다,0,12.0,6.0,0.0,0.0,4.0,2.0,40.0,False,False,중립장,11.0,14580.0,15500.0,naver_realtime,naver_realtime_calculated,-5.94,-9.5,-0.99,0.23,0.18,False,4703610060.0,40.8,False,11.89,일반 모멘텀,"뉴스 키워드: 보통 호재: 실적, 1분봉 양호 · 장중 -5.41% · 최근 +0.07%","변동성 과다, 본장 전/초반 1시간 약세 · 초반 -5.54% · 방어 우선, 매수 확인 부족: 거래량 0.23x / 거래대금 0.18x, 리스크 34 이상으로 신규 관심 제외, 2차전지분리막 섹터 약세",수급 수집 실패,unavailable,0.0,0.0,보통 호재: 실적,google_news,"호재 뉴스: DB증권 ""더블유씨피, 이차전지 유망 트렌드 다 갖춰...목표가 2만5000원"" - v.daum.net (2026-05-13)",medium,"DB증권 ""더블유씨피, 이차전지 유망 트렌드 다 갖춰...목표가 2만5000원"" - v.daum.net (2026-05-13) | [Hot 종목 체크] 더블유씨피, 6월부터 LFP ESS향 출하로 실적 턴어라운드? (2026-05-13)","naver_daily, naver_realtime, news:google_news, flow:unavailable, intraday_1m",0.0,6.0,2차전지분리막 섹터 약세,2026-05-19 21:07:50 PDT,6,"관망 · 호재 뉴스: DB증권 ""더블유씨피, 이차전지 유망 트렌드 다 갖춰...목표가 2만5000원"" - v.daum.net (2026",선행 신호 대기,놓침 위험 낮음,시장 방어장 · 신규 매수는 작게,급변 감지 · 당일 -9.50%,"2차전지분리막 흐름 · 평균 -8.15% · 거래량 0.4배 · 대표 SK아이이테크놀로지, 더블유씨피",방어장 · 평균 -5.68% · 하락비중 91% · 현금 비중 높게,수급 수집 실패,대표 테마 연결 대기,"기준 현재가 14,580 · 손절 참고 12,846 · 1차 익절 참고 16,747","최대 호재: 수주, IRA 수혜, 리튬 가격 안정, 흑자 전환 / 최대 악재: 화재, 리콜, 수요 둔화, 적자 확대","호재 영향 예상: +4.9~+8.9% (15,880원 부근까지 시도) · 이탈 기준 13,800원","호재 뉴스: DB증권 ""더블유씨피, 이차전지 유망 트렌드 다 갖춰...목표가 2만5000원"" - v.daum.net (2026-05-13) · 최대 호재: 수주, IRA 수혜, 리튬 가격 안정, 흑자 전환 / 최대 악재: 화재, 리콜, 수요 둔화, 적자 확대"
SK아이이테크놀로지,361610.KS,ok,국장,해당 없음,0.0,0.0,0.0,,,0,해당 없음,0.0,0.0,,,,0.0,0.0,,,-8.0,본장 전/초반 1시간 약세 · 초반 -3.67% · 방어 우선,0.0,중립,1분봉 중립 · 장중 -4.81% · 최근 -0.26%,AI 관망,0,지금은 확실한 우위가 부족합니다.,2차전지분리막,보류,🚫 제외,리스크 과다,0,12.0,6.0,0.0,0.0,4.0,2.0,70.0,False,False,중립장,11.0,19200.0,20300.0,naver_realtime,naver_realtime_calculated,-5.42,-6.8,0.97,0.62,0.47,False,3487200000.0,21.7,False,7.07,일반 모멘텀,"건전한 갭 상승, 뉴스 키워드: 보통 호재: 투자 / 중대 악재: 어닝 쇼크","변동성 과다, 뉴스 리스크: 보통 호재: 투자 / 중대 악재: 어닝 쇼크, 본장 전/초반 1시간 약세 · 초반 -3.67% · 방어 우선, 매수 확인 부족: 거래량 0.62x / 거래대금 0.47x, 리스크 64 이상으로 신규 관심 제외, 2차전지분리막 섹터 약세",수급 수집 실패,unavailable,0.0,0.0,보통 호재: 투자 / 중대 악재: 어닝 쇼크,google_news,"악재 뉴스: ""왜 내 주식만 안 오를까""…동반 폭락한 '중소형주' 오를 땐 반도체만 - 뉴스1 (2026-05-18)",medium,"""왜 내 주식만 안 오를까""…동반 폭락한 '중소형주' 오를 땐 반도체만 - 뉴스1 (2026-05-18) | 1분기 전기차 배터리 분리막 11.5% 성장…中 89% 독식 - biz.sbs.co.kr. (2026-05-15)","naver_daily, naver_realtime, news:google_news, flow:unavailable, intraday_1m",0.0,6.0,2차전지분리막 섹터 약세,2026-05-19 21:07:50 PDT,0,"관망 · 악재 뉴스: ""왜 내 주식만 안 오를까""…동반 폭락한 '중소형주' 오를 땐 반도체만 - 뉴스1 (2026-05-18)",선행 신호 대기,놓침 위험 낮음,시장 방어장 · 신규 매수는 작게,급변 감지 · 당일 -6.80%,"2차전지분리막 흐름 · 평균 -8.15% · 거래량 0.4배 · 대표 SK아이이테크놀로지, 더블유씨피",방어장 · 평균 -5.68% · 하락비중 91% · 현금 비중 높게,수급 수집 실패,AI/반도체 → 전력 → 냉각 → 데이터센터 → 광통신,"기준 현재가 19,200 · 손절 참고 17,843 · 1차 익절 참고 20,897","최대 호재: 수주, IRA 수혜, 리튬 가격 안정, 흑자 전환 / 최대 악재: 화재, 리콜, 수요 둔화, 적자 확대","악재 영향 예상: -5.0~-9.0% (17,469원 부근까지 경계) · 회복 기준 19,811원 돌파","악재 뉴스: ""왜 내 주식만 안 오를까""…동반 폭락한 '중소형주' 오를 땐 반도체만 - 뉴스1 (2026-05-18) · 최대 호재: 수주, IRA 수혜, 리튬 가격 안정, 흑자 전환 / 최대 악재: 화재, 리콜, 수요 둔화, 적자 확대"
대한전선,001440.KS,ok,국장,해당 없음,0.0,0.0,0.0,,,0,해당 없음,0.0,0.0,,,,0.0,0.0,,,-8.0,본장 전/초반 1시간 약세 · 초반 -5.90% · 방어 우선,6.0,양호,1분봉 양호 · 장중 -6.09% · 최근 +0.39%,AI 관망,0,지금은 확실한 우위가 부족합니다.,전선,보류,🚫 제외,리스크 과다,0,44.0,42.0,0.0,0.0,0.0,2.0,48.0,False,False,중립장,11.0,51300.0,53200.0,naver_realtime,naver_realtime_calculated,-3.57,-11.7,0.86,0.29,0.27,False,222868181700.0,58.3,False,15.46,일반 모멘텀,"추세 상승, RSI 건강 구간, 건전한 갭 상승, 1분봉 양호 · 장중 -6.09% · 최근 +0.39%","변동성 과다, 뉴스 리스크: 악재: 하락, 본장 전/초반 1시간 약세 · 초반 -5.90% · 방어 우선, 매수 확인 부족: 거래량 0.29x / 거래대금 0.27x, 리스크 42 이상으로 신규 관심 제외, 전선 섹터 약세",수급 수집 실패,unavailable,0.0,0.0,악재: 하락,google_news,"악재 뉴스: 대한전선 주가, 5월 19일 장중 54,500원 6.20% 하락 (2026-05-19)",none,"대한전선 주가, 5월 19일 장중 54,500원 6.20% 하락 (2026-05-19) | 대한전선, 전력망 호황에 최대 영업익 냈지만…순손실·현금유출은 숙제 (2026-05-18)","naver_daily, naver_realtime, news:google_news, flow:unavailable, intraday_1m",0.0,6.0,전선 섹터 약세,2026-05-19 21:07:50 PDT,0,"관망 · 악재 뉴스: 대한전선 주가, 5월 19일 장중 54,500원 6.20% 하락 (2026-05-19)",선행 신호 대기,놓침 위험 낮음,시장 방어장 · 신규 매수는 작게,급변 감지 · 당일 -11.70%,"전선 흐름 · 평균 -8.50% · 거래량 0.6배 · 대표 가온전선, LS에코에너지, 대원전선",방어장 · 평균 -5.68% · 하락비중 91% · 현금 비중 높게,수급 수집 실패,전력 → 전선 → 구리 → 원전/데이터센터,"기준 현재가 51,300 · 손절 참고 45,144 · 1차 익절 참고 58,995","최대 호재: 해저케이블 수주, 전력망 투자, 구리 가격 상승 수혜, 북미 수주 / 최대 악재: 구리 원가 급등, 공급 지연, 마진 하락, 수주 취소","악재 영향 예상: -8.3~-15.1% (43,556원 부근까지 경계) · 회복 기준 54,070원 돌파","악재 뉴스: 대한전선 주가, 5월 19일 장중 54,500원 6.20% 하락 (2026-05-19) · 최대 호재: 해저케이블 수주, 전력망 투자, 구리 가격 상승 수혜, 북미 수주 / 최대 악재: 구리 원가 급등, 공급 지연, 마진 하락, 수주 취소"
산일전기,062040.KS,ok,국장,해당 없음,0.0,0.0,0.0,,,0,해당 없음,0.0,0.0,,,,0.0,0.0,,,-8.0,본장 전/초반 1시간 약세 · 초반 -2.89% · 방어 우선,0.0,중립,1분봉 중립 · 장중 -3.71% · 최근 +0.00%,AI 관망,0,지금은 확실한 우위가 부족합니다.,전력기기,보류,🚫 제외,리스크 과다,0,32.0,30.0,0.0,0.0,0.0,2.0,50.0,False,False,중립장,11.0,235000.0,245500.0,naver_realtime,naver_realtime_calculated,-4.28,-9.09,3.29,0.7,0.59,False,108298105000.0,53.0,False,13.19,일반 모멘텀,"추세 상승, RSI 건강 구간","변동성 과다, 뉴스 리스크: 악재: 하락, 감소, 본장 전/초반 1시간 약세 · 초반 -2.89% · 방어 우선, 매수 확인 부족: 거래량 0.70x / 거래대금 0.59x, 리스크 44 이상으로 신규 관심 제외, 전력기기 섹터 약세",수급 수집 실패,unavailable,0.0,0.0,"악재: 하락, 감소",google_news,악재 뉴스: [종목 주요지표&DATA] 26년 4월 변압기 수출액 추이(경기도 안산시) (2026-05-20),none,"[종목 주요지표&DATA] 26년 4월 변압기 수출액 추이(경기도 안산시) (2026-05-20) | 코스피 사이드카 딛고 7,500선 탈환 (2026-05-18)","naver_daily, naver_realtime, news:google_news, flow:unavailable, intraday_1m",0.0,6.0,전력기기 섹터 약세,2026-05-19 21:07:50 PDT,0,관망 · 악재 뉴스: [종목 주요지표&DATA] 26년 4월 변압기 수출액 추이(경기도 안산시) (2026-05-20),선행 신호 대기,놓침 위험 낮음,시장 방어장 · 신규 매수는 작게,급변 감지 · 당일 -9.09%,"전력기기 흐름 · 평균 -8.75% · 거래량 0.3배 · 대표 비츠로테크, 산일전기, 세명전기",방어장 · 평균 -5.68% · 하락비중 91% · 현금 비중 높게,수급 수집 실패,전력 → 전선 → 구리 → 원전/데이터센터,"기준 현재가 235,000 · 손절 참고 206,800 · 1차 익절 참고 270,250","최대 호재: 전력망 투자, 변압기 수주, 데이터센터 전력, 송전망 증설 / 최대 악재: 정책 지연, 원가 상승, 납기 지연, 안전사고","악재 영향 예상: -8.4~-15.3% (199,045원 부근까지 경계) · 회복 기준 247,690원 돌파","악재 뉴스: [종목 주요지표&DATA] 26년 4월 변압기 수출액 추이(경기도 안산시) (2026-05-20) · 최대 호재: 전력망 투자, 변압기 수주, 데이터센터 전력, 송전망 증설 / 최대 악재: 정책 지연, 원가 상승, 납기 지연, 안전사고"
우리기술,032820.KQ,ok,국장,해당 없음,0.0,0.0,0.0,,,0,해당 없음,0.0,0.0,,,,0.0,0.0,,,-8.0,본장 전/초반 1시간 약세 · 초반 -3.54% · 방어 우선,6.0,양호,1분봉 양호 · 장중 -3.60% · 최근 +0.06%,AI 관망,0,지금은 확실한 우위가 부족합니다.,원전,보류,🚫 제외,리스크 과다,0,8.0,6.0,0.0,0.0,0.0,2.0,44.0,False,False,중립장,11.0,15930.0,16570.0,naver_realtime,naver_realtime_calculated,-3.86,-7.87,0.0,0.39,0.3,False,60243452730.0,11.4,False,8.5,일반 모멘텀,1분봉 양호 · 장중 -3.60% · 최근 +0.06%,"변동성 과다, 뉴스 호재 강도 약함, 뉴스 리스크: 약한 호재: 확대 / 악재: 하락, 본장 전/초반 1시간 약세 · 초반 -3.54% · 방어 우선, 매수 확인 부족: 거래량 0.39x / 거래대금 0.30x, 리스크 38 이상으로 신규 관심 제외, 원전 섹터 약세",수급 수집 실패,unavailable,0.0,0.0,약한 호재: 확대 / 악재: 하락,google_news,"악재 뉴스: 우리기술 주가 또 털썩, 17000원선 이하로…향후 흐름 이목 (2026-05-20)",weak,"우리기술 주가 또 털썩, 17000원선 이하로…향후 흐름 이목 (2026-05-20) | 두산에너빌리티·우리기술 약세…원자력 관련주 차익실현 압력 확대 (2026-05-15)","naver_daily, naver_realtime, news:google_news, flow:unavailable, intraday_1m",0.0,6.0,원전 섹터 약세,2026-05-19 21:07:50 PDT,0,"관망 · 악재 뉴스: 우리기술 주가 또 털썩, 17000원선 이하로…향후 흐름 이목 (2026-05-20)",선행 신호 대기,놓침 위험 낮음,시장 방어장 · 신규 매수는 작게,급변 감지 · 당일 -7.87%,"원전 흐름 · 평균 -8.11% · 거래량 0.4배 · 대표 우리기술, 우진",방어장 · 평균 -5.68% · 하락비중 91% · 현금 비중 높게,수급 수집 실패,원전 → 기자재 → 전력기기 → 방사선/검사,"기준 현재가 15,930 · 손절 참고 14,576 · 1차 익절 참고 17,623","최대 호재: SMR 수주, 원전 수출, 신규 원전, 정부 지원 / 최대 악재: 정책 지연, 인허가 지연, 안전 규제, 수주 취소","악재 영향 예상: -5.7~-10.4% (14,273원 부근까지 경계) · 회복 기준 16,539원 돌파","악재 뉴스: 우리기술 주가 또 털썩, 17000원선 이하로…향후 흐름 이목 (2026-05-20) · 최대 호재: SMR 수주, 원전 수출, 신규 원전, 정부 지원 / 최대 악재: 정책 지연, 인허가 지연, 안전 규제, 수주 취소"
비에이치아이,083650.KQ,ok,국장,해당 없음,0.0,0.0,0.0,,,0,해당 없음,0.0,0.0,,,,0.0,0.0,,,0.0,본장 전/초반 1시간 중립 · 초반 -0.81%,0.0,중립,1분봉 중립 · 장중 -3.37% · 최근 -0.28%,AI 관망,0,지금은 확실한 우위가 부족합니다.,원전/전력,보류,🚫 제외,리스크 과다,0,2.0,0.0,0.0,0.0,0.0,2.0,32.0,False,False,중립장,11.0,72000.0,76000.0,naver_realtime,naver_realtime_calculated,-5.26,-9.89,-1.25,0.67,0.52,False,22808304000.0,20.2,False,7.74,일반 모멘텀,-,"변동성 과다, 매수 확인 부족: 거래량 0.67x / 거래대금 0.52x, 리스크 26 이상으로 신규 관심 제외, 원전/전력 섹터 약세",수급 수집 실패,unavailable,0.0,0.0,뉴스 중립,google_news,"관련 뉴스: [모닝리포트] 2026년 5월 19일: SK하이닉스, 파두, 한솔케미칼, 현대차, 기아, NAVER, 비에이치아이, 루닛, 스튜디오드래곤, 삼성화재 (2026-05-19)",none,"[모닝리포트] 2026년 5월 19일: SK하이닉스, 파두, 한솔케미칼, 현대차, 기아, NAVER, 비에이치아이, 루닛, 스튜디오드래곤, 삼성화재 (2026-05-19) | 5월 15일 주식시장 주요공시 - catchnews.kr (2026-05-18)","naver_daily, naver_realtime, news:google_news, flow:unavailable, intraday_1m",0.0,6.0,원전/전력 섹터 약세,2026-05-19 21:07:50 PDT,0,"관망 · 관련 뉴스: [모닝리포트] 2026년 5월 19일: SK하이닉스, 파두, 한솔케미칼, 현대차, 기아, NAVER, 비에이치아이",선행 신호 대기,놓침 위험 낮음,시장 방어장 · 신규 매수는 작게,급변 감지 · 당일 -9.89%,"원전/전력 흐름 · 평균 -10.12% · 거래량 0.7배 · 대표 비에이치아이, 두산에너빌리티",방어장 · 평균 -5.68% · 하락비중 91% · 현금 비중 높게,수급 수집 실패,전력 → 전선 → 구리 → 원전/데이터센터,"기준 현재가 72,000 · 손절 참고 66,427 · 1차 익절 참고 78,966","최대 호재: SMR 수주, 원전 수출, 신규 원전, 정부 지원 / 최대 악재: 정책 지연, 인허가 지연, 안전 규제, 수주 취소",뉴스 영향 예상: 방향성 약함 · 가격/거래량 확인 우선,"관련 뉴스: [모닝리포트] 2026년 5월 19일: SK하이닉스, 파두, 한솔케미칼, 현대차, 기아, NAVER, 비에이치아이, 루닛, 스튜디오드래곤, 삼성화재 (2026-05-19) · 최대 호재: SMR 수주, 원전 수출, 신규 원전, 정부 지원 / 최대 악재: 정책 지연, 인허가 지연, 안전 규제, 수주 취소"
우진,105840.KS,ok,국장,해당 없음,0.0,0.0,0.0,,,0,해당 없음,0.0,0.0,,,,0.0,0.0,,,-8.0,본장 전/초반 1시간 약세 · 초반 -1.70% · 방어 우선,6.0,양호,1분봉 양호 · 장중 -2.67% · 최근 +0.25%,AI 관망,0,지금은 확실한 우위가 부족합니다.,원전,보류,🚫 제외,리스크 과다,0,22.0,6.0,0.0,0.0,14.0,2.0,60.0,False,False,중립장,11.0,20300.0,20950.0,naver_realtime,naver_realtime_calculated,-3.1,-8.35,-0.68,0.36,0.27,False,6736676800.0,21.4,False,9.06,일반 모멘텀,"뉴스 키워드: 강한 호재: 계약, 공급 / 악재: 지연, 감소, 지분율, 1분봉 양호 · 장중 -2.67% · 최근 +0.25%","변동성 과다, 뉴스 리스크: 강한 호재: 계약, 공급 / 악재: 지연, 감소, 지분율, 본장 전/초반 1시간 약세 · 초반 -1.70% · 방어 우선, 매수 확인 부족: 거래량 0.36x / 거래대금 0.27x, 리스크 54 이상으로 신규 관심 제외, 원전 섹터 약세",수급 수집 실패,unavailable,0.0,0.0,"강한 호재: 계약, 공급 / 악재: 지연, 감소, 지분율",google_news,"악재 뉴스: 우진비앤지, 베트남 업체와 36억 규모 동물용 의약품 공급 계약 (2026-05-20)",strong,"우진비앤지, 베트남 업체와 36억 규모 동물용 의약품 공급 계약 (2026-05-20) | 방시혁 하이브 의장, 453억원 주식 추가 기증 (2026-05-19)","naver_daily, naver_realtime, news:google_news, flow:unavailable, intraday_1m",0.0,6.0,원전 섹터 약세,2026-05-19 21:07:50 PDT,0,"관망 · 악재 뉴스: 우진비앤지, 베트남 업체와 36억 규모 동물용 의약품 공급 계약 (2026-05-20)",선행 신호 대기,놓침 위험 낮음,시장 방어장 · 신규 매수는 작게,급변 감지 · 당일 -8.35%,"원전 흐름 · 평균 -8.11% · 거래량 0.4배 · 대표 우리기술, 우진",방어장 · 평균 -5.68% · 하락비중 91% · 현금 비중 높게,수급 수집 실패,원전 → 기자재 → 전력기기 → 방사선/검사,"기준 현재가 20,300 · 손절 참고 18,461 · 1차 익절 참고 22,599","최대 호재: SMR 수주, 원전 수출, 신규 원전, 정부 지원 / 최대 악재: 정책 지연, 인허가 지연, 안전 규제, 수주 취소","악재 영향 예상: -6.4~-11.6% (17,955원 부근까지 경계) · 회복 기준 21,128원 돌파","악재 뉴스: 우진비앤지, 베트남 업체와 36억 규모 동물용 의약품 공급 계약 (2026-05-20) · 최대 호재: SMR 수주, 원전 수출, 신규 원전, 정부 지원 / 최대 악재: 정책 지연, 인허가 지연, 안전 규제, 수주 취소"
한전기술,052690.KS,ok,국장,해당 없음,0.0,0.0,0.0,,,0,해당 없음,0.0,0.0,,,,0.0,0.0,,,-8.0,본장 전/초반 1시간 약세 · 초반 -3.01% · 방어 우선,0.0,중립,1분봉 중립 · 장중 -3.79% · 최근 -0.37%,AI 관망,0,지금은 확실한 우위가 부족합니다.,전력에너지,보류,🚫 제외,리스크 과다,0,2.0,0.0,0.0,0.0,0.0,2.0,40.0,False,False,중립장,11.0,135600.0,140000.0,naver_realtime,naver_realtime_calculated,-3.14,-6.29,-0.07,0.58,0.44,False,18387902400.0,7.8,False,6.77,일반 모멘텀,-,"변동성 과다, 본장 전/초반 1시간 약세 · 초반 -3.01% · 방어 우선, 매수 확인 부족: 거래량 0.58x / 거래대금 0.44x, 리스크 34 이상으로 신규 관심 제외, 전력에너지 섹터 약세",수급 수집 실패,unavailable,0.0,0.0,뉴스 중립,google_news,"관련 뉴스: 한전기술, 신임 상임이사 2인 선임…원전·신재생·AI 사업 강화 - v.daum.net (2026-05-19)",none,"한전기술, 신임 상임이사 2인 선임…원전·신재생·AI 사업 강화 - v.daum.net (2026-05-19) | 한전기술, 임시주총서 김종민·장병용 상임이사 선임 (2026-05-19)","naver_daily, naver_realtime, news:google_news, flow:unavailable, intraday_1m",0.0,6.0,전력에너지 섹터 약세,2026-05-19 21:07:50 PDT,0,"관망 · 관련 뉴스: 한전기술, 신임 상임이사 2인 선임…원전·신재생·AI 사업 강화 - v.daum.net (2026-05-19)",선행 신호 대기,놓침 위험 낮음,시장 방어장 · 신규 매수는 작게,급변 감지 · 당일 -6.29%,"전력에너지 흐름 · 평균 -4.16% · 거래량 0.8배 · 대표 한국가스공사, 한국전력, 지역난방공사",방어장 · 평균 -5.68% · 하락비중 91% · 현금 비중 높게,수급 수집 실패,전력 → 전선 → 구리 → 원전/데이터센터,"기준 현재가 135,600 · 손절 참고 126,420 · 1차 익절 참고 147,075","최대 호재: 전력망 투자, 변압기 수주, 데이터센터 전력, 송전망 증설 / 최대 악재: 정책 지연, 원가 상승, 납기 지연, 안전사고",뉴스 영향 예상: 방향성 약함 · 가격/거래량 확인 우선,"관련 뉴스: 한전기술, 신임 상임이사 2인 선임…원전·신재생·AI 사업 강화 - v.daum.net (2026-05-19) · 최대 호재: 전력망 투자, 변압기 수주, 데이터센터 전력, 송전망 증설 / 최대 악재: 정책 지연, 원가 상승, 납기 지연, 안전사고"
한국항공우주,047810.KS,ok,국장,해당 없음,0.0,0.0,0.0,,,0,해당 없음,0.0,0.0,,,,0.0,0.0,,,-8.0,본장 전/초반 1시간 약세 · 초반 -3.25% · 방어 우선,6.0,양호,1분봉 양호 · 장중 -4.35% · 최근 +0.06%,AI 관망,0,지금은 확실한 우위가 부족합니다.,방산/우주,보류,🚫 제외,리스크 과다,0,14.0,12.0,0.0,0.0,0.0,2.0,38.0,False,False,중립장,11.0,157200.0,161800.0,naver_realtime,naver_realtime_calculated,-2.84,-2.78,0.99,0.72,0.66,False,97193301600.0,42.0,False,6.14,일반 모멘텀,"건전한 갭 상승, 1분봉 양호 · 장중 -4.35% · 최근 +0.06%","변동성 과다, 뉴스 호재 강도 약함, 뉴스 리스크: 약한 호재: 상승 / 악재: 하락, 본장 전/초반 1시간 약세 · 초반 -3.25% · 방어 우선, 매수 확인 부족: 거래량 0.72x / 거래대금 0.66x, 리스크 38 이상으로 신규 관심 제외",수급 수집 실패,unavailable,0.0,0.0,약한 호재: 상승 / 악재: 하락,google_news,"악재 뉴스: 한국항공우주 주가, 5월 20일 장중 157,400원 2.72% 하락 (2026-05-20)",weak,"한국항공우주 주가, 5월 20일 장중 157,400원 2.72% 하락 (2026-05-20) | 한국항공우주 주가, 5월 19일 장중 162,100원 0.25% 상승 (2026-05-19)","naver_daily, naver_realtime, news:google_news, flow:unavailable, intraday_1m",,,섹터 확인 부족,2026-05-19 21:07:50 PDT,0,"관망 · 악재 뉴스: 한국항공우주 주가, 5월 20일 장중 157,400원 2.72% 하락 (2026-05-20)",선행 신호 대기,놓침 위험 낮음,시장 방어장 · 신규 매수는 작게,급변 신호 없음,방산/우주 흐름 · 평균 -2.78% · 거래량 0.7배 · 대표 한국항공우주,방어장 · 평균 -5.68% · 하락비중 91% · 현금 비중 높게,수급 수집 실패,우주항공 → 위성 → 통신장비 → 소재,"기준 현재가 157,200 · 손절 참고 147,548 · 1차 익절 참고 169,265","최대 호재: 수주, 계약, 실적 개선, 정책 수혜 / 최대 악재: 실적 부진, 규제, 원가 상승, 수요 둔화","악재 영향 예상: -4.7~-8.5% (143,880원 부근까지 경계) · 회복 기준 161,543원 돌파","악재 뉴스: 한국항공우주 주가, 5월 20일 장중 157,400원 2.72% 하락 (2026-05-20) · 최대 호재: 수주, 계약, 실적 개선, 정책 수혜 / 최대 악재: 실적 부진, 규제, 원가 상승, 수요 둔화"
한전KPS,051600.KS,ok,국장,해당 없음,0.0,0.0,0.0,,,0,해당 없음,0.0,0.0,,,,0.0,0.0,,,-8.0,본장 전/초반 1시간 약세 · 초반 -3.87% · 방어 우선,0.0,중립,1분봉 중립 · 장중 -4.06% · 최근 +0.00%,AI 관망,0,지금은 확실한 우위가 부족합니다.,전력에너지,보류,🚫 제외,리스크 과다,0,2.0,0.0,0.0,0.0,0.0,2.0,25.0,False,False,중립장,11.0,52100.0,53900.0,naver_realtime,naver_realtime_calculated,-3.34,-5.62,-0.18,0.78,0.68,False,8519808800.0,9.8,False,4.04,일반 모멘텀,-,"뉴스 호재 강도 약함, 본장 전/초반 1시간 약세 · 초반 -3.87% · 방어 우선, 매수 확인 부족: 거래량 0.78x / 거래대금 0.68x, 전력에너지 섹터 약세",수급 수집 실패,unavailable,0.0,0.0,약한 호재: 상승,google_news,"호재 뉴스: 감사원, 한전KPS 등 9곳 자체감사 최우수 선정 (2026-05-19)",weak,"감사원, 한전KPS 등 9곳 자체감사 최우수 선정 (2026-05-19) | 감사원, 자체감사 우수기관 선정…한전KPS·농어촌공사 최우수 (2026-05-18)","naver_daily, naver_realtime, news:google_news, flow:unavailable, intraday_1m",0.0,6.0,전력에너지 섹터 약세,2026-05-19 21:07:50 PDT,13,"관망 · 호재 뉴스: 감사원, 한전KPS 등 9곳 자체감사 최우수 선정 (2026-05-19)",선행 신호 대기,놓침 위험 낮음,시장 방어장 · 신규 매수는 작게,급변 신호 없음,"전력에너지 흐름 · 평균 -4.16% · 거래량 0.8배 · 대표 한국가스공사, 한국전력, 지역난방공사",방어장 · 평균 -5.68% · 하락비중 91% · 현금 비중 높게,수급 수집 실패,전력 → 전선 → 구리 → 원전/데이터센터,"기준 현재가 52,100 · 손절 참고 49,995 · 1차 익절 참고 54,731","최대 호재: 전력망 투자, 변압기 수주, 데이터센터 전력, 송전망 증설 / 최대 악재: 정책 지연, 원가 상승, 납기 지연, 안전사고","호재 영향 예상: +2.0~+3.2% (53,767원 부근까지 시도) · 이탈 기준 51,058원","호재 뉴스: 감사원, 한전KPS 등 9곳 자체감사 최우수 선정 (2026-05-19) · 최대 호재: 전력망 투자, 변압기 수주, 데이터센터 전력, 송전망 증설 / 최대 악재: 정책 지연, 원가 상승, 납기 지연, 안전사고"
두산,000150.KS,ok,국장,해당 없음,0.0,0.0,0.0,,,0,해당 없음,0.0,0.0,,,,0.0,0.0,,,-8.0,본장 전/초반 1시간 약세 · 초반 -4.56% · 방어 우선,6.0,양호,1분봉 양호 · 장중 -5.16% · 최근 +0.21%,AI 관망,0,지금은 확실한 우위가 부족합니다.,지주/로봇,보류,🚫 제외,리스크 과다,0,28.0,26.0,0.0,0.0,0.0,2.0,34.0,False,False,중립장,11.0,1442000.0,1500000.0,naver_realtime,naver_realtime_calculated,-3.87,-9.48,-0.06,1.21,1.09,True,149718534000.0,43.5,False,8.89,일반 모멘텀,"추세 상승, 1분봉 양호 · 장중 -5.16% · 최근 +0.21%","변동성 과다, 본장 전/초반 1시간 약세 · 초반 -4.56% · 방어 우선, 리스크 34 이상으로 신규 관심 제외",수급 수집 실패,unavailable,0.0,0.0,뉴스 중립,google_news,"관련 뉴스: 주가 4배 뛴 두산에너빌리티…두산, ′반대매매 리스크′ 낮추고 유동성 확보 (2026-05-19)",none,"주가 4배 뛴 두산에너빌리티…두산, ′반대매매 리스크′ 낮추고 유동성 확보 (2026-05-19) | 두산로보틱스, 5300억 PRS 블록딜 (2026-05-19)","naver_daily, naver_realtime, news:google_news, flow:unavailable, intraday_1m",,,섹터 확인 부족,2026-05-19 21:07:50 PDT,1,"관망 · 거래량 1.2배 · 관련 뉴스: 주가 4배 뛴 두산에너빌리티…두산, ′반대매매 리스크′ 낮추고 유동성 확보 (2026-05-19)",선행 신호 대기,놓침 위험 낮음,시장 방어장 · 신규 매수는 작게,급변 감지 · 당일 -9.48%,지주/로봇 흐름 · 평균 -9.48% · 거래량 1.2배 · 대표 두산,방어장 · 평균 -5.68% · 하락비중 91% · 현금 비중 높게,수급 수집 실패,로봇 → 감속기 → 자동화 장비 → 센서,"기준 현재가 1,442,000 · 손절 참고 1,313,806 · 1차 익절 참고 1,602,242","최대 호재: 수주, 계약, 실적 개선, 정책 수혜 / 최대 악재: 실적 부진, 규제, 원가 상승, 수요 둔화",뉴스 영향 예상: 방향성 약함 · 가격/거래량 확인 우선,"관련 뉴스: 주가 4배 뛴 두산에너빌리티…두산, ′반대매매 리스크′ 낮추고 유동성 확보 (2026-05-19) · 최대 호재: 수주, 계약, 실적 개선, 정책 수혜 / 최대 악재: 실적 부진, 규제, 원가 상승, 수요 둔화"
HD현대마린솔루션,443060.KS,ok,국장,해당 없음,0.0,0.0,0.0,,,0,해당 없음,0.0,0.0,,,,0.0,0.0,,,0.0,본장 전/초반 1시간 중립 · 초반 +0.91%,4.0,중립,1분봉 중립 · 장중 -0.68% · 최근 +0.00%,AI 관망,0,지금은 확실한 우위가 부족합니다.,조선/서비스,보류,🚫 제외,리스크 과다,0,6.0,4.0,0.0,0.0,0.0,2.0,26.0,False,False,중립장,11.0,222500.0,218000.0,naver_realtime,naver_realtime_calculated,2.06,0.68,0.0,0.62,0.56,False,63989442500.0,26.4,False,9.18,일반 모멘텀,1분봉 중립 · 장중 -0.68% · 최근 +0.00%,"변동성 과다, 매수 확인 부족: 거래량 0.62x / 거래대금 0.56x, 리스크 26 이상으로 신규 관심 제외",수급 수집 실패,unavailable,0.0,0.0,뉴스 중립,google_news,"관련 뉴스: HD현대마린솔루션, 美 데이터센터 엔진 관리 맡는다 - meconomynews.com (2026-05-19)",none,"HD현대마린솔루션, 美 데이터센터 엔진 관리 맡는다 - meconomynews.com (2026-05-19) | HD현대마린솔루션, 美 데이터센터 ‘유지·보수’ 맡는다 (2026-05-18)","naver_daily, naver_realtime, news:google_news, flow:unavailable, intraday_1m",,,섹터 확인 부족,2026-05-19 21:07:50 PDT,11,"관망 · 추격 부담 낮음 · 관련 뉴스: HD현대마린솔루션, 美 데이터센터 엔진 관리 맡는다 - meconomynews.com (2026-05-19)",선행 신호 대기,놓침 위험 낮음,시장 방어장 · 신규 매수는 작게,급변 신호 없음,조선/서비스 흐름 · 평균 +0.68% · 거래량 0.6배 · 대표 HD현대마린솔루션,방어장 · 평균 -5.68% · 하락비중 91% · 현금 비중 높게,수급 수집 실패,대표 테마 연결 대기,"기준 현재가 222,500 · 손절 참고 202,074 · 1차 익절 참고 248,032","최대 호재: LNG선 수주, 선가 상승, 흑자 전환, 해양플랜트 수주 / 최대 악재: 인도 지연, 원가 상승, 노사 갈등, 수주 취소",뉴스 영향 예상: 방향성 약함 · 가격/거래량 확인 우선,"관련 뉴스: HD현대마린솔루션, 美 데이터센터 엔진 관리 맡는다 - meconomynews.com (2026-05-19) · 최대 호재: LNG선 수주, 선가 상승, 흑자 전환, 해양플랜트 수주 / 최대 악재: 인도 지연, 원가 상승, 노사 갈등, 수주 취소"
삼성E&A,028050.KS,ok,국장,해당 없음,0.0,0.0,0.0,,,0,해당 없음,0.0,0.0,,,,0.0,0.0,,,-8.0,본장 전/초반 1시간 약세 · 초반 -1.05% · 방어 우선,0.0,중립,1분봉 중립 · 장중 -2.10% · 최근 -0.11%,AI 관망,0,지금은 확실한 우위가 부족합니다.,건설/플랜트,보류,🚫 제외,리스크 과다,0,5.0,0.0,0.0,0.0,3.0,2.0,43.0,False,False,중립장,11.0,46850.0,49250.0,naver_realtime,naver_realtime_calculated,-4.87,-5.35,-1.01,0.5,0.42,False,85632523700.0,43.5,False,9.92,일반 모멘텀,"뉴스 키워드: 약한 호재: 확대, 돌파 / 악재: 하락, 부진","변동성 과다, 뉴스 호재 강도 약함, 뉴스 리스크: 약한 호재: 확대, 돌파 / 악재: 하락, 부진, 본장 전/초반 1시간 약세 · 초반 -1.05% · 방어 우선, 매수 확인 부족: 거래량 0.50x / 거래대금 0.42x, 리스크 43 이상으로 신규 관심 제외",수급 수집 실패,unavailable,0.0,0.0,"약한 호재: 확대, 돌파 / 악재: 하락, 부진",google_news,악재 뉴스: 최근 5거래일 삼성E&A 주가 하락 변동성 확대 (2026-05-16),weak,"최근 5거래일 삼성E&A 주가 하락 변동성 확대 (2026-05-16) | '세금 아직 남았다' 이재용 회장, 삼성SDS·E&A 카드 주목 (2026-05-13)","naver_daily, naver_realtime, news:google_news, flow:unavailable, intraday_1m",,,섹터 확인 부족,2026-05-19 21:07:50 PDT,0,관망 · 악재 뉴스: 최근 5거래일 삼성E&A 주가 하락 변동성 확대 (2026-05-16),선행 신호 대기,놓침 위험 낮음,시장 방어장 · 신규 매수는 작게,급변 신호 없음,건설/플랜트 흐름 · 평균 -5.35% · 거래량 0.5배 · 대표 삼성E&A,방어장 · 평균 -5.68% · 하락비중 91% · 현금 비중 높게,수급 수집 실패,건설 → 건자재 → 철근/시멘트 → 리츠,"기준 현재가 46,850 · 손절 참고 42,202 · 1차 익절 참고 52,659","최대 호재: 대형 수주, 해외 수주, 정비사업 수주, 분양 완판 / 최대 악재: 철근 누락, 부실시공, 붕괴, 하자","악재 영향 예상: -6.6~-12.1% (41,201원 부근까지 경계) · 회복 기준 48,941원 돌파","악재 뉴스: 최근 5거래일 삼성E&A 주가 하락 변동성 확대 (2026-05-16) · 최대 호재: 대형 수주, 해외 수주, 정비사업 수주, 분양 완판 / 최대 악재: 철근 누락, 부실시공, 붕괴, 하자"
DL이앤씨,375500.KS,ok,국장,해당 없음,0.0,0.0,0.0,,,0,해당 없음,0.0,0.0,,,,0.0,0.0,,,-8.0,본장 전/초반 1시간 약세 · 초반 -2.35% · 방어 우선,0.0,중립,1분봉 중립 · 장중 -3.92% · 최근 +0.00%,AI 관망,0,지금은 확실한 우위가 부족합니다.,건설,보류,🚫 제외,리스크 과다,0,2.0,0.0,0.0,0.0,0.0,2.0,60.0,False,False,중립장,11.0,73800.0,78000.0,naver_realtime,naver_realtime_calculated,-5.38,-7.4,-0.88,0.45,0.35,False,36250633800.0,28.6,False,8.62,일반 모멘텀,-,"변동성 과다, 뉴스 리스크: 중대 악재: 철근, 누락, 본장 전/초반 1시간 약세 · 초반 -2.35% · 방어 우선, 매수 확인 부족: 거래량 0.45x / 거래대금 0.35x, 리스크 54 이상으로 신규 관심 제외, 건설 섹터 약세",수급 수집 실패,unavailable,0.0,0.0,"중대 악재: 철근, 누락",google_news,"악재 뉴스: [르포] '압구정 정통' 내세운 현대건설 vs '5구역 실리'의 DL이앤씨, 홍보관 가보니 (2026-05-20)",none,"[르포] '압구정 정통' 내세운 현대건설 vs '5구역 실리'의 DL이앤씨, 홍보관 가보니 (2026-05-20) | 현대건설 vs DL이앤씨, 압구정5구역 격돌…삼성역 ‘철근 누락’ 리스크, 판세 흔드나 - v.daum.net (2026-05-20)","naver_daily, naver_realtime, news:google_news, flow:unavailable, intraday_1m",0.0,6.0,건설 섹터 약세,2026-05-19 21:07:50 PDT,0,"관망 · 악재 뉴스: [르포] '압구정 정통' 내세운 현대건설 vs '5구역 실리'의 DL이앤씨, 홍보관 가보니 (2026-05-20)",선행 신호 대기,놓침 위험 낮음,중대 리스크 · 악재 뉴스 우선 확인,급변 감지 · 당일 -7.40%,"건설 흐름 · 평균 -8.19% · 거래량 0.5배 · 대표 현대건설, DL이앤씨, GS건설",방어장 · 평균 -5.68% · 하락비중 91% · 현금 비중 높게,수급 수집 실패,건설 → 건자재 → 철근/시멘트 → 리츠,"기준 현재가 73,800 · 손절 참고 67,438 · 1차 익절 참고 81,752",섹터 최대 악재: 철근 누락,"악재 영향 예상: -7.9~-14.4% (63,180원 부근까지 경계) · 회복 기준 76,663원 돌파","악재 뉴스: [르포] '압구정 정통' 내세운 현대건설 vs '5구역 실리'의 DL이앤씨, 홍보관 가보니 (2026-05-20) · 섹터 최대 악재: 철근 누락"
HD현대건설기계,267270.KS,ok,국장,해당 없음,0.0,0.0,0.0,,,0,해당 없음,0.0,0.0,,,,0.0,0.0,,,-8.0,본장 전/초반 1시간 약세 · 초반 -7.80% · 방어 우선,6.0,양호,1분봉 양호 · 장중 -8.04% · 최근 +0.20%,AI 관망,0,지금은 확실한 우위가 부족합니다.,건설기계,보류,🚫 제외,리스크 과다,0,14.0,12.0,0.0,0.0,0.0,2.0,45.0,False,False,중립장,11.0,151800.0,161400.0,naver_realtime,naver_realtime_calculated,-5.95,-6.87,1.1,0.55,0.46,False,34645010400.0,22.7,False,8.4,일반 모멘텀,"건전한 갭 상승, 1분봉 양호 · 장중 -8.04% · 최근 +0.20%","변동성 과다, 뉴스 호재 강도 약함, 뉴스 리스크: 약한 호재: 증가 / 악재: 순매도, 본장 전/초반 1시간 약세 · 초반 -7.80% · 방어 우선, 매수 확인 부족: 거래량 0.55x / 거래대금 0.46x, 리스크 39 이상으로 신규 관심 제외, 건설기계 섹터 약세",수급 수집 실패,unavailable,0.0,0.0,약한 호재: 증가 / 악재: 순매도,google_news,"악재 뉴스: HD현대사이트솔루션, 카카오모빌리티와 물류 자동화시장 공략 (2026-05-19)",weak,"HD현대사이트솔루션, 카카오모빌리티와 물류 자동화시장 공략 (2026-05-19) | 외국인, 올해 순매도 행진 속에서도 지주사 주식은 '쇼핑' (2026-05-19)","naver_daily, naver_realtime, news:google_news, flow:unavailable, intraday_1m",0.0,6.0,건설기계 섹터 약세,2026-05-19 21:07:50 PDT,0,"관망 · 악재 뉴스: HD현대사이트솔루션, 카카오모빌리티와 물류 자동화시장 공략 (2026-05-19)",선행 신호 대기,놓침 위험 낮음,시장 방어장 · 신규 매수는 작게,급변 감지 · 당일 -6.87%,"건설기계 흐름 · 평균 -6.31% · 거래량 0.8배 · 대표 두산밥캣, HD현대건설기계",방어장 · 평균 -5.68% · 하락비중 91% · 현금 비중 높게,수급 수집 실패,건설 → 건자재 → 철근/시멘트 → 리츠,"기준 현재가 151,800 · 손절 참고 139,049 · 1차 익절 참고 167,739","최대 호재: 대형 수주, 해외 수주, 정비사업 수주, 분양 완판 / 최대 악재: 철근 누락, 부실시공, 붕괴, 하자","악재 영향 예상: -5.7~-10.4% (136,084원 부근까지 경계) · 회복 기준 157,538원 돌파","악재 뉴스: HD현대사이트솔루션, 카카오모빌리티와 물류 자동화시장 공략 (2026-05-19) · 최대 호재: 대형 수주, 해외 수주, 정비사업 수주, 분양 완판 / 최대 악재: 철근 누락, 부실시공, 붕괴, 하자"
한국카본,017960.KS,ok,국장,해당 없음,0.0,0.0,0.0,,,0,해당 없음,0.0,0.0,,,,0.0,0.0,,,-8.0,본장 전/초반 1시간 약세 · 초반 -4.90% · 방어 우선,6.0,양호,1분봉 양호 · 장중 -7.21% · 최근 +0.15%,AI 관망,0,지금은 확실한 우위가 부족합니다.,조선기자재,보류,🚫 제외,리스크 과다,0,22.0,12.0,0.0,0.0,8.0,2.0,50.0,False,False,중립장,11.0,34250.0,36250.0,naver_realtime,naver_realtime_calculated,-5.52,-6.55,2.05,0.88,0.65,False,17629810750.0,1.3,False,8.63,일반 모멘텀,"건전한 갭 상승, 뉴스 키워드: 강한 호재: 수주 / 악재: 감소, 지분율, 1분봉 양호 · 장중 -7.21% · 최근 +0.15%","변동성 과다, 뉴스 리스크: 강한 호재: 수주 / 악재: 감소, 지분율, 본장 전/초반 1시간 약세 · 초반 -4.90% · 방어 우선, 매수 확인 부족: 거래량 0.88x / 거래대금 0.65x, 리스크 44 이상으로 신규 관심 제외, 조선기자재 섹터 약세",수급 수집 실패,unavailable,0.0,0.0,"강한 호재: 수주 / 악재: 감소, 지분율",google_news,"악재 뉴스: 액면병합 마친 이노테나, 20일부터 거래 재개…장 개시 전 시간외매매는 불가 (2026-05-19)",strong,"액면병합 마친 이노테나, 20일부터 거래 재개…장 개시 전 시간외매매는 불가 (2026-05-19) | 주요주주 국민연금공단, 한국카본 지분율 9.8%로 감소 (2026-05-19)","naver_daily, naver_realtime, news:google_news, flow:unavailable, intraday_1m",0.0,6.0,조선기자재 섹터 약세,2026-05-19 21:07:50 PDT,0,"관망 · 악재 뉴스: 액면병합 마친 이노테나, 20일부터 거래 재개…장 개시 전 시간외매매는 불가 (2026-05-19)",선행 신호 대기,놓침 위험 낮음,시장 방어장 · 신규 매수는 작게,급변 감지 · 당일 -6.55%,"조선기자재 흐름 · 평균 -4.26% · 거래량 0.6배 · 대표 동성화인텍, 태광, 한화엔진",방어장 · 평균 -5.68% · 하락비중 91% · 현금 비중 높게,수급 수집 실패,대표 테마 연결 대기,"기준 현재가 34,250 · 손절 참고 31,294 · 1차 익절 참고 37,945","최대 호재: LNG선 수주, 선가 상승, 흑자 전환, 해양플랜트 수주 / 최대 악재: 인도 지연, 원가 상승, 노사 갈등, 수주 취소","악재 영향 예상: -6.1~-11.0% (30,481원 부근까지 경계) · 회복 기준 35,580원 돌파","악재 뉴스: 액면병합 마친 이노테나, 20일부터 거래 재개…장 개시 전 시간외매매는 불가 (2026-05-19) · 최대 호재: LNG선 수주, 선가 상승, 흑자 전환, 해양플랜트 수주 / 최대 악재: 인도 지연, 원가 상승, 노사 갈등, 수주 취소"
오리엔탈정공,014940.KS,ok,국장,해당 없음,0.0,0.0,0.0,,,0,해당 없음,0.0,0.0,,,,0.0,0.0,,,0.0,1분봉 데이터 부족,0.0,대기,1분봉 데이터 부족,AI 관망,0,지금은 확실한 우위가 부족합니다.,조선기자재,보류,🚫 제외,리스크 과다,0,12.0,6.0,0.0,0.0,4.0,2.0,32.0,False,False,중립장,11.0,6220.0,6280.0,naver_realtime,naver_realtime_calculated,-0.96,-4.75,0.46,0.33,0.26,False,1187435320.0,9.0,False,6.3,일반 모멘텀,"건전한 갭 상승, 뉴스 키워드: 보통 호재: 실적","변동성 과다, 매수 확인 부족: 거래량 0.33x / 거래대금 0.26x, 리스크 26 이상으로 신규 관심 제외, 조선기자재 섹터 약세",수급 수집 실패,unavailable,0.0,0.0,보통 호재: 실적,google_news,"호재 뉴스: [파워 e종목] 오리엔탈정공, 국내 조선업 업사이클 지속 수혜로 주가 동력 얻을까 (2026-05-14)",medium,"[파워 e종목] 오리엔탈정공, 국내 조선업 업사이클 지속 수혜로 주가 동력 얻을까 (2026-05-14) | 오리엔탈정공, 2026년 1분기 실적 발표...매출 564억 원 - Investing.com 한국어 (2026-05-08)","naver_daily, naver_realtime, news:google_news, flow:unavailable, intraday_1m",0.0,6.0,조선기자재 섹터 약세,2026-05-19 21:07:50 PDT,8,"관망 · 호재 뉴스: [파워 e종목] 오리엔탈정공, 국내 조선업 업사이클 지속 수혜로 주가 동력 얻을까 (2026-05-14)",선행 신호 대기,놓침 위험 낮음,시장 방어장 · 신규 매수는 작게,급변 신호 없음,"조선기자재 흐름 · 평균 -4.26% · 거래량 0.6배 · 대표 동성화인텍, 태광, 한화엔진",방어장 · 평균 -5.68% · 하락비중 91% · 현금 비중 높게,수급 수집 실패,대표 테마 연결 대기,"기준 현재가 6,220 · 손절 참고 5,828 · 1차 익절 참고 6,710","최대 호재: LNG선 수주, 선가 상승, 흑자 전환, 해양플랜트 수주 / 최대 악재: 인도 지연, 원가 상승, 노사 갈등, 수주 취소","호재 영향 예상: +2.6~+4.7% (6,514원 부근까지 시도) · 이탈 기준 6,044원","호재 뉴스: [파워 e종목] 오리엔탈정공, 국내 조선업 업사이클 지속 수혜로 주가 동력 얻을까 (2026-05-14) · 최대 호재: LNG선 수주, 선가 상승, 흑자 전환, 해양플랜트 수주 / 최대 악재: 인도 지연, 원가 상승, 노사 갈등, 수주 취소"
카카오뱅크,323410.KS,ok,국장,해당 없음,0.0,0.0,0.0,,,0,해당 없음,0.0,0.0,,,,0.0,0.0,,,-8.0,본장 전/초반 1시간 약세 · 초반 -1.78% · 방어 우선,0.0,중립,1분봉 중립 · 장중 -2.00% · 최근 -0.23%,AI 관망,0,지금은 확실한 우위가 부족합니다.,금융/인터넷,보류,대기,매매 근거 부족,0,2.0,0.0,0.0,0.0,0.0,2.0,19.0,False,False,중립장,11.0,21950.0,22200.0,naver_realtime,naver_realtime_calculated,-1.13,-1.57,-0.67,0.95,0.87,True,19861457500.0,30.8,False,4.39,일반 모멘텀,-,본장 전/초반 1시간 약세 · 초반 -1.78% · 방어 우선,수급 수집 실패,unavailable,0.0,0.0,뉴스 중립,google_news,관련 뉴스: 애플 주식도 코인처럼 쪼개 24시간 거래한다 (2026-05-19),none,애플 주식도 코인처럼 쪼개 24시간 거래한다 (2026-05-19) | 외인 코스피 주식 9거래일 연속 매도…원·달러 환율 1507.8원 마감 (2026-05-19),"naver_daily, naver_realtime, news:google_news, flow:unavailable, intraday_1m",,,섹터 확인 부족,2026-05-19 21:07:50 PDT,6,관망 · 관련 뉴스: 애플 주식도 코인처럼 쪼개 24시간 거래한다 (2026-05-19),선행 신호 대기,놓침 위험 낮음,시장 방어장 · 신규 매수는 작게,급변 신호 없음,금융/인터넷 흐름 · 평균 -1.57% · 거래량 0.9배 · 대표 카카오뱅크,방어장 · 평균 -5.68% · 하락비중 91% · 현금 비중 높게,수급 수집 실패,대표 테마 연결 대기,"기준 현재가 21,950 · 손절 참고 20,986 · 1차 익절 참고 23,155","최대 호재: 금리 수혜, 주주환원, 배당 확대, 자사주 / 최대 악재: PF 손실, 충당금, 연체율, 규제",뉴스 영향 예상: 방향성 약함 · 가격/거래량 확인 우선,"관련 뉴스: 애플 주식도 코인처럼 쪼개 24시간 거래한다 (2026-05-19) · 최대 호재: 금리 수혜, 주주환원, 배당 확대, 자사주 / 최대 악재: PF 손실, 충당금, 연체율, 규제"
한국금융지주,071050.KS,ok,국장,해당 없음,0.0,0.0,0.0,,,0,해당 없음,0.0,0.0,,,,0.0,0.0,,,-8.0,본장 전/초반 1시간 약세 · 초반 -1.71% · 방어 우선,6.0,양호,1분봉 양호 · 장중 -2.13% · 최근 +0.44%,AI 관망,0,지금은 확실한 우위가 부족합니다.,증권,보류,🚫 제외,리스크 과다,0,19.0,6.0,0.0,0.0,11.0,2.0,40.0,False,False,중립장,11.0,230500.0,234000.0,naver_realtime,naver_realtime_calculated,-1.5,-4.16,-0.42,1.03,0.92,True,80574271500.0,41.0,False,8.68,일반 모멘텀,"뉴스 키워드: 보통 호재: 투자, 실적 / 약한 호재: 상승, 1분봉 양호 · 장중 -2.13% · 최근 +0.44%","변동성 과다, 본장 전/초반 1시간 약세 · 초반 -1.71% · 방어 우선, 리스크 34 이상으로 신규 관심 제외, 증권 섹터 약세",수급 수집 실패,unavailable,0.0,0.0,"보통 호재: 투자, 실적 / 약한 호재: 상승",google_news,"호재 뉴스: 한투증권 ‘주식모으기’ 투자, 국내는 반도체 대형주 집중 (2026-05-18)",medium,"한투증권 ‘주식모으기’ 투자, 국내는 반도체 대형주 집중 (2026-05-18) | [카드] 한국투자증권, '주식모으기' 투자자 분석 (2026-05-18)","naver_daily, naver_realtime, news:google_news, flow:unavailable, intraday_1m",0.0,6.0,증권 섹터 약세,2026-05-19 21:07:50 PDT,11,"관망 · 호재 뉴스: 한투증권 ‘주식모으기’ 투자, 국내는 반도체 대형주 집중 (2026-05-18)",선행 신호 대기,놓침 위험 낮음,시장 방어장 · 신규 매수는 작게,급변 신호 없음,"증권 흐름 · 평균 -8.01% · 거래량 0.6배 · 대표 한국금융지주, NH투자증권, 삼성증권",방어장 · 평균 -5.68% · 하락비중 91% · 현금 비중 높게,수급 수집 실패,AI/반도체 → 전력 → 냉각 → 데이터센터 → 광통신,"기준 현재가 230,500 · 손절 참고 210,493 · 1차 익절 참고 255,509","최대 호재: 거래대금 증가, 금리 인하, IB 회복, 자사주 / 최대 악재: 부동산PF 손실, 충당금, 순매도, IB 부진","호재 영향 예상: +3.6~+6.6% (245,602원 부근까지 시도) · 이탈 기준 221,497원","호재 뉴스: 한투증권 ‘주식모으기’ 투자, 국내는 반도체 대형주 집중 (2026-05-18) · 최대 호재: 거래대금 증가, 금리 인하, IB 회복, 자사주 / 최대 악재: 부동산PF 손실, 충당금, 순매도, IB 부진"
GS건설,006360.KS,ok,국장,해당 없음,0.0,0.0,0.0,,,0,해당 없음,0.0,0.0,,,,0.0,0.0,,,-8.0,본장 전/초반 1시간 약세 · 초반 -2.88% · 방어 우선,6.0,양호,1분봉 양호 · 장중 -3.39% · 최근 +0.18%,AI 관망,0,지금은 확실한 우위가 부족합니다.,건설,보류,🚫 제외,리스크 과다,0,28.0,6.0,0.0,0.0,20.0,2.0,48.0,False,False,중립장,11.0,28550.0,29950.0,naver_realtime,naver_realtime_calculated,-4.67,-9.37,-1.43,0.42,0.3,False,32080578650.0,28.7,False,10.12,일반 모멘텀,"뉴스 키워드: 강한 호재: 수주, 계약, 공급 / 악재: 하락, 1분봉 양호 · 장중 -3.39% · 최근 +0.18%","변동성 과다, 뉴스 리스크: 강한 호재: 수주, 계약, 공급 / 악재: 하락, 본장 전/초반 1시간 약세 · 초반 -2.88% · 방어 우선, 매수 확인 부족: 거래량 0.42x / 거래대금 0.30x, 리스크 42 이상으로 신규 관심 제외, 건설 섹터 약세",수급 수집 실패,unavailable,0.0,0.0,"강한 호재: 수주, 계약, 공급 / 악재: 하락",google_news,"악재 뉴스: GS건설 주가, 5월 20일 장중 28,850원 3.67% 하락 (2026-05-20)",strong,"GS건설 주가, 5월 20일 장중 28,850원 3.67% 하락 (2026-05-20) | GS건설, 오산 양산4지구 공동주택 공사 수주…5651억 규모 (2026-05-20)","naver_daily, naver_realtime, news:google_news, flow:unavailable, intraday_1m",0.0,6.0,건설 섹터 약세,2026-05-19 21:07:50 PDT,0,"관망 · 악재 뉴스: GS건설 주가, 5월 20일 장중 28,850원 3.67% 하락 (2026-05-20)",선행 신호 대기,놓침 위험 낮음,시장 방어장 · 신규 매수는 작게,급변 감지 · 당일 -9.37%,"건설 흐름 · 평균 -8.19% · 거래량 0.5배 · 대표 현대건설, DL이앤씨, GS건설",방어장 · 평균 -5.68% · 하락비중 91% · 현금 비중 높게,수급 수집 실패,건설 → 건자재 → 철근/시멘트 → 리츠,"기준 현재가 28,550 · 손절 참고 25,661 · 1차 익절 참고 32,162","최대 호재: 대형 수주, 해외 수주, 정비사업 수주, 분양 완판 / 최대 악재: 철근 누락, 부실시공, 붕괴, 하자","악재 영향 예상: -7.0~-12.7% (24,915원 부근까지 경계) · 회복 기준 29,850원 돌파","악재 뉴스: GS건설 주가, 5월 20일 장중 28,850원 3.67% 하락 (2026-05-20) · 최대 호재: 대형 수주, 해외 수주, 정비사업 수주, 분양 완판 / 최대 악재: 철근 누락, 부실시공, 붕괴, 하자"
NH투자증권,005940.KS,ok,국장,해당 없음,0.0,0.0,0.0,,,0,해당 없음,0.0,0.0,,,,0.0,0.0,,,-8.0,본장 전/초반 1시간 약세 · 초반 -1.94% · 방어 우선,0.0,중립,1분봉 중립 · 장중 -2.43% · 최근 -0.33%,AI 관망,0,지금은 확실한 우위가 부족합니다.,증권,보류,🚫 제외,리스크 과다,0,12.0,6.0,0.0,0.0,4.0,2.0,40.0,False,False,중립장,11.0,30150.0,31050.0,naver_realtime,naver_realtime_calculated,-2.9,-5.63,0.16,1.15,0.99,True,36524524050.0,37.4,False,6.89,일반 모멘텀,"건전한 갭 상승, 뉴스 키워드: 보통 호재: 투자","변동성 과다, 본장 전/초반 1시간 약세 · 초반 -1.94% · 방어 우선, 리스크 34 이상으로 신규 관심 제외, 증권 섹터 약세",수급 수집 실패,unavailable,0.0,0.0,보통 호재: 투자,google_news,"호재 뉴스: NH투자증권, ‘THE100리포트’ 123호 발간 (2026-05-18)",medium,"NH투자증권, ‘THE100리포트’ 123호 발간 (2026-05-18) | NH투자증권, 'THE100리포트' 123호 발간 - v.daum.net (2026-05-18)","naver_daily, naver_realtime, news:google_news, flow:unavailable, intraday_1m",0.0,6.0,증권 섹터 약세,2026-05-19 21:07:50 PDT,12,"관망 · 호재 뉴스: NH투자증권, ‘THE100리포트’ 123호 발간 (2026-05-18)",선행 신호 대기,놓침 위험 낮음,시장 방어장 · 신규 매수는 작게,급변 신호 없음,"증권 흐름 · 평균 -8.01% · 거래량 0.6배 · 대표 한국금융지주, NH투자증권, 삼성증권",방어장 · 평균 -5.68% · 하락비중 91% · 현금 비중 높게,수급 수집 실패,대표 테마 연결 대기,"기준 현재가 30,150 · 손절 참고 28,073 · 1차 익절 참고 32,747","최대 호재: 거래대금 증가, 금리 인하, IB 회복, 자사주 / 최대 악재: 부동산PF 손실, 충당금, 순매도, IB 부진","호재 영향 예상: +3.0~+5.4% (31,771원 부근까지 시도) · 이탈 기준 29,215원","호재 뉴스: NH투자증권, ‘THE100리포트’ 123호 발간 (2026-05-18) · 최대 호재: 거래대금 증가, 금리 인하, IB 회복, 자사주 / 최대 악재: 부동산PF 손실, 충당금, 순매도, IB 부진"
카카오페이,377300.KS,ok,국장,해당 없음,0.0,0.0,0.0,,,0,해당 없음,0.0,0.0,,,,0.0,0.0,,,-8.0,본장 전/초반 1시간 약세 · 초반 -3.48% · 방어 우선,6.0,양호,1분봉 양호 · 장중 -4.65% · 최근 +0.11%,AI 관망,0,지금은 확실한 우위가 부족합니다.,핀테크,보류,🚫 제외,리스크 과다,0,8.0,6.0,0.0,0.0,0.0,2.0,34.0,False,False,중립장,11.0,45250.0,47250.0,naver_realtime,naver_realtime_calculated,-4.23,-7.84,-0.41,0.49,0.39,False,13133269500.0,41.4,False,10.16,일반 모멘텀,1분봉 양호 · 장중 -4.65% · 최근 +0.11%,"변동성 과다, 뉴스 호재 강도 약함, 본장 전/초반 1시간 약세 · 초반 -3.48% · 방어 우선, 매수 확인 부족: 거래량 0.49x / 거래대금 0.39x, 리스크 34 이상으로 신규 관심 제외",수급 수집 실패,unavailable,0.0,0.0,약한 호재: 확대,google_news,"호재 뉴스: 카카오페이증권, 주식 입고 이벤트 진행 (2026-05-13)",weak,"카카오페이증권, 주식 입고 이벤트 진행 (2026-05-13) | '542억건 유출' 카카오페이 수사…주식선물 가격제한폭 2단계 확대 (2026-05-13)","naver_daily, naver_realtime, news:google_news, flow:unavailable, intraday_1m",,,섹터 확인 부족,2026-05-19 21:07:50 PDT,9,"관망 · 호재 뉴스: 카카오페이증권, 주식 입고 이벤트 진행 (2026-05-13)",선행 신호 대기,놓침 위험 낮음,시장 방어장 · 신규 매수는 작게,급변 감지 · 당일 -7.84%,핀테크 흐름 · 평균 -7.84% · 거래량 0.5배 · 대표 카카오페이,방어장 · 평균 -5.68% · 하락비중 91% · 현금 비중 높게,수급 수집 실패,대표 테마 연결 대기,"기준 현재가 45,250 · 손절 참고 40,653 · 1차 익절 참고 50,997","최대 호재: 수주, 계약, 실적 개선, 정책 수혜 / 최대 악재: 실적 부진, 규제, 원가 상승, 수요 둔화","호재 영향 예상: +4.2~+7.6% (48,698원 부근까지 시도) · 이탈 기준 43,181원","호재 뉴스: 카카오페이증권, 주식 입고 이벤트 진행 (2026-05-13) · 최대 호재: 수주, 계약, 실적 개선, 정책 수혜 / 최대 악재: 실적 부진, 규제, 원가 상승, 수요 둔화"
DB손해보험,005830.KS,ok,국장,해당 없음,0.0,0.0,0.0,,,0,해당 없음,0.0,0.0,,,,0.0,0.0,,,-8.0,본장 전/초반 1시간 약세 · 초반 -2.86% · 방어 우선,0.0,중립,1분봉 중립 · 장중 -3.92% · 최근 -0.06%,AI 관망,1,지금은 확실한 우위가 부족합니다.,보험,보류,🚫 제외,리스크 과다,0,24.0,6.0,12.0,0.0,4.0,2.0,49.0,False,False,중립장,11.0,155600.0,164100.0,naver_realtime,naver_realtime_calculated,-5.18,-3.11,0.62,1.32,1.23,True,44039468000.0,42.7,False,4.96,일반 모멘텀,"거래량 증가(1.3x), 건전한 갭 상승, 뉴스 키워드: 보통 호재: 투자 / 중대 악재: 어닝쇼크","뉴스 리스크: 보통 호재: 투자 / 중대 악재: 어닝쇼크, 본장 전/초반 1시간 약세 · 초반 -2.86% · 방어 우선, 리스크 49 이상으로 신규 관심 제외",수급 수집 실패,unavailable,0.0,0.0,보통 호재: 투자 / 중대 악재: 어닝쇼크,google_news,악재 뉴스: 삼성·메리츠 웃고 KB·DB 울었다···본업 잘해도 투자 꺾이면 '빨간불' (2026-05-19),medium,"삼성·메리츠 웃고 KB·DB 울었다···본업 잘해도 투자 꺾이면 '빨간불' (2026-05-19) | [심층] DB손보, 일회성 악재로 ′어닝쇼크′...밸류업·정책 모멘텀 기대 (2026-05-19)","naver_daily, naver_realtime, news:google_news, flow:unavailable, intraday_1m",0.0,0.0,중립,2026-05-19 21:07:50 PDT,6,관망 · 거래량 1.3배 · 악재 뉴스: 삼성·메리츠 웃고 KB·DB 울었다···본업 잘해도 투자 꺾이면 '빨간불' (2026-05-19),선행 신호 대기,놓침 위험 낮음,중대 리스크 · 악재 뉴스 우선 확인,급변 신호 없음,"보험 흐름 · 평균 -1.25% · 거래량 1.7배 · 대표 롯데손해보험, 삼성생명, DB손해보험",방어장 · 평균 -5.68% · 하락비중 91% · 현금 비중 높게,수급 수집 실패,대표 테마 연결 대기,"기준 현재가 155,600 · 손절 참고 147,882 · 1차 익절 참고 165,247","최대 호재: 수주, 계약, 실적 개선, 정책 수혜 / 최대 악재: 실적 부진, 규제, 원가 상승, 수요 둔화","악재 영향 예상: -4.3~-7.8% (143,503원 부근까지 경계) · 회복 기준 159,073원 돌파","악재 뉴스: 삼성·메리츠 웃고 KB·DB 울었다···본업 잘해도 투자 꺾이면 '빨간불' (2026-05-19) · 최대 호재: 수주, 계약, 실적 개선, 정책 수혜 / 최대 악재: 실적 부진, 규제, 원가 상승, 수요 둔화"
CJ,001040.KS,ok,국장,해당 없음,0.0,0.0,0.0,,,0,해당 없음,0.0,0.0,,,,0.0,0.0,,,-8.0,본장 전/초반 1시간 약세 · 초반 -1.71% · 방어 우선,6.0,양호,1분봉 양호 · 장중 -1.59% · 최근 +0.12%,AI 관망,0,지금은 확실한 우위가 부족합니다.,지주/소비,보류,🚫 제외,리스크 과다,0,34.0,12.0,20.0,0.0,0.0,2.0,44.0,False,False,중립장,11.0,166600.0,174500.0,naver_realtime,naver_realtime_calculated,-4.53,-2.17,0.7,2.92,2.45,True,86048733400.0,29.8,False,9.41,거래량 폭발,"거래량/거래대금 폭발(2.9x/2.5x), 건전한 갭 상승, 1분봉 양호 · 장중 -1.59% · 최근 +0.12%","변동성 과다, 뉴스 리스크: 악재: 부진, 본장 전/초반 1시간 약세 · 초반 -1.71% · 방어 우선, 리스크 44 이상으로 신규 관심 제외",수급 수집 실패,unavailable,0.0,0.0,악재: 부진,google_news,"악재 뉴스: 올리브영 자주 가면 꼭 알아야 할 이 주식...""글로벌도 합니다"" - v.daum.net (2026-05-19)",none,"올리브영 자주 가면 꼭 알아야 할 이 주식...""글로벌도 합니다"" - v.daum.net (2026-05-19) | [모닝 리포트] ""CJ, 올리브영 글로벌 진출과 자사주 향방이 변수"" (2026-05-19)","naver_daily, naver_realtime, news:google_news, flow:unavailable, intraday_1m",,,섹터 확인 부족,2026-05-19 21:07:50 PDT,5,"관망 · 거래량 2.9배 · 악재 뉴스: 올리브영 자주 가면 꼭 알아야 할 이 주식...""글로벌도 합니다"" - v.daum.net (2026-05-19)",선행 신호 대기,놓칠 가능성 높음,시장 방어장 · 신규 매수는 작게,뉴스+거래량 동시 감지,지주/소비 흐름 · 평균 -2.17% · 거래량 2.9배 · 대표 CJ,방어장 · 평균 -5.68% · 하락비중 91% · 현금 비중 높게,수급 수집 실패,대표 테마 연결 대기,"기준 현재가 166,600 · 손절 참고 150,923 · 1차 익절 참고 186,196","최대 호재: 수주, 계약, 실적 개선, 정책 수혜 / 최대 악재: 실적 부진, 규제, 원가 상승, 수요 둔화","악재 영향 예상: -8.7~-15.9% (140,187원 부근까지 경계) · 회복 기준 173,655원 돌파","악재 뉴스: 올리브영 자주 가면 꼭 알아야 할 이 주식...""글로벌도 합니다"" - v.daum.net (2026-05-19) · 최대 호재: 수주, 계약, 실적 개선, 정책 수혜 / 최대 악재: 실적 부진, 규제, 원가 상승, 수요 둔화"
GS,078930.KS,ok,국장,해당 없음,0.0,0.0,0.0,,,0,해당 없음,0.0,0.0,,,,0.0,0.0,,,-8.0,본장 전/초반 1시간 약세 · 초반 -3.03% · 방어 우선,0.0,중립,1분봉 중립 · 장중 -3.82% · 최근 -0.27%,AI 관망,0,지금은 확실한 우위가 부족합니다.,지주/에너지,보류,🚫 제외,리스크 과다,0,5.0,0.0,0.0,0.0,3.0,2.0,44.0,False,False,중립장,11.0,73300.0,75500.0,naver_realtime,naver_realtime_calculated,-2.91,-2.01,-1.07,1.29,1.23,True,33858149600.0,48.3,False,7.61,일반 모멘텀,"뉴스 키워드: 약한 호재: 확대, 증가 / 악재: 지분율, 주식등의 수","변동성 과다, 뉴스 호재 강도 약함, 뉴스 리스크: 약한 호재: 확대, 증가 / 악재: 지분율, 주식등의 수, 본장 전/초반 1시간 약세 · 초반 -3.03% · 방어 우선, 리스크 44 이상으로 신규 관심 제외",수급 수집 실패,unavailable,0.0,0.0,"약한 호재: 확대, 증가 / 악재: 지분율, 주식등의 수",google_news,"악재 뉴스: GS, 한솔케미칼 지분 8.9%로 확대 (2026-05-19)",weak,"GS, 한솔케미칼 지분 8.9%로 확대 (2026-05-19) | 한솔케미칼 주주 GS, 한솔케미칼 주식등의 수 44만6200주 증가…총 지분율 8.9% (2026-05-19)","naver_daily, naver_realtime, news:google_news, flow:unavailable, intraday_1m",,,섹터 확인 부족,2026-05-19 21:07:50 PDT,0,"관망 · 거래량 1.3배 · 악재 뉴스: GS, 한솔케미칼 지분 8.9%로 확대 (2026-05-19)",선행 신호 대기,놓침 위험 낮음,시장 방어장 · 신규 매수는 작게,급변 신호 없음,지주/에너지 흐름 · 평균 -2.01% · 거래량 1.3배 · 대표 GS,방어장 · 평균 -5.68% · 하락비중 91% · 현금 비중 높게,수급 수집 실패,대표 테마 연결 대기,"기준 현재가 73,300 · 손절 참고 67,722 · 1차 익절 참고 80,273","최대 호재: 수주, 계약, 실적 개선, 정책 수혜 / 최대 악재: 실적 부진, 규제, 원가 상승, 수요 둔화","악재 영향 예상: -6.2~-11.3% (65,012원 부근까지 경계) · 회복 기준 75,810원 돌파","악재 뉴스: GS, 한솔케미칼 지분 8.9%로 확대 (2026-05-19) · 최대 호재: 수주, 계약, 실적 개선, 정책 수혜 / 최대 악재: 실적 부진, 규제, 원가 상승, 수요 둔화"
현대건설,000720.KS,ok,국장,해당 없음,0.0,0.0,0.0,,,0,해당 없음,0.0,0.0,,,,0.0,0.0,,,-8.0,본장 전/초반 1시간 약세 · 초반 -2.91% · 방어 우선,6.0,양호,1분봉 양호 · 장중 -2.99% · 최근 +0.15%,AI 관망,0,지금은 확실한 우위가 부족합니다.,건설,보류,🚫 제외,리스크 과다,0,12.0,6.0,0.0,0.0,4.0,2.0,70.0,False,False,중립장,11.0,133600.0,139300.0,naver_realtime,naver_realtime_calculated,-4.09,-7.8,-1.38,0.72,0.58,False,125914660000.0,30.3,False,8.2,일반 모멘텀,"뉴스 키워드: 보통 호재: 투자 / 중대 악재: 철근, 누락, 1분봉 양호 · 장중 -2.99% · 최근 +0.15%","변동성 과다, 뉴스 리스크: 보통 호재: 투자 / 중대 악재: 철근, 누락, 본장 전/초반 1시간 약세 · 초반 -2.91% · 방어 우선, 매수 확인 부족: 거래량 0.72x / 거래대금 0.58x, 리스크 64 이상으로 신규 관심 제외, 건설 섹터 약세",수급 수집 실패,unavailable,0.0,0.0,"보통 호재: 투자 / 중대 악재: 철근, 누락",company_risk_news+google_news,악재 뉴스: 현대건설 'GTX 삼성역 철근 누락' 검증 체계 논란 확산 (2026-05-20),medium,"현대건설 'GTX 삼성역 철근 누락' 검증 체계 논란 확산 (2026-05-20) | GTX 삼성역 철근 누락, 건설노조 “현대건설·서울시 책임져야” (2026-05-20)","naver_daily, naver_realtime, news:company_risk_news+google_news, flow:unavailable, intraday_1m",0.0,6.0,건설 섹터 약세,2026-05-19 21:07:50 PDT,0,관망 · 악재 뉴스: 현대건설 'GTX 삼성역 철근 누락' 검증 체계 논란 확산 (2026-05-20),선행 신호 대기,놓침 위험 낮음,섹터 최대 악재: 철근 누락,급변 감지 · 당일 -7.80%,"건설 흐름 · 평균 -8.19% · 거래량 0.5배 · 대표 현대건설, DL이앤씨, GS건설",방어장 · 평균 -5.68% · 하락비중 91% · 현금 비중 높게,수급 수집 실패,건설 → 건자재 → 철근/시멘트 → 리츠,"기준 현재가 133,600 · 손절 참고 122,645 · 1차 익절 참고 147,294",섹터 최대 악재: 철근 누락,"악재 영향 예상: -7.6~-13.9% (115,090원 부근까지 경계) · 회복 기준 138,530원 돌파",악재 뉴스: 현대건설 'GTX 삼성역 철근 누락' 검증 체계 논란 확산 (2026-05-20) · 섹터 최대 악재: 철근 누락
카페24,042000.KQ,ok,국장,해당 없음,0.0,0.0,0.0,,,0,해당 없음,0.0,0.0,,,,0.0,0.0,,,0.0,본장 전/초반 1시간 중립 · 초반 -0.69%,6.0,양호,1분봉 양호 · 장중 -1.15% · 최근 +1.90%,AI 관망,0,지금은 확실한 우위가 부족합니다.,이커머스,보류,🚫 제외,리스크 과다,0,21.0,12.0,0.0,0.0,7.0,2.0,26.0,False,False,중립장,11.0,21350.0,22150.0,naver_realtime,naver_realtime_calculated,-3.61,-1.61,1.84,1.0,0.89,True,2501494100.0,27.0,False,6.12,일반 모멘텀,"건전한 갭 상승, 뉴스 키워드: 강한 호재: 계약, 1분봉 양호 · 장중 -1.15% · 최근 +1.90%","변동성 과다, 리스크 26 이상으로 신규 관심 제외",수급 수집 실패,unavailable,0.0,0.0,강한 호재: 계약,google_news,호재 뉴스: 자기주식매매신청내역(코스닥시장) (2026-05-15),strong,"자기주식매매신청내역(코스닥시장) (2026-05-15) | 카페24, 50억원 투입해 자사주 매입 신탁계약... 주주가치 제고 본격화 (2026-05-07)","naver_daily, naver_realtime, news:google_news, flow:unavailable, intraday_1m",,,섹터 확인 부족,2026-05-19 21:07:50 PDT,30,관망 · 호재 뉴스: 자기주식매매신청내역(코스닥시장) (2026-05-15),선행 신호 대기,놓침 위험 낮음,시장 방어장 · 신규 매수는 작게,급변 신호 없음,이커머스 흐름 · 평균 -1.61% · 거래량 1.0배 · 대표 카페24,방어장 · 평균 -5.68% · 하락비중 91% · 현금 비중 높게,수급 수집 실패,대표 테마 연결 대기,"기준 현재가 21,350 · 손절 참고 20,043 · 1차 익절 참고 22,983",섹터 최대 호재: 계약,"호재 영향 예상: +4.2~+7.6% (22,970원 부근까지 시도) · 이탈 기준 20,762원",호재 뉴스: 자기주식매매신청내역(코스닥시장) (2026-05-15) · 섹터 최대 호재: 계약
에이피알,278470.KS,ok,국장,해당 없음,0.0,0.0,0.0,,,0,해당 없음,0.0,0.0,,,,0.0,0.0,,,-8.0,본장 전/초반 1시간 약세 · 초반 -4.48% · 방어 우선,6.0,양호,1분봉 양호 · 장중 -4.73% · 최근 +0.26%,AI 관망,0,지금은 확실한 우위가 부족합니다.,화장품/뷰티테크,보류,🚫 제외,리스크 과다,0,17.0,12.0,0.0,0.0,3.0,2.0,41.0,False,False,중립장,11.0,386000.0,397500.0,naver_realtime,naver_realtime_calculated,-2.89,-3.98,0.12,0.56,0.51,False,68298068000.0,37.0,False,8.11,일반 모멘텀,"건전한 갭 상승, 뉴스 키워드: 약한 호재: 증가, 상승 / 악재: 급락, 1분봉 양호 · 장중 -4.73% · 최근 +0.26%","변동성 과다, 뉴스 호재 강도 약함, 뉴스 리스크: 약한 호재: 증가, 상승 / 악재: 급락, 본장 전/초반 1시간 약세 · 초반 -4.48% · 방어 우선, 매수 확인 부족: 거래량 0.56x / 거래대금 0.51x, 리스크 41 이상으로 신규 관심 제외",수급 수집 실패,unavailable,0.0,0.0,"약한 호재: 증가, 상승 / 악재: 급락",google_news,"악재 뉴스: 에이피알, 미국 오프라인 리테일 채널 본격 확장 (2026-05-20)",weak,"에이피알, 미국 오프라인 리테일 채널 본격 확장 (2026-05-20) | 에이피알, 최대주주등 보통주 2500주 증가 (2026-05-18)","naver_daily, naver_realtime, news:google_news, flow:unavailable, intraday_1m",,,섹터 확인 부족,2026-05-19 21:07:50 PDT,0,"관망 · 악재 뉴스: 에이피알, 미국 오프라인 리테일 채널 본격 확장 (2026-05-20)",선행 신호 대기,놓침 위험 낮음,시장 방어장 · 신규 매수는 작게,급변 신호 없음,화장품/뷰티테크 흐름 · 평균 -3.98% · 거래량 0.6배 · 대표 에이피알,방어장 · 평균 -5.68% · 하락비중 91% · 현금 비중 높게,수급 수집 실패,대표 테마 연결 대기,"기준 현재가 386,000 · 손절 참고 354,695 · 1차 익절 참고 425,131","최대 호재: 수주, 계약, 실적 개선, 정책 수혜 / 최대 악재: 실적 부진, 규제, 원가 상승, 수요 둔화","악재 영향 예상: -6.3~-11.4% (341,861원 부근까지 경계) · 회복 기준 400,087원 돌파","악재 뉴스: 에이피알, 미국 오프라인 리테일 채널 본격 확장 (2026-05-20) · 최대 호재: 수주, 계약, 실적 개선, 정책 수혜 / 최대 악재: 실적 부진, 규제, 원가 상승, 수요 둔화"
브이티,018290.KQ,ok,국장,해당 없음,0.0,0.0,0.0,,,0,해당 없음,0.0,0.0,,,,0.0,0.0,,,-8.0,본장 전/초반 1시간 약세 · 초반 -2.34% · 방어 우선,6.0,양호,1분봉 양호 · 장중 -4.33% · 최근 +0.14%,AI 관망,0,지금은 확실한 우위가 부족합니다.,화장품,보류,🚫 제외,리스크 과다,0,8.0,6.0,0.0,0.0,0.0,2.0,44.0,False,False,중립장,11.0,13970.0,14710.0,naver_realtime,naver_realtime_calculated,-5.03,-6.43,-1.54,0.66,0.57,False,2696531310.0,25.6,False,6.25,일반 모멘텀,1분봉 양호 · 장중 -4.33% · 최근 +0.14%,"변동성 과다, 뉴스 리스크: 악재: 하락, 본장 전/초반 1시간 약세 · 초반 -2.34% · 방어 우선, 매수 확인 부족: 거래량 0.66x / 거래대금 0.57x, 리스크 38 이상으로 신규 관심 제외, 화장품 섹터 약세",수급 수집 실패,unavailable,0.0,0.0,악재: 하락,google_news,"악재 뉴스: ""암 재발하면 전액 환불""…첨생법 1호 바이젠셀 'VT-EBV-N' 임상의 만나보니 (2026-05-19)",none,"""암 재발하면 전액 환불""…첨생법 1호 바이젠셀 'VT-EBV-N' 임상의 만나보니 (2026-05-19) | 다우30, 유가 충격에 위험선호 위축되며 하락 (2026-05-19)","naver_daily, naver_realtime, news:google_news, flow:unavailable, intraday_1m",0.0,6.0,화장품 섹터 약세,2026-05-19 21:07:50 PDT,0,"관망 · 악재 뉴스: ""암 재발하면 전액 환불""…첨생법 1호 바이젠셀 'VT-EBV-N' 임상의 만나보니 (2026-05-19)",선행 신호 대기,놓침 위험 낮음,시장 방어장 · 신규 매수는 작게,급변 감지 · 당일 -6.43%,"화장품 흐름 · 평균 -4.80% · 거래량 0.7배 · 대표 한국콜마, 아모레퍼시픽, 코스맥스",방어장 · 평균 -5.68% · 하락비중 91% · 현금 비중 높게,수급 수집 실패,대표 테마 연결 대기,"기준 현재가 13,970 · 손절 참고 13,097 · 1차 익절 참고 15,061","최대 호재: 수주, 계약, 실적 개선, 정책 수혜 / 최대 악재: 실적 부진, 규제, 원가 상승, 수요 둔화","악재 영향 예상: -4.2~-7.6% (12,901원 부근까지 경계) · 회복 기준 14,363원 돌파","악재 뉴스: ""암 재발하면 전액 환불""…첨생법 1호 바이젠셀 'VT-EBV-N' 임상의 만나보니 (2026-05-19) · 최대 호재: 수주, 계약, 실적 개선, 정책 수혜 / 최대 악재: 실적 부진, 규제, 원가 상승, 수요 둔화"
클래시스,214150.KQ,ok,국장,해당 없음,0.0,0.0,0.0,,,0,해당 없음,0.0,0.0,,,,0.0,0.0,,,-8.0,본장 전/초반 1시간 약세 · 초반 -1.97% · 방어 우선,0.0,중립,1분봉 중립 · 장중 -3.01% · 최근 -0.43%,AI 관망,0,지금은 확실한 우위가 부족합니다.,의료기기,보류,🚫 제외,리스크 과다,0,22.0,6.0,0.0,0.0,14.0,2.0,40.0,False,False,중립장,11.0,46750.0,48750.0,naver_realtime,naver_realtime_calculated,-4.1,-2.81,0.42,0.96,0.82,True,12637132750.0,27.2,False,6.93,일반 모멘텀,"건전한 갭 상승, 뉴스 키워드: 강한 호재: 계약, 공급","변동성 과다, 본장 전/초반 1시간 약세 · 초반 -1.97% · 방어 우선, 리스크 34 이상으로 신규 관심 제외, 의료기기 섹터 약세",수급 수집 실패,unavailable,0.0,0.0,"강한 호재: 계약, 공급",google_news,"호재 뉴스: [HIT알공] 유바이오로직스, 유니세프와 85억 콜레라 백신 공급 계약 (2026-05-19)",strong,"[HIT알공] 유바이오로직스, 유니세프와 85억 콜레라 백신 공급 계약 (2026-05-19) | 클래시스, 자회사 MEDSYSTEMS COMERCIO 채무보증 결정 (2026-05-18)","naver_daily, naver_realtime, news:google_news, flow:unavailable, intraday_1m",0.0,6.0,의료기기 섹터 약세,2026-05-19 21:07:50 PDT,11,"관망 · 호재 뉴스: [HIT알공] 유바이오로직스, 유니세프와 85억 콜레라 백신 공급 계약 (2026-05-19)",선행 신호 대기,놓침 위험 낮음,시장 방어장 · 신규 매수는 작게,급변 신호 없음,"의료기기 흐름 · 평균 -4.96% · 거래량 1.0배 · 대표 클래시스, 덴티움",방어장 · 평균 -5.68% · 하락비중 91% · 현금 비중 높게,수급 수집 실패,의료/제약 → 임상/승인 → 장비/소모품,"기준 현재가 46,750 · 손절 참고 43,510 · 1차 익절 참고 50,800","최대 호재: FDA 승인, 임상 성공, 기술수출, 품목허가 / 최대 악재: 임상 실패, 허가 지연, 부작용, 소송","호재 영향 예상: +4.5~+8.2% (50,582원 부근까지 시도) · 이탈 기준 45,292원","호재 뉴스: [HIT알공] 유바이오로직스, 유니세프와 85억 콜레라 백신 공급 계약 (2026-05-19) · 최대 호재: FDA 승인, 임상 성공, 기술수출, 품목허가 / 최대 악재: 임상 실패, 허가 지연, 부작용, 소송"
대웅제약,069620.KS,ok,국장,해당 없음,0.0,0.0,0.0,,,0,해당 없음,0.0,0.0,,,,0.0,0.0,,,-8.0,본장 전/초반 1시간 약세 · 초반 -3.08% · 방어 우선,6.0,양호,1분봉 양호 · 장중 -2.10% · 최근 +0.23%,AI 관망,0,지금은 확실한 우위가 부족합니다.,의료/제약,보류,🚫 제외,리스크 과다,0,28.0,12.0,0.0,0.0,14.0,2.0,29.0,False,False,중립장,11.0,130500.0,134200.0,naver_realtime,naver_realtime_calculated,-2.76,-1.95,0.3,1.12,1.01,True,4604562000.0,33.9,False,4.56,일반 모멘텀,"건전한 갭 상승, 뉴스 키워드: 강한 호재: 계약, 공급 / 악재: 하락, 1분봉 양호 · 장중 -2.10% · 최근 +0.23%","뉴스 리스크: 강한 호재: 계약, 공급 / 악재: 하락, 본장 전/초반 1시간 약세 · 초반 -3.08% · 방어 우선, 의료/제약 섹터 약세",수급 수집 실패,unavailable,0.0,0.0,"강한 호재: 계약, 공급 / 악재: 하락",google_news,"악재 뉴스: [HIT알공] 유바이오로직스, 유니세프와 85억 콜레라 백신 공급 계약 (2026-05-19)",strong,"[HIT알공] 유바이오로직스, 유니세프와 85억 콜레라 백신 공급 계약 (2026-05-19) | [HIT알공] 코오롱생명과학, 코오롱바이오텍에 150억 출자 (2026-05-18)","naver_daily, naver_realtime, news:google_news, flow:unavailable, intraday_1m",0.0,6.0,의료/제약 섹터 약세,2026-05-19 21:07:50 PDT,0,"관망 · 악재 뉴스: [HIT알공] 유바이오로직스, 유니세프와 85억 콜레라 백신 공급 계약 (2026-05-19)",선행 신호 대기,놓침 위험 낮음,시장 방어장 · 신규 매수는 작게,급변 신호 없음,"의료/제약 흐름 · 평균 -3.53% · 거래량 1.0배 · 대표 유한양행, 보령, 대웅제약",방어장 · 평균 -5.68% · 하락비중 91% · 현금 비중 높게,수급 수집 실패,의료/제약 → 임상/승인 → 장비/소모품,"기준 현재가 130,500 · 손절 참고 124,549 · 1차 익절 참고 137,938","최대 호재: FDA 승인, 임상 성공, 기술수출, 품목허가 / 최대 악재: 임상 실패, 허가 지연, 부작용, 소송","악재 영향 예상: -3.3~-6.0% (122,636원 부근까지 경계) · 회복 기준 133,178원 돌파","악재 뉴스: [HIT알공] 유바이오로직스, 유니세프와 85억 콜레라 백신 공급 계약 (2026-05-19) · 최대 호재: FDA 승인, 임상 성공, 기술수출, 품목허가 / 최대 악재: 임상 실패, 허가 지연, 부작용, 소송"
지아이이노베이션,358570.KQ,ok,국장,해당 없음,0.0,0.0,0.0,,,0,해당 없음,0.0,0.0,,,,0.0,0.0,,,-8.0,본장 전/초반 1시간 약세 · 초반 -1.04% · 방어 우선,0.0,중립,1분봉 중립 · 장중 -4.24% · 최근 -0.49%,AI 관망,0,지금은 확실한 우위가 부족합니다.,바이오,보류,🚫 제외,리스크 과다,0,8.0,6.0,0.0,0.0,0.0,2.0,44.0,False,False,중립장,11.0,10210.0,10800.0,naver_realtime,naver_realtime_calculated,-5.46,-9.0,0.45,1.09,0.76,False,8124005110.0,13.6,False,12.82,일반 모멘텀,건전한 갭 상승,"변동성 과다, 뉴스 호재 강도 약함, 뉴스 리스크: 약한 호재: 특허 / 악재: 하락, 본장 전/초반 1시간 약세 · 초반 -1.04% · 방어 우선, 매수 확인 부족: 거래량 1.09x / 거래대금 0.76x, 리스크 38 이상으로 신규 관심 제외, 바이오 섹터 약세",수급 수집 실패,unavailable,0.0,0.0,약한 호재: 특허 / 악재: 하락,google_news,"악재 뉴스: [주식] 휴온스, 휴온스랩 흡수합병...주가 18% '급등' (2026-05-19)",weak,"[주식] 휴온스, 휴온스랩 흡수합병...주가 18% '급등' (2026-05-19) | [주식] 코스닥 하락세 지속...셀레믹스 23%↑·툴젠 17% ↓ (2026-05-18)","naver_daily, naver_realtime, news:google_news, flow:unavailable, intraday_1m",0.0,6.0,바이오 섹터 약세,2026-05-19 21:07:50 PDT,0,"관망 · 악재 뉴스: [주식] 휴온스, 휴온스랩 흡수합병...주가 18% '급등' (2026-05-19) · 놓친 상승 복기: 이전 놓친 상승 패턴 1회",선행 신호 대기,놓침 위험 낮음,시장 방어장 · 신규 매수는 작게,급변 감지 · 당일 -9.00%,"바이오 흐름 · 평균 -4.44% · 거래량 1.3배 · 대표 바이오니아, 알테오젠, SK바이오사이언스",방어장 · 평균 -5.68% · 하락비중 91% · 현금 비중 높게,수급 수집 실패,의료/제약 → 임상/승인 → 장비/소모품,"기준 현재가 10,210 · 손절 참고 8,985 · 1차 익절 참고 11,742","최대 호재: 수주, 계약, 실적 개선, 정책 수혜 / 최대 악재: 실적 부진, 규제, 원가 상승, 수요 둔화","악재 영향 예상: -8.1~-14.8% (8,701원 부근까지 경계) · 회복 기준 10,761원 돌파","악재 뉴스: [주식] 휴온스, 휴온스랩 흡수합병...주가 18% '급등' (2026-05-19) · 최대 호재: 수주, 계약, 실적 개선, 정책 수혜 / 최대 악재: 실적 부진, 규제, 원가 상승, 수요 둔화"
바이오니아,064550.KQ,ok,국장,해당 없음,0.0,0.0,0.0,,,0,해당 없음,0.0,0.0,,,,0.0,0.0,,,0.0,본장 전/초반 1시간 중립 · 초반 +2.31%,-11.0,위험,1분봉 약함 · 장중 -2.88% · 최근 -1.46% · 거래 0.1배,AI 관망,0,이미 많이 오른 구간이라 신규 매수보다 눌림 확인이 우선입니다.,바이오,보류,🚫 제외,리스크 과다,0,22.0,0.0,20.0,0.0,0.0,2.0,66.0,False,True,중립장,11.0,10160.0,9910.0,naver_realtime,naver_realtime_calculated,2.52,11.16,4.05,5.76,5.81,True,11574465040.0,30.8,False,5.27,거래량 폭발,거래량/거래대금 폭발(5.8x/5.8x),"갭 상승 과열, 당일 급등 후 추격 위험, 뉴스 리스크: 악재: 감소, 지분율, 주식등의 수, 1분봉 약함 · 장중 -2.88% · 최근 -1.46% · 거래 0.1배, 리스크 60 이상으로 신규 관심 제외, 바이오 섹터 약세",수급 수집 실패,unavailable,0.0,0.0,"악재: 감소, 지분율, 주식등의 수",google_news,"악재 뉴스: 오후 이슈 [진단키트] : 진원생명과학, 휴온스, 녹십자엠에스, 바이오니아, 제이에스링크 (2026-05-19)",none,"오후 이슈 [진단키트] : 진원생명과학, 휴온스, 녹십자엠에스, 바이오니아, 제이에스링크 (2026-05-19) | 엔바이오니아 최대주주 한정철, 엔바이오니아 주식등의 수 3000주 감소…총 지분율 27.47% (2026-05-07)","naver_daily, naver_realtime, news:google_news, flow:unavailable, intraday_1m",0.0,6.0,바이오 섹터 약세,2026-05-19 21:07:50 PDT,0,"관망 · 거래량 5.8배 · 추격 부담 높음 · 악재 뉴스: 오후 이슈 [진단키트] : 진원생명과학, 휴온스, 녹십자엠에스, 바이오니아, 제이에스링크 (2026-05-19) · 놓친 상승 복기: 이전 놓친 상승 패턴 1회 / 바이오니아 개별 실패 복기 1회",추격 주의 · 이미 오른 구간이라 눌림 확인 우선,놓침 위험 낮음,시장 방어장 · 신규 매수는 작게,이상 거래 · 거래량 5.8배 급증,"바이오 흐름 · 평균 -4.44% · 거래량 1.3배 · 대표 바이오니아, 알테오젠, SK바이오사이언스",방어장 · 평균 -5.68% · 하락비중 91% · 현금 비중 높게,수급 수집 실패,의료/제약 → 임상/승인 → 장비/소모품,"기준 현재가 10,160 · 손절 참고 9,625 · 1차 익절 참고 10,829","최대 호재: 수주, 계약, 실적 개선, 정책 수혜 / 최대 악재: 실적 부진, 규제, 원가 상승, 수요 둔화","악재 영향 예상: -7.0~-12.7% (8,869원 부근까지 경계) · 회복 기준 10,401원 돌파","악재 뉴스: 오후 이슈 [진단키트] : 진원생명과학, 휴온스, 녹십자엠에스, 바이오니아, 제이에스링크 (2026-05-19) · 최대 호재: 수주, 계약, 실적 개선, 정책 수혜 / 최대 악재: 실적 부진, 규제, 원가 상승, 수요 둔화"
안트로젠,065660.KQ,ok,국장,해당 없음,0.0,0.0,0.0,,,0,해당 없음,0.0,0.0,,,,0.0,0.0,,,0.0,본장 전/초반 1시간 중립 · 초반 -0.16%,0.0,중립,1분봉 중립 · 장중 -1.77% · 최근 -0.49%,AI 관망,0,지금은 확실한 우위가 부족합니다.,바이오,보류,🚫 제외,리스크 과다,0,12.0,10.0,0.0,0.0,0.0,2.0,47.0,False,False,중립장,11.0,30550.0,31650.0,naver_realtime,naver_realtime_calculated,-3.48,-5.56,0.0,0.77,0.68,False,638220050.0,23.2,True,6.93,일반 모멘텀,MACD 상승,"변동성 과다, 거래대금 부족, 매수 확인 부족: 거래량 0.77x / 거래대금 0.68x, 리스크 41 이상으로 신규 관심 제외, 바이오 섹터 약세",수급 수집 실패,unavailable,0.0,0.0,뉴스 수집 실패,none,뉴스를 가져오지 못해 가격 흐름만 참고하세요.,none,-,"naver_daily, naver_realtime, news:none, flow:unavailable, intraday_1m",0.0,6.0,바이오 섹터 약세,2026-05-19 21:07:50 PDT,0,관망 · 뉴스를 가져오지 못해 가격 흐름만 참고하세요. · 놓친 상승 복기: 이전 놓친 상승 패턴 1회,선행 신호 대기,놓침 위험 낮음,시장 방어장 · 신규 매수는 작게,급변 신호 없음,"바이오 흐름 · 평균 -4.44% · 거래량 1.3배 · 대표 바이오니아, 알테오젠, SK바이오사이언스",방어장 · 평균 -5.68% · 하락비중 91% · 현금 비중 높게,수급 수집 실패,의료/제약 → 임상/승인 → 장비/소모품,"기준 현재가 30,550 · 손절 참고 28,433 · 1차 익절 참고 33,196","최대 호재: 수주, 계약, 실적 개선, 정책 수혜 / 최대 악재: 실적 부진, 규제, 원가 상승, 수요 둔화",뉴스 영향 예상: 방향성 약함 · 가격/거래량 확인 우선,"뉴스를 가져오지 못해 가격 흐름만 참고하세요. · 최대 호재: 수주, 계약, 실적 개선, 정책 수혜 / 최대 악재: 실적 부진, 규제, 원가 상승, 수요 둔화"
프로텍,053610.KQ,ok,국장,해당 없음,0.0,0.0,0.0,,,0,해당 없음,0.0,0.0,,,,0.0,0.0,,,-8.0,본장 전/초반 1시간 약세 · 초반 -1.33% · 방어 우선,6.0,양호,1분봉 양호 · 장중 -1.33% · 최근 +0.11%,AI 관망,0,지금은 확실한 우위가 부족합니다.,반도체장비,보류,🚫 제외,리스크 과다,0,44.0,42.0,0.0,0.0,0.0,2.0,50.0,False,False,중립장,11.0,89200.0,92100.0,naver_realtime,naver_realtime_calculated,-3.15,-3.15,2.06,1.12,1.21,True,9821455200.0,72.6,True,9.36,일반 모멘텀,"추세 상승, MACD 상승, 건전한 갭 상승, 1분봉 양호 · 장중 -1.33% · 최근 +0.11%","변동성 과다, 뉴스 호재 강도 약함, 뉴스 리스크: 약한 호재: 증가 / 악재: 지분율, 주식등의 수, 본장 전/초반 1시간 약세 · 초반 -1.33% · 방어 우선, 리스크 44 이상으로 신규 관심 제외, 반도체장비 섹터 약세",수급 수집 실패,unavailable,0.0,0.0,"약한 호재: 증가 / 악재: 지분율, 주식등의 수",google_news,"악재 뉴스: '프로텍' 52주 신고가 경신, 전일 기관 대량 순매수 (2026-05-18)",weak,"'프로텍' 52주 신고가 경신, 전일 기관 대량 순매수 (2026-05-18) | 프로텍 최대주주 최승환, 프로텍 주식등의 수 6만6000주 증가…총 지분율 37.28% (2026-05-07)","naver_daily, naver_realtime, news:google_news, flow:unavailable, intraday_1m",0.0,6.0,반도체장비 섹터 약세,2026-05-19 21:07:50 PDT,0,"관망 · 악재 뉴스: '프로텍' 52주 신고가 경신, 전일 기관 대량 순매수 (2026-05-18) · 놓친 상승 복기: 이전 놓친 상승 패턴 1회",선행 신호 대기,놓침 위험 낮음,시장 방어장 · 신규 매수는 작게,급변 신호 없음,"반도체장비 흐름 · 평균 -2.48% · 거래량 0.8배 · 대표 피에스케이, 주성엔지니어링, 피에스케이홀딩스",방어장 · 평균 -5.68% · 하락비중 91% · 현금 비중 높게,수급 수집 실패,AI/반도체 → 전력 → 냉각 → 데이터센터 → 광통신,"기준 현재가 89,200 · 손절 참고 80,851 · 1차 익절 참고 99,636","최대 호재: HBM 수주, 엔비디아 공급, 장비 발주, 수율 개선 / 최대 악재: 어닝 쇼크, 컨센서스 하회, 수출 통제, 재고 급증","악재 영향 예상: -7.8~-14.2% (76,548원 부근까지 경계) · 회복 기준 92,957원 돌파","악재 뉴스: '프로텍' 52주 신고가 경신, 전일 기관 대량 순매수 (2026-05-18) · 최대 호재: HBM 수주, 엔비디아 공급, 장비 발주, 수율 개선 / 최대 악재: 어닝 쇼크, 컨센서스 하회, 수출 통제, 재고 급증"
HLB제약,047920.KQ,ok,국장,해당 없음,0.0,0.0,0.0,,,0,해당 없음,0.0,0.0,,,,0.0,0.0,,,-8.0,본장 전/초반 1시간 약세 · 초반 -1.13% · 방어 우선,6.0,양호,1분봉 양호 · 장중 -2.19% · 최근 +0.46%,AI 관망,0,지금은 확실한 우위가 부족합니다.,제약/바이오,보류,🚫 제외,리스크 과다,0,16.0,6.0,0.0,0.0,8.0,2.0,42.0,False,False,중립장,11.0,12970.0,13490.0,naver_realtime,naver_realtime_calculated,-3.85,-5.67,0.0,0.93,0.75,False,1422303170.0,2.1,False,6.26,일반 모멘텀,"뉴스 키워드: 보통 호재: 승인, 투자 / 악재: 유상증자, 1분봉 양호 · 장중 -2.19% · 최근 +0.46%","변동성 과다, 뉴스 리스크: 보통 호재: 승인, 투자 / 악재: 유상증자, 본장 전/초반 1시간 약세 · 초반 -1.13% · 방어 우선, 매수 확인 부족: 거래량 0.93x / 거래대금 0.75x, 리스크 42 이상으로 신규 관심 제외",수급 수집 실패,unavailable,0.0,0.0,"보통 호재: 승인, 투자 / 악재: 유상증자",google_news,"악재 뉴스: HLB제약, FDA 승인 앞두고 유증…'승인 실패 대비' 의구심 증폭 - v.daum.net (2026-05-19)",medium,"HLB제약, FDA 승인 앞두고 유증…'승인 실패 대비' 의구심 증폭 - v.daum.net (2026-05-19) | 코스닥 제약업종 톱50 외국인 주식 보유액 8.4조원 규모 (2026-05-19)","naver_daily, naver_realtime, news:google_news, flow:unavailable, intraday_1m",,,섹터 확인 부족,2026-05-19 21:07:50 PDT,10,"관망 · 악재 뉴스: HLB제약, FDA 승인 앞두고 유증…'승인 실패 대비' 의구심 증폭 - v.daum.net (2026-05-19",선행 신호 대기,놓침 위험 낮음,시장 방어장 · 신규 매수는 작게,급변 신호 없음,제약/바이오 흐름 · 평균 -5.67% · 거래량 0.9배 · 대표 HLB제약,방어장 · 평균 -5.68% · 하락비중 91% · 현금 비중 높게,수급 수집 실패,의료/제약 → 임상/승인 → 장비/소모품,"기준 현재가 12,970 · 손절 참고 12,158 · 1차 익절 참고 13,985",섹터 최대 호재: FDA 승인,"악재 영향 예상: -4.2~-7.6% (11,990원 부근까지 경계) · 회복 기준 13,335원 돌파","악재 뉴스: HLB제약, FDA 승인 앞두고 유증…'승인 실패 대비' 의구심 증폭 - v.daum.net (2026-05-19) · 섹터 최대 호재: FDA 승인"
네패스,033640.KQ,ok,국장,해당 없음,0.0,0.0,0.0,,,0,해당 없음,0.0,0.0,,,,0.0,0.0,,,-8.0,본장 전/초반 1시간 약세 · 초반 -3.60% · 방어 우선,12.0,양호,1분봉 양호 · 장중 +0.18% · 최근 +0.36%,AI 관망,0,지금은 확실한 우위가 부족합니다.,반도체후공정,보류,🚫 제외,리스크 과다,0,14.0,12.0,0.0,0.0,0.0,2.0,50.0,False,False,중립장,11.0,27850.0,27700.0,naver_realtime,naver_realtime_calculated,0.54,-4.62,-3.77,0.52,0.45,False,7150181150.0,34.9,False,11.02,일반 모멘텀,1분봉 양호 · 장중 +0.18% · 최근 +0.36%,"갭 하락 경계, 변동성 과다, 본장 전/초반 1시간 약세 · 초반 -3.60% · 방어 우선, 매수 확인 부족: 거래량 0.52x / 거래대금 0.45x, 리스크 44 이상으로 신규 관심 제외, 반도체후공정 섹터 약세",수급 수집 실패,unavailable,0.0,0.0,뉴스 중립,google_news,관련 뉴스: 삼성 노사 리스크의 반전…네패스·SFA반도체 기막힌 폭등 (2026-05-14),none,"삼성 노사 리스크의 반전…네패스·SFA반도체 기막힌 폭등 (2026-05-14) | '네패스아크' 52주 신고가 경신, 전일 외국인 대량 순매수 (2026-05-13)","naver_daily, naver_realtime, news:google_news, flow:unavailable, intraday_1m",0.0,6.0,반도체후공정 섹터 약세,2026-05-19 21:07:50 PDT,0,관망 · 관련 뉴스: 삼성 노사 리스크의 반전…네패스·SFA반도체 기막힌 폭등 (2026-05-14),선행 신호 대기,놓침 위험 낮음,시장 방어장 · 신규 매수는 작게,급변 신호 없음,"반도체후공정 흐름 · 평균 -4.10% · 거래량 0.6배 · 대표 하나마이크론, 네패스",방어장 · 평균 -5.68% · 하락비중 91% · 현금 비중 높게,수급 수집 실패,AI/반도체 → 전력 → 냉각 → 데이터센터 → 광통신,"기준 현재가 27,850 · 손절 참고 24,781 · 1차 익절 참고 31,686","최대 호재: HBM 수주, 엔비디아 공급, 장비 발주, 수율 개선 / 최대 악재: 어닝 쇼크, 컨센서스 하회, 수출 통제, 재고 급증",뉴스 영향 예상: 방향성 약함 · 가격/거래량 확인 우선,"관련 뉴스: 삼성 노사 리스크의 반전…네패스·SFA반도체 기막힌 폭등 (2026-05-14) · 최대 호재: HBM 수주, 엔비디아 공급, 장비 발주, 수율 개선 / 최대 악재: 어닝 쇼크, 컨센서스 하회, 수출 통제, 재고 급증"
케이씨텍,281820.KS,ok,국장,해당 없음,0.0,0.0,0.0,,,0,해당 없음,0.0,0.0,,,,0.0,0.0,,,-8.0,본장 전/초반 1시간 약세 · 초반 -1.22% · 방어 우선,0.0,중립,1분봉 중립 · 장중 -1.52% · 최근 +0.00%,AI 관망,0,지금은 확실한 우위가 부족합니다.,반도체장비,보류,🚫 제외,리스크 과다,0,38.0,36.0,0.0,0.0,0.0,2.0,40.0,False,False,중립장,11.0,65100.0,66300.0,naver_realtime,naver_realtime_calculated,-1.81,-7.26,0.71,0.6,0.59,False,6585841500.0,56.2,False,8.61,일반 모멘텀,"추세 상승, RSI 건강 구간, 건전한 갭 상승","변동성 과다, 본장 전/초반 1시간 약세 · 초반 -1.22% · 방어 우선, 매수 확인 부족: 거래량 0.60x / 거래대금 0.59x, 리스크 34 이상으로 신규 관심 제외, 반도체장비 섹터 약세",수급 수집 실패,unavailable,0.0,0.0,뉴스 중립,google_news,관련 뉴스: 댓글 : [차티스트]260506_장중방송/오후 (2026-05-06),none,댓글 : [차티스트]260506_장중방송/오후 (2026-05-06),"naver_daily, naver_realtime, news:google_news, flow:unavailable, intraday_1m",0.0,6.0,반도체장비 섹터 약세,2026-05-19 21:07:50 PDT,0,관망 · 관련 뉴스: 댓글 : [차티스트]260506_장중방송/오후 (2026-05-06) · 놓친 상승 복기: 이전 놓친 상승 패턴 1회,선행 신호 대기,놓침 위험 낮음,시장 방어장 · 신규 매수는 작게,급변 감지 · 당일 -7.26%,"반도체장비 흐름 · 평균 -2.48% · 거래량 0.8배 · 대표 피에스케이, 주성엔지니어링, 피에스케이홀딩스",방어장 · 평균 -5.68% · 하락비중 91% · 현금 비중 높게,수급 수집 실패,AI/반도체 → 전력 → 냉각 → 데이터센터 → 광통신,"기준 현재가 65,100 · 손절 참고 59,495 · 1차 익절 참고 72,106","최대 호재: HBM 수주, 엔비디아 공급, 장비 발주, 수율 개선 / 최대 악재: 어닝 쇼크, 컨센서스 하회, 수출 통제, 재고 급증",뉴스 영향 예상: 방향성 약함 · 가격/거래량 확인 우선,"관련 뉴스: 댓글 : [차티스트]260506_장중방송/오후 (2026-05-06) · 최대 호재: HBM 수주, 엔비디아 공급, 장비 발주, 수율 개선 / 최대 악재: 어닝 쇼크, 컨센서스 하회, 수출 통제, 재고 급증"
원익머트리얼즈,104830.KQ,ok,국장,해당 없음,0.0,0.0,0.0,,,0,해당 없음,0.0,0.0,,,,0.0,0.0,,,-8.0,본장 전/초반 1시간 약세 · 초반 -2.12% · 방어 우선,0.0,중립,1분봉 중립 · 장중 -3.01% · 최근 -0.46%,AI 관망,0,지금은 확실한 우위가 부족합니다.,반도체소재,보류,🚫 제외,리스크 과다,0,5.0,0.0,0.0,0.0,3.0,2.0,40.0,False,False,중립장,11.0,43700.0,44800.0,naver_realtime,naver_realtime_calculated,-2.46,-2.89,-0.44,0.59,0.5,False,2565889200.0,15.4,False,7.5,일반 모멘텀,"뉴스 키워드: 약한 호재: 상승, 확대","변동성 과다, 뉴스 호재 강도 약함, 본장 전/초반 1시간 약세 · 초반 -2.12% · 방어 우선, 매수 확인 부족: 거래량 0.59x / 거래대금 0.50x, 리스크 34 이상으로 신규 관심 제외, 반도체소재 섹터 약세",수급 수집 실패,unavailable,0.0,0.0,"약한 호재: 상승, 확대",google_news,"호재 뉴스: 에이치브이엠, -16.03% VI 발동 (2026-05-20)",weak,"에이치브이엠, -16.03% VI 발동 (2026-05-20) | [단독] 원익홀딩스, 자산운용업 진출...'오르카자산운용' 인수 (2026-05-19)","naver_daily, naver_realtime, news:google_news, flow:unavailable, intraday_1m",0.0,6.0,반도체소재 섹터 약세,2026-05-19 21:07:50 PDT,8,"관망 · 호재 뉴스: 에이치브이엠, -16.03% VI 발동 (2026-05-20)",선행 신호 대기,놓침 위험 낮음,시장 방어장 · 신규 매수는 작게,급변 신호 없음,"반도체소재 흐름 · 평균 -3.94% · 거래량 1.0배 · 대표 동진쎄미켐, 원익QnC, 원익머트리얼즈",방어장 · 평균 -5.68% · 하락비중 91% · 현금 비중 높게,수급 수집 실패,AI/반도체 → 전력 → 냉각 → 데이터센터 → 광통신,"기준 현재가 43,700 · 손절 참고 40,422 · 1차 익절 참고 47,797","최대 호재: HBM 수주, 엔비디아 공급, 장비 발주, 수율 개선 / 최대 악재: 어닝 쇼크, 컨센서스 하회, 수출 통제, 재고 급증","호재 영향 예상: +3.1~+5.6% (46,158원 부근까지 시도) · 이탈 기준 42,225원","호재 뉴스: 에이치브이엠, -16.03% VI 발동 (2026-05-20) · 최대 호재: HBM 수주, 엔비디아 공급, 장비 발주, 수율 개선 / 최대 악재: 어닝 쇼크, 컨센서스 하회, 수출 통제, 재고 급증"
미코,059090.KQ,ok,국장,해당 없음,0.0,0.0,0.0,,,0,해당 없음,0.0,0.0,,,,0.0,0.0,,,-8.0,본장 전/초반 1시간 약세 · 초반 -2.79% · 방어 우선,0.0,중립,1분봉 중립 · 장중 -5.39% · 최근 -0.16%,AI 관망,0,지금은 확실한 우위가 부족합니다.,반도체소부장,보류,🚫 제외,리스크 과다,0,9.0,0.0,0.0,0.0,7.0,2.0,52.0,False,False,중립장,11.0,18710.0,20200.0,naver_realtime,naver_realtime_calculated,-7.38,-11.12,-0.71,0.51,0.4,False,9618586480.0,48.3,False,14.59,일반 모멘텀,뉴스 키워드: 보통 호재: 투자 / 약한 호재: 확대 / 악재: 매각,"변동성 과다, 뉴스 리스크: 보통 호재: 투자 / 약한 호재: 확대 / 악재: 매각, 본장 전/초반 1시간 약세 · 초반 -2.79% · 방어 우선, 매수 확인 부족: 거래량 0.51x / 거래대금 0.40x, 리스크 46 이상으로 신규 관심 제외, 반도체소부장 섹터 약세",수급 수집 실패,unavailable,0.0,0.0,보통 호재: 투자 / 약한 호재: 확대 / 악재: 매각,google_news,"악재 뉴스: 비코어 이사 앤드류 다미코, 25만 2,277달러 상당 주식 매각 - Investing.com 한국어 (2026-05-16)",medium,"비코어 이사 앤드류 다미코, 25만 2,277달러 상당 주식 매각 - Investing.com 한국어 (2026-05-16) | 장원재 메리츠증권 ""주식 익스포저 확대…미코파워·퓨리오사AI 등 투자"" (2026-05-14)","naver_daily, naver_realtime, news:google_news, flow:unavailable, intraday_1m",0.0,6.0,반도체소부장 섹터 약세,2026-05-19 21:07:50 PDT,0,"관망 · 악재 뉴스: 비코어 이사 앤드류 다미코, 25만 2,277달러 상당 주식 매각 - Investing.com 한국어 (2026-",선행 신호 대기,놓침 위험 낮음,시장 방어장 · 신규 매수는 작게,급변 감지 · 당일 -11.12%,"반도체소부장 흐름 · 평균 -9.24% · 거래량 0.7배 · 대표 ISC, 미코",방어장 · 평균 -5.68% · 하락비중 91% · 현금 비중 높게,수급 수집 실패,AI/반도체 → 전력 → 냉각 → 데이터센터 → 광통신,"기준 현재가 18,710 · 손절 참고 16,465 · 1차 익절 참고 21,516","최대 호재: HBM 수주, 엔비디아 공급, 장비 발주, 수율 개선 / 최대 악재: 어닝 쇼크, 컨센서스 하회, 수출 통제, 재고 급증","악재 영향 예상: -8.4~-15.3% (15,847원 부근까지 경계) · 회복 기준 19,720원 돌파","악재 뉴스: 비코어 이사 앤드류 다미코, 25만 2,277달러 상당 주식 매각 - Investing.com 한국어 (2026-05-16) · 최대 호재: HBM 수주, 엔비디아 공급, 장비 발주, 수율 개선 / 최대 악재: 어닝 쇼크, 컨센서스 하회, 수출 통제, 재고 급증"
유진테크,084370.KQ,ok,국장,해당 없음,0.0,0.0,0.0,,,0,해당 없음,0.0,0.0,,,,0.0,0.0,,,0.0,본장 전/초반 1시간 중립 · 초반 +3.20%,16.0,강함,1분봉 강함 · 장중 +4.58% · 최근 +0.50% · 거래 0.7배,AI 관망,0,지금은 확실한 우위가 부족합니다.,반도체장비,보류,🚫 제외,리스크 과다,0,23.0,18.0,0.0,0.0,3.0,2.0,32.0,False,False,중립장,11.0,122100.0,114900.0,naver_realtime,naver_realtime_calculated,6.27,5.35,0.69,0.68,0.61,False,21007182900.0,39.2,False,11.71,일반 모멘텀,"건전한 갭 상승, 뉴스 키워드: 약한 호재: 상승, 확대, 1분봉 강함 · 장중 +4.58% · 최근 +0.50% · 거래 0.7배","변동성 과다, 뉴스 호재 강도 약함, 매수 확인 부족: 거래량 0.68x / 거래대금 0.61x, 리스크 26 이상으로 신규 관심 제외, 반도체장비 섹터 약세",수급 수집 실패,unavailable,0.0,0.0,"약한 호재: 상승, 확대",google_news,"호재 뉴스: 주성엔지니어링, 장 초반 17%대 급등…신고가 경신 (2026-05-20)",weak,"주성엔지니어링, 장 초반 17%대 급등…신고가 경신 (2026-05-20) | 코스피 사이드카 딛고 7,500선 탈환 (2026-05-18)","naver_daily, naver_realtime, news:google_news, flow:unavailable, intraday_1m",0.0,6.0,반도체장비 섹터 약세,2026-05-19 21:07:50 PDT,11,"관망 · 추격 부담 높음 · 호재 뉴스: 주성엔지니어링, 장 초반 17%대 급등…신고가 경신 (2026-05-20) · 놓친 상승 복기: 이전 놓친 상승 패턴 1회",추격 주의 · 이미 오른 구간이라 눌림 확인 우선,놓침 위험 낮음,시장 방어장 · 신규 매수는 작게,급변 신호 없음,"반도체장비 흐름 · 평균 -2.48% · 거래량 0.8배 · 대표 피에스케이, 주성엔지니어링, 피에스케이홀딩스",방어장 · 평균 -5.68% · 하락비중 91% · 현금 비중 높게,수급 수집 실패,AI/반도체 → 전력 → 냉각 → 데이터센터 → 광통신,"기준 현재가 122,100 · 손절 참고 107,802 · 1차 익절 참고 139,972","최대 호재: HBM 수주, 엔비디아 공급, 장비 발주, 수율 개선 / 최대 악재: 어닝 쇼크, 컨센서스 하회, 수출 통제, 재고 급증","호재 영향 예상: +4.8~+8.8% (132,823원 부근까지 시도) · 이탈 기준 115,666원","호재 뉴스: 주성엔지니어링, 장 초반 17%대 급등…신고가 경신 (2026-05-20) · 최대 호재: HBM 수주, 엔비디아 공급, 장비 발주, 수율 개선 / 최대 악재: 어닝 쇼크, 컨센서스 하회, 수출 통제, 재고 급증"
롯데에너지머티리얼즈,020150.KS,ok,국장,해당 없음,0.0,0.0,0.0,,,0,해당 없음,0.0,0.0,,,,0.0,0.0,,,-8.0,본장 전/초반 1시간 약세 · 초반 -3.81% · 방어 우선,0.0,중립,1분봉 중립 · 장중 -3.63% · 최근 -0.38%,AI 관망,0,지금은 확실한 우위가 부족합니다.,2차전지소재,보류,🚫 제외,리스크 과다,0,18.0,6.0,0.0,0.0,10.0,2.0,48.0,False,False,중립장,11.0,53400.0,56400.0,naver_realtime,naver_realtime_calculated,-5.32,-10.7,0.67,0.41,0.33,False,11801400000.0,38.0,False,13.9,일반 모멘텀,"건전한 갭 상승, 뉴스 키워드: 강한 호재: 공급 / 약한 호재: 확대 / 악재: 적자","변동성 과다, 뉴스 리스크: 강한 호재: 공급 / 약한 호재: 확대 / 악재: 적자, 본장 전/초반 1시간 약세 · 초반 -3.81% · 방어 우선, 매수 확인 부족: 거래량 0.41x / 거래대금 0.33x, 리스크 42 이상으로 신규 관심 제외, 2차전지소재 섹터 약세",수급 수집 실패,unavailable,0.0,0.0,강한 호재: 공급 / 약한 호재: 확대 / 악재: 적자,google_news,"악재 뉴스: [버핏 리포트] 롯데에너지머티리얼즈, AI 회로박·ESS가 이끄는 성장…고부가 사업 확대 (2026-05-15)",strong,"[버핏 리포트] 롯데에너지머티리얼즈, AI 회로박·ESS가 이끄는 성장…고부가 사업 확대 (2026-05-15) | 키움證 ""롯데에너지머티리얼즈, AI·ESS 수요 기대감 확대…목표주가 61%↑"" - v.daum.net (2026-05-15)","naver_daily, naver_realtime, news:google_news, flow:unavailable, intraday_1m",0.0,6.0,2차전지소재 섹터 약세,2026-05-19 21:07:50 PDT,0,"관망 · 악재 뉴스: [버핏 리포트] 롯데에너지머티리얼즈, AI 회로박·ESS가 이끄는 성장…고부가 사업 확대 (2026-05-15)",선행 신호 대기,놓침 위험 낮음,중대 리스크 · 악재 뉴스 우선 확인,급변 감지 · 당일 -10.70%,"2차전지소재 흐름 · 평균 -9.44% · 거래량 0.5배 · 대표 탑머티리얼, 에코프로머티, 중앙첨단소재",방어장 · 평균 -5.68% · 하락비중 91% · 현금 비중 높게,수급 수집 실패,대표 테마 연결 대기,"기준 현재가 53,400 · 손절 참고 46,992 · 1차 익절 참고 61,410","최대 호재: 수주, IRA 수혜, 리튬 가격 안정, 흑자 전환 / 최대 악재: 화재, 리콜, 수요 둔화, 적자 확대","악재 영향 예상: -8.3~-15.1% (45,339원 부근까지 경계) · 회복 기준 56,284원 돌파","악재 뉴스: [버핏 리포트] 롯데에너지머티리얼즈, AI 회로박·ESS가 이끄는 성장…고부가 사업 확대 (2026-05-15) · 최대 호재: 수주, IRA 수혜, 리튬 가격 안정, 흑자 전환 / 최대 악재: 화재, 리콜, 수요 둔화, 적자 확대"
LS머트리얼즈,417200.KQ,ok,국장,해당 없음,0.0,0.0,0.0,,,0,해당 없음,0.0,0.0,,,,0.0,0.0,,,-8.0,본장 전/초반 1시간 약세 · 초반 -5.32% · 방어 우선,6.0,양호,1분봉 양호 · 장중 -6.19% · 최근 +0.15%,AI 관망,0,지금은 확실한 우위가 부족합니다.,2차전지소재,보류,🚫 제외,리스크 과다,0,8.0,6.0,0.0,0.0,0.0,2.0,40.0,False,False,중립장,11.0,19630.0,20950.0,naver_realtime,naver_realtime_calculated,-6.3,-9.33,0.0,0.32,0.23,False,29734542500.0,31.7,False,12.45,일반 모멘텀,1분봉 양호 · 장중 -6.19% · 최근 +0.15%,"변동성 과다, 뉴스 호재 강도 약함, 본장 전/초반 1시간 약세 · 초반 -5.32% · 방어 우선, 매수 확인 부족: 거래량 0.32x / 거래대금 0.23x, 리스크 34 이상으로 신규 관심 제외, 2차전지소재 섹터 약세",수급 수집 실패,unavailable,0.0,0.0,약한 호재: 확대,google_news,호재 뉴스: [기업家] LS그룹 ② ㅣ AI 전력 수요 폭증 속 눈길…데이터센터·핵융합·글로벌 시장 확대 (2026-05-18),weak,[기업家] LS그룹 ② ㅣ AI 전력 수요 폭증 속 눈길…데이터센터·핵융합·글로벌 시장 확대 (2026-05-18) | [머니스타] 5월 13일(수) (2026-05-14),"naver_daily, naver_realtime, news:google_news, flow:unavailable, intraday_1m",0.0,6.0,2차전지소재 섹터 약세,2026-05-19 21:07:50 PDT,6,관망 · 호재 뉴스: [기업家] LS그룹 ② ㅣ AI 전력 수요 폭증 속 눈길…데이터센터·핵융합·글로벌 시장 확대 (2026-05-18,선행 신호 대기,놓침 위험 낮음,시장 방어장 · 신규 매수는 작게,급변 감지 · 당일 -9.33%,"2차전지소재 흐름 · 평균 -9.44% · 거래량 0.5배 · 대표 탑머티리얼, 에코프로머티, 중앙첨단소재",방어장 · 평균 -5.68% · 하락비중 91% · 현금 비중 높게,수급 수집 실패,전력 → 전선 → 구리 → 원전/데이터센터,"기준 현재가 19,630 · 손절 참고 17,274 · 1차 익절 참고 22,574","최대 호재: 수주, IRA 수혜, 리튬 가격 안정, 흑자 전환 / 최대 악재: 화재, 리콜, 수요 둔화, 적자 확대","호재 영향 예상: +5.0~+9.0% (21,397원 부근까지 시도) · 이탈 기준 18,570원","호재 뉴스: [기업家] LS그룹 ② ㅣ AI 전력 수요 폭증 속 눈길…데이터센터·핵융합·글로벌 시장 확대 (2026-05-18) · 최대 호재: 수주, IRA 수혜, 리튬 가격 안정, 흑자 전환 / 최대 악재: 화재, 리콜, 수요 둔화, 적자 확대"
LS네트웍스,000680.KS,ok,국장,해당 없음,0.0,0.0,0.0,,,0,해당 없음,0.0,0.0,,,,0.0,0.0,,,-8.0,본장 전/초반 1시간 약세 · 초반 -3.92% · 방어 우선,0.0,중립,1분봉 중립 · 장중 -6.66% · 최근 -0.28%,AI 관망,0,지금은 확실한 우위가 부족합니다.,지주/유통,보류,🚫 제외,리스크 과다,0,2.0,0.0,0.0,0.0,0.0,2.0,56.0,False,False,중립장,11.0,3595.0,3810.0,naver_realtime,naver_realtime_calculated,-5.64,-6.14,-0.39,0.41,0.36,False,2199554015.0,40.9,False,10.29,일반 모멘텀,-,"변동성 과다, 뉴스 리스크: 악재: 감소, 지분율, 주식등의 수, 본장 전/초반 1시간 약세 · 초반 -3.92% · 방어 우선, 매수 확인 부족: 거래량 0.41x / 거래대금 0.36x, 리스크 56 이상으로 신규 관심 제외",수급 수집 실패,unavailable,0.0,0.0,"악재: 감소, 지분율, 주식등의 수",google_news,"악재 뉴스: 신한제12호스팩 주주 LS증권, 신한제12호스팩 주식등의 수 23만3496주 감소…총 지분율 1.68% (2026-05-19)",none,"신한제12호스팩 주주 LS증권, 신한제12호스팩 주식등의 수 23만3496주 감소…총 지분율 1.68% (2026-05-19) | [서울데이터랩]삼성전자·SK하이닉스 동반 강세…코스피 거래상위 종목 혼조 (2026-05-18)","naver_daily, naver_realtime, news:google_news, flow:unavailable, intraday_1m",,,섹터 확인 부족,2026-05-19 21:07:50 PDT,0,"관망 · 악재 뉴스: 신한제12호스팩 주주 LS증권, 신한제12호스팩 주식등의 수 23만3496주 감소…총 지분율 1.68% (2026",선행 신호 대기,놓침 위험 낮음,시장 방어장 · 신규 매수는 작게,급변 감지 · 당일 -6.14%,지주/유통 흐름 · 평균 -6.14% · 거래량 0.4배 · 대표 LS네트웍스,방어장 · 평균 -5.68% · 하락비중 91% · 현금 비중 높게,수급 수집 실패,대표 테마 연결 대기,"기준 현재가 3,595 · 손절 참고 3,225 · 1차 익절 참고 4,057","최대 호재: 수주, 계약, 실적 개선, 정책 수혜 / 최대 악재: 실적 부진, 규제, 원가 상승, 수요 둔화","악재 영향 예상: -7.2~-13.1% (3,123원 부근까지 경계) · 회복 기준 3,761원 돌파","악재 뉴스: 신한제12호스팩 주주 LS증권, 신한제12호스팩 주식등의 수 23만3496주 감소…총 지분율 1.68% (2026-05-19) · 최대 호재: 수주, 계약, 실적 개선, 정책 수혜 / 최대 악재: 실적 부진, 규제, 원가 상승, 수요 둔화"
성일하이텍,365340.KQ,ok,국장,해당 없음,0.0,0.0,0.0,,,0,해당 없음,0.0,0.0,,,,0.0,0.0,,,-8.0,본장 전/초반 1시간 약세 · 초반 -2.56% · 방어 우선,0.0,중립,1분봉 중립 · 장중 -4.33% · 최근 +0.00%,AI 관망,0,지금은 확실한 우위가 부족합니다.,2차전지재활용,보류,🚫 제외,리스크 과다,0,6.0,0.0,0.0,0.0,4.0,2.0,52.0,False,False,중립장,11.0,60100.0,63700.0,naver_realtime,naver_realtime_calculated,-5.65,-9.62,3.31,0.75,0.59,False,4100803300.0,23.0,False,8.53,일반 모멘텀,"뉴스 키워드: 보통 호재: 투자 / 악재: 지분율, 주식등의 수, 유상증자","변동성 과다, 뉴스 리스크: 보통 호재: 투자 / 악재: 지분율, 주식등의 수, 유상증자, 본장 전/초반 1시간 약세 · 초반 -2.56% · 방어 우선, 매수 확인 부족: 거래량 0.75x / 거래대금 0.59x, 리스크 52 이상으로 신규 관심 제외",수급 수집 실패,unavailable,0.0,0.0,"보통 호재: 투자 / 악재: 지분율, 주식등의 수, 유상증자",google_news,"악재 뉴스: 성일하이텍 주주 디케이피-KAI 신기술투자조합 제1호, 성일하이텍 주식등의 수 71만3296주 신규 보고…총 지분율 5.5% (2026-05-14)",medium,"성일하이텍 주주 디케이피-KAI 신기술투자조합 제1호, 성일하이텍 주식등의 수 71만3296주 신규 보고…총 지분율 5.5% (2026-05-14) | 5월 13일 개장 전 주요 공시 (2026-05-13)","naver_daily, naver_realtime, news:google_news, flow:unavailable, intraday_1m",,,섹터 확인 부족,2026-05-19 21:07:50 PDT,0,"관망 · 악재 뉴스: 성일하이텍 주주 디케이피-KAI 신기술투자조합 제1호, 성일하이텍 주식등의 수 71만3296주 신규 보고…총 지분",선행 신호 대기,놓침 위험 낮음,시장 방어장 · 신규 매수는 작게,급변 감지 · 당일 -9.62%,2차전지재활용 흐름 · 평균 -9.62% · 거래량 0.8배 · 대표 성일하이텍,방어장 · 평균 -5.68% · 하락비중 91% · 현금 비중 높게,수급 수집 실패,대표 테마 연결 대기,"기준 현재가 60,100 · 손절 참고 54,973 · 1차 익절 참고 66,508","최대 호재: 수주, IRA 수혜, 리튬 가격 안정, 흑자 전환 / 최대 악재: 화재, 리콜, 수요 둔화, 적자 확대","악재 영향 예상: -6.0~-10.9% (53,564원 부근까지 경계) · 회복 기준 62,407원 돌파","악재 뉴스: 성일하이텍 주주 디케이피-KAI 신기술투자조합 제1호, 성일하이텍 주식등의 수 71만3296주 신규 보고…총 지분율 5.5% (2026-05-14) · 최대 호재: 수주, IRA 수혜, 리튬 가격 안정, 흑자 전환 / 최대 악재: 화재, 리콜, 수요 둔화, 적자 확대"
LS증권,078020.KQ,ok,국장,해당 없음,0.0,0.0,0.0,,,0,해당 없음,0.0,0.0,,,,0.0,0.0,,,-8.0,본장 전/초반 1시간 약세 · 초반 -3.12% · 방어 우선,-8.0,위험,1분봉 약함 · 장중 -4.40% · 최근 -0.44% · 거래 2.3배,AI 관망,0,지금은 확실한 우위가 부족합니다.,금융/증권,보류,🚫 제외,리스크 과다,0,6.0,0.0,0.0,0.0,4.0,2.0,58.0,False,False,중립장,11.0,6750.0,6960.0,naver_realtime,naver_realtime_calculated,-3.02,-5.99,-0.56,0.43,0.35,False,1286718750.0,37.9,False,7.8,일반 모멘텀,"뉴스 키워드: 보통 호재: 투자 / 악재: 감소, 지분율, 주식등의 수","변동성 과다, 뉴스 리스크: 보통 호재: 투자 / 악재: 감소, 지분율, 주식등의 수, 1분봉 약함 · 장중 -4.40% · 최근 -0.44% · 거래 2.3배, 본장 전/초반 1시간 약세 · 초반 -3.12% · 방어 우선, 매수 확인 부족: 거래량 0.43x / 거래대금 0.35x, 리스크 58 이상으로 신규 관심 제외",수급 수집 실패,unavailable,0.0,0.0,"보통 호재: 투자 / 악재: 감소, 지분율, 주식등의 수",google_news,"악재 뉴스: 신한제12호스팩 주주 LS증권, 신한제12호스팩 주식등의 수 23만3496주 감소…총 지분율 1.68% (2026-05-19)",medium,"신한제12호스팩 주주 LS증권, 신한제12호스팩 주식등의 수 23만3496주 감소…총 지분율 1.68% (2026-05-19) | 한국투자증권·LS증권, 투자자 교육 열풍...대학생 지원부터 주식 세미나까지 (2026-05-13)","naver_daily, naver_realtime, news:google_news, flow:unavailable, intraday_1m",,,섹터 확인 부족,2026-05-19 21:07:50 PDT,0,"관망 · 악재 뉴스: 신한제12호스팩 주주 LS증권, 신한제12호스팩 주식등의 수 23만3496주 감소…총 지분율 1.68% (2026",선행 신호 대기,놓침 위험 낮음,시장 방어장 · 신규 매수는 작게,급변 신호 없음,금융/증권 흐름 · 평균 -5.99% · 거래량 0.4배 · 대표 LS증권,방어장 · 평균 -5.68% · 하락비중 91% · 현금 비중 높게,수급 수집 실패,대표 테마 연결 대기,"기준 현재가 6,750 · 손절 참고 6,224 · 1차 익절 참고 7,408","최대 호재: 금리 수혜, 주주환원, 배당 확대, 자사주 / 최대 악재: PF 손실, 충당금, 연체율, 규제","악재 영향 예상: -5.5~-9.9% (6,079원 부근까지 경계) · 회복 기준 6,987원 돌파","악재 뉴스: 신한제12호스팩 주주 LS증권, 신한제12호스팩 주식등의 수 23만3496주 감소…총 지분율 1.68% (2026-05-19) · 최대 호재: 금리 수혜, 주주환원, 배당 확대, 자사주 / 최대 악재: PF 손실, 충당금, 연체율, 규제"
포스코DX,022100.KS,ok,국장,해당 없음,0.0,0.0,0.0,,,0,해당 없음,0.0,0.0,,,,0.0,0.0,,,-8.0,본장 전/초반 1시간 약세 · 초반 -3.28% · 방어 우선,6.0,양호,1분봉 양호 · 장중 -4.93% · 최근 +0.17%,AI 관망,0,지금은 확실한 우위가 부족합니다.,IT/스마트팩토리,보류,🚫 제외,리스크 과다,0,11.0,6.0,0.0,0.0,3.0,2.0,44.0,False,False,중립장,11.0,29150.0,31000.0,naver_realtime,naver_realtime_calculated,-5.97,-13.76,-0.59,1.05,0.89,True,21209510850.0,33.7,False,7.39,일반 모멘텀,"뉴스 키워드: 약한 호재: 상승, 확대 / 악재: 경고, 하락, 1분봉 양호 · 장중 -4.93% · 최근 +0.17%","변동성 과다, 뉴스 호재 강도 약함, 뉴스 리스크: 약한 호재: 상승, 확대 / 악재: 경고, 하락, 본장 전/초반 1시간 약세 · 초반 -3.28% · 방어 우선, 리스크 44 이상으로 신규 관심 제외",수급 수집 실패,unavailable,0.0,0.0,"약한 호재: 상승, 확대 / 악재: 경고, 하락",google_news,"악재 뉴스: 포스코DX 주가, 5월 15일 장중 300원 올라 0.84% 상승세 (2026-05-15)",weak,"포스코DX 주가, 5월 15일 장중 300원 올라 0.84% 상승세 (2026-05-15) | [강세 토픽] 밸류업 지수 편입 (시총상위 50) 테마, 삼양식품 +11.12%, 한진칼 +9.71% (2026-05-14)","naver_daily, naver_realtime, news:google_news, flow:unavailable, intraday_1m",,,섹터 확인 부족,2026-05-19 21:07:50 PDT,0,"관망 · 악재 뉴스: 포스코DX 주가, 5월 15일 장중 300원 올라 0.84% 상승세 (2026-05-15)",선행 신호 대기,놓침 위험 낮음,시장 방어장 · 신규 매수는 작게,급변 감지 · 당일 -13.76%,IT/스마트팩토리 흐름 · 평균 -13.76% · 거래량 1.1배 · 대표 포스코DX,방어장 · 평균 -5.68% · 하락비중 91% · 현금 비중 높게,수급 수집 실패,대표 테마 연결 대기,"기준 현재가 29,150 · 손절 참고 26,996 · 1차 익절 참고 31,843","최대 호재: 수주, 계약, 실적 개선, 정책 수혜 / 최대 악재: 실적 부진, 규제, 원가 상승, 수요 둔화","악재 영향 예상: -5.0~-9.1% (26,498원 부근까지 경계) · 회복 기준 30,119원 돌파","악재 뉴스: 포스코DX 주가, 5월 15일 장중 300원 올라 0.84% 상승세 (2026-05-15) · 최대 호재: 수주, 계약, 실적 개선, 정책 수혜 / 최대 악재: 실적 부진, 규제, 원가 상승, 수요 둔화"
롯데지주,004990.KS,ok,국장,해당 없음,0.0,0.0,0.0,,,0,해당 없음,0.0,0.0,,,,0.0,0.0,,,-8.0,본장 전/초반 1시간 약세 · 초반 -3.82% · 방어 우선,0.0,중립,1분봉 중립 · 장중 -5.09% · 최근 +0.00%,AI 관망,8,지금은 확실한 우위가 부족합니다.,지주,보류,🚫 제외,리스크 과다,0,12.0,6.0,0.0,0.0,4.0,2.0,42.0,False,False,중립장,11.0,26200.0,27400.0,naver_realtime,naver_realtime_calculated,-4.38,-2.24,0.93,1.29,1.16,True,10813185400.0,43.4,False,5.36,일반 모멘텀,"건전한 갭 상승, 뉴스 키워드: 보통 호재: 실적 / 악재: 순매도, 매각","뉴스 리스크: 보통 호재: 실적 / 악재: 순매도, 매각, 본장 전/초반 1시간 약세 · 초반 -3.82% · 방어 우선, 리스크 36 이상으로 신규 관심 제외, 지주 섹터 약세",수급 수집 실패,unavailable,0.0,0.0,"보통 호재: 실적 / 악재: 순매도, 매각",google_news,"악재 뉴스: 외국인, 순매도 폭탄에도 지주사株에는 꽂혔다 (2026-05-19)",medium,"외국인, 순매도 폭탄에도 지주사株에는 꽂혔다 (2026-05-19) | 롯데지주, 1분기 상장 자회사 중심 실적 개선 확인 (2026-05-19)","naver_daily, naver_realtime, news:google_news, flow:unavailable, intraday_1m",0.0,6.0,지주 섹터 약세,2026-05-19 21:07:50 PDT,16,"관망 · 거래량 1.3배 · 악재 뉴스: 외국인, 순매도 폭탄에도 지주사株에는 꽂혔다 (2026-05-19)",선행 신호 대기,놓침 위험 낮음,시장 방어장 · 신규 매수는 작게,급변 신호 없음,"지주 흐름 · 평균 -8.10% · 거래량 1.1배 · 대표 롯데지주, LG, 효성",방어장 · 평균 -5.68% · 하락비중 91% · 현금 비중 높게,수급 수집 실패,대표 테마 연결 대기,"기준 현재가 26,200 · 손절 참고 24,796 · 1차 익절 참고 27,955",섹터 최대 호재: 실적 개선,"악재 영향 예상: -4.4~-8.0% (24,115원 부근까지 경계) · 회복 기준 26,832원 돌파","악재 뉴스: 외국인, 순매도 폭탄에도 지주사株에는 꽂혔다 (2026-05-19) · 섹터 최대 호재: 실적 개선"
효성,004800.KS,ok,국장,해당 없음,0.0,0.0,0.0,,,0,해당 없음,0.0,0.0,,,,0.0,0.0,,,-8.0,본장 전/초반 1시간 약세 · 초반 -2.79% · 방어 우선,6.0,양호,1분봉 양호 · 장중 -3.00% · 최근 +0.05%,AI 관망,0,지금은 확실한 우위가 부족합니다.,지주,보류,🚫 제외,리스크 과다,0,34.0,32.0,0.0,0.0,0.0,2.0,44.0,False,False,중립장,11.0,192500.0,203000.0,naver_realtime,naver_realtime_calculated,-5.17,-10.88,1.85,0.56,0.46,False,11175010000.0,49.5,False,14.62,일반 모멘텀,"추세 상승, 건전한 갭 상승, 1분봉 양호 · 장중 -3.00% · 최근 +0.05%","변동성 과다, 뉴스 호재 강도 약함, 뉴스 리스크: 약한 호재: 증가 / 악재: 지분율, 본장 전/초반 1시간 약세 · 초반 -2.79% · 방어 우선, 매수 확인 부족: 거래량 0.56x / 거래대금 0.46x, 리스크 38 이상으로 신규 관심 제외, 지주 섹터 약세",수급 수집 실패,unavailable,0.0,0.0,약한 호재: 증가 / 악재: 지분율,google_news,"악재 뉴스: 조성현 이사, 효성오앤비 주식 1500주 매수로 지분율 0.02% 증가 (2026-05-15)",weak,"조성현 이사, 효성오앤비 주식 1500주 매수로 지분율 0.02% 증가 (2026-05-15) | ‘찐 명품주’ 효성중공업, 액면분할 안하는 이유는? (2026-05-15)","naver_daily, naver_realtime, news:google_news, flow:unavailable, intraday_1m",0.0,6.0,지주 섹터 약세,2026-05-19 21:07:50 PDT,0,"관망 · 악재 뉴스: 조성현 이사, 효성오앤비 주식 1500주 매수로 지분율 0.02% 증가 (2026-05-15)",선행 신호 대기,놓침 위험 낮음,시장 방어장 · 신규 매수는 작게,급변 감지 · 당일 -10.88%,"지주 흐름 · 평균 -8.10% · 거래량 1.1배 · 대표 롯데지주, LG, 효성",방어장 · 평균 -5.68% · 하락비중 91% · 현금 비중 높게,수급 수집 실패,대표 테마 연결 대기,"기준 현재가 192,500 · 손절 참고 169,400 · 1차 익절 참고 221,375","최대 호재: 수주, 계약, 실적 개선, 정책 수혜 / 최대 악재: 실적 부진, 규제, 원가 상승, 수요 둔화","악재 영향 예상: -8.1~-14.7% (164,226원 부근까지 경계) · 회복 기준 202,895원 돌파","악재 뉴스: 조성현 이사, 효성오앤비 주식 1500주 매수로 지분율 0.02% 증가 (2026-05-15) · 최대 호재: 수주, 계약, 실적 개선, 정책 수혜 / 최대 악재: 실적 부진, 규제, 원가 상승, 수요 둔화"
에코프로에이치엔,383310.KQ,ok,국장,해당 없음,0.0,0.0,0.0,,,0,해당 없음,0.0,0.0,,,,0.0,0.0,,,-8.0,본장 전/초반 1시간 약세 · 초반 -2.66% · 방어 우선,0.0,중립,1분봉 중립 · 장중 -4.37% · 최근 -0.20%,AI 관망,0,지금은 확실한 우위가 부족합니다.,친환경/소재,보류,🚫 제외,리스크 과다,0,6.0,0.0,0.0,0.0,4.0,2.0,34.0,False,False,중립장,11.0,25400.0,26500.0,naver_realtime,naver_realtime_calculated,-4.15,-5.75,-0.19,0.49,0.39,False,3611702200.0,25.4,False,7.41,일반 모멘텀,뉴스 키워드: 보통 호재: 투자,"변동성 과다, 본장 전/초반 1시간 약세 · 초반 -2.66% · 방어 우선, 매수 확인 부족: 거래량 0.49x / 거래대금 0.39x, 리스크 34 이상으로 신규 관심 제외",수급 수집 실패,unavailable,0.0,0.0,보통 호재: 투자,google_news,호재 뉴스: [오늘의 IR] 삼성물산·한화에어로스페이스·에코프로에이치엔 등 (2026-05-19),medium,"[오늘의 IR] 삼성물산·한화에어로스페이스·에코프로에이치엔 등 (2026-05-19) | '지주사 반납' 에코프로, 신사업 투자·M&A 속도…타업종 진출 기대 (2026-05-18)","naver_daily, naver_realtime, news:google_news, flow:unavailable, intraday_1m",,,섹터 확인 부족,2026-05-19 21:07:50 PDT,9,관망 · 호재 뉴스: [오늘의 IR] 삼성물산·한화에어로스페이스·에코프로에이치엔 등 (2026-05-19),선행 신호 대기,놓침 위험 낮음,시장 방어장 · 신규 매수는 작게,급변 신호 없음,친환경/소재 흐름 · 평균 -5.75% · 거래량 0.5배 · 대표 에코프로에이치엔,방어장 · 평균 -5.68% · 하락비중 91% · 현금 비중 높게,수급 수집 실패,대표 테마 연결 대기,"기준 현재가 25,400 · 손절 참고 23,518 · 1차 익절 참고 27,753","최대 호재: 수주, 계약, 실적 개선, 정책 수혜 / 최대 악재: 실적 부진, 규제, 원가 상승, 수요 둔화","호재 영향 예상: +3.1~+5.6% (26,812원 부근까지 시도) · 이탈 기준 24,553원","호재 뉴스: [오늘의 IR] 삼성물산·한화에어로스페이스·에코프로에이치엔 등 (2026-05-19) · 최대 호재: 수주, 계약, 실적 개선, 정책 수혜 / 최대 악재: 실적 부진, 규제, 원가 상승, 수요 둔화"
효성첨단소재,298050.KS,ok,국장,해당 없음,0.0,0.0,0.0,,,0,해당 없음,0.0,0.0,,,,0.0,0.0,,,-8.0,본장 전/초반 1시간 약세 · 초반 -3.03% · 방어 우선,0.0,중립,1분봉 중립 · 장중 -4.43% · 최근 -0.24%,AI 관망,0,지금은 확실한 우위가 부족합니다.,소재,보류,🚫 제외,리스크 과다,0,15.0,6.0,0.0,0.0,7.0,2.0,45.0,False,False,중립장,11.0,206000.0,219500.0,naver_realtime,naver_realtime_calculated,-6.15,-9.05,1.55,0.51,0.41,False,2851658000.0,42.0,False,8.82,일반 모멘텀,"건전한 갭 상승, 뉴스 키워드: 보통 호재: 투자 / 약한 호재: 확대 / 악재: 급락, 하락","변동성 과다, 뉴스 리스크: 보통 호재: 투자 / 약한 호재: 확대 / 악재: 급락, 하락, 본장 전/초반 1시간 약세 · 초반 -3.03% · 방어 우선, 매수 확인 부족: 거래량 0.51x / 거래대금 0.41x, 리스크 45 이상으로 신규 관심 제외",수급 수집 실패,unavailable,0.0,0.0,"보통 호재: 투자 / 약한 호재: 확대 / 악재: 급락, 하락",google_news,악재 뉴스: 외국인이 지주사 주식을 쓸어담는 숨겨진 이유? (2026-05-20),medium,"외국인이 지주사 주식을 쓸어담는 숨겨진 이유? (2026-05-20) | ""中에 원가 경쟁력 안 밀려""…'슈퍼섬유' 아라미드 TPC 국산화 현장 가보니 (2026-05-19)","naver_daily, naver_realtime, news:google_news, flow:unavailable, intraday_1m",,,섹터 확인 부족,2026-05-19 21:07:50 PDT,0,관망 · 악재 뉴스: 외국인이 지주사 주식을 쓸어담는 숨겨진 이유? (2026-05-20),선행 신호 대기,놓침 위험 낮음,시장 방어장 · 신규 매수는 작게,급변 감지 · 당일 -9.05%,소재 흐름 · 평균 -9.05% · 거래량 0.5배 · 대표 효성첨단소재,방어장 · 평균 -5.68% · 하락비중 91% · 현금 비중 높게,수급 수집 실패,대표 테마 연결 대기,"기준 현재가 206,000 · 손절 참고 187,831 · 1차 익절 참고 228,712","최대 호재: 수주, 계약, 실적 개선, 정책 수혜 / 최대 악재: 실적 부진, 규제, 원가 상승, 수요 둔화","악재 영향 예상: -6.0~-10.9% (183,606원 부근까지 경계) · 회복 기준 214,176원 돌파","악재 뉴스: 외국인이 지주사 주식을 쓸어담는 숨겨진 이유? (2026-05-20) · 최대 호재: 수주, 계약, 실적 개선, 정책 수혜 / 최대 악재: 실적 부진, 규제, 원가 상승, 수요 둔화"
SKC,011790.KS,ok,국장,해당 없음,0.0,0.0,0.0,,,0,해당 없음,0.0,0.0,,,,0.0,0.0,,,-8.0,본장 전/초반 1시간 약세 · 초반 -2.78% · 방어 우선,0.0,중립,1분봉 중립 · 장중 -4.13% · 최근 +0.00%,AI 관망,0,지금은 확실한 우위가 부족합니다.,소재/2차전지,보류,🚫 제외,리스크 과다,0,32.0,30.0,0.0,0.0,0.0,2.0,58.0,False,False,중립장,11.0,121700.0,127800.0,naver_realtime,naver_realtime_calculated,-4.77,-10.84,-0.81,0.45,0.38,False,53444555000.0,51.3,False,13.09,일반 모멘텀,"추세 상승, RSI 건강 구간","변동성 과다, 뉴스 리스크: 악재: 유상증자, 본장 전/초반 1시간 약세 · 초반 -2.78% · 방어 우선, 매수 확인 부족: 거래량 0.45x / 거래대금 0.38x, 리스크 58 이상으로 신규 관심 제외",수급 수집 실패,unavailable,0.0,0.0,악재: 유상증자,google_news,"악재 뉴스: SKC, 유리기판 기대감에 유상증자 청약률 113% 기록 (2026-05-18)",none,"SKC, 유리기판 기대감에 유상증자 청약률 113% 기록 (2026-05-18) | SKC, 1.2조 유상증자 성공…구주주 청약률 113% - biz.sbs.co.kr. (2026-05-18)","naver_daily, naver_realtime, news:google_news, flow:unavailable, intraday_1m",,,섹터 확인 부족,2026-05-19 21:07:50 PDT,0,"관망 · 악재 뉴스: SKC, 유리기판 기대감에 유상증자 청약률 113% 기록 (2026-05-18)",선행 신호 대기,놓침 위험 낮음,시장 방어장 · 신규 매수는 작게,급변 감지 · 당일 -10.84%,소재/2차전지 흐름 · 평균 -10.84% · 거래량 0.5배 · 대표 SKC,방어장 · 평균 -5.68% · 하락비중 91% · 현금 비중 높게,수급 수집 실패,대표 테마 연결 대기,"기준 현재가 121,700 · 손절 참고 107,096 · 1차 익절 참고 139,955","최대 호재: 수주, 계약, 실적 개선, 정책 수혜 / 최대 악재: 실적 부진, 규제, 원가 상승, 수요 둔화","악재 영향 예상: -8.4~-15.3% (103,080원 부근까지 경계) · 회복 기준 128,272원 돌파","악재 뉴스: SKC, 유리기판 기대감에 유상증자 청약률 113% 기록 (2026-05-18) · 최대 호재: 수주, 계약, 실적 개선, 정책 수혜 / 최대 악재: 실적 부진, 규제, 원가 상승, 수요 둔화"
영원무역,111770.KS,ok,국장,해당 없음,0.0,0.0,0.0,,,0,해당 없음,0.0,0.0,,,,0.0,0.0,,,-8.0,본장 전/초반 1시간 약세 · 초반 -1.87% · 방어 우선,6.0,양호,1분봉 양호 · 장중 -1.63% · 최근 +0.48%,AI 관망,0,지금은 확실한 우위가 부족합니다.,패션,보류,🚫 제외,리스크 과다,0,32.0,26.0,0.0,0.0,4.0,2.0,37.0,False,True,중립장,11.0,84000.0,86300.0,naver_realtime,naver_realtime_calculated,-2.67,-4.44,6.6,0.99,0.99,True,6962256000.0,53.9,True,5.85,일반 모멘텀,"RSI 건강 구간, MACD 상승, 뉴스 키워드: 보통 호재: 실적, 1분봉 양호 · 장중 -1.63% · 최근 +0.48%","갭 상승 과열, 본장 전/초반 1시간 약세 · 초반 -1.87% · 방어 우선, 리스크 31 이상으로 신규 관심 제외, 패션 섹터 약세",수급 수집 실패,unavailable,0.0,0.0,보통 호재: 실적,google_news,"호재 뉴스: “OEM 사업부문 호조 등 견인”…영원무역홀딩스, 1분기 영업익 19.1%↑ (2026-05-18)",medium,"“OEM 사업부문 호조 등 견인”…영원무역홀딩스, 1분기 영업익 19.1%↑ (2026-05-18) | 영원무역홀딩스, 1분기 견조한 성장…20일 자사주 54만주 소각 - v.daum.net (2026-05-18)","naver_daily, naver_realtime, news:google_news, flow:unavailable, intraday_1m",0.0,6.0,패션 섹터 약세,2026-05-19 21:07:50 PDT,12,"관망 · 호재 뉴스: “OEM 사업부문 호조 등 견인”…영원무역홀딩스, 1분기 영업익 19.1%↑ (2026-05-18)",선행 신호 대기,놓침 위험 낮음,시장 방어장 · 신규 매수는 작게,급변 신호 없음,"패션 흐름 · 평균 -5.06% · 거래량 1.0배 · 대표 LF, F&F, 영원무역",방어장 · 평균 -5.68% · 하락비중 91% · 현금 비중 높게,수급 수집 실패,대표 테마 연결 대기,"기준 현재가 84,000 · 손절 참고 79,086 · 1차 익절 참고 90,143","최대 호재: 수주, 계약, 실적 개선, 정책 수혜 / 최대 악재: 실적 부진, 규제, 원가 상승, 수요 둔화","호재 영향 예상: +2.4~+4.4% (87,685원 부근까지 시도) · 이탈 기준 81,789원","호재 뉴스: “OEM 사업부문 호조 등 견인”…영원무역홀딩스, 1분기 영업익 19.1%↑ (2026-05-18) · 최대 호재: 수주, 계약, 실적 개선, 정책 수혜 / 최대 악재: 실적 부진, 규제, 원가 상승, 수요 둔화"
한섬,020000.KS,ok,국장,해당 없음,0.0,0.0,0.0,,,0,해당 없음,0.0,0.0,,,,0.0,0.0,,,-8.0,본장 전/초반 1시간 약세 · 초반 -2.71% · 방어 우선,0.0,중립,1분봉 중립 · 장중 -5.22% · 최근 +0.00%,AI 관망,0,지금은 확실한 우위가 부족합니다.,패션,보류,🚫 제외,리스크 과다,0,42.0,40.0,0.0,0.0,0.0,2.0,52.0,False,True,중립장,11.0,24650.0,26600.0,naver_realtime,naver_realtime_calculated,-7.33,-7.68,4.12,0.62,0.59,False,2569935050.0,54.4,True,7.94,일반 모멘텀,"추세 상승, RSI 건강 구간, MACD 상승","갭 상승 과열, 변동성 과다, 뉴스 호재 강도 약함, 본장 전/초반 1시간 약세 · 초반 -2.71% · 방어 우선, 매수 확인 부족: 거래량 0.62x / 거래대금 0.59x, 리스크 46 이상으로 신규 관심 제외, 패션 섹터 약세",수급 수집 실패,unavailable,0.0,0.0,약한 호재: 증가,google_news,"호재 뉴스: SK증권 ""현대지에프홀딩스 목표주가 상향, 현대홈쇼핑 완전자회사 편입으로 긍정적 효과 기대"" (2026-05-19)",weak,"SK증권 ""현대지에프홀딩스 목표주가 상향, 현대홈쇼핑 완전자회사 편입으로 긍정적 효과 기대"" (2026-05-19) | [기업탐방] 한섬, “패션 소비는 가격 중심에서 브랜드와 경험 중심으로 다시 이동하는 구간이며, 이 흐름이 유지된다면 고가 브랜드 중심의 성장 구조는 당분간 지속될 가능성이 높아” (2026-05-11)","naver_daily, naver_realtime, news:google_news, flow:unavailable, intraday_1m",0.0,6.0,패션 섹터 약세,2026-05-19 21:07:50 PDT,6,"관망 · 호재 뉴스: SK증권 ""현대지에프홀딩스 목표주가 상향, 현대홈쇼핑 완전자회사 편입으로 긍정적 효과 기대"" (2026-05-19",선행 신호 대기,놓침 위험 낮음,시장 방어장 · 신규 매수는 작게,급변 감지 · 당일 -7.68%,"패션 흐름 · 평균 -5.06% · 거래량 1.0배 · 대표 LF, F&F, 영원무역",방어장 · 평균 -5.68% · 하락비중 91% · 현금 비중 높게,수급 수집 실패,대표 테마 연결 대기,"기준 현재가 24,650 · 손절 참고 22,693 · 1차 익절 참고 27,097","최대 호재: 수주, 계약, 실적 개선, 정책 수혜 / 최대 악재: 실적 부진, 규제, 원가 상승, 수요 둔화","호재 영향 예상: +3.3~+6.0% (26,118원 부근까지 시도) · 이탈 기준 23,769원","호재 뉴스: SK증권 ""현대지에프홀딩스 목표주가 상향, 현대홈쇼핑 완전자회사 편입으로 긍정적 효과 기대"" (2026-05-19) · 최대 호재: 수주, 계약, 실적 개선, 정책 수혜 / 최대 악재: 실적 부진, 규제, 원가 상승, 수요 둔화"
현대백화점,069960.KS,ok,국장,해당 없음,0.0,0.0,0.0,,,0,해당 없음,0.0,0.0,,,,0.0,0.0,,,-8.0,본장 전/초반 1시간 약세 · 초반 -6.87% · 방어 우선,6.0,양호,1분봉 양호 · 장중 -6.60% · 최근 +0.39%,AI 관망,0,지금은 확실한 우위가 부족합니다.,유통,보류,🚫 제외,리스크 과다,0,34.0,32.0,0.0,0.0,0.0,2.0,45.0,False,False,중립장,11.0,102200.0,108000.0,naver_realtime,naver_realtime_calculated,-5.37,-8.75,0.89,0.71,0.65,False,10341004800.0,45.1,False,7.61,일반 모멘텀,"추세 상승, 건전한 갭 상승, 1분봉 양호 · 장중 -6.60% · 최근 +0.39%","변동성 과다, 뉴스 리스크: 악재: 부진, 본장 전/초반 1시간 약세 · 초반 -6.87% · 방어 우선, 매수 확인 부족: 거래량 0.71x / 거래대금 0.65x, 리스크 39 이상으로 신규 관심 제외, 유통 섹터 약세",수급 수집 실패,unavailable,0.0,0.0,악재: 부진,google_news,"악재 뉴스: SK증권 ""현대지에프홀딩스 목표주가 상향, 현대홈쇼핑 완전자회사 편입으로 긍정적 효과 기대"" (2026-05-19)",none,"SK증권 ""현대지에프홀딩스 목표주가 상향, 현대홈쇼핑 완전자회사 편입으로 긍정적 효과 기대"" (2026-05-19) | '플렉스' 혹은 '짠물소비'…소비 양극화 심화 (2026-05-18)","naver_daily, naver_realtime, news:google_news, flow:unavailable, intraday_1m",0.0,6.0,유통 섹터 약세,2026-05-19 21:07:50 PDT,0,"관망 · 악재 뉴스: SK증권 ""현대지에프홀딩스 목표주가 상향, 현대홈쇼핑 완전자회사 편입으로 긍정적 효과 기대"" (2026-05-19",선행 신호 대기,놓침 위험 낮음,시장 방어장 · 신규 매수는 작게,급변 감지 · 당일 -8.75%,"유통 흐름 · 평균 -5.37% · 거래량 0.9배 · 대표 신세계, 롯데쇼핑, 현대홈쇼핑",방어장 · 평균 -5.68% · 하락비중 91% · 현금 비중 높게,수급 수집 실패,대표 테마 연결 대기,"기준 현재가 102,200 · 손절 참고 94,423 · 1차 익절 참고 111,922","최대 호재: 수주, 계약, 실적 개선, 정책 수혜 / 최대 악재: 실적 부진, 규제, 원가 상승, 수요 둔화","악재 영향 예상: -5.2~-9.4% (92,614원 부근까지 경계) · 회복 기준 105,700원 돌파","악재 뉴스: SK증권 ""현대지에프홀딩스 목표주가 상향, 현대홈쇼핑 완전자회사 편입으로 긍정적 효과 기대"" (2026-05-19) · 최대 호재: 수주, 계약, 실적 개선, 정책 수혜 / 최대 악재: 실적 부진, 규제, 원가 상승, 수요 둔화"
이마트,139480.KS,ok,국장,해당 없음,0.0,0.0,0.0,,,0,해당 없음,0.0,0.0,,,,0.0,0.0,,,-8.0,본장 전/초반 1시간 약세 · 초반 -2.12% · 방어 우선,6.0,양호,1분봉 양호 · 장중 -2.39% · 최근 +0.56%,AI 관망,0,지금은 확실한 우위가 부족합니다.,유통,보류,🚫 제외,리스크 과다,0,20.0,6.0,12.0,0.0,0.0,2.0,48.0,False,False,중립장,11.0,90000.0,93600.0,naver_realtime,naver_realtime_calculated,-3.85,-9.27,-2.22,1.34,1.13,True,30202830000.0,39.8,False,7.94,일반 모멘텀,"거래량 증가(1.3x), 1분봉 양호 · 장중 -2.39% · 최근 +0.56%","변동성 과다, 뉴스 리스크: 악재: 유상증자, 본장 전/초반 1시간 약세 · 초반 -2.12% · 방어 우선, 리스크 42 이상으로 신규 관심 제외, 유통 섹터 약세",수급 수집 실패,unavailable,0.0,0.0,악재: 유상증자,google_news,악재 뉴스: “머그잔 부수고 불매…” 정용진 신세계회장 사과에도 ‘탱크데이’ 뭇매 (2026-05-19),none,“머그잔 부수고 불매…” 정용진 신세계회장 사과에도 ‘탱크데이’ 뭇매 (2026-05-19) | 이마트 자회사 편입 앞둔 신세계푸드…1분기 수익성 '흔들' (2026-05-15),"naver_daily, naver_realtime, news:google_news, flow:unavailable, intraday_1m",0.0,6.0,유통 섹터 약세,2026-05-19 21:07:50 PDT,0,관망 · 거래량 1.3배 · 악재 뉴스: “머그잔 부수고 불매…” 정용진 신세계회장 사과에도 ‘탱크데이’ 뭇매 (2026-05-19),선행 신호 대기,놓침 위험 낮음,시장 방어장 · 신규 매수는 작게,급변 감지 · 당일 -9.27%,"유통 흐름 · 평균 -5.37% · 거래량 0.9배 · 대표 신세계, 롯데쇼핑, 현대홈쇼핑",방어장 · 평균 -5.68% · 하락비중 91% · 현금 비중 높게,수급 수집 실패,대표 테마 연결 대기,"기준 현재가 90,000 · 손절 참고 82,854 · 1차 익절 참고 98,932","최대 호재: 수주, 계약, 실적 개선, 정책 수혜 / 최대 악재: 실적 부진, 규제, 원가 상승, 수요 둔화","악재 영향 예상: -5.7~-10.3% (80,698원 부근까지 경계) · 회복 기준 93,216원 돌파","악재 뉴스: “머그잔 부수고 불매…” 정용진 신세계회장 사과에도 ‘탱크데이’ 뭇매 (2026-05-19) · 최대 호재: 수주, 계약, 실적 개선, 정책 수혜 / 최대 악재: 실적 부진, 규제, 원가 상승, 수요 둔화"
호텔신라,008770.KS,ok,국장,해당 없음,0.0,0.0,0.0,,,0,해당 없음,0.0,0.0,,,,0.0,0.0,,,-8.0,본장 전/초반 1시간 약세 · 초반 -2.43% · 방어 우선,6.0,양호,1분봉 양호 · 장중 -3.13% · 최근 +0.36%,AI 관망,0,지금은 확실한 우위가 부족합니다.,면세/호텔,보류,🚫 제외,리스크 과다,0,19.0,6.0,0.0,0.0,11.0,2.0,49.0,False,False,중립장,11.0,55900.0,57800.0,naver_realtime,naver_realtime_calculated,-3.29,-5.89,-0.34,0.58,0.52,False,21574269600.0,35.8,False,6.82,일반 모멘텀,"뉴스 키워드: 강한 호재: 흑자 / 약한 호재: 상승, 확대 / 악재: 처분, 지분율, 부진, 1분봉 양호 · 장중 -3.13% · 최근 +0.36%","변동성 과다, 뉴스 리스크: 강한 호재: 흑자 / 약한 호재: 상승, 확대 / 악재: 처분, 지분율, 부진, 본장 전/초반 1시간 약세 · 초반 -2.43% · 방어 우선, 매수 확인 부족: 거래량 0.58x / 거래대금 0.52x, 리스크 49 이상으로 신규 관심 제외",수급 수집 실패,unavailable,0.0,0.0,"강한 호재: 흑자 / 약한 호재: 상승, 확대 / 악재: 처분, 지분율, 부진",google_news,"악재 뉴스: 흑자 전환 호텔신라, '면세→호스피탈리티' 체질 변화 본격화 - v.daum.net (2026-05-18)",strong,"흑자 전환 호텔신라, '면세→호스피탈리티' 체질 변화 본격화 - v.daum.net (2026-05-18) | ""주식 팔았는데 돈은 왜 모레주나""…증시 결제 T+1 추진 본격화 (2026-05-18)","naver_daily, naver_realtime, news:google_news, flow:unavailable, intraday_1m",,,섹터 확인 부족,2026-05-19 21:07:50 PDT,0,"관망 · 악재 뉴스: 흑자 전환 호텔신라, '면세→호스피탈리티' 체질 변화 본격화 - v.daum.net (2026-05-18)",선행 신호 대기,놓침 위험 낮음,시장 방어장 · 신규 매수는 작게,급변 신호 없음,면세/호텔 흐름 · 평균 -5.89% · 거래량 0.6배 · 대표 호텔신라,방어장 · 평균 -5.68% · 하락비중 91% · 현금 비중 높게,수급 수집 실패,대표 테마 연결 대기,"기준 현재가 55,900 · 손절 참고 52,088 · 1차 익절 참고 60,665","최대 호재: 수주, 계약, 실적 개선, 정책 수혜 / 최대 악재: 실적 부진, 규제, 원가 상승, 수요 둔화","악재 영향 예상: -4.8~-8.6% (51,072원 부근까지 경계) · 회복 기준 57,616원 돌파","악재 뉴스: 흑자 전환 호텔신라, '면세→호스피탈리티' 체질 변화 본격화 - v.daum.net (2026-05-18) · 최대 호재: 수주, 계약, 실적 개선, 정책 수혜 / 최대 악재: 실적 부진, 규제, 원가 상승, 수요 둔화"
오뚜기,007310.KS,ok,국장,해당 없음,0.0,0.0,0.0,,,0,해당 없음,0.0,0.0,,,,0.0,0.0,,,-8.0,본장 전/초반 1시간 약세 · 초반 -2.68% · 방어 우선,0.0,중립,1분봉 중립 · 장중 -3.39% · 최근 +0.00%,AI 관망,0,지금은 확실한 우위가 부족합니다.,음식료,보류,🚫 제외,리스크 과다,0,12.0,6.0,0.0,0.0,4.0,2.0,25.0,False,False,중립장,11.0,342500.0,352000.0,naver_realtime,naver_realtime_calculated,-2.7,-3.11,0.14,0.66,0.63,False,1198750000.0,39.4,False,2.33,일반 모멘텀,"건전한 갭 상승, 뉴스 키워드: 보통 호재: 투자","본장 전/초반 1시간 약세 · 초반 -2.68% · 방어 우선, 매수 확인 부족: 거래량 0.66x / 거래대금 0.63x, 음식료 섹터 약세",수급 수집 실패,unavailable,0.0,0.0,보통 호재: 투자,google_news,"호재 뉴스: 오뚜기, 옵티머스 펀드 150억 손실…대법 ""NH투자, 75억 배상"" - 뉴스1 (2026-05-20)",medium,"오뚜기, 옵티머스 펀드 150억 손실…대법 ""NH투자, 75억 배상"" - 뉴스1 (2026-05-20) | 대법원, 오뚜기에 대한 투자보호의무위반 손배책임 60%제한 원심 확정 (2026-05-20)","naver_daily, naver_realtime, news:google_news, flow:unavailable, intraday_1m",0.0,6.0,음식료 섹터 약세,2026-05-19 21:07:50 PDT,14,"관망 · 호재 뉴스: 오뚜기, 옵티머스 펀드 150억 손실…대법 ""NH투자, 75억 배상"" - 뉴스1 (2026-05-20)",선행 신호 대기,놓침 위험 낮음,시장 방어장 · 신규 매수는 작게,급변 신호 없음,"음식료 흐름 · 평균 -2.05% · 거래량 1.1배 · 대표 농심, 삼양식품, 롯데웰푸드",방어장 · 평균 -5.68% · 하락비중 91% · 현금 비중 높게,수급 수집 실패,대표 테마 연결 대기,"기준 현재가 342,500 · 손절 참고 332,225 · 1차 익절 참고 356,200","최대 호재: 가격 인상, 수출 증가, K푸드, 마진 개선 / 최대 악재: 원가 상승, 리콜, 식품 사고, 소비 둔화","호재 영향 예상: +2.0~+3.2% (353,460원 부근까지 시도) · 이탈 기준 335,650원","호재 뉴스: 오뚜기, 옵티머스 펀드 150억 손실…대법 ""NH투자, 75억 배상"" - 뉴스1 (2026-05-20) · 최대 호재: 가격 인상, 수출 증가, K푸드, 마진 개선 / 최대 악재: 원가 상승, 리콜, 식품 사고, 소비 둔화"
하이트진로,000080.KS,ok,국장,해당 없음,0.0,0.0,0.0,,,0,해당 없음,0.0,0.0,,,,0.0,0.0,,,-8.0,본장 전/초반 1시간 약세 · 초반 -1.30% · 방어 우선,0.0,중립,1분봉 중립 · 장중 -0.89% · 최근 -0.12%,AI 관망,4,지금은 확실한 우위가 부족합니다.,음식료,보류,🚫 제외,리스크 과다,0,20.0,6.0,12.0,0.0,0.0,2.0,25.0,False,False,중립장,11.0,16780.0,16870.0,naver_realtime,naver_realtime_calculated,-0.53,1.45,1.75,1.35,1.34,True,3531518800.0,45.9,False,2.33,일반 모멘텀,"거래량 증가(1.3x), 건전한 갭 상승","본장 전/초반 1시간 약세 · 초반 -1.30% · 방어 우선, 음식료 섹터 약세",수급 수집 실패,unavailable,0.0,0.0,뉴스 중립,google_news,관련 뉴스: 하이트진로 임원진 회사 주식 매입…“글로벌 성장 자신감” (2026-05-19),none,"하이트진로 임원진 회사 주식 매입…“글로벌 성장 자신감” (2026-05-19) | 하이트진로 경영진, 잇단 자사 주식 매입 ""책임경영 강화"" (2026-05-18)","naver_daily, naver_realtime, news:google_news, flow:unavailable, intraday_1m",0.0,6.0,음식료 섹터 약세,2026-05-19 21:07:50 PDT,16,관망 · 거래량 1.4배 · 추격 부담 낮음 · 관련 뉴스: 하이트진로 임원진 회사 주식 매입…“글로벌 성장 자신감” (2026-05-19),선행 신호 대기,놓침 위험 낮음,시장 방어장 · 신규 매수는 작게,급변 신호 없음,"음식료 흐름 · 평균 -2.05% · 거래량 1.1배 · 대표 농심, 삼양식품, 롯데웰푸드",방어장 · 평균 -5.68% · 하락비중 91% · 현금 비중 높게,수급 수집 실패,대표 테마 연결 대기,"기준 현재가 16,780 · 손절 참고 16,277 · 1차 익절 참고 17,451","최대 호재: 가격 인상, 수출 증가, K푸드, 마진 개선 / 최대 악재: 원가 상승, 리콜, 식품 사고, 소비 둔화",뉴스 영향 예상: 방향성 약함 · 가격/거래량 확인 우선,"관련 뉴스: 하이트진로 임원진 회사 주식 매입…“글로벌 성장 자신감” (2026-05-19) · 최대 호재: 가격 인상, 수출 증가, K푸드, 마진 개선 / 최대 악재: 원가 상승, 리콜, 식품 사고, 소비 둔화"
동원산업,006040.KS,ok,국장,해당 없음,0.0,0.0,0.0,,,0,해당 없음,0.0,0.0,,,,0.0,0.0,,,-8.0,본장 전/초반 1시간 약세 · 초반 -3.02% · 방어 우선,0.0,중립,1분봉 중립 · 장중 -3.84% · 최근 +0.00%,AI 관망,0,지금은 확실한 우위가 부족합니다.,음식료,보류,🚫 제외,리스크 과다,0,8.0,6.0,0.0,0.0,0.0,2.0,47.0,False,False,중립장,11.0,35200.0,36450.0,naver_realtime,naver_realtime_calculated,-3.43,-4.09,0.82,0.56,0.52,False,1721667200.0,40.1,False,4.0,일반 모멘텀,건전한 갭 상승,"뉴스 호재 강도 약함, 뉴스 리스크: 약한 호재: 확대 / 악재: 감소, 지분율, 주식등의 수, 본장 전/초반 1시간 약세 · 초반 -3.02% · 방어 우선, 매수 확인 부족: 거래량 0.56x / 거래대금 0.52x, 리스크 41 이상으로 신규 관심 제외, 음식료 섹터 약세",수급 수집 실패,unavailable,0.0,0.0,"약한 호재: 확대 / 악재: 감소, 지분율, 주식등의 수",google_news,"악재 뉴스: 동원산업, ‘2026 코리아씨푸드쇼’ 참가… “수산물 소비 확대 노력” - v.daum.net (2026-05-19)",weak,"동원산업, ‘2026 코리아씨푸드쇼’ 참가… “수산물 소비 확대 노력” - v.daum.net (2026-05-19) | '2026 코리아씨푸드쇼' 참가한 동원산업···소비자 접점 넓힌다 - v.daum.net (2026-05-19)","naver_daily, naver_realtime, news:google_news, flow:unavailable, intraday_1m",0.0,6.0,음식료 섹터 약세,2026-05-19 21:07:50 PDT,0,"관망 · 악재 뉴스: 동원산업, ‘2026 코리아씨푸드쇼’ 참가… “수산물 소비 확대 노력” - v.daum.net (2026-05-1",선행 신호 대기,놓침 위험 낮음,시장 방어장 · 신규 매수는 작게,급변 신호 없음,"음식료 흐름 · 평균 -2.05% · 거래량 1.1배 · 대표 농심, 삼양식품, 롯데웰푸드",방어장 · 평균 -5.68% · 하락비중 91% · 현금 비중 높게,수급 수집 실패,대표 테마 연결 대기,"기준 현재가 35,200 · 손절 참고 33,792 · 1차 익절 참고 36,960","최대 호재: 가격 인상, 수출 증가, K푸드, 마진 개선 / 최대 악재: 원가 상승, 리콜, 식품 사고, 소비 둔화","악재 영향 예상: -3.2~-5.9% (33,130원 부근까지 경계) · 회복 기준 35,904원 돌파","악재 뉴스: 동원산업, ‘2026 코리아씨푸드쇼’ 참가… “수산물 소비 확대 노력” - v.daum.net (2026-05-19) · 최대 호재: 가격 인상, 수출 증가, K푸드, 마진 개선 / 최대 악재: 원가 상승, 리콜, 식품 사고, 소비 둔화"
롯데칠성,005300.KS,ok,국장,해당 없음,0.0,0.0,0.0,,,0,해당 없음,0.0,0.0,,,,0.0,0.0,,,-8.0,본장 전/초반 1시간 약세 · 초반 -1.13% · 방어 우선,6.0,양호,1분봉 양호 · 장중 -1.57% · 최근 +0.09%,AI 관망,0,지금은 확실한 우위가 부족합니다.,음식료,보류,🚫 제외,리스크 과다,0,20.0,6.0,12.0,0.0,0.0,2.0,25.0,False,False,중립장,11.0,112800.0,114900.0,naver_realtime,naver_realtime_calculated,-1.83,-2.84,0.0,1.45,1.37,True,4106371200.0,36.2,False,3.41,일반 모멘텀,"거래량 증가(1.5x), 1분봉 양호 · 장중 -1.57% · 최근 +0.09%","뉴스 호재 강도 약함, 본장 전/초반 1시간 약세 · 초반 -1.13% · 방어 우선, 음식료 섹터 약세",수급 수집 실패,unavailable,0.0,0.0,약한 호재: 확대,google_news,"호재 뉴스: 롯데칠성 밀키스·레쓰비, 러시아 시장 장악…점유율 80% 넘어 (2026-05-19)",weak,"롯데칠성 밀키스·레쓰비, 러시아 시장 장악…점유율 80% 넘어 (2026-05-19) | “청량함에 유자 더했다”…롯데칠성, ‘칠성사이다 제로 유자’ 라인업 확장 - kukinews.com (2026-05-16)","naver_daily, naver_realtime, news:google_news, flow:unavailable, intraday_1m",0.0,6.0,음식료 섹터 약세,2026-05-19 21:07:50 PDT,20,"관망 · 거래량 1.4배 · 호재 뉴스: 롯데칠성 밀키스·레쓰비, 러시아 시장 장악…점유율 80% 넘어 (2026-05-19)",선행 신호 대기,놓침 위험 낮음,시장 방어장 · 신규 매수는 작게,급변 신호 없음,"음식료 흐름 · 평균 -2.05% · 거래량 1.1배 · 대표 농심, 삼양식품, 롯데웰푸드",방어장 · 평균 -5.68% · 하락비중 91% · 현금 비중 높게,수급 수집 실패,대표 테마 연결 대기,"기준 현재가 112,800 · 손절 참고 108,954 · 1차 익절 참고 117,608","최대 호재: 가격 인상, 수출 증가, K푸드, 마진 개선 / 최대 악재: 원가 상승, 리콜, 식품 사고, 소비 둔화","호재 영향 예상: +2.0~+3.2% (116,410원 부근까지 시도) · 이탈 기준 110,544원","호재 뉴스: 롯데칠성 밀키스·레쓰비, 러시아 시장 장악…점유율 80% 넘어 (2026-05-19) · 최대 호재: 가격 인상, 수출 증가, K푸드, 마진 개선 / 최대 악재: 원가 상승, 리콜, 식품 사고, 소비 둔화"
한국가스공사,036460.KS,ok,국장,해당 없음,0.0,0.0,0.0,,,0,해당 없음,0.0,0.0,,,,0.0,0.0,,,-8.0,본장 전/초반 1시간 약세 · 초반 -3.17% · 방어 우선,6.0,양호,1분봉 양호 · 장중 -3.17% · 최근 +0.14%,AI 관망,4,지금은 확실한 우위가 부족합니다.,전력에너지,보류,🚫 제외,리스크 과다,0,20.0,6.0,12.0,0.0,0.0,2.0,25.0,False,False,중립장,11.0,36750.0,38100.0,naver_realtime,naver_realtime_calculated,-3.54,-2.39,-1.59,1.34,1.3,True,15880814250.0,48.4,False,3.37,일반 모멘텀,"거래량 증가(1.3x), 1분봉 양호 · 장중 -3.17% · 최근 +0.14%","본장 전/초반 1시간 약세 · 초반 -3.17% · 방어 우선, 전력에너지 섹터 약세",수급 수집 실패,unavailable,0.0,0.0,뉴스 중립,google_news,"관련 뉴스: 차바위 현역은퇴, 한국가스공사 2026-2027시즌에 은퇴식 거행[오피셜] - v.daum.net (2026-05-18)",none,"차바위 현역은퇴, 한국가스공사 2026-2027시즌에 은퇴식 거행[오피셜] - v.daum.net (2026-05-18) | 프로농구 한국가스공사 '원클럽맨' 차바위 은퇴 (2026-05-18)","naver_daily, naver_realtime, news:google_news, flow:unavailable, intraday_1m",0.0,6.0,전력에너지 섹터 약세,2026-05-19 21:07:50 PDT,6,"관망 · 거래량 1.3배 · 관련 뉴스: 차바위 현역은퇴, 한국가스공사 2026-2027시즌에 은퇴식 거행[오피셜] - v.daum.net (2026-05",선행 신호 대기,놓침 위험 낮음,시장 방어장 · 신규 매수는 작게,급변 신호 없음,"전력에너지 흐름 · 평균 -4.16% · 거래량 0.8배 · 대표 한국가스공사, 한국전력, 지역난방공사",방어장 · 평균 -5.68% · 하락비중 91% · 현금 비중 높게,수급 수집 실패,전력 → 전선 → 구리 → 원전/데이터센터,"기준 현재가 36,750 · 손절 참고 35,512 · 1차 익절 참고 38,298","최대 호재: 전력망 투자, 변압기 수주, 데이터센터 전력, 송전망 증설 / 최대 악재: 정책 지연, 원가 상승, 납기 지연, 안전사고",뉴스 영향 예상: 방향성 약함 · 가격/거래량 확인 우선,"관련 뉴스: 차바위 현역은퇴, 한국가스공사 2026-2027시즌에 은퇴식 거행[오피셜] - v.daum.net (2026-05-18) · 최대 호재: 전력망 투자, 변압기 수주, 데이터센터 전력, 송전망 증설 / 최대 악재: 정책 지연, 원가 상승, 납기 지연, 안전사고"
지역난방공사,071320.KS,ok,국장,해당 없음,0.0,0.0,0.0,,,0,해당 없음,0.0,0.0,,,,0.0,0.0,,,-8.0,본장 전/초반 1시간 약세 · 초반 -3.87% · 방어 우선,0.0,중립,1분봉 중립 · 장중 -3.87% · 최근 +0.00%,AI 관망,0,지금은 확실한 우위가 부족합니다.,전력에너지,보류,🚫 제외,리스크 과다,0,18.0,16.0,0.0,0.0,0.0,2.0,25.0,False,False,중립장,11.0,72200.0,74400.0,naver_realtime,naver_realtime_calculated,-2.96,-2.43,0.27,0.64,0.61,False,1107114800.0,43.5,True,3.47,일반 모멘텀,"MACD 상승, 건전한 갭 상승","본장 전/초반 1시간 약세 · 초반 -3.87% · 방어 우선, 매수 확인 부족: 거래량 0.64x / 거래대금 0.61x, 전력에너지 섹터 약세",수급 수집 실패,unavailable,0.0,0.0,뉴스 중립,google_news,"관련 뉴스: 지역난방공사, 1호 독립분사 사내벤처 '프로의 안전' 중진공 청년창업사관학교 선정 (2026-05-20)",none,"지역난방공사, 1호 독립분사 사내벤처 '프로의 안전' 중진공 청년창업사관학교 선정 (2026-05-20) | 공공기관 자체감사 평가 한은 등 25곳 ‘최하위’ (2026-05-19)","naver_daily, naver_realtime, news:google_news, flow:unavailable, intraday_1m",0.0,6.0,전력에너지 섹터 약세,2026-05-19 21:07:50 PDT,0,"관망 · 관련 뉴스: 지역난방공사, 1호 독립분사 사내벤처 '프로의 안전' 중진공 청년창업사관학교 선정 (2026-05-20)",선행 신호 대기,놓침 위험 낮음,시장 방어장 · 신규 매수는 작게,급변 신호 없음,"전력에너지 흐름 · 평균 -4.16% · 거래량 0.8배 · 대표 한국가스공사, 한국전력, 지역난방공사",방어장 · 평균 -5.68% · 하락비중 91% · 현금 비중 높게,수급 수집 실패,전력 → 전선 → 구리 → 원전/데이터센터,"기준 현재가 72,200 · 손절 참고 69,695 · 1차 익절 참고 75,332","최대 호재: 전력망 투자, 변압기 수주, 데이터센터 전력, 송전망 증설 / 최대 악재: 정책 지연, 원가 상승, 납기 지연, 안전사고",뉴스 영향 예상: 방향성 약함 · 가격/거래량 확인 우선,"관련 뉴스: 지역난방공사, 1호 독립분사 사내벤처 '프로의 안전' 중진공 청년창업사관학교 선정 (2026-05-20) · 최대 호재: 전력망 투자, 변압기 수주, 데이터센터 전력, 송전망 증설 / 최대 악재: 정책 지연, 원가 상승, 납기 지연, 안전사고"
삼천리,004690.KS,ok,국장,해당 없음,0.0,0.0,0.0,,,0,해당 없음,0.0,0.0,,,,0.0,0.0,,,-8.0,본장 전/초반 1시간 약세 · 초반 -2.38% · 방어 우선,6.0,양호,1분봉 양호 · 장중 -2.30% · 최근 +0.08%,AI 관망,0,지금은 확실한 우위가 부족합니다.,전력에너지,보류,🚫 제외,리스크 과다,0,8.0,6.0,0.0,0.0,0.0,2.0,25.0,False,False,중립장,11.0,122600.0,127200.0,naver_realtime,naver_realtime_calculated,-3.62,-7.12,0.0,0.81,0.7,False,1648847400.0,20.5,False,3.56,일반 모멘텀,1분봉 양호 · 장중 -2.30% · 최근 +0.08%,"본장 전/초반 1시간 약세 · 초반 -2.38% · 방어 우선, 매수 확인 부족: 거래량 0.81x / 거래대금 0.70x, 전력에너지 섹터 약세",수급 수집 실패,unavailable,0.0,0.0,뉴스 중립,google_news,관련 뉴스: [2보] 대법 'SG발 주가조작' 주범 라덕연 파기환송…유죄추가 취지 (2026-05-20),none,"[2보] 대법 'SG발 주가조작' 주범 라덕연 파기환송…유죄추가 취지 (2026-05-20) | [마켓인]삼천리, 회사채 수요예측에 목표액 14배 주문 몰려 (2026-05-19)","naver_daily, naver_realtime, news:google_news, flow:unavailable, intraday_1m",0.0,6.0,전력에너지 섹터 약세,2026-05-19 21:07:50 PDT,0,관망 · 관련 뉴스: [2보] 대법 'SG발 주가조작' 주범 라덕연 파기환송…유죄추가 취지 (2026-05-20),선행 신호 대기,놓침 위험 낮음,시장 방어장 · 신규 매수는 작게,급변 감지 · 당일 -7.12%,"전력에너지 흐름 · 평균 -4.16% · 거래량 0.8배 · 대표 한국가스공사, 한국전력, 지역난방공사",방어장 · 평균 -5.68% · 하락비중 91% · 현금 비중 높게,수급 수집 실패,전력 → 전선 → 구리 → 원전/데이터센터,"기준 현재가 122,600 · 손절 참고 118,235 · 1차 익절 참고 128,056","최대 호재: 전력망 투자, 변압기 수주, 데이터센터 전력, 송전망 증설 / 최대 악재: 정책 지연, 원가 상승, 납기 지연, 안전사고",뉴스 영향 예상: 방향성 약함 · 가격/거래량 확인 우선,"관련 뉴스: [2보] 대법 'SG발 주가조작' 주범 라덕연 파기환송…유죄추가 취지 (2026-05-20) · 최대 호재: 전력망 투자, 변압기 수주, 데이터센터 전력, 송전망 증설 / 최대 악재: 정책 지연, 원가 상승, 납기 지연, 안전사고"
LX세미콘,108320.KQ,ok,국장,해당 없음,0.0,0.0,0.0,,,0,해당 없음,0.0,0.0,,,,0.0,0.0,,,0.0,1분봉 데이터 부족,0.0,대기,1분봉 데이터 부족,AI 관망,0,지금은 확실한 우위가 부족합니다.,반도체설계,보류,🚫 제외,리스크 과다,0,2.0,0.0,0.0,0.0,0.0,2.0,32.0,False,False,중립장,11.0,51300.0,53300.0,naver_realtime,naver_realtime_calculated,-3.75,-8.56,-1.07,0.65,0.55,False,6533208900.0,27.9,False,6.74,일반 모멘텀,-,"변동성 과다, 매수 확인 부족: 거래량 0.65x / 거래대금 0.55x, 리스크 26 이상으로 신규 관심 제외, 반도체설계 섹터 약세",수급 수집 실패,unavailable,0.0,0.0,뉴스 수집 실패,none,뉴스를 가져오지 못해 가격 흐름만 참고하세요.,none,-,"naver_daily, naver_realtime, news:none, flow:unavailable, intraday_1m",0.0,6.0,반도체설계 섹터 약세,2026-05-19 21:07:50 PDT,0,관망 · 뉴스를 가져오지 못해 가격 흐름만 참고하세요.,선행 신호 대기,놓침 위험 낮음,시장 방어장 · 신규 매수는 작게,급변 감지 · 당일 -8.56%,"반도체설계 흐름 · 평균 -7.12% · 거래량 0.5배 · 대표 칩스앤미디어, 가온칩스, 오픈엣지테크놀로지",방어장 · 평균 -5.68% · 하락비중 91% · 현금 비중 높게,수급 수집 실패,AI/반도체 → 전력 → 냉각 → 데이터센터 → 광통신,"기준 현재가 51,300 · 손절 참고 47,842 · 1차 익절 참고 55,622","최대 호재: HBM 수주, 엔비디아 공급, 장비 발주, 수율 개선 / 최대 악재: 어닝 쇼크, 컨센서스 하회, 수출 통제, 재고 급증",뉴스 영향 예상: 방향성 약함 · 가격/거래량 확인 우선,"뉴스를 가져오지 못해 가격 흐름만 참고하세요. · 최대 호재: HBM 수주, 엔비디아 공급, 장비 발주, 수율 개선 / 최대 악재: 어닝 쇼크, 컨센서스 하회, 수출 통제, 재고 급증"
포스코인터내셔널,047050.KS,ok,국장,해당 없음,0.0,0.0,0.0,,,0,해당 없음,0.0,0.0,,,,0.0,0.0,,,-8.0,본장 전/초반 1시간 약세 · 초반 -2.43% · 방어 우선,0.0,중립,1분봉 중립 · 장중 -3.71% · 최근 -0.30%,AI 관망,0,지금은 확실한 우위가 부족합니다.,상사/에너지,보류,🚫 제외,리스크 과다,0,22.0,6.0,0.0,0.0,14.0,2.0,40.0,False,False,중립장,11.0,67900.0,70600.0,naver_realtime,naver_realtime_calculated,-3.82,-4.77,0.14,0.6,0.51,False,30359176400.0,30.3,False,7.11,일반 모멘텀,"건전한 갭 상승, 뉴스 키워드: 강한 호재: 공급 / 보통 호재: 투자 / 약한 호재: 상승 / 악재: 감소","변동성 과다, 뉴스 리스크: 강한 호재: 공급 / 보통 호재: 투자 / 약한 호재: 상승 / 악재: 감소, 본장 전/초반 1시간 약세 · 초반 -2.43% · 방어 우선, 매수 확인 부족: 거래량 0.60x / 거래대금 0.51x, 리스크 40 이상으로 신규 관심 제외",수급 수집 실패,unavailable,0.0,0.0,강한 호재: 공급 / 보통 호재: 투자 / 약한 호재: 상승 / 악재: 감소,google_news,"악재 뉴스: [단독] 포스코인터, 美 알래스카 '대개발'…희토류·SAF 등 6대 전략 프로젝트 전격 추진 (2026-05-19)",strong,"[단독] 포스코인터, 美 알래스카 '대개발'…희토류·SAF 등 6대 전략 프로젝트 전격 추진 (2026-05-19) | [핵심주] iM증권 ""포스코인터, 유가 상승 수혜·희토류 공급망 구축... 목표가↑"" - meconomynews.com (2026-05-18)","naver_daily, naver_realtime, news:google_news, flow:unavailable, intraday_1m",,,섹터 확인 부족,2026-05-19 21:07:50 PDT,0,"관망 · 악재 뉴스: [단독] 포스코인터, 美 알래스카 '대개발'…희토류·SAF 등 6대 전략 프로젝트 전격 추진 (2026-05-19",선행 신호 대기,놓침 위험 낮음,시장 방어장 · 신규 매수는 작게,급변 신호 없음,상사/에너지 흐름 · 평균 -4.77% · 거래량 0.6배 · 대표 포스코인터내셔널,방어장 · 평균 -5.68% · 하락비중 91% · 현금 비중 높게,수급 수집 실패,대표 테마 연결 대기,"기준 현재가 67,900 · 손절 참고 63,072 · 1차 익절 참고 73,935","최대 호재: 수주, 계약, 실적 개선, 정책 수혜 / 최대 악재: 실적 부진, 규제, 원가 상승, 수요 둔화","악재 영향 예상: -5.5~-10.0% (61,141원 부근까지 경계) · 회복 기준 70,072원 돌파","악재 뉴스: [단독] 포스코인터, 美 알래스카 '대개발'…희토류·SAF 등 6대 전략 프로젝트 전격 추진 (2026-05-19) · 최대 호재: 수주, 계약, 실적 개선, 정책 수혜 / 최대 악재: 실적 부진, 규제, 원가 상승, 수요 둔화"
LX인터내셔널,001120.KS,ok,국장,해당 없음,0.0,0.0,0.0,,,0,해당 없음,0.0,0.0,,,,0.0,0.0,,,0.0,본장 전/초반 1시간 중립 · 초반 -0.80%,0.0,중립,1분봉 중립 · 장중 -2.51% · 최근 -0.12%,AI 관망,0,지금은 확실한 우위가 부족합니다.,상사,보류,대기,매매 근거 부족,0,8.0,6.0,0.0,0.0,0.0,2.0,11.0,False,False,중립장,11.0,42700.0,44300.0,naver_realtime,naver_realtime_calculated,-3.61,-6.67,0.11,0.79,0.68,False,6103153700.0,18.8,False,5.64,일반 모멘텀,건전한 갭 상승,매수 확인 부족: 거래량 0.79x / 거래대금 0.68x,수급 수집 실패,unavailable,0.0,0.0,뉴스 중립,google_news,관련 뉴스: 국민연금 국내주식 비중 과열 … 매도폭탄 공포 확산 (2026-05-08),none,"국민연금 국내주식 비중 과열 … 매도폭탄 공포 확산 (2026-05-08) | LX인터내셔널, 지역사회 환경개선 활동...서울역 쪽방촌 찾아 플로깅 - v.daum.net (2026-05-08)","naver_daily, naver_realtime, news:google_news, flow:unavailable, intraday_1m",,,섹터 확인 부족,2026-05-19 21:07:50 PDT,3,관망 · 관련 뉴스: 국민연금 국내주식 비중 과열 … 매도폭탄 공포 확산 (2026-05-08),선행 신호 대기,놓침 위험 낮음,시장 방어장 · 신규 매수는 작게,급변 감지 · 당일 -6.67%,상사 흐름 · 평균 -6.67% · 거래량 0.8배 · 대표 LX인터내셔널,방어장 · 평균 -5.68% · 하락비중 91% · 현금 비중 높게,수급 수집 실패,대표 테마 연결 대기,"기준 현재가 42,700 · 손절 참고 40,292 · 1차 익절 참고 45,710","최대 호재: 수주, 계약, 실적 개선, 정책 수혜 / 최대 악재: 실적 부진, 규제, 원가 상승, 수요 둔화",뉴스 영향 예상: 방향성 약함 · 가격/거래량 확인 우선,"관련 뉴스: 국민연금 국내주식 비중 과열 … 매도폭탄 공포 확산 (2026-05-08) · 최대 호재: 수주, 계약, 실적 개선, 정책 수혜 / 최대 악재: 실적 부진, 규제, 원가 상승, 수요 둔화"
하나투어,039130.KS,ok,국장,해당 없음,0.0,0.0,0.0,,,0,해당 없음,0.0,0.0,,,,0.0,0.0,,,-8.0,본장 전/초반 1시간 약세 · 초반 -2.99% · 방어 우선,0.0,중립,1분봉 중립 · 장중 -2.99% · 최근 -0.13%,AI 관망,0,지금은 확실한 우위가 부족합니다.,여행,보류,🚫 제외,리스크 과다,0,19.0,6.0,0.0,0.0,11.0,2.0,25.0,False,False,중립장,11.0,37300.0,38550.0,naver_realtime,naver_realtime_calculated,-3.24,-4.73,0.64,0.69,0.62,False,1742544100.0,26.3,False,2.78,일반 모멘텀,"건전한 갭 상승, 뉴스 키워드: 강한 호재: 공급 / 보통 호재: 투자","본장 전/초반 1시간 약세 · 초반 -2.99% · 방어 우선, 매수 확인 부족: 거래량 0.69x / 거래대금 0.62x, 여행 섹터 약세",수급 수집 실패,unavailable,0.0,0.0,강한 호재: 공급 / 보통 호재: 투자,google_news,호재 뉴스: [0520주요일정] 산업 특화 AI 솔루션 공급 업체 마키나락스 신규 상장 예정 등 By 인포스탁데일리 - Investing.com 한국어 (2026-05-20),strong,[0520주요일정] 산업 특화 AI 솔루션 공급 업체 마키나락스 신규 상장 예정 등 By 인포스탁데일리 - Investing.com 한국어 (2026-05-20) | HoSE는 처음으로 투자자들에게 무료 투어와 주식 시장 교육을 제공하기 위해 문을 엽니다. - Vietnam.vn (2026-05-19),"naver_daily, naver_realtime, news:google_news, flow:unavailable, intraday_1m",0.0,6.0,여행 섹터 약세,2026-05-19 21:07:50 PDT,12,관망 · 호재 뉴스: [0520주요일정] 산업 특화 AI 솔루션 공급 업체 마키나락스 신규 상장 예정 등 By 인포스탁데일리 - Inv,선행 신호 대기,놓침 위험 낮음,시장 방어장 · 신규 매수는 작게,급변 신호 없음,"여행 흐름 · 평균 -4.23% · 거래량 0.7배 · 대표 모두투어, 하나투어",방어장 · 평균 -5.68% · 하락비중 91% · 현금 비중 높게,수급 수집 실패,대표 테마 연결 대기,"기준 현재가 37,300 · 손절 참고 36,181 · 1차 익절 참고 38,792","최대 호재: 수주, 계약, 실적 개선, 정책 수혜 / 최대 악재: 실적 부진, 규제, 원가 상승, 수요 둔화","호재 영향 예상: +2.0~+3.2% (38,494원 부근까지 시도) · 이탈 기준 36,554원","호재 뉴스: [0520주요일정] 산업 특화 AI 솔루션 공급 업체 마키나락스 신규 상장 예정 등 By 인포스탁데일리 - Investing.com 한국어 (2026-05-20) · 최대 호재: 수주, 계약, 실적 개선, 정책 수혜 / 최대 악재: 실적 부진, 규제, 원가 상승, 수요 둔화"
모두투어,080160.KQ,ok,국장,해당 없음,0.0,0.0,0.0,,,0,해당 없음,0.0,0.0,,,,0.0,0.0,,,0.0,본장 전/초반 1시간 중립 · 초반 -0.80%,0.0,중립,1분봉 중립 · 장중 -1.70% · 최근 -0.10%,AI 관망,0,지금은 확실한 우위가 부족합니다.,여행,보류,🚫 제외,리스크 과다,0,2.0,0.0,0.0,0.0,0.0,2.0,32.0,False,False,중립장,11.0,9810.0,10040.0,naver_realtime,naver_realtime_calculated,-2.29,-3.73,-1.77,0.68,0.61,False,717287580.0,22.1,False,3.54,일반 모멘텀,-,"거래대금 부족, 매수 확인 부족: 거래량 0.68x / 거래대금 0.61x, 리스크 26 이상으로 신규 관심 제외, 여행 섹터 약세",수급 수집 실패,unavailable,0.0,0.0,뉴스 중립,google_news,관련 뉴스: [속보] 코스피 7400→7100선 '뚝'…매도 사이드카 발동 (2026-05-18),none,"[속보] 코스피 7400→7100선 '뚝'…매도 사이드카 발동 (2026-05-18) | [핀포인트] [모두투어] 공고한 우종웅 체제, 거수기 전락한 이사회 (2026-05-18)","naver_daily, naver_realtime, news:google_news, flow:unavailable, intraday_1m",0.0,6.0,여행 섹터 약세,2026-05-19 21:07:50 PDT,0,관망 · 관련 뉴스: [속보] 코스피 7400→7100선 '뚝'…매도 사이드카 발동 (2026-05-18),선행 신호 대기,놓침 위험 낮음,시장 방어장 · 신규 매수는 작게,급변 신호 없음,"여행 흐름 · 평균 -4.23% · 거래량 0.7배 · 대표 모두투어, 하나투어",방어장 · 평균 -5.68% · 하락비중 91% · 현금 비중 높게,수급 수집 실패,대표 테마 연결 대기,"기준 현재가 9,810 · 손절 참고 9,463 · 1차 익절 참고 10,244","최대 호재: 수주, 계약, 실적 개선, 정책 수혜 / 최대 악재: 실적 부진, 규제, 원가 상승, 수요 둔화",뉴스 영향 예상: 방향성 약함 · 가격/거래량 확인 우선,"관련 뉴스: [속보] 코스피 7400→7100선 '뚝'…매도 사이드카 발동 (2026-05-18) · 최대 호재: 수주, 계약, 실적 개선, 정책 수혜 / 최대 악재: 실적 부진, 규제, 원가 상승, 수요 둔화"
컴투스,078340.KQ,ok,국장,해당 없음,0.0,0.0,0.0,,,0,해당 없음,0.0,0.0,,,,0.0,0.0,,,-8.0,본장 전/초반 1시간 약세 · 초반 -2.08% · 방어 우선,6.0,양호,1분봉 양호 · 장중 -2.60% · 최근 +0.54%,AI 관망,0,지금은 확실한 우위가 부족합니다.,게임,보류,🚫 제외,리스크 과다,0,14.0,12.0,0.0,0.0,0.0,2.0,45.0,False,False,중립장,11.0,28000.0,29100.0,naver_realtime,naver_realtime_calculated,-3.78,-0.36,2.14,0.94,0.83,True,1775620000.0,27.4,False,3.99,일반 모멘텀,"건전한 갭 상승, 1분봉 양호 · 장중 -2.60% · 최근 +0.54%","뉴스 리스크: 중대 악재: 붕괴, 본장 전/초반 1시간 약세 · 초반 -2.08% · 방어 우선, 리스크 39 이상으로 신규 관심 제외, 게임 섹터 약세",수급 수집 실패,unavailable,0.0,0.0,중대 악재: 붕괴,google_news,"악재 뉴스: 위지윅·엔피, 상장폐지 우려 속 꺼낸 생존전략 '합병' (2026-05-19)",none,"위지윅·엔피, 상장폐지 우려 속 꺼낸 생존전략 '합병' (2026-05-19) | '상폐 피하려 엔피 품으로'…위지윅, 3년 적자 끝 우회생존 (2026-05-19)","naver_daily, naver_realtime, news:google_news, flow:unavailable, intraday_1m",0.0,6.0,게임 섹터 약세,2026-05-19 21:07:50 PDT,0,"관망 · 추격 부담 낮음 · 악재 뉴스: 위지윅·엔피, 상장폐지 우려 속 꺼낸 생존전략 '합병' (2026-05-19)",선행 신호 대기,놓침 위험 낮음,시장 방어장 · 신규 매수는 작게,급변 신호 없음,"게임 흐름 · 평균 -1.89% · 거래량 1.1배 · 대표 더블유게임즈, 엔씨소프트, 네오위즈",방어장 · 평균 -5.68% · 하락비중 91% · 현금 비중 높게,수급 수집 실패,대표 테마 연결 대기,"기준 현재가 28,000 · 손절 참고 26,883 · 1차 익절 참고 29,397","최대 호재: 신작 흥행, 중국 판호, 글로벌 출시, 매출 순위 상승 / 최대 악재: 신작 부진, 출시 연기, 규제, 매출 하락","악재 영향 예상: -5.4~-9.8% (25,260원 부근까지 경계) · 회복 기준 28,560원 돌파","악재 뉴스: 위지윅·엔피, 상장폐지 우려 속 꺼낸 생존전략 '합병' (2026-05-19) · 최대 호재: 신작 흥행, 중국 판호, 글로벌 출시, 매출 순위 상승 / 최대 악재: 신작 부진, 출시 연기, 규제, 매출 하락"
넷마블,251270.KS,ok,국장,해당 없음,0.0,0.0,0.0,,,0,해당 없음,0.0,0.0,,,,0.0,0.0,,,-8.0,본장 전/초반 1시간 약세 · 초반 -2.08% · 방어 우선,6.0,양호,1분봉 양호 · 장중 -2.77% · 최근 +0.36%,AI 관망,0,지금은 확실한 우위가 부족합니다.,게임,보류,🚫 제외,리스크 과다,0,18.0,12.0,0.0,0.0,4.0,2.0,35.0,False,False,중립장,11.0,42150.0,43000.0,naver_realtime,naver_realtime_calculated,-1.98,-0.47,2.95,0.8,0.73,False,9375129450.0,26.8,False,4.5,일반 모멘텀,"건전한 갭 상승, 뉴스 키워드: 보통 호재: 투자 / 악재: 지분율, 악재, 1분봉 양호 · 장중 -2.77% · 최근 +0.36%","뉴스 리스크: 보통 호재: 투자 / 악재: 지분율, 악재, 본장 전/초반 1시간 약세 · 초반 -2.08% · 방어 우선, 매수 확인 부족: 거래량 0.80x / 거래대금 0.73x, 리스크 29 이상으로 신규 관심 제외, 게임 섹터 약세",수급 수집 실패,unavailable,0.0,0.0,"보통 호재: 투자 / 악재: 지분율, 악재",google_news,악재 뉴스: [기업 투자 X파일] 코웨이가 막은 넷마블 투자손실…431억 방어막 (2026-05-19),medium,"[기업 투자 X파일] 코웨이가 막은 넷마블 투자손실…431억 방어막 (2026-05-19) | 넷마블, 이우영 임원 퇴임으로 최대주주 지분 1,900주 변동…총 지분율은 유지 (2026-05-18)","naver_daily, naver_realtime, news:google_news, flow:unavailable, intraday_1m",0.0,6.0,게임 섹터 약세,2026-05-19 21:07:50 PDT,0,관망 · 추격 부담 낮음 · 악재 뉴스: [기업 투자 X파일] 코웨이가 막은 넷마블 투자손실…431억 방어막 (2026-05-19),선행 신호 대기,놓침 위험 낮음,시장 방어장 · 신규 매수는 작게,급변 신호 없음,"게임 흐름 · 평균 -1.89% · 거래량 1.1배 · 대표 더블유게임즈, 엔씨소프트, 네오위즈",방어장 · 평균 -5.68% · 하락비중 91% · 현금 비중 높게,수급 수집 실패,대표 테마 연결 대기,"기준 현재가 42,150 · 손절 참고 40,253 · 1차 익절 참고 44,521","최대 호재: 신작 흥행, 중국 판호, 글로벌 출시, 매출 순위 상승 / 최대 악재: 신작 부진, 출시 연기, 규제, 매출 하락","악재 영향 예상: -3.3~-6.1% (39,589원 부근까지 경계) · 회복 기준 43,004원 돌파","악재 뉴스: [기업 투자 X파일] 코웨이가 막은 넷마블 투자손실…431억 방어막 (2026-05-19) · 최대 호재: 신작 흥행, 중국 판호, 글로벌 출시, 매출 순위 상승 / 최대 악재: 신작 부진, 출시 연기, 규제, 매출 하락"
강원랜드,035250.KS,ok,국장,해당 없음,0.0,0.0,0.0,,,0,해당 없음,0.0,0.0,,,,0.0,0.0,,,-8.0,본장 전/초반 1시간 약세 · 초반 -2.02% · 방어 우선,0.0,중립,1분봉 중립 · 장중 -3.03% · 최근 -0.19%,AI 관망,0,지금은 확실한 우위가 부족합니다.,카지노/관광,보류,🚫 제외,리스크 과다,0,8.0,6.0,0.0,0.0,0.0,2.0,25.0,False,False,중립장,11.0,15400.0,15740.0,naver_realtime,naver_realtime_calculated,-2.16,-3.45,0.69,0.82,0.76,False,8956563000.0,26.6,False,2.69,일반 모멘텀,건전한 갭 상승,"본장 전/초반 1시간 약세 · 초반 -2.02% · 방어 우선, 매수 확인 부족: 거래량 0.82x / 거래대금 0.76x, 카지노/관광 섹터 약세",수급 수집 실패,unavailable,0.0,0.0,뉴스 중립,google_news,"관련 뉴스: 강원랜드, 2026년 감사원 자체감사평가 최우수기관 선정 (2026-05-19)",none,"강원랜드, 2026년 감사원 자체감사평가 최우수기관 선정 (2026-05-19) | 강원랜드, 감사원 자체감사평가 공기업부문 2위 (2026-05-19)","naver_daily, naver_realtime, news:google_news, flow:unavailable, intraday_1m",0.0,6.0,카지노/관광 섹터 약세,2026-05-19 21:07:50 PDT,0,"관망 · 관련 뉴스: 강원랜드, 2026년 감사원 자체감사평가 최우수기관 선정 (2026-05-19)",선행 신호 대기,놓침 위험 낮음,시장 방어장 · 신규 매수는 작게,급변 신호 없음,"카지노/관광 흐름 · 평균 -4.21% · 거래량 1.0배 · 대표 GKL, 롯데관광개발, 강원랜드",방어장 · 평균 -5.68% · 하락비중 91% · 현금 비중 높게,수급 수집 실패,대표 테마 연결 대기,"기준 현재가 15,400 · 손절 참고 14,938 · 1차 익절 참고 16,016","최대 호재: 수주, 계약, 실적 개선, 정책 수혜 / 최대 악재: 실적 부진, 규제, 원가 상승, 수요 둔화",뉴스 영향 예상: 방향성 약함 · 가격/거래량 확인 우선,"관련 뉴스: 강원랜드, 2026년 감사원 자체감사평가 최우수기관 선정 (2026-05-19) · 최대 호재: 수주, 계약, 실적 개선, 정책 수혜 / 최대 악재: 실적 부진, 규제, 원가 상승, 수요 둔화"
위메이드,112040.KQ,ok,국장,해당 없음,0.0,0.0,0.0,,,0,해당 없음,0.0,0.0,,,,0.0,0.0,,,-8.0,본장 전/초반 1시간 약세 · 초반 -1.64% · 방어 우선,6.0,양호,1분봉 양호 · 장중 -3.08% · 최근 +0.31%,AI 관망,0,지금은 확실한 우위가 부족합니다.,게임,보류,🚫 제외,리스크 과다,0,14.0,12.0,0.0,0.0,0.0,2.0,40.0,False,False,중립장,11.0,19470.0,20250.0,naver_realtime,naver_realtime_calculated,-3.85,-3.61,0.99,0.59,0.48,False,3106243800.0,34.9,False,6.83,일반 모멘텀,"건전한 갭 상승, 1분봉 양호 · 장중 -3.08% · 최근 +0.31%","변동성 과다, 뉴스 호재 강도 약함, 본장 전/초반 1시간 약세 · 초반 -1.64% · 방어 우선, 매수 확인 부족: 거래량 0.59x / 거래대금 0.48x, 리스크 34 이상으로 신규 관심 제외, 게임 섹터 약세",수급 수집 실패,unavailable,0.0,0.0,약한 호재: 상승,google_news,"호재 뉴스: 가상자산 결제 상용화 시험대…위메이드·NICE정보통신, 웹3 결제 인프라 실증 (2026-05-20)",weak,"가상자산 결제 상용화 시험대…위메이드·NICE정보통신, 웹3 결제 인프라 실증 (2026-05-20) | 폭락장! 게임주 '깜짝 상승'…신저가는 여전 - gameand.co.kr (2026-05-19)","naver_daily, naver_realtime, news:google_news, flow:unavailable, intraday_1m",0.0,6.0,게임 섹터 약세,2026-05-19 21:07:50 PDT,11,"관망 · 호재 뉴스: 가상자산 결제 상용화 시험대…위메이드·NICE정보통신, 웹3 결제 인프라 실증 (2026-05-20)","조용한 자금 후보 · ok · 점수 25 · 10만원 이하(19,490원) / 뉴스 트리거 투자, 인수, 계약",놓침 위험 낮음,시장 방어장 · 신규 매수는 작게,급변 신호 없음,"게임 흐름 · 평균 -1.89% · 거래량 1.1배 · 대표 더블유게임즈, 엔씨소프트, 네오위즈",방어장 · 평균 -5.68% · 하락비중 91% · 현금 비중 높게,수급 수집 실패,대표 테마 연결 대기,"기준 현재가 19,470 · 손절 참고 18,140 · 1차 익절 참고 21,132","최대 호재: 신작 흥행, 중국 판호, 글로벌 출시, 매출 순위 상승 / 최대 악재: 신작 부진, 출시 연기, 규제, 매출 하락","호재 영향 예상: +2.8~+5.1% (20,467원 부근까지 시도) · 이탈 기준 18,872원","호재 뉴스: 가상자산 결제 상용화 시험대…위메이드·NICE정보통신, 웹3 결제 인프라 실증 (2026-05-20) · 최대 호재: 신작 흥행, 중국 판호, 글로벌 출시, 매출 순위 상승 / 최대 악재: 신작 부진, 출시 연기, 규제, 매출 하락"
데브시스터즈,194480.KQ,ok,국장,해당 없음,0.0,0.0,0.0,,,0,해당 없음,0.0,0.0,,,,0.0,0.0,,,0.0,본장 전/초반 1시간 중립 · 초반 -0.47%,6.0,양호,1분봉 양호 · 장중 -2.44% · 최근 +0.12%,AI 관망,0,지금은 확실한 우위가 부족합니다.,게임,보류,🚫 제외,리스크 과다,0,12.0,6.0,0.0,0.0,4.0,2.0,47.0,False,False,중립장,11.0,16750.0,17440.0,naver_realtime,naver_realtime_calculated,-3.96,-5.37,-0.62,0.69,0.53,False,1212097000.0,6.6,False,5.12,일반 모멘텀,"뉴스 키워드: 보통 호재: 실적 / 중대 악재: 어닝쇼크, 1분봉 양호 · 장중 -2.44% · 최근 +0.12%","뉴스 리스크: 보통 호재: 실적 / 중대 악재: 어닝쇼크, 매수 확인 부족: 거래량 0.69x / 거래대금 0.53x, 리스크 41 이상으로 신규 관심 제외, 게임 섹터 약세",수급 수집 실패,unavailable,0.0,0.0,보통 호재: 실적 / 중대 악재: 어닝쇼크,google_news,"악재 뉴스: '경영진 무보수' 또 꺼낸 데브시스터즈, 이번엔 다를까 - v.daum.net (2026-05-12)",medium,"'경영진 무보수' 또 꺼낸 데브시스터즈, 이번엔 다를까 - v.daum.net (2026-05-12) | 데브시스터즈, 1분기 어닝쇼크…경영진 무보수·희망퇴직 카드 꺼냈다 - v.daum.net (2026-05-11)","naver_daily, naver_realtime, news:google_news, flow:unavailable, intraday_1m",0.0,6.0,게임 섹터 약세,2026-05-19 21:07:50 PDT,0,"관망 · 악재 뉴스: '경영진 무보수' 또 꺼낸 데브시스터즈, 이번엔 다를까 - v.daum.net (2026-05-12)",선행 신호 대기,놓침 위험 낮음,중대 리스크 · 악재 뉴스 우선 확인,급변 신호 없음,"게임 흐름 · 평균 -1.89% · 거래량 1.1배 · 대표 더블유게임즈, 엔씨소프트, 네오위즈",방어장 · 평균 -5.68% · 하락비중 91% · 현금 비중 높게,수급 수집 실패,대표 테마 연결 대기,"기준 현재가 16,750 · 손절 참고 15,892 · 1차 익절 참고 17,822","최대 호재: 신작 흥행, 중국 판호, 글로벌 출시, 매출 순위 상승 / 최대 악재: 신작 부진, 출시 연기, 규제, 매출 하락","악재 영향 예상: -3.5~-6.4% (15,678원 부근까지 경계) · 회복 기준 17,136원 돌파","악재 뉴스: '경영진 무보수' 또 꺼낸 데브시스터즈, 이번엔 다를까 - v.daum.net (2026-05-12) · 최대 호재: 신작 흥행, 중국 판호, 글로벌 출시, 매출 순위 상승 / 최대 악재: 신작 부진, 출시 연기, 규제, 매출 하락"
넥슨게임즈,225570.KQ,ok,국장,해당 없음,0.0,0.0,0.0,,,0,해당 없음,0.0,0.0,,,,0.0,0.0,,,-8.0,본장 전/초반 1시간 약세 · 초반 -1.71% · 방어 우선,0.0,중립,1분봉 중립 · 장중 -0.72% · 최근 -0.27%,AI 관망,0,지금은 확실한 우위가 부족합니다.,게임,보류,🚫 제외,리스크 과다,0,22.0,0.0,20.0,0.0,0.0,2.0,39.0,False,False,중립장,11.0,11000.0,11220.0,naver_realtime,naver_realtime_calculated,-1.96,-1.96,-1.69,2.16,2.08,True,3335288000.0,33.0,False,3.56,거래량 폭발,거래량/거래대금 폭발(2.2x/2.1x),"뉴스 호재 강도 약함, 뉴스 리스크: 약한 호재: 상승 / 악재: 매각, 적자, 본장 전/초반 1시간 약세 · 초반 -1.71% · 방어 우선, 리스크 33 이상으로 신규 관심 제외, 게임 섹터 약세",수급 수집 실패,unavailable,0.0,0.0,"약한 호재: 상승 / 악재: 매각, 적자",google_news,악재 뉴스: [넥슨 IP 분쟁 후폭풍] 다음 시험대 '디나미스원'…넥슨게임즈 vs 엔씨 대리전? (2026-05-20),weak,"[넥슨 IP 분쟁 후폭풍] 다음 시험대 '디나미스원'…넥슨게임즈 vs 엔씨 대리전? (2026-05-20) | NXC, 1.2조원 규모 자사주 취득...정부 ""좋은 매각 사례"" (2026-05-20)","naver_daily, naver_realtime, news:google_news, flow:unavailable, intraday_1m",0.0,6.0,게임 섹터 약세,2026-05-19 21:07:50 PDT,8,관망 · 거래량 2.2배 · 악재 뉴스: [넥슨 IP 분쟁 후폭풍] 다음 시험대 '디나미스원'…넥슨게임즈 vs 엔씨 대리전? (2026-05-20),선행 신호 대기,놓칠 가능성 높음,중대 리스크 · 악재 뉴스 우선 확인,뉴스+거래량 동시 감지,"게임 흐름 · 평균 -1.89% · 거래량 1.1배 · 대표 더블유게임즈, 엔씨소프트, 네오위즈",방어장 · 평균 -5.68% · 하락비중 91% · 현금 비중 높게,수급 수집 실패,대표 테마 연결 대기,"기준 현재가 11,000 · 손절 참고 10,608 · 1차 익절 참고 11,490","최대 호재: 신작 흥행, 중국 판호, 글로벌 출시, 매출 순위 상승 / 최대 악재: 신작 부진, 출시 연기, 규제, 매출 하락","악재 영향 예상: -3.5~-6.3% (10,303원 부근까지 경계) · 회복 기준 11,220원 돌파","악재 뉴스: [넥슨 IP 분쟁 후폭풍] 다음 시험대 '디나미스원'…넥슨게임즈 vs 엔씨 대리전? (2026-05-20) · 최대 호재: 신작 흥행, 중국 판호, 글로벌 출시, 매출 순위 상승 / 최대 악재: 신작 부진, 출시 연기, 규제, 매출 하락"
알서포트,131370.KQ,ok,국장,해당 없음,0.0,0.0,0.0,,,0,해당 없음,0.0,0.0,,,,0.0,0.0,,,0.0,본장 전/초반 1시간 중립 · 초반 -0.46%,0.0,중립,1분봉 중립 · 장중 -1.61% · 최근 -0.23%,AI 관망,0,지금은 확실한 우위가 부족합니다.,소프트웨어,보류,🚫 제외,리스크 과다,0,2.0,0.0,0.0,0.0,0.0,2.0,32.0,False,False,중립장,11.0,2145.0,2190.0,naver_realtime,naver_realtime_calculated,-2.05,-3.16,-1.35,0.42,0.35,False,315857685.0,14.8,False,4.88,일반 모멘텀,-,"거래대금 부족, 매수 확인 부족: 거래량 0.42x / 거래대금 0.35x, 리스크 26 이상으로 신규 관심 제외, 소프트웨어 섹터 약세",수급 수집 실패,unavailable,0.0,0.0,뉴스 수집 실패,none,뉴스를 가져오지 못해 가격 흐름만 참고하세요.,none,-,"naver_daily, naver_realtime, news:none, flow:unavailable, intraday_1m",0.0,6.0,소프트웨어 섹터 약세,2026-05-19 21:07:50 PDT,0,관망 · 뉴스를 가져오지 못해 가격 흐름만 참고하세요.,선행 신호 대기,놓침 위험 낮음,시장 방어장 · 신규 매수는 작게,급변 신호 없음,"소프트웨어 흐름 · 평균 -1.58% · 거래량 0.3배 · 대표 더존비즈온, 알서포트",방어장 · 평균 -5.68% · 하락비중 91% · 현금 비중 높게,수급 수집 실패,대표 테마 연결 대기,"기준 현재가 2,145 · 손절 참고 2,040 · 1차 익절 참고 2,276","최대 호재: 수주, 계약, 실적 개선, 정책 수혜 / 최대 악재: 실적 부진, 규제, 원가 상승, 수요 둔화",뉴스 영향 예상: 방향성 약함 · 가격/거래량 확인 우선,"뉴스를 가져오지 못해 가격 흐름만 참고하세요. · 최대 호재: 수주, 계약, 실적 개선, 정책 수혜 / 최대 악재: 실적 부진, 규제, 원가 상승, 수요 둔화"
안랩,053800.KQ,ok,국장,해당 없음,0.0,0.0,0.0,,,0,해당 없음,0.0,0.0,,,,0.0,0.0,,,0.0,본장 전/초반 1시간 중립 · 초반 -0.50%,0.0,중립,1분봉 중립 · 장중 -1.16% · 최근 -0.50%,AI 관망,0,지금은 확실한 우위가 부족합니다.,보안,보류,대기,매매 근거 부족,0,8.0,6.0,0.0,0.0,0.0,2.0,11.0,False,False,중립장,11.0,59400.0,60400.0,naver_realtime,naver_realtime_calculated,-1.66,-2.3,0.82,0.84,0.78,False,2542260600.0,35.3,False,3.76,일반 모멘텀,건전한 갭 상승,매수 확인 부족: 거래량 0.84x / 거래대금 0.78x,수급 수집 실패,unavailable,0.0,0.0,뉴스 중립,google_news,"관련 뉴스: ""부득이하게 단가 인상합니다""…무심코 열었다가 계정 뺏긴다 (2026-05-15)",none,"""부득이하게 단가 인상합니다""…무심코 열었다가 계정 뺏긴다 (2026-05-15) | '부득이 인상합니다' 공문 위장 피싱 기능 - v.daum.net (2026-05-15)","naver_daily, naver_realtime, news:google_news, flow:unavailable, intraday_1m",,,섹터 확인 부족,2026-05-19 21:07:50 PDT,6,"관망 · 관련 뉴스: ""부득이하게 단가 인상합니다""…무심코 열었다가 계정 뺏긴다 (2026-05-15)",선행 신호 대기,놓침 위험 낮음,시장 방어장 · 신규 매수는 작게,급변 신호 없음,보안 흐름 · 평균 -2.30% · 거래량 0.8배 · 대표 안랩,방어장 · 평균 -5.68% · 하락비중 91% · 현금 비중 높게,수급 수집 실패,대표 테마 연결 대기,"기준 현재가 59,400 · 손절 참고 57,167 · 1차 익절 참고 62,192","최대 호재: 수주, 계약, 실적 개선, 정책 수혜 / 최대 악재: 실적 부진, 규제, 원가 상승, 수요 둔화",뉴스 영향 예상: 방향성 약함 · 가격/거래량 확인 우선,"관련 뉴스: ""부득이하게 단가 인상합니다""…무심코 열었다가 계정 뺏긴다 (2026-05-15) · 최대 호재: 수주, 계약, 실적 개선, 정책 수혜 / 최대 악재: 실적 부진, 규제, 원가 상승, 수요 둔화"
딥노이드,315640.KQ,ok,국장,해당 없음,0.0,0.0,0.0,,,0,해당 없음,0.0,0.0,,,,0.0,0.0,,,-8.0,본장 전/초반 1시간 약세 · 초반 -3.90% · 방어 우선,-8.0,위험,1분봉 약함 · 장중 -2.84% · 최근 -1.26% · 거래 0.3배,AI 관망,0,지금은 확실한 우위가 부족합니다.,의료AI,보류,🚫 제외,리스크 과다,0,8.0,6.0,0.0,0.0,0.0,2.0,48.0,False,False,중립장,11.0,2730.0,2815.0,naver_realtime,naver_realtime_calculated,-3.02,-5.7,0.35,0.5,0.41,False,384692490.0,11.3,False,5.85,일반 모멘텀,건전한 갭 상승,"거래대금 부족, 1분봉 약함 · 장중 -2.84% · 최근 -1.26% · 거래 0.3배, 본장 전/초반 1시간 약세 · 초반 -3.90% · 방어 우선, 매수 확인 부족: 거래량 0.50x / 거래대금 0.41x, 리스크 42 이상으로 신규 관심 제외, 의료AI 섹터 약세",수급 수집 실패,unavailable,0.0,0.0,뉴스 중립,google_news,"관련 뉴스: [국내 상장 보안기업 매출분석-2] 생체인식·출입통제 분야, AI로 장밋빛 미래 앞당긴다 - v.daum.net (2026-05-18)",none,"[국내 상장 보안기업 매출분석-2] 생체인식·출입통제 분야, AI로 장밋빛 미래 앞당긴다 - v.daum.net (2026-05-18)","naver_daily, naver_realtime, news:google_news, flow:unavailable, intraday_1m",0.0,6.0,의료AI 섹터 약세,2026-05-19 21:07:50 PDT,0,"관망 · 관련 뉴스: [국내 상장 보안기업 매출분석-2] 생체인식·출입통제 분야, AI로 장밋빛 미래 앞당긴다 - v.daum.net ",선행 신호 대기,놓침 위험 낮음,시장 방어장 · 신규 매수는 작게,급변 신호 없음,"의료AI 흐름 · 평균 -6.72% · 거래량 0.5배 · 대표 딥노이드, 루닛, 뷰노",방어장 · 평균 -5.68% · 하락비중 91% · 현금 비중 높게,수급 수집 실패,의료/제약 → 임상/승인 → 장비/소모품,"기준 현재가 2,730 · 손절 참고 2,570 · 1차 익절 참고 2,930","최대 호재: FDA 승인, 임상 성공, 기술수출, 품목허가 / 최대 악재: 임상 실패, 허가 지연, 부작용, 소송",뉴스 영향 예상: 방향성 약함 · 가격/거래량 확인 우선,"관련 뉴스: [국내 상장 보안기업 매출분석-2] 생체인식·출입통제 분야, AI로 장밋빛 미래 앞당긴다 - v.daum.net (2026-05-18) · 최대 호재: FDA 승인, 임상 성공, 기술수출, 품목허가 / 최대 악재: 임상 실패, 허가 지연, 부작용, 소송"
티로보틱스,117730.KQ,ok,국장,해당 없음,0.0,0.0,0.0,,,0,해당 없음,0.0,0.0,,,,0.0,0.0,,,-8.0,본장 전/초반 1시간 약세 · 초반 -5.48% · 방어 우선,6.0,양호,1분봉 양호 · 장중 -6.60% · 최근 +0.36%,AI 관망,0,지금은 확실한 우위가 부족합니다.,로봇/자동화,보류,🚫 제외,리스크 과다,0,22.0,6.0,0.0,0.0,14.0,2.0,40.0,False,False,중립장,11.0,16800.0,18060.0,naver_realtime,naver_realtime_calculated,-6.98,-13.8,0.0,0.53,0.43,False,2381416800.0,35.2,False,10.51,일반 모멘텀,"뉴스 키워드: 강한 호재: 공급 / 보통 호재: 투자 / 약한 호재: 돌파, 1분봉 양호 · 장중 -6.60% · 최근 +0.36%","변동성 과다, 본장 전/초반 1시간 약세 · 초반 -5.48% · 방어 우선, 매수 확인 부족: 거래량 0.53x / 거래대금 0.43x, 리스크 34 이상으로 신규 관심 제외, 로봇/자동화 섹터 약세",수급 수집 실패,unavailable,0.0,0.0,강한 호재: 공급 / 보통 호재: 투자 / 약한 호재: 돌파,google_news,호재 뉴스: [주식마감] 글로벌 빅테크 보안칩 공급에 아이씨티케이 상한가... 코스모로보틱스·티엠씨 등 강세 (2026-05-19),strong,[주식마감] 글로벌 빅테크 보안칩 공급에 아이씨티케이 상한가... 코스모로보틱스·티엠씨 등 강세 (2026-05-19) | [생생한 주식쇼 생쇼] 티로보틱스 (117730) 로봇주 재돌파 기대 (2026-05-17),"naver_daily, naver_realtime, news:google_news, flow:unavailable, intraday_1m",0.0,6.0,로봇/자동화 섹터 약세,2026-05-19 21:07:50 PDT,8,관망 · 호재 뉴스: [주식마감] 글로벌 빅테크 보안칩 공급에 아이씨티케이 상한가... 코스모로보틱스·티엠씨 등 강세 (2026-05-,"조용한 자금 후보 · ok · 점수 9 · 10만원 이하(16,690원) / 뉴스 트리거 투자, 인수, 협력",놓침 위험 낮음,시장 방어장 · 신규 매수는 작게,급변 감지 · 당일 -13.80%,"로봇/자동화 흐름 · 평균 -16.54% · 거래량 0.8배 · 대표 티로보틱스, 로보스타",방어장 · 평균 -5.68% · 하락비중 91% · 현금 비중 높게,수급 수집 실패,로봇 → 감속기 → 자동화 장비 → 센서,"기준 현재가 16,800 · 손절 참고 15,034 · 1차 익절 참고 19,007","최대 호재: 대기업 투자, 로봇 공급계약, 자동화 수요, 감속기 수주 / 최대 악재: 실적 부진, 수주 지연, 경쟁 심화, 적자 확대","호재 영향 예상: +4.3~+7.9% (18,124원 부근까지 시도) · 이탈 기준 16,005원","호재 뉴스: [주식마감] 글로벌 빅테크 보안칩 공급에 아이씨티케이 상한가... 코스모로보틱스·티엠씨 등 강세 (2026-05-19) · 최대 호재: 대기업 투자, 로봇 공급계약, 자동화 수요, 감속기 수주 / 최대 악재: 실적 부진, 수주 지연, 경쟁 심화, 적자 확대"
로보스타,090360.KQ,ok,국장,해당 없음,0.0,0.0,0.0,,,0,해당 없음,0.0,0.0,,,,0.0,0.0,,,-8.0,본장 전/초반 1시간 약세 · 초반 -6.03% · 방어 우선,0.0,중립,1분봉 중립 · 장중 -8.04% · 최근 -0.29%,AI 관망,0,지금은 확실한 우위가 부족합니다.,로봇/자동화,보류,🚫 제외,리스크 과다,0,42.0,40.0,0.0,0.0,0.0,2.0,54.0,False,False,중립장,11.0,69100.0,75900.0,naver_realtime,naver_realtime_calculated,-8.96,-19.28,-4.21,0.99,0.85,True,21029133900.0,55.6,True,10.72,일반 모멘텀,"추세 상승, RSI 건강 구간, MACD 상승","갭 하락 경계, 변동성 과다, 뉴스 리스크: 악재: 하락, 본장 전/초반 1시간 약세 · 초반 -6.03% · 방어 우선, 리스크 48 이상으로 신규 관심 제외, 로봇/자동화 섹터 약세",수급 수집 실패,unavailable,0.0,0.0,악재: 하락,google_news,"악재 뉴스: [생생한 주식쇼 생쇼] 시장 불확실성 증대, 반도체 섹터 선별적 강세 (2026-05-18)",none,"[생생한 주식쇼 생쇼] 시장 불확실성 증대, 반도체 섹터 선별적 강세 (2026-05-18) | 로보스타 주가, 5월 18일 장중 87,700원 1.24% 하락 (2026-05-18)","naver_daily, naver_realtime, news:google_news, flow:unavailable, intraday_1m",0.0,6.0,로봇/자동화 섹터 약세,2026-05-19 21:07:50 PDT,0,"관망 · 악재 뉴스: [생생한 주식쇼 생쇼] 시장 불확실성 증대, 반도체 섹터 선별적 강세 (2026-05-18)",선행 신호 대기,놓침 위험 낮음,시장 방어장 · 신규 매수는 작게,급변 감지 · 당일 -19.28%,"로봇/자동화 흐름 · 평균 -16.54% · 거래량 0.8배 · 대표 티로보틱스, 로보스타",방어장 · 평균 -5.68% · 하락비중 91% · 현금 비중 높게,수급 수집 실패,AI/반도체 → 전력 → 냉각 → 데이터센터 → 광통신,"기준 현재가 69,100 · 손절 참고 61,692 · 1차 익절 참고 78,359","최대 호재: 대기업 투자, 로봇 공급계약, 자동화 수요, 감속기 수주 / 최대 악재: 실적 부진, 수주 지연, 경쟁 심화, 적자 확대","악재 영향 예상: -7.5~-13.7% (59,655원 부근까지 경계) · 회복 기준 72,433원 돌파","악재 뉴스: [생생한 주식쇼 생쇼] 시장 불확실성 증대, 반도체 섹터 선별적 강세 (2026-05-18) · 최대 호재: 대기업 투자, 로봇 공급계약, 자동화 수요, 감속기 수주 / 최대 악재: 실적 부진, 수주 지연, 경쟁 심화, 적자 확대"
마음AI,377480.KQ,ok,국장,해당 없음,0.0,0.0,0.0,,,0,해당 없음,0.0,0.0,,,,0.0,0.0,,,-8.0,본장 전/초반 1시간 약세 · 초반 -3.70% · 방어 우선,6.0,양호,1분봉 양호 · 장중 -5.16% · 최근 +0.15%,AI 관망,0,지금은 확실한 우위가 부족합니다.,AI,보류,🚫 제외,리스크 과다,0,8.0,6.0,0.0,0.0,0.0,2.0,55.0,False,False,중립장,11.0,13020.0,13830.0,naver_realtime,naver_realtime_calculated,-5.86,-8.63,-1.68,0.2,0.15,False,824231100.0,35.1,False,10.76,일반 모멘텀,1분봉 양호 · 장중 -5.16% · 최근 +0.15%,"변동성 과다, 거래대금 부족, 본장 전/초반 1시간 약세 · 초반 -3.70% · 방어 우선, 매수 확인 부족: 거래량 0.20x / 거래대금 0.15x, 리스크 49 이상으로 신규 관심 제외, AI 섹터 약세",수급 수집 실패,unavailable,0.0,0.0,뉴스 중립,google_news,"관련 뉴스: 마음AI, 김문환 부사장 ""MDA 고도화의 답은 Edge Agent AI""...부산 누리마루서 발표 (2026-05-18)",none,"마음AI, 김문환 부사장 ""MDA 고도화의 답은 Edge Agent AI""...부산 누리마루서 발표 (2026-05-18) | 로봇이 일하는 제주…마음AI '피지컬 AI' 심는다 (2026-05-17)","naver_daily, naver_realtime, news:google_news, flow:unavailable, intraday_1m",0.0,6.0,AI 섹터 약세,2026-05-19 21:07:50 PDT,0,"관망 · 관련 뉴스: 마음AI, 김문환 부사장 ""MDA 고도화의 답은 Edge Agent AI""...부산 누리마루서 발표 (2026-0",선행 신호 대기,놓침 위험 낮음,시장 방어장 · 신규 매수는 작게,급변 감지 · 당일 -8.63%,"AI 흐름 · 평균 -9.15% · 거래량 1.4배 · 대표 플리토, 셀바스AI, 마음AI",방어장 · 평균 -5.68% · 하락비중 91% · 현금 비중 높게,수급 수집 실패,대표 테마 연결 대기,"기준 현재가 13,020 · 손절 참고 11,619 · 1차 익절 참고 14,771","최대 호재: 수주, 계약, 실적 개선, 정책 수혜 / 최대 악재: 실적 부진, 규제, 원가 상승, 수요 둔화",뉴스 영향 예상: 방향성 약함 · 가격/거래량 확인 우선,"관련 뉴스: 마음AI, 김문환 부사장 ""MDA 고도화의 답은 Edge Agent AI""...부산 누리마루서 발표 (2026-05-18) · 최대 호재: 수주, 계약, 실적 개선, 정책 수혜 / 최대 악재: 실적 부진, 규제, 원가 상승, 수요 둔화"
에브리봇,270660.KQ,ok,국장,해당 없음,0.0,0.0,0.0,,,0,해당 없음,0.0,0.0,,,,0.0,0.0,,,-8.0,본장 전/초반 1시간 약세 · 초반 -5.01% · 방어 우선,6.0,양호,1분봉 양호 · 장중 -6.56% · 최근 +0.07%,AI 관망,0,지금은 확실한 우위가 부족합니다.,로봇,보류,🚫 제외,리스크 과다,0,15.0,6.0,0.0,0.0,7.0,2.0,55.0,False,False,중립장,11.0,15200.0,16140.0,naver_realtime,naver_realtime_calculated,-5.82,-10.06,-2.19,0.55,0.46,False,542427200.0,14.4,False,6.59,일반 모멘텀,"뉴스 키워드: 보통 호재: 투자 / 약한 호재: 확대, 상승, 1분봉 양호 · 장중 -6.56% · 최근 +0.07%","변동성 과다, 거래대금 부족, 본장 전/초반 1시간 약세 · 초반 -5.01% · 방어 우선, 매수 확인 부족: 거래량 0.55x / 거래대금 0.46x, 리스크 49 이상으로 신규 관심 제외, 로봇 섹터 약세",수급 수집 실패,unavailable,0.0,0.0,"보통 호재: 투자 / 약한 호재: 확대, 상승",google_news,"호재 뉴스: 로봇청소기 넘어 피지컬AI로…에브리봇, B2B 전환 가속 (2026-05-19)",medium,"로봇청소기 넘어 피지컬AI로…에브리봇, B2B 전환 가속 (2026-05-19) | 에브리봇, 1분기 매출 74억원…'피지컬 AI' 신사업 확대 가속 (2026-05-18)","naver_daily, naver_realtime, news:google_news, flow:unavailable, intraday_1m",0.0,6.0,로봇 섹터 약세,2026-05-19 21:07:50 PDT,5,"관망 · 호재 뉴스: 로봇청소기 넘어 피지컬AI로…에브리봇, B2B 전환 가속 (2026-05-19)",선행 신호 대기,놓침 위험 낮음,시장 방어장 · 신규 매수는 작게,급변 감지 · 당일 -10.06%,"로봇 흐름 · 평균 -15.66% · 거래량 1.2배 · 대표 두산로보틱스, 에브리봇, 유일로보틱스",방어장 · 평균 -5.68% · 하락비중 91% · 현금 비중 높게,수급 수집 실패,로봇 → 감속기 → 자동화 장비 → 센서,"기준 현재가 15,200 · 손절 참고 14,198 · 1차 익절 참고 16,452","최대 호재: 대기업 투자, 로봇 공급계약, 자동화 수요, 감속기 수주 / 최대 악재: 실적 부진, 수주 지연, 경쟁 심화, 적자 확대","호재 영향 예상: +2.7~+4.9% (15,951원 부근까지 시도) · 이탈 기준 14,749원","호재 뉴스: 로봇청소기 넘어 피지컬AI로…에브리봇, B2B 전환 가속 (2026-05-19) · 최대 호재: 대기업 투자, 로봇 공급계약, 자동화 수요, 감속기 수주 / 최대 악재: 실적 부진, 수주 지연, 경쟁 심화, 적자 확대"
셀바스AI,108860.KQ,ok,국장,해당 없음,0.0,0.0,0.0,,,0,해당 없음,0.0,0.0,,,,0.0,0.0,,,-8.0,본장 전/초반 1시간 약세 · 초반 -2.09% · 방어 우선,0.0,중립,1분봉 중립 · 장중 -3.33% · 최근 -0.10%,AI 관망,0,지금은 확실한 우위가 부족합니다.,AI,보류,🚫 제외,리스크 과다,0,2.0,0.0,0.0,0.0,0.0,2.0,40.0,False,False,중립장,11.0,10200.0,10610.0,naver_realtime,naver_realtime_calculated,-3.86,-7.94,-0.81,0.53,0.42,False,2102781000.0,14.8,False,6.58,일반 모멘텀,-,"변동성 과다, 본장 전/초반 1시간 약세 · 초반 -2.09% · 방어 우선, 매수 확인 부족: 거래량 0.53x / 거래대금 0.42x, 리스크 34 이상으로 신규 관심 제외, AI 섹터 약세",수급 수집 실패,unavailable,0.0,0.0,뉴스 중립,google_news,"관련 뉴스: 셀바스AI ""'오디로', 스타일 보이스 25종 탑재"" (2026-05-19)",none,"셀바스AI ""'오디로', 스타일 보이스 25종 탑재"" (2026-05-19) | 셀바스AI, '오디로' 신규 보이스 25종 업데이트 (2026-05-19)","naver_daily, naver_realtime, news:google_news, flow:unavailable, intraday_1m",0.0,6.0,AI 섹터 약세,2026-05-19 21:07:50 PDT,0,"관망 · 관련 뉴스: 셀바스AI ""'오디로', 스타일 보이스 25종 탑재"" (2026-05-19)","조용한 자금 후보 · ok · 점수 9 · 10만원 이하(10,210원) / 뉴스 트리거 투자, 실적, 인수",놓침 위험 낮음,시장 방어장 · 신규 매수는 작게,급변 감지 · 당일 -7.94%,"AI 흐름 · 평균 -9.15% · 거래량 1.4배 · 대표 플리토, 셀바스AI, 마음AI",방어장 · 평균 -5.68% · 하락비중 91% · 현금 비중 높게,수급 수집 실패,대표 테마 연결 대기,"기준 현재가 10,200 · 손절 참고 9,529 · 1차 익절 참고 11,039","최대 호재: 수주, 계약, 실적 개선, 정책 수혜 / 최대 악재: 실적 부진, 규제, 원가 상승, 수요 둔화",뉴스 영향 예상: 방향성 약함 · 가격/거래량 확인 우선,"관련 뉴스: 셀바스AI ""'오디로', 스타일 보이스 25종 탑재"" (2026-05-19) · 최대 호재: 수주, 계약, 실적 개선, 정책 수혜 / 최대 악재: 실적 부진, 규제, 원가 상승, 수요 둔화"
플리토,300080.KQ,ok,국장,해당 없음,0.0,0.0,0.0,,,0,해당 없음,0.0,0.0,,,,0.0,0.0,,,-8.0,본장 전/초반 1시간 약세 · 초반 -4.36% · 방어 우선,6.0,양호,1분봉 양호 · 장중 -5.42% · 최근 +0.12%,AI 관망,0,지금은 확실한 우위가 부족합니다.,AI,보류,🚫 제외,리스크 과다,0,34.0,12.0,20.0,0.0,0.0,2.0,40.0,False,False,중립장,11.0,8020.0,8610.0,naver_realtime,naver_realtime_calculated,-6.85,-10.89,1.0,3.53,2.62,True,3276530900.0,9.5,False,7.52,거래량 폭발,"거래량/거래대금 폭발(3.5x/2.6x), 건전한 갭 상승, 1분봉 양호 · 장중 -5.42% · 최근 +0.12%","변동성 과다, 본장 전/초반 1시간 약세 · 초반 -4.36% · 방어 우선, 리스크 34 이상으로 신규 관심 제외, AI 섹터 약세",수급 수집 실패,unavailable,0.0,0.0,뉴스 중립,google_news,"관련 뉴스: 플리토, 1분기 매출 13% 성장…""피지컬 AI 데이터 승부수"" (2026-05-16)",none,"플리토, 1분기 매출 13% 성장…""피지컬 AI 데이터 승부수"" (2026-05-16) | 플리토, 1분기 매출 13% 성장…데이터·솔루션·공공 '삼박자' (2026-05-15)","naver_daily, naver_realtime, news:google_news, flow:unavailable, intraday_1m",0.0,6.0,AI 섹터 약세,2026-05-19 21:07:50 PDT,16,"관망 · 거래량 3.5배 · 관련 뉴스: 플리토, 1분기 매출 13% 성장…""피지컬 AI 데이터 승부수"" (2026-05-16)","조용한 자금 후보 · ok · 점수 25 · 10만원 이하(8,020원) / 뉴스 트리거 투자, 실적, 계약",놓칠 가능성 높음,급락 위험 · 거래량 3.5배 동반 하락,급변 감지 · 당일 -10.89%,"AI 흐름 · 평균 -9.15% · 거래량 1.4배 · 대표 플리토, 셀바스AI, 마음AI",방어장 · 평균 -5.68% · 하락비중 91% · 현금 비중 높게,수급 수집 실패,대표 테마 연결 대기,"기준 현재가 8,020 · 손절 참고 7,417 · 1차 익절 참고 8,774","최대 호재: 수주, 계약, 실적 개선, 정책 수혜 / 최대 악재: 실적 부진, 규제, 원가 상승, 수요 둔화",뉴스 영향 예상: 방향성 약함 · 가격/거래량 확인 우선,"관련 뉴스: 플리토, 1분기 매출 13% 성장…""피지컬 AI 데이터 승부수"" (2026-05-16) · 최대 호재: 수주, 계약, 실적 개선, 정책 수혜 / 최대 악재: 실적 부진, 규제, 원가 상승, 수요 둔화"
모아데이타,288980.KQ,ok,국장,해당 없음,0.0,0.0,0.0,,,0,해당 없음,0.0,0.0,,,,0.0,0.0,,,-8.0,본장 전/초반 1시간 약세 · 초반 -5.21% · 방어 우선,6.0,양호,1분봉 양호 · 장중 -4.59% · 최근 +1.44%,AI 관망,0,지금은 확실한 우위가 부족합니다.,AI/데이터,보류,🚫 제외,리스크 과다,0,8.0,6.0,0.0,0.0,0.0,2.0,49.0,False,False,중립장,11.0,915.0,968.0,naver_realtime,naver_realtime_calculated,-5.48,-8.41,0.0,0.41,0.3,False,304801140.0,16.7,False,16.84,일반 모멘텀,1분봉 양호 · 장중 -4.59% · 최근 +1.44%,"변동성 과다, 거래대금 부족, 본장 전/초반 1시간 약세 · 초반 -5.21% · 방어 우선, 매수 확인 부족: 거래량 0.41x / 거래대금 0.30x, 리스크 49 이상으로 신규 관심 제외",수급 수집 실패,unavailable,0.0,0.0,뉴스 중립,google_news,"관련 뉴스: 모아데이타, 제8회차 BW 신주인수권 행사가액 1759원에서 1751원으로 조정 (2026-05-18)",none,"모아데이타, 제8회차 BW 신주인수권 행사가액 1759원에서 1751원으로 조정 (2026-05-18) | 모아데이타, -2.61% VI 발동 (2026-05-15)","naver_daily, naver_realtime, news:google_news, flow:unavailable, intraday_1m",,,섹터 확인 부족,2026-05-19 21:07:50 PDT,0,"관망 · 관련 뉴스: 모아데이타, 제8회차 BW 신주인수권 행사가액 1759원에서 1751원으로 조정 (2026-05-18)","조용한 자금 후보 · ok · 점수 40 · 10만원 이하(915원) / 평소 조용함: 60일 평균거래대금 17.7억 / 뉴스 트리거 투자, 인수, 계약",놓침 위험 낮음,시장 방어장 · 신규 매수는 작게,급변 감지 · 당일 -8.41%,AI/데이터 흐름 · 평균 -8.41% · 거래량 0.4배 · 대표 모아데이타,방어장 · 평균 -5.68% · 하락비중 91% · 현금 비중 높게,수급 수집 실패,대표 테마 연결 대기,"기준 현재가 915 · 손절 참고 805 · 1차 익절 참고 1,052","최대 호재: 수주, 계약, 실적 개선, 정책 수혜 / 최대 악재: 실적 부진, 규제, 원가 상승, 수요 둔화",뉴스 영향 예상: 방향성 약함 · 가격/거래량 확인 우선,"관련 뉴스: 모아데이타, 제8회차 BW 신주인수권 행사가액 1759원에서 1751원으로 조정 (2026-05-18) · 최대 호재: 수주, 계약, 실적 개선, 정책 수혜 / 최대 악재: 실적 부진, 규제, 원가 상승, 수요 둔화"
휴림로봇,090710.KQ,ok,국장,해당 없음,0.0,0.0,0.0,,,0,해당 없음,0.0,0.0,,,,0.0,0.0,,,-8.0,본장 전/초반 1시간 약세 · 초반 -6.07% · 방어 우선,0.0,중립,1분봉 중립 · 장중 -7.89% · 최근 +0.00%,AI 관망,0,지금은 확실한 우위가 부족합니다.,로봇,보류,🚫 제외,리스크 과다,0,2.0,0.0,0.0,0.0,0.0,2.0,47.0,False,False,중립장,11.0,10710.0,11500.0,naver_realtime,naver_realtime_calculated,-6.87,-14.46,-1.76,0.4,0.34,False,64873993590.0,35.7,False,11.48,일반 모멘텀,-,"변동성 과다, 뉴스 호재 강도 약함, 뉴스 리스크: 약한 호재: 확대 / 악재: 급락, 본장 전/초반 1시간 약세 · 초반 -6.07% · 방어 우선, 매수 확인 부족: 거래량 0.40x / 거래대금 0.34x, 리스크 41 이상으로 신규 관심 제외, 로봇 섹터 약세",수급 수집 실패,unavailable,0.0,0.0,약한 호재: 확대 / 악재: 급락,google_news,악재 뉴스: 휴림로봇 급락세 왜?…두산로보틱스까지 흔들린 로봇 테마 (2026-05-20),weak,"휴림로봇 급락세 왜?…두산로보틱스까지 흔들린 로봇 테마 (2026-05-20) | 휴림로봇, 장중 1만1950원까지 밀렸다…로봇주 변동성 확대 속 4%대 약세 (2026-05-19)","naver_daily, naver_realtime, news:google_news, flow:unavailable, intraday_1m",0.0,6.0,로봇 섹터 약세,2026-05-19 21:07:50 PDT,0,관망 · 악재 뉴스: 휴림로봇 급락세 왜?…두산로보틱스까지 흔들린 로봇 테마 (2026-05-20),"조용한 자금 후보 · ok · 점수 0 · 10만원 이하(10,640원) / 뉴스 트리거 투자, 계약, 실적",놓침 위험 낮음,시장 방어장 · 신규 매수는 작게,급변 감지 · 당일 -14.46%,"로봇 흐름 · 평균 -15.66% · 거래량 1.2배 · 대표 두산로보틱스, 에브리봇, 유일로보틱스",방어장 · 평균 -5.68% · 하락비중 91% · 현금 비중 높게,수급 수집 실패,로봇 → 감속기 → 자동화 장비 → 센서,"기준 현재가 10,710 · 손절 참고 9,480 · 1차 익절 참고 12,247","최대 호재: 대기업 투자, 로봇 공급계약, 자동화 수요, 감속기 수주 / 최대 악재: 실적 부진, 수주 지연, 경쟁 심화, 적자 확대","악재 영향 예상: -7.9~-14.3% (9,174원 부근까지 경계) · 회복 기준 11,263원 돌파","악재 뉴스: 휴림로봇 급락세 왜?…두산로보틱스까지 흔들린 로봇 테마 (2026-05-20) · 최대 호재: 대기업 투자, 로봇 공급계약, 자동화 수요, 감속기 수주 / 최대 악재: 실적 부진, 수주 지연, 경쟁 심화, 적자 확대"
에이프릴바이오,397030.KQ,ok,국장,해당 없음,0.0,0.0,0.0,,,0,해당 없음,0.0,0.0,,,,0.0,0.0,,,-8.0,본장 전/초반 1시간 약세 · 초반 -2.24% · 방어 우선,0.0,중립,1분봉 중립 · 장중 -3.36% · 최근 -0.19%,AI 관망,0,지금은 확실한 우위가 부족합니다.,바이오,보류,🚫 제외,리스크 과다,0,2.0,0.0,0.0,0.0,0.0,2.0,40.0,False,False,중립장,11.0,52000.0,55200.0,naver_realtime,naver_realtime_calculated,-5.8,-3.17,-0.93,0.88,0.72,False,13718692000.0,41.3,False,12.87,일반 모멘텀,-,"변동성 과다, 본장 전/초반 1시간 약세 · 초반 -2.24% · 방어 우선, 매수 확인 부족: 거래량 0.88x / 거래대금 0.72x, 리스크 34 이상으로 신규 관심 제외, 바이오 섹터 약세",수급 수집 실패,unavailable,0.0,0.0,뉴스 중립,google_news,"관련 뉴스: 종목 진단 - 에이프릴바이오, 상방수렴이냐 불규칙 조정이냐 갈라질 지점 (`26.05.18) (2026-05-18)",none,"종목 진단 - 에이프릴바이오, 상방수렴이냐 불규칙 조정이냐 갈라질 지점 (`26.05.18) (2026-05-18) | 퓨쳐켐, -4.48% VI 발동 (2026-05-18)","naver_daily, naver_realtime, news:google_news, flow:unavailable, intraday_1m",0.0,6.0,바이오 섹터 약세,2026-05-19 21:07:50 PDT,0,"관망 · 관련 뉴스: 종목 진단 - 에이프릴바이오, 상방수렴이냐 불규칙 조정이냐 갈라질 지점 (`26.05.18) (2026-05-18 · 놓친 상승 복기: 이전 놓친 상승 패턴 1회",선행 신호 대기,놓침 위험 낮음,시장 방어장 · 신규 매수는 작게,급변 신호 없음,"바이오 흐름 · 평균 -4.44% · 거래량 1.3배 · 대표 바이오니아, 알테오젠, SK바이오사이언스",방어장 · 평균 -5.68% · 하락비중 91% · 현금 비중 높게,수급 수집 실패,의료/제약 → 임상/승인 → 장비/소모품,"기준 현재가 52,000 · 손절 참고 45,760 · 1차 익절 참고 59,800","최대 호재: 수주, 계약, 실적 개선, 정책 수혜 / 최대 악재: 실적 부진, 규제, 원가 상승, 수요 둔화",뉴스 영향 예상: 방향성 약함 · 가격/거래량 확인 우선,"관련 뉴스: 종목 진단 - 에이프릴바이오, 상방수렴이냐 불규칙 조정이냐 갈라질 지점 (`26.05.18) (2026-05-18) · 최대 호재: 수주, 계약, 실적 개선, 정책 수혜 / 최대 악재: 실적 부진, 규제, 원가 상승, 수요 둔화"
샤페론,378800.KQ,ok,국장,해당 없음,0.0,0.0,0.0,,,0,해당 없음,0.0,0.0,,,,0.0,0.0,,,-8.0,본장 전/초반 1시간 약세 · 초반 -2.87% · 방어 우선,6.0,양호,1분봉 양호 · 장중 -3.95% · 최근 +0.68%,AI 관망,0,지금은 확실한 우위가 부족합니다.,바이오,보류,🚫 제외,리스크 과다,0,14.0,12.0,0.0,0.0,0.0,2.0,55.0,False,False,중립장,11.0,1337.0,1399.0,naver_realtime,naver_realtime_calculated,-4.43,-5.45,0.5,0.28,0.21,False,444309166.0,7.2,False,7.73,일반 모멘텀,"건전한 갭 상승, 1분봉 양호 · 장중 -3.95% · 최근 +0.68%","변동성 과다, 거래대금 부족, 뉴스 호재 강도 약함, 본장 전/초반 1시간 약세 · 초반 -2.87% · 방어 우선, 매수 확인 부족: 거래량 0.28x / 거래대금 0.21x, 리스크 49 이상으로 신규 관심 제외, 바이오 섹터 약세",수급 수집 실패,unavailable,0.0,0.0,약한 호재: 특허,google_news,"호재 뉴스: 샤페론, 나노맙 기반 차세대 면역항암제 '파필릭시맙' 일본 특허 (2026-05-18)",weak,"샤페론, 나노맙 기반 차세대 면역항암제 '파필릭시맙' 일본 특허 (2026-05-18)","naver_daily, naver_realtime, news:google_news, flow:unavailable, intraday_1m",0.0,6.0,바이오 섹터 약세,2026-05-19 21:07:50 PDT,3,"관망 · 호재 뉴스: 샤페론, 나노맙 기반 차세대 면역항암제 '파필릭시맙' 일본 특허 (2026-05-18) · 놓친 상승 복기: 이전 놓친 상승 패턴 1회",선행 신호 대기,놓침 위험 낮음,시장 방어장 · 신규 매수는 작게,급변 신호 없음,"바이오 흐름 · 평균 -4.44% · 거래량 1.3배 · 대표 바이오니아, 알테오젠, SK바이오사이언스",방어장 · 평균 -5.68% · 하락비중 91% · 현금 비중 높게,수급 수집 실패,의료/제약 → 임상/승인 → 장비/소모품,"기준 현재가 1,337 · 손절 참고 1,234 · 1차 익절 참고 1,466","최대 호재: 수주, 계약, 실적 개선, 정책 수혜 / 최대 악재: 실적 부진, 규제, 원가 상승, 수요 둔화","호재 영향 예상: +3.2~+5.8% (1,415원 부근까지 시도) · 이탈 기준 1,290원","호재 뉴스: 샤페론, 나노맙 기반 차세대 면역항암제 '파필릭시맙' 일본 특허 (2026-05-18) · 최대 호재: 수주, 계약, 실적 개선, 정책 수혜 / 최대 악재: 실적 부진, 규제, 원가 상승, 수요 둔화"
메드팩토,235980.KQ,ok,국장,해당 없음,0.0,0.0,0.0,,,0,해당 없음,0.0,0.0,,,,0.0,0.0,,,-8.0,본장 전/초반 1시간 약세 · 초반 -1.46% · 방어 우선,0.0,중립,1분봉 중립 · 장중 -2.68% · 최근 -0.25%,AI 관망,0,지금은 확실한 우위가 부족합니다.,바이오,보류,🚫 제외,리스크 과다,0,2.0,0.0,0.0,0.0,0.0,2.0,65.0,False,False,중립장,11.0,4000.0,4125.0,naver_realtime,naver_realtime_calculated,-3.03,-4.99,-4.63,0.62,0.5,False,499536000.0,12.8,False,7.01,일반 모멘텀,-,"갭 하락 경계, 변동성 과다, 거래대금 부족, 본장 전/초반 1시간 약세 · 초반 -1.46% · 방어 우선, 매수 확인 부족: 거래량 0.62x / 거래대금 0.50x, 리스크 59 이상으로 신규 관심 제외, 바이오 섹터 약세",수급 수집 실패,unavailable,0.0,0.0,뉴스 중립,google_news,"관련 뉴스: 메드팩토, 신임 대표이사에 우정원 사장 선임 (2026-05-15)",none,"메드팩토, 신임 대표이사에 우정원 사장 선임 (2026-05-15) | 메드팩토, 신임 대표이사에 우정원 사장 선임 - v.daum.net (2026-05-15)","naver_daily, naver_realtime, news:google_news, flow:unavailable, intraday_1m",0.0,6.0,바이오 섹터 약세,2026-05-19 21:07:50 PDT,0,"관망 · 관련 뉴스: 메드팩토, 신임 대표이사에 우정원 사장 선임 (2026-05-15) · 놓친 상승 복기: 이전 놓친 상승 패턴 1회",선행 신호 대기,놓침 위험 낮음,시장 방어장 · 신규 매수는 작게,급변 신호 없음,"바이오 흐름 · 평균 -4.44% · 거래량 1.3배 · 대표 바이오니아, 알테오젠, SK바이오사이언스",방어장 · 평균 -5.68% · 하락비중 91% · 현금 비중 높게,수급 수집 실패,의료/제약 → 임상/승인 → 장비/소모품,"기준 현재가 4,000 · 손절 참고 3,720 · 1차 익절 참고 4,350","최대 호재: 수주, 계약, 실적 개선, 정책 수혜 / 최대 악재: 실적 부진, 규제, 원가 상승, 수요 둔화",뉴스 영향 예상: 방향성 약함 · 가격/거래량 확인 우선,"관련 뉴스: 메드팩토, 신임 대표이사에 우정원 사장 선임 (2026-05-15) · 최대 호재: 수주, 계약, 실적 개선, 정책 수혜 / 최대 악재: 실적 부진, 규제, 원가 상승, 수요 둔화"
차바이오텍,085660.KQ,ok,국장,해당 없음,0.0,0.0,0.0,,,0,해당 없음,0.0,0.0,,,,0.0,0.0,,,-8.0,본장 전/초반 1시간 약세 · 초반 -3.01% · 방어 우선,6.0,양호,1분봉 양호 · 장중 -4.09% · 최근 +0.07%,AI 관망,0,지금은 확실한 우위가 부족합니다.,바이오,보류,🚫 제외,리스크 과다,0,26.0,12.0,12.0,0.0,0.0,2.0,52.0,False,False,중립장,11.0,13410.0,13930.0,naver_realtime,naver_realtime_calculated,-3.73,-6.29,0.63,1.52,1.27,True,8602944120.0,14.9,False,6.0,일반 모멘텀,"거래량 증가(1.5x), 건전한 갭 상승, 1분봉 양호 · 장중 -4.09% · 최근 +0.07%","변동성 과다, 뉴스 리스크: 악재: 적자, 하락, 본장 전/초반 1시간 약세 · 초반 -3.01% · 방어 우선, 리스크 46 이상으로 신규 관심 제외, 바이오 섹터 약세",수급 수집 실패,unavailable,0.0,0.0,"악재: 적자, 하락",google_news,"악재 뉴스: [바이오 e종목] 적자, 주가 하락, 중복 상장까지…고민 깊어지는 차바이오텍 (2026-05-20)",none,"[바이오 e종목] 적자, 주가 하락, 중복 상장까지…고민 깊어지는 차바이오텍 (2026-05-20) | ""가슴 설레는 시간""…삼진, 아리바이오 기술수출에 웃는 이유 (2026-05-20)","naver_daily, naver_realtime, news:google_news, flow:unavailable, intraday_1m",0.0,6.0,바이오 섹터 약세,2026-05-19 21:07:50 PDT,0,"관망 · 거래량 1.5배 · 악재 뉴스: [바이오 e종목] 적자, 주가 하락, 중복 상장까지…고민 깊어지는 차바이오텍 (2026-05-20) · 놓친 상승 복기: 이전 놓친 상승 패턴 1회",선행 신호 대기,놓침 위험 낮음,중대 리스크 · 악재 뉴스 우선 확인,급변 감지 · 당일 -6.29%,"바이오 흐름 · 평균 -4.44% · 거래량 1.3배 · 대표 바이오니아, 알테오젠, SK바이오사이언스",방어장 · 평균 -5.68% · 하락비중 91% · 현금 비중 높게,수급 수집 실패,의료/제약 → 임상/승인 → 장비/소모품,"기준 현재가 13,410 · 손절 참고 12,605 · 1차 익절 참고 14,416","최대 호재: 수주, 계약, 실적 개선, 정책 수혜 / 최대 악재: 실적 부진, 규제, 원가 상승, 수요 둔화","악재 영향 예상: -4.5~-8.2% (12,313원 부근까지 경계) · 회복 기준 13,772원 돌파","악재 뉴스: [바이오 e종목] 적자, 주가 하락, 중복 상장까지…고민 깊어지는 차바이오텍 (2026-05-20) · 최대 호재: 수주, 계약, 실적 개선, 정책 수혜 / 최대 악재: 실적 부진, 규제, 원가 상승, 수요 둔화"
헬릭스미스,084990.KQ,ok,국장,해당 없음,0.0,0.0,0.0,,,0,해당 없음,0.0,0.0,,,,0.0,0.0,,,-8.0,본장 전/초반 1시간 약세 · 초반 -1.96% · 방어 우선,-8.0,위험,1분봉 약함 · 장중 -3.64% · 최근 -1.15% · 거래 1.1배,AI 관망,0,지금은 확실한 우위가 부족합니다.,바이오,보류,🚫 제외,리스크 과다,0,2.0,0.0,0.0,0.0,0.0,2.0,48.0,False,False,중립장,11.0,6910.0,7240.0,naver_realtime,naver_realtime_calculated,-4.56,-6.75,0.0,0.63,0.53,False,1818884750.0,21.0,False,8.83,일반 모멘텀,-,"변동성 과다, 1분봉 약함 · 장중 -3.64% · 최근 -1.15% · 거래 1.1배, 본장 전/초반 1시간 약세 · 초반 -1.96% · 방어 우선, 매수 확인 부족: 거래량 0.63x / 거래대금 0.53x, 리스크 42 이상으로 신규 관심 제외, 바이오 섹터 약세",수급 수집 실패,unavailable,0.0,0.0,뉴스 중립,google_news,"관련 뉴스: 헬릭스미스 '엔젠시스', 中 허가 절차 본궤도…로열티 수익 기대 (2026-05-17)",none,"헬릭스미스 '엔젠시스', 中 허가 절차 본궤도…로열티 수익 기대 (2026-05-17) | 헬릭스미스, 소액주주연대 공동보유자 자본시장법상 대량보유 위반 적용 - catchnews.kr (2026-05-15)","naver_daily, naver_realtime, news:google_news, flow:unavailable, intraday_1m",0.0,6.0,바이오 섹터 약세,2026-05-19 21:07:50 PDT,0,"관망 · 관련 뉴스: 헬릭스미스 '엔젠시스', 中 허가 절차 본궤도…로열티 수익 기대 (2026-05-17) · 놓친 상승 복기: 이전 놓친 상승 패턴 1회",선행 신호 대기,놓침 위험 낮음,시장 방어장 · 신규 매수는 작게,급변 감지 · 당일 -6.75%,"바이오 흐름 · 평균 -4.44% · 거래량 1.3배 · 대표 바이오니아, 알테오젠, SK바이오사이언스",방어장 · 평균 -5.68% · 하락비중 91% · 현금 비중 높게,수급 수집 실패,의료/제약 → 임상/승인 → 장비/소모품,"기준 현재가 6,910 · 손절 참고 6,300 · 1차 익절 참고 7,673","최대 호재: 수주, 계약, 실적 개선, 정책 수혜 / 최대 악재: 실적 부진, 규제, 원가 상승, 수요 둔화",뉴스 영향 예상: 방향성 약함 · 가격/거래량 확인 우선,"관련 뉴스: 헬릭스미스 '엔젠시스', 中 허가 절차 본궤도…로열티 수익 기대 (2026-05-17) · 최대 호재: 수주, 계약, 실적 개선, 정책 수혜 / 최대 악재: 실적 부진, 규제, 원가 상승, 수요 둔화"
지노믹트리,228760.KQ,ok,국장,해당 없음,0.0,0.0,0.0,,,0,해당 없음,0.0,0.0,,,,0.0,0.0,,,-8.0,본장 전/초반 1시간 약세 · 초반 -3.35% · 방어 우선,6.0,양호,1분봉 양호 · 장중 -4.28% · 최근 +0.15%,AI 관망,2,지금은 확실한 우위가 부족합니다.,바이오,보류,🚫 제외,리스크 과다,0,15.0,6.0,0.0,0.0,7.0,2.0,52.0,False,False,중립장,11.0,13500.0,14120.0,naver_realtime,naver_realtime_calculated,-4.39,-3.64,0.0,1.19,1.0,True,1824525000.0,5.0,False,6.34,일반 모멘텀,"뉴스 키워드: 강한 호재: 계약 / 악재: 처분, 1분봉 양호 · 장중 -4.28% · 최근 +0.15%","변동성 과다, 뉴스 리스크: 강한 호재: 계약 / 악재: 처분, 본장 전/초반 1시간 약세 · 초반 -3.35% · 방어 우선, 리스크 46 이상으로 신규 관심 제외, 바이오 섹터 약세",수급 수집 실패,unavailable,0.0,0.0,강한 호재: 계약 / 악재: 처분,google_news,악재 뉴스: 5월 19일 주식시장 주요공시 - catchnews.kr (2026-05-20),strong,"5월 19일 주식시장 주요공시 - catchnews.kr (2026-05-20) | 지노믹트리, 임직원 동기부여 위해 2억 5861만원 규모 자기주식 처분 (2026-05-19)","naver_daily, naver_realtime, news:google_news, flow:unavailable, intraday_1m",0.0,6.0,바이오 섹터 약세,2026-05-19 21:07:50 PDT,11,관망 · 악재 뉴스: 5월 19일 주식시장 주요공시 - catchnews.kr (2026-05-20) · 놓친 상승 복기: 이전 놓친 상승 패턴 1회,선행 신호 대기,놓침 위험 낮음,시장 방어장 · 신규 매수는 작게,급변 신호 없음,"바이오 흐름 · 평균 -4.44% · 거래량 1.3배 · 대표 바이오니아, 알테오젠, SK바이오사이언스",방어장 · 평균 -5.68% · 하락비중 91% · 현금 비중 높게,수급 수집 실패,의료/제약 → 임상/승인 → 장비/소모품,"기준 현재가 13,500 · 손절 참고 12,644 · 1차 익절 참고 14,570",섹터 최대 호재: 계약,"악재 영향 예상: -5.4~-9.7% (12,185원 부근까지 경계) · 회복 기준 13,885원 돌파",악재 뉴스: 5월 19일 주식시장 주요공시 - catchnews.kr (2026-05-20) · 섹터 최대 호재: 계약
HK이노엔,195940.KQ,ok,국장,해당 없음,0.0,0.0,0.0,,,0,해당 없음,0.0,0.0,,,,0.0,0.0,,,-8.0,본장 전/초반 1시간 약세 · 초반 -2.74% · 방어 우선,0.0,중립,1분봉 중립 · 장중 -5.91% · 최근 -0.12%,AI 관망,0,지금은 확실한 우위가 부족합니다.,의료/제약,보류,🚫 제외,리스크 과다,0,8.0,6.0,0.0,0.0,0.0,2.0,25.0,False,False,중립장,11.0,43100.0,45650.0,naver_realtime,naver_realtime_calculated,-5.59,-7.71,0.54,0.99,0.84,True,7656240900.0,17.6,False,5.68,일반 모멘텀,건전한 갭 상승,"본장 전/초반 1시간 약세 · 초반 -2.74% · 방어 우선, 의료/제약 섹터 약세",수급 수집 실패,unavailable,0.0,0.0,뉴스 중립,google_news,"관련 뉴스: HK이노엔, 숙취해소제 '컨디션' 20대 타깃 신규 마케팅 가동 (2026-05-20)",none,"HK이노엔, 숙취해소제 '컨디션' 20대 타깃 신규 마케팅 가동 (2026-05-20) | HK이노엔, 제약·바이오 직무 연계 '장애인 맞춤훈련' 2기 가동 (2026-05-19)","naver_daily, naver_realtime, news:google_news, flow:unavailable, intraday_1m",0.0,6.0,의료/제약 섹터 약세,2026-05-19 21:07:50 PDT,1,"관망 · 관련 뉴스: HK이노엔, 숙취해소제 '컨디션' 20대 타깃 신규 마케팅 가동 (2026-05-20)",선행 신호 대기,놓침 위험 낮음,시장 방어장 · 신규 매수는 작게,급변 감지 · 당일 -7.71%,"의료/제약 흐름 · 평균 -3.53% · 거래량 1.0배 · 대표 유한양행, 보령, 대웅제약",방어장 · 평균 -5.68% · 하락비중 91% · 현금 비중 높게,수급 수집 실패,의료/제약 → 임상/승인 → 장비/소모품,"기준 현재가 43,100 · 손절 참고 40,652 · 1차 익절 참고 46,160","최대 호재: FDA 승인, 임상 성공, 기술수출, 품목허가 / 최대 악재: 임상 실패, 허가 지연, 부작용, 소송",뉴스 영향 예상: 방향성 약함 · 가격/거래량 확인 우선,"관련 뉴스: HK이노엔, 숙취해소제 '컨디션' 20대 타깃 신규 마케팅 가동 (2026-05-20) · 최대 호재: FDA 승인, 임상 성공, 기술수출, 품목허가 / 최대 악재: 임상 실패, 허가 지연, 부작용, 소송"
바이넥스,053030.KQ,ok,국장,해당 없음,0.0,0.0,0.0,,,0,해당 없음,0.0,0.0,,,,0.0,0.0,,,0.0,본장 전/초반 1시간 중립 · 초반 +0.00%,0.0,중립,1분봉 중립 · 장중 -1.32% · 최근 -0.11%,AI 관망,0,지금은 확실한 우위가 부족합니다.,바이오,보류,🚫 제외,리스크 과다,0,8.0,6.0,0.0,0.0,0.0,2.0,33.0,False,False,중립장,11.0,9000.0,9300.0,naver_realtime,naver_realtime_calculated,-3.23,-4.96,1.16,1.13,0.96,True,1780380000.0,9.4,False,4.9,일반 모멘텀,건전한 갭 상승,"뉴스 리스크: 악재: 감소, 지분율, 주식등의 수, 리스크 27 이상으로 신규 관심 제외, 바이오 섹터 약세",수급 수집 실패,unavailable,0.0,0.0,"악재: 감소, 지분율, 주식등의 수",google_news,악재 뉴스: 코스닥 제약업종 톱50 외국인 주식 보유액 8.4조원 규모 (2026-05-19),none,"코스닥 제약업종 톱50 외국인 주식 보유액 8.4조원 규모 (2026-05-19) | [모닝리포트] 2026년 5월 18일: 삼성전자, SK하이닉스, 한미반도체, 이수페타시스, LS, 바이넥스, 농심, 미스토홀딩스, SK, 한솔케미칼 (2026-05-18)","naver_daily, naver_realtime, news:google_news, flow:unavailable, intraday_1m",0.0,6.0,바이오 섹터 약세,2026-05-19 21:07:50 PDT,0,관망 · 악재 뉴스: 코스닥 제약업종 톱50 외국인 주식 보유액 8.4조원 규모 (2026-05-19) · 놓친 상승 복기: 이전 놓친 상승 패턴 1회,선행 신호 대기,놓침 위험 낮음,시장 방어장 · 신규 매수는 작게,급변 신호 없음,"바이오 흐름 · 평균 -4.44% · 거래량 1.3배 · 대표 바이오니아, 알테오젠, SK바이오사이언스",방어장 · 평균 -5.68% · 하락비중 91% · 현금 비중 높게,수급 수집 실패,의료/제약 → 임상/승인 → 장비/소모품,"기준 현재가 9,000 · 손절 참고 8,559 · 1차 익절 참고 9,551","최대 호재: 수주, 계약, 실적 개선, 정책 수혜 / 최대 악재: 실적 부진, 규제, 원가 상승, 수요 둔화","악재 영향 예상: -3.7~-6.7% (8,399원 부근까지 경계) · 회복 기준 9,198원 돌파","악재 뉴스: 코스닥 제약업종 톱50 외국인 주식 보유액 8.4조원 규모 (2026-05-19) · 최대 호재: 수주, 계약, 실적 개선, 정책 수혜 / 최대 악재: 실적 부진, 규제, 원가 상승, 수요 둔화"
보령,003850.KS,ok,국장,해당 없음,0.0,0.0,0.0,,,0,해당 없음,0.0,0.0,,,,0.0,0.0,,,-8.0,본장 전/초반 1시간 약세 · 초반 -1.16% · 방어 우선,0.0,중립,1분봉 중립 · 장중 -2.54% · 최근 +0.00%,AI 관망,4,지금은 확실한 우위가 부족합니다.,의료/제약,보류,🚫 제외,리스크 과다,0,2.0,0.0,0.0,0.0,0.0,2.0,25.0,False,False,중립장,11.0,9290.0,9590.0,naver_realtime,naver_realtime_calculated,-3.13,-1.8,-1.06,0.99,0.94,True,1560450590.0,40.8,False,3.64,일반 모멘텀,-,"뉴스 호재 강도 약함, 본장 전/초반 1시간 약세 · 초반 -1.16% · 방어 우선, 의료/제약 섹터 약세",수급 수집 실패,unavailable,0.0,0.0,약한 호재: 상승,google_news,호재 뉴스: AI주식상승확률분석 : 보령(003850) 주가 전망과 상승확률 분석 - Investing.com 한국어 (2026-05-20),weak,AI주식상승확률분석 : 보령(003850) 주가 전망과 상승확률 분석 - Investing.com 한국어 (2026-05-20) | AI가 분석해주는 보령(003850) 상승확률은? (2026-05-20),"naver_daily, naver_realtime, news:google_news, flow:unavailable, intraday_1m",0.0,6.0,의료/제약 섹터 약세,2026-05-19 21:07:50 PDT,16,관망 · 호재 뉴스: AI주식상승확률분석 : 보령(003850) 주가 전망과 상승확률 분석 - Investing.com 한국어 (202,선행 신호 대기,놓침 위험 낮음,시장 방어장 · 신규 매수는 작게,급변 신호 없음,"의료/제약 흐름 · 평균 -3.53% · 거래량 1.0배 · 대표 유한양행, 보령, 대웅제약",방어장 · 평균 -5.68% · 하락비중 91% · 현금 비중 높게,수급 수집 실패,의료/제약 → 임상/승인 → 장비/소모품,"기준 현재가 9,290 · 손절 참고 8,952 · 1차 익절 참고 9,713","최대 호재: FDA 승인, 임상 성공, 기술수출, 품목허가 / 최대 악재: 임상 실패, 허가 지연, 부작용, 소송","호재 영향 예상: +2.0~+3.2% (9,587원 부근까지 시도) · 이탈 기준 9,104원","호재 뉴스: AI주식상승확률분석 : 보령(003850) 주가 전망과 상승확률 분석 - Investing.com 한국어 (2026-05-20) · 최대 호재: FDA 승인, 임상 성공, 기술수출, 품목허가 / 최대 악재: 임상 실패, 허가 지연, 부작용, 소송"
동국제약,086450.KQ,ok,국장,해당 없음,0.0,0.0,0.0,,,0,해당 없음,0.0,0.0,,,,0.0,0.0,,,0.0,본장 전/초반 1시간 중립 · 초반 -0.71%,0.0,중립,1분봉 중립 · 장중 -2.86% · 최근 -0.24%,AI 관망,0,지금은 확실한 우위가 부족합니다.,의료/제약,보류,대기,매매 근거 부족,0,8.0,6.0,0.0,0.0,0.0,2.0,17.0,False,False,중립장,11.0,20500.0,21400.0,naver_realtime,naver_realtime_calculated,-4.21,-4.21,0.93,0.85,0.73,False,7375941000.0,16.9,False,5.68,일반 모멘텀,건전한 갭 상승,"매수 확인 부족: 거래량 0.85x / 거래대금 0.73x, 의료/제약 섹터 약세",수급 수집 실패,unavailable,0.0,0.0,뉴스 중립,google_news,관련 뉴스: 코스닥 제약업종 톱50 외국인 주식 보유액 8.4조원 규모 (2026-05-19),none,"코스닥 제약업종 톱50 외국인 주식 보유액 8.4조원 규모 (2026-05-19) | [제약 레이더] 동국제약, '금연의 날' 맞이 대국민 금연캠페인 진행 (2026-05-18)","naver_daily, naver_realtime, news:google_news, flow:unavailable, intraday_1m",0.0,6.0,의료/제약 섹터 약세,2026-05-19 21:07:50 PDT,2,관망 · 관련 뉴스: 코스닥 제약업종 톱50 외국인 주식 보유액 8.4조원 규모 (2026-05-19),선행 신호 대기,놓침 위험 낮음,시장 방어장 · 신규 매수는 작게,급변 신호 없음,"의료/제약 흐름 · 평균 -3.53% · 거래량 1.0배 · 대표 유한양행, 보령, 대웅제약",방어장 · 평균 -5.68% · 하락비중 91% · 현금 비중 높게,수급 수집 실패,의료/제약 → 임상/승인 → 장비/소모품,"기준 현재가 20,500 · 손절 참고 19,336 · 1차 익절 참고 21,956","최대 호재: FDA 승인, 임상 성공, 기술수출, 품목허가 / 최대 악재: 임상 실패, 허가 지연, 부작용, 소송",뉴스 영향 예상: 방향성 약함 · 가격/거래량 확인 우선,"관련 뉴스: 코스닥 제약업종 톱50 외국인 주식 보유액 8.4조원 규모 (2026-05-19) · 최대 호재: FDA 승인, 임상 성공, 기술수출, 품목허가 / 최대 악재: 임상 실패, 허가 지연, 부작용, 소송"
녹십자,006280.KS,ok,국장,해당 없음,0.0,0.0,0.0,,,0,해당 없음,0.0,0.0,,,,0.0,0.0,,,-8.0,본장 전/초반 1시간 약세 · 초반 -1.15% · 방어 우선,0.0,중립,1분봉 중립 · 장중 -2.68% · 최근 -0.24%,AI 관망,0,지금은 확실한 우위가 부족합니다.,제약,보류,🚫 제외,리스크 과다,0,10.0,0.0,0.0,0.0,8.0,2.0,31.0,False,False,중립장,11.0,127600.0,130700.0,naver_realtime,naver_realtime_calculated,-2.37,-4.99,-0.89,0.92,0.85,True,7553154400.0,35.5,False,5.58,일반 모멘텀,"뉴스 키워드: 보통 호재: 승인, 투자 / 악재: 감소","뉴스 리스크: 보통 호재: 승인, 투자 / 악재: 감소, 본장 전/초반 1시간 약세 · 초반 -1.15% · 방어 우선, 리스크 25 이상으로 신규 관심 제외, 제약 섹터 약세",수급 수집 실패,unavailable,0.0,0.0,"보통 호재: 승인, 투자 / 악재: 감소",google_news,"악재 뉴스: [주식] 휴온스, 휴온스랩 흡수합병...주가 18% '급등' (2026-05-19)",medium,"[주식] 휴온스, 휴온스랩 흡수합병...주가 18% '급등' (2026-05-19) | 오후 이슈 [진단키트] : 진원생명과학, 휴온스, 녹십자엠에스, 바이오니아, 제이에스링크 (2026-05-19)","naver_daily, naver_realtime, news:google_news, flow:unavailable, intraday_1m",0.0,6.0,제약 섹터 약세,2026-05-19 21:07:50 PDT,0,"관망 · 악재 뉴스: [주식] 휴온스, 휴온스랩 흡수합병...주가 18% '급등' (2026-05-19)",선행 신호 대기,놓침 위험 낮음,시장 방어장 · 신규 매수는 작게,급변 신호 없음,"제약 흐름 · 평균 -3.95% · 거래량 1.0배 · 대표 대웅, 녹십자",방어장 · 평균 -5.68% · 하락비중 91% · 현금 비중 높게,수급 수집 실패,의료/제약 → 임상/승인 → 장비/소모품,"기준 현재가 127,600 · 손절 참고 120,480 · 1차 익절 참고 136,500","최대 호재: FDA 승인, 임상 성공, 기술수출, 신약 허가 / 최대 악재: 임상 실패, 허가 반려, 부작용, 특허 소송","악재 영향 예상: -4.0~-7.3% (118,273원 부근까지 경계) · 회복 기준 130,804원 돌파","악재 뉴스: [주식] 휴온스, 휴온스랩 흡수합병...주가 18% '급등' (2026-05-19) · 최대 호재: FDA 승인, 임상 성공, 기술수출, 신약 허가 / 최대 악재: 임상 실패, 허가 반려, 부작용, 특허 소송"
대웅,003090.KS,ok,국장,해당 없음,0.0,0.0,0.0,,,0,해당 없음,0.0,0.0,,,,0.0,0.0,,,-8.0,본장 전/초반 1시간 약세 · 초반 -1.97% · 방어 우선,6.0,양호,1분봉 양호 · 장중 -3.19% · 최근 +0.31%,AI 관망,0,지금은 확실한 우위가 부족합니다.,제약,보류,🚫 제외,리스크 과다,0,14.0,12.0,0.0,0.0,0.0,2.0,29.0,False,False,중립장,11.0,19760.0,20250.0,naver_realtime,naver_realtime_calculated,-2.42,-2.9,0.49,1.14,1.02,True,1538730960.0,21.4,False,3.85,일반 모멘텀,"건전한 갭 상승, 1분봉 양호 · 장중 -3.19% · 최근 +0.31%","뉴스 리스크: 악재: 하락, 본장 전/초반 1시간 약세 · 초반 -1.97% · 방어 우선, 제약 섹터 약세",수급 수집 실패,unavailable,0.0,0.0,악재: 하락,google_news,"악재 뉴스: 대웅제약, '이지에프 엑스 다운타임 앰플' 3종 출시 (2026-05-19)",none,"대웅제약, '이지에프 엑스 다운타임 앰플' 3종 출시 (2026-05-19) | 대웅제약, 유통 채널 재편·약가 인하 ‘이중고’…연간 마진 하락 현실화? (2026-05-18)","naver_daily, naver_realtime, news:google_news, flow:unavailable, intraday_1m",0.0,6.0,제약 섹터 약세,2026-05-19 21:07:50 PDT,0,"관망 · 악재 뉴스: 대웅제약, '이지에프 엑스 다운타임 앰플' 3종 출시 (2026-05-19)",선행 신호 대기,놓침 위험 낮음,시장 방어장 · 신규 매수는 작게,급변 신호 없음,"제약 흐름 · 평균 -3.95% · 거래량 1.0배 · 대표 대웅, 녹십자",방어장 · 평균 -5.68% · 하락비중 91% · 현금 비중 높게,수급 수집 실패,의료/제약 → 임상/승인 → 장비/소모품,"기준 현재가 19,760 · 손절 참고 18,999 · 1차 익절 참고 20,711",섹터 최대 악재: 약가 인하,"악재 영향 예상: -3.0~-5.1% (18,745원 부근까지 경계) · 회복 기준 20,155원 돌파","악재 뉴스: 대웅제약, '이지에프 엑스 다운타임 앰플' 3종 출시 (2026-05-19) · 섹터 최대 악재: 약가 인하"
칩스앤미디어,094360.KQ,ok,국장,해당 없음,0.0,0.0,0.0,,,0,해당 없음,0.0,0.0,,,,0.0,0.0,,,-8.0,본장 전/초반 1시간 약세 · 초반 -2.93% · 방어 우선,6.0,양호,1분봉 양호 · 장중 -2.56% · 최근 +0.13%,AI 관망,0,지금은 확실한 우위가 부족합니다.,반도체설계,보류,🚫 제외,리스크 과다,0,8.0,6.0,0.0,0.0,0.0,2.0,40.0,False,False,중립장,11.0,15760.0,16010.0,naver_realtime,naver_realtime_calculated,-1.56,-5.63,0.0,0.48,0.41,False,1509808000.0,25.1,False,6.82,일반 모멘텀,1분봉 양호 · 장중 -2.56% · 최근 +0.13%,"변동성 과다, 본장 전/초반 1시간 약세 · 초반 -2.93% · 방어 우선, 매수 확인 부족: 거래량 0.48x / 거래대금 0.41x, 리스크 34 이상으로 신규 관심 제외, 반도체설계 섹터 약세",수급 수집 실패,unavailable,0.0,0.0,뉴스 중립,google_news,관련 뉴스: 밸류 눈높이 낮췄지만…신뢰도 떨어진다 - 더스탁(The Stock) (2026-05-20),none,"밸류 눈높이 낮췄지만…신뢰도 떨어진다 - 더스탁(The Stock) (2026-05-20) | 파두, +9.71% VI 발동 (2026-05-19)","naver_daily, naver_realtime, news:google_news, flow:unavailable, intraday_1m",0.0,6.0,반도체설계 섹터 약세,2026-05-19 21:07:50 PDT,0,관망 · 관련 뉴스: 밸류 눈높이 낮췄지만…신뢰도 떨어진다 - 더스탁(The Stock) (2026-05-20),선행 신호 대기,놓침 위험 낮음,시장 방어장 · 신규 매수는 작게,급변 신호 없음,"반도체설계 흐름 · 평균 -7.12% · 거래량 0.5배 · 대표 칩스앤미디어, 가온칩스, 오픈엣지테크놀로지",방어장 · 평균 -5.68% · 하락비중 91% · 현금 비중 높게,수급 수집 실패,AI/반도체 → 전력 → 냉각 → 데이터센터 → 광통신,"기준 현재가 15,760 · 손절 참고 14,685 · 1차 익절 참고 17,104","최대 호재: HBM 수주, 엔비디아 공급, 장비 발주, 수율 개선 / 최대 악재: 어닝 쇼크, 컨센서스 하회, 수출 통제, 재고 급증",뉴스 영향 예상: 방향성 약함 · 가격/거래량 확인 우선,"관련 뉴스: 밸류 눈높이 낮췄지만…신뢰도 떨어진다 - 더스탁(The Stock) (2026-05-20) · 최대 호재: HBM 수주, 엔비디아 공급, 장비 발주, 수율 개선 / 최대 악재: 어닝 쇼크, 컨센서스 하회, 수출 통제, 재고 급증"
JW중외제약,001060.KS,ok,국장,해당 없음,0.0,0.0,0.0,,,0,해당 없음,0.0,0.0,,,,0.0,0.0,,,-8.0,본장 전/초반 1시간 약세 · 초반 -2.25% · 방어 우선,0.0,중립,1분봉 중립 · 장중 -2.25% · 최근 +0.00%,AI 관망,0,지금은 확실한 우위가 부족합니다.,의료/제약,보류,🚫 제외,리스크 과다,0,2.0,0.0,0.0,0.0,0.0,2.0,25.0,False,False,중립장,11.0,28150.0,29150.0,naver_realtime,naver_realtime_calculated,-3.43,-4.58,-0.17,1.06,0.98,True,2163271200.0,33.9,False,5.07,일반 모멘텀,-,"뉴스 호재 강도 약함, 본장 전/초반 1시간 약세 · 초반 -2.25% · 방어 우선, 의료/제약 섹터 약세",수급 수집 실패,unavailable,0.0,0.0,약한 호재: 증가,google_news,"호재 뉴스: JW중외제약, '리바로' 급성장 지속…1Q 최대 매출 5년 연속 갱신 (2026-05-19)",weak,"JW중외제약, '리바로' 급성장 지속…1Q 최대 매출 5년 연속 갱신 (2026-05-19) | JW중외제약, 세계 희귀의약품 총회서 희귀 소아 뇌질환 신약 후보 비임상 결과 발표 - v.daum.net (2026-05-14)","naver_daily, naver_realtime, news:google_news, flow:unavailable, intraday_1m",0.0,6.0,의료/제약 섹터 약세,2026-05-19 21:07:50 PDT,15,"관망 · 호재 뉴스: JW중외제약, '리바로' 급성장 지속…1Q 최대 매출 5년 연속 갱신 (2026-05-19)",선행 신호 대기,놓침 위험 낮음,시장 방어장 · 신규 매수는 작게,급변 신호 없음,"의료/제약 흐름 · 평균 -3.53% · 거래량 1.0배 · 대표 유한양행, 보령, 대웅제약",방어장 · 평균 -5.68% · 하락비중 91% · 현금 비중 높게,수급 수집 실패,의료/제약 → 임상/승인 → 장비/소모품,"기준 현재가 28,150 · 손절 참고 26,723 · 1차 익절 참고 29,934","최대 호재: FDA 승인, 임상 성공, 기술수출, 품목허가 / 최대 악재: 임상 실패, 허가 지연, 부작용, 소송","호재 영향 예상: +2.1~+3.9% (29,244원 부근까지 시도) · 이탈 기준 27,508원","호재 뉴스: JW중외제약, '리바로' 급성장 지속…1Q 최대 매출 5년 연속 갱신 (2026-05-19) · 최대 호재: FDA 승인, 임상 성공, 기술수출, 품목허가 / 최대 악재: 임상 실패, 허가 지연, 부작용, 소송"
제주반도체,080220.KQ,ok,국장,해당 없음,0.0,0.0,0.0,,,0,해당 없음,0.0,0.0,,,,0.0,0.0,,,-8.0,본장 전/초반 1시간 약세 · 초반 -5.11% · 방어 우선,6.0,양호,1분봉 양호 · 장중 -5.41% · 최근 +2.28%,AI 관망,0,지금은 확실한 우위가 부족합니다.,반도체,보류,🚫 제외,리스크 과다,0,57.0,51.0,0.0,0.0,4.0,2.0,64.0,False,True,중립장,11.0,94300.0,95900.0,naver_realtime,naver_realtime_calculated,-1.67,1.84,-2.05,0.79,1.17,False,434337595900.0,81.8,True,9.0,일반 모멘텀,"추세 상승, 20일 고점 돌파, MACD 상승, 뉴스 키워드: 보통 호재: 투자 / 악재: 하락, 1분봉 양호 · 장중 -5.41% · 최근 +2.28%","RSI 과열, 변동성 과다, 20일 범위 상단 추격, 뉴스 리스크: 보통 호재: 투자 / 악재: 하락, 본장 전/초반 1시간 약세 · 초반 -5.11% · 방어 우선, 매수 확인 부족: 거래량 0.79x / 거래대금 1.17x, 리스크 58 이상으로 신규 관심 제외, 반도체 섹터 약세",수급 수집 실패,unavailable,0.0,0.0,보통 호재: 투자 / 악재: 하락,google_news,"악재 뉴스: 제주반도체 주가, 5월 20일 장중 94,600원 1.36% 하락 (2026-05-20)",medium,"제주반도체 주가, 5월 20일 장중 94,600원 1.36% 하락 (2026-05-20) | [메자닌 투자파일] 에이팩트, 제주반도체와 'CB 혈맹' 배경은 - v.daum.net (2026-05-18)","naver_daily, naver_realtime, news:google_news, flow:unavailable, intraday_1m",0.0,6.0,반도체 섹터 약세,2026-05-19 21:07:50 PDT,0,"관망 · 추격 부담 낮음 · 악재 뉴스: 제주반도체 주가, 5월 20일 장중 94,600원 1.36% 하락 (2026-05-20)","조용한 자금 후보 · ok · 점수 7 · 10만원 이하(93,600원) / 뉴스 트리거 투자, 파트너십, 인수",놓침 위험 낮음,시장 방어장 · 신규 매수는 작게,급변 신호 없음,"반도체 흐름 · 평균 -4.70% · 거래량 0.7배 · 대표 한양디지텍, 미래반도체, 테스",방어장 · 평균 -5.68% · 하락비중 91% · 현금 비중 높게,수급 수집 실패,AI/반도체 → 전력 → 냉각 → 데이터센터 → 광통신,"기준 현재가 94,300 · 손절 참고 85,813 · 1차 익절 참고 104,909","최대 호재: HBM 수주, 엔비디아 공급, 장비 발주, 수율 개선 / 최대 악재: 어닝 쇼크, 컨센서스 하회, 수출 통제, 재고 급증","악재 영향 예상: -7.4~-13.5% (81,570원 부근까지 경계) · 회복 기준 98,119원 돌파","악재 뉴스: 제주반도체 주가, 5월 20일 장중 94,600원 1.36% 하락 (2026-05-20) · 최대 호재: HBM 수주, 엔비디아 공급, 장비 발주, 수율 개선 / 최대 악재: 어닝 쇼크, 컨센서스 하회, 수출 통제, 재고 급증"
어보브반도체,102120.KQ,ok,국장,해당 없음,0.0,0.0,0.0,,,0,해당 없음,0.0,0.0,,,,0.0,0.0,,,-8.0,본장 전/초반 1시간 약세 · 초반 -4.31% · 방어 우선,6.0,양호,1분봉 양호 · 장중 -5.86% · 최근 +0.26%,AI 관망,0,지금은 확실한 우위가 부족합니다.,반도체,보류,🚫 제외,리스크 과다,0,8.0,6.0,0.0,0.0,0.0,2.0,46.0,False,False,중립장,11.0,11700.0,12200.0,naver_realtime,naver_realtime_calculated,-4.1,-6.4,-0.16,0.24,0.2,False,3619008900.0,30.7,False,9.62,일반 모멘텀,1분봉 양호 · 장중 -5.86% · 최근 +0.26%,"변동성 과다, 뉴스 리스크: 악재: 처분, 본장 전/초반 1시간 약세 · 초반 -4.31% · 방어 우선, 매수 확인 부족: 거래량 0.24x / 거래대금 0.20x, 리스크 40 이상으로 신규 관심 제외, 반도체 섹터 약세",수급 수집 실패,unavailable,0.0,0.0,악재: 처분,google_news,"악재 뉴스: 파두, +9.71% VI 발동 (2026-05-19)",none,"파두, +9.71% VI 발동 (2026-05-19) | 어보브반도체, 2026년 1분기 분기보고서 제출...대표이사 최원 단독체제 전환 - Investing.com 한국어 (2026-05-15)","naver_daily, naver_realtime, news:google_news, flow:unavailable, intraday_1m",0.0,6.0,반도체 섹터 약세,2026-05-19 21:07:50 PDT,0,"관망 · 악재 뉴스: 파두, +9.71% VI 발동 (2026-05-19)",선행 신호 대기,놓침 위험 낮음,시장 방어장 · 신규 매수는 작게,급변 감지 · 당일 -6.40%,"반도체 흐름 · 평균 -4.70% · 거래량 0.7배 · 대표 한양디지텍, 미래반도체, 테스",방어장 · 평균 -5.68% · 하락비중 91% · 현금 비중 높게,수급 수집 실패,AI/반도체 → 전력 → 냉각 → 데이터센터 → 광통신,"기준 현재가 11,700 · 손절 참고 10,574 · 1차 익절 참고 13,107","최대 호재: HBM 수주, 엔비디아 공급, 장비 발주, 수율 개선 / 최대 악재: 어닝 쇼크, 컨센서스 하회, 수출 통제, 재고 급증","악재 영향 예상: -6.6~-11.9% (10,303원 부근까지 경계) · 회복 기준 12,206원 돌파","악재 뉴스: 파두, +9.71% VI 발동 (2026-05-19) · 최대 호재: HBM 수주, 엔비디아 공급, 장비 발주, 수율 개선 / 최대 악재: 어닝 쇼크, 컨센서스 하회, 수출 통제, 재고 급증"
넥스트칩,396270.KQ,ok,국장,해당 없음,0.0,0.0,0.0,,,0,해당 없음,0.0,0.0,,,,0.0,0.0,,,-8.0,본장 전/초반 1시간 약세 · 초반 -5.38% · 방어 우선,6.0,양호,1분봉 양호 · 장중 -7.05% · 최근 +0.30%,AI 관망,0,지금은 확실한 우위가 부족합니다.,반도체/자율주행,보류,🚫 제외,리스크 과다,0,28.0,26.0,0.0,0.0,0.0,2.0,40.0,False,False,중립장,11.0,5010.0,5380.0,naver_realtime,naver_realtime_calculated,-6.88,-13.32,-1.38,0.72,0.61,False,3999858750.0,46.5,False,14.48,일반 모멘텀,"추세 상승, 1분봉 양호 · 장중 -7.05% · 최근 +0.30%","변동성 과다, 뉴스 호재 강도 약함, 본장 전/초반 1시간 약세 · 초반 -5.38% · 방어 우선, 매수 확인 부족: 거래량 0.72x / 거래대금 0.61x, 리스크 34 이상으로 신규 관심 제외, 반도체/자율주행 섹터 약세",수급 수집 실패,unavailable,0.0,0.0,약한 호재: 상승,google_news,호재 뉴스: [오프로]26.05.11 상한가 및 상승종목 (2026-05-11),weak,[오프로]26.05.11 상한가 및 상승종목 (2026-05-11) | [생생한 주식쇼 생쇼] 반도체 독주 속 소외된 진주 '증권주'와 후발 섹터 공략 (2026-05-11),"naver_daily, naver_realtime, news:google_news, flow:unavailable, intraday_1m",0.0,6.0,반도체/자율주행 섹터 약세,2026-05-19 21:07:50 PDT,9,관망 · 호재 뉴스: [오프로]26.05.11 상한가 및 상승종목 (2026-05-11),선행 신호 대기,놓침 위험 낮음,시장 방어장 · 신규 매수는 작게,급변 감지 · 당일 -13.32%,"반도체/자율주행 흐름 · 평균 -10.32% · 거래량 0.6배 · 대표 텔레칩스, 넥스트칩",방어장 · 평균 -5.68% · 하락비중 91% · 현금 비중 높게,수급 수집 실패,AI/반도체 → 전력 → 냉각 → 데이터센터 → 광통신,"기준 현재가 5,010 · 손절 참고 4,409 · 1차 익절 참고 5,762","최대 호재: HBM 수주, 엔비디아 공급, 장비 발주, 수율 개선 / 최대 악재: 어닝 쇼크, 컨센서스 하회, 수출 통제, 재고 급증","호재 영향 예상: +5.0~+9.0% (5,461원 부근까지 시도) · 이탈 기준 4,739원","호재 뉴스: [오프로]26.05.11 상한가 및 상승종목 (2026-05-11) · 최대 호재: HBM 수주, 엔비디아 공급, 장비 발주, 수율 개선 / 최대 악재: 어닝 쇼크, 컨센서스 하회, 수출 통제, 재고 급증"
퀄리타스반도체,432720.KQ,ok,국장,해당 없음,0.0,0.0,0.0,,,0,해당 없음,0.0,0.0,,,,0.0,0.0,,,-8.0,본장 전/초반 1시간 약세 · 초반 -3.42% · 방어 우선,6.0,양호,1분봉 양호 · 장중 -5.54% · 최근 +0.17%,AI 관망,0,지금은 확실한 우위가 부족합니다.,반도체,보류,🚫 제외,리스크 과다,0,12.0,6.0,0.0,0.0,4.0,2.0,48.0,False,False,중립장,11.0,17660.0,18610.0,naver_realtime,naver_realtime_calculated,-5.1,-7.2,-1.58,0.2,0.15,False,7163090260.0,44.2,False,17.04,일반 모멘텀,"뉴스 키워드: 보통 호재: 실적 / 악재: 하락, 1분봉 양호 · 장중 -5.54% · 최근 +0.17%","변동성 과다, 뉴스 리스크: 보통 호재: 실적 / 악재: 하락, 본장 전/초반 1시간 약세 · 초반 -3.42% · 방어 우선, 매수 확인 부족: 거래량 0.20x / 거래대금 0.15x, 리스크 42 이상으로 신규 관심 제외, 반도체 섹터 약세",수급 수집 실패,unavailable,0.0,0.0,보통 호재: 실적 / 악재: 하락,google_news,"악재 뉴스: 파두, +9.71% VI 발동 (2026-05-19)",medium,"파두, +9.71% VI 발동 (2026-05-19) | 퀄리타스반도체, 업종 강세 속 홀로 2.06% 하락하며 1만 9030원 마감 : 금융 (2026-05-18)","naver_daily, naver_realtime, news:google_news, flow:unavailable, intraday_1m",0.0,6.0,반도체 섹터 약세,2026-05-19 21:07:50 PDT,0,"관망 · 악재 뉴스: 파두, +9.71% VI 발동 (2026-05-19)",선행 신호 대기,놓침 위험 낮음,시장 방어장 · 신규 매수는 작게,급변 감지 · 당일 -7.20%,"반도체 흐름 · 평균 -4.70% · 거래량 0.7배 · 대표 한양디지텍, 미래반도체, 테스",방어장 · 평균 -5.68% · 하락비중 91% · 현금 비중 높게,수급 수집 실패,AI/반도체 → 전력 → 냉각 → 데이터센터 → 광통신,"기준 현재가 17,660 · 손절 참고 15,541 · 1차 익절 참고 20,309","최대 호재: HBM 수주, 엔비디아 공급, 장비 발주, 수율 개선 / 최대 악재: 어닝 쇼크, 컨센서스 하회, 수출 통제, 재고 급증","악재 영향 예상: -8.3~-15.1% (14,994원 부근까지 경계) · 회복 기준 18,614원 돌파","악재 뉴스: 파두, +9.71% VI 발동 (2026-05-19) · 최대 호재: HBM 수주, 엔비디아 공급, 장비 발주, 수율 개선 / 최대 악재: 어닝 쇼크, 컨센서스 하회, 수출 통제, 재고 급증"
자람테크놀로지,389020.KQ,ok,국장,해당 없음,0.0,0.0,0.0,,,0,해당 없음,0.0,0.0,,,,0.0,0.0,,,-8.0,본장 전/초반 1시간 약세 · 초반 -2.46% · 방어 우선,0.0,중립,1분봉 중립 · 장중 -3.93% · 최근 -0.51%,AI 관망,0,지금은 확실한 우위가 부족합니다.,반도체,보류,🚫 제외,리스크 과다,0,2.0,0.0,0.0,0.0,0.0,2.0,40.0,False,False,중립장,11.0,39400.0,40950.0,naver_realtime,naver_realtime_calculated,-3.79,-7.29,-0.12,0.49,0.36,False,3417004400.0,26.5,False,13.54,일반 모멘텀,-,"변동성 과다, 본장 전/초반 1시간 약세 · 초반 -2.46% · 방어 우선, 매수 확인 부족: 거래량 0.49x / 거래대금 0.36x, 리스크 34 이상으로 신규 관심 제외, 반도체 섹터 약세",수급 수집 실패,unavailable,0.0,0.0,뉴스 중립,google_news,"관련 뉴스: 텔코웨어, -1.55% VI 발동 (2026-05-19)",none,"텔코웨어, -1.55% VI 발동 (2026-05-19) | 엠디바이스, +6.07% VI 발동 (2026-05-19)","naver_daily, naver_realtime, news:google_news, flow:unavailable, intraday_1m",0.0,6.0,반도체 섹터 약세,2026-05-19 21:07:50 PDT,0,"관망 · 관련 뉴스: 텔코웨어, -1.55% VI 발동 (2026-05-19)",선행 신호 대기,놓침 위험 낮음,시장 방어장 · 신규 매수는 작게,급변 감지 · 당일 -7.29%,"반도체 흐름 · 평균 -4.70% · 거래량 0.7배 · 대표 한양디지텍, 미래반도체, 테스",방어장 · 평균 -5.68% · 하락비중 91% · 현금 비중 높게,수급 수집 실패,AI/반도체 → 전력 → 냉각 → 데이터센터 → 광통신,"기준 현재가 39,400 · 손절 참고 34,672 · 1차 익절 참고 45,310","최대 호재: HBM 수주, 엔비디아 공급, 장비 발주, 수율 개선 / 최대 악재: 어닝 쇼크, 컨센서스 하회, 수출 통제, 재고 급증",뉴스 영향 예상: 방향성 약함 · 가격/거래량 확인 우선,"관련 뉴스: 텔코웨어, -1.55% VI 발동 (2026-05-19) · 최대 호재: HBM 수주, 엔비디아 공급, 장비 발주, 수율 개선 / 최대 악재: 어닝 쇼크, 컨센서스 하회, 수출 통제, 재고 급증"
오픈엣지테크놀로지,394280.KQ,ok,국장,해당 없음,0.0,0.0,0.0,,,0,해당 없음,0.0,0.0,,,,0.0,0.0,,,-8.0,본장 전/초반 1시간 약세 · 초반 -3.14% · 방어 우선,0.0,중립,1분봉 중립 · 장중 -4.58% · 최근 +0.00%,AI 관망,0,지금은 확실한 우위가 부족합니다.,반도체설계,보류,🚫 제외,리스크 과다,0,8.0,6.0,0.0,0.0,0.0,2.0,40.0,False,False,중립장,11.0,14810.0,15470.0,naver_realtime,naver_realtime_calculated,-4.27,-7.38,1.31,0.4,0.3,False,2678566220.0,21.0,False,10.44,일반 모멘텀,건전한 갭 상승,"변동성 과다, 본장 전/초반 1시간 약세 · 초반 -3.14% · 방어 우선, 매수 확인 부족: 거래량 0.40x / 거래대금 0.30x, 리스크 34 이상으로 신규 관심 제외, 반도체설계 섹터 약세",수급 수집 실패,unavailable,0.0,0.0,뉴스 중립,google_news,"관련 뉴스: 파두, +9.71% VI 발동 (2026-05-19)",none,"파두, +9.71% VI 발동 (2026-05-19) | 네패스아크, -12.07% VI 발동 (2026-05-18)","naver_daily, naver_realtime, news:google_news, flow:unavailable, intraday_1m",0.0,6.0,반도체설계 섹터 약세,2026-05-19 21:07:50 PDT,0,"관망 · 관련 뉴스: 파두, +9.71% VI 발동 (2026-05-19)","조용한 자금 후보 · ok · 점수 20 · 10만원 이하(14,650원) / 뉴스 트리거 투자, 계약, 수주",놓침 위험 낮음,시장 방어장 · 신규 매수는 작게,급변 감지 · 당일 -7.38%,"반도체설계 흐름 · 평균 -7.12% · 거래량 0.5배 · 대표 칩스앤미디어, 가온칩스, 오픈엣지테크놀로지",방어장 · 평균 -5.68% · 하락비중 91% · 현금 비중 높게,수급 수집 실패,AI/반도체 → 전력 → 냉각 → 데이터센터 → 광통신,"기준 현재가 14,810 · 손절 참고 13,264 · 1차 익절 참고 16,743","최대 호재: HBM 수주, 엔비디아 공급, 장비 발주, 수율 개선 / 최대 악재: 어닝 쇼크, 컨센서스 하회, 수출 통제, 재고 급증",뉴스 영향 예상: 방향성 약함 · 가격/거래량 확인 우선,"관련 뉴스: 파두, +9.71% VI 발동 (2026-05-19) · 최대 호재: HBM 수주, 엔비디아 공급, 장비 발주, 수율 개선 / 최대 악재: 어닝 쇼크, 컨센서스 하회, 수출 통제, 재고 급증"
피에스케이홀딩스,031980.KQ,ok,국장,해당 없음,0.0,0.0,0.0,,,0,해당 없음,0.0,0.0,,,,0.0,0.0,,,0.0,본장 전/초반 1시간 중립 · 초반 +2.80%,10.0,양호,1분봉 양호 · 장중 +8.13% · 최근 +0.00%,AI 관망,0,이미 많이 오른 구간이라 신규 매수보다 눌림 확인이 우선입니다.,반도체장비,보류,🚫 제외,리스크 과다,0,32.0,30.0,0.0,0.0,0.0,2.0,68.0,False,True,중립장,11.0,126000.0,116500.0,naver_realtime,naver_realtime_calculated,8.15,7.78,-3.34,0.9,0.92,True,23989518000.0,49.5,False,10.12,일반 모멘텀,"추세 상승, 1분봉 양호 · 장중 +8.13% · 최근 +0.00%","갭 하락 경계, 변동성 과다, 당일 급등 후 추격 위험, 뉴스 리스크: 악재: 감소, 지분율, 주식등의 수, 리스크 62 이상으로 신규 관심 제외, 반도체장비 섹터 약세",수급 수집 실패,unavailable,0.0,0.0,"악재: 감소, 지분율, 주식등의 수",google_news,"악재 뉴스: [서치 e종목] 피에스케이홀딩스, 어드밴스드패키징 다양화 수혜로 주가 상향각? (2026-05-20)",none,"[서치 e종목] 피에스케이홀딩스, 어드밴스드패키징 다양화 수혜로 주가 상향각? (2026-05-20) | (5/19) 내일의 관심종목 (2026-05-19)","naver_daily, naver_realtime, news:google_news, flow:unavailable, intraday_1m",0.0,6.0,반도체장비 섹터 약세,2026-05-19 21:07:50 PDT,0,"관망 · 추격 부담 높음 · 악재 뉴스: [서치 e종목] 피에스케이홀딩스, 어드밴스드패키징 다양화 수혜로 주가 상향각? (2026-05-20) · 놓친 상승 복기: 이전 놓친 상승 패턴 1회 / 피에스케이홀딩스 개별 실패 복기 1회",추격 주의 · 이미 오른 구간이라 눌림 확인 우선,놓침 위험 낮음,시장 방어장 · 신규 매수는 작게,급변 감지 · 당일 +7.78%,"반도체장비 흐름 · 평균 -2.48% · 거래량 0.8배 · 대표 피에스케이, 주성엔지니어링, 피에스케이홀딩스",방어장 · 평균 -5.68% · 하락비중 91% · 현금 비중 높게,수급 수집 실패,AI/반도체 → 전력 → 냉각 → 데이터센터 → 광통신,"기준 현재가 126,000 · 손절 참고 113,249 · 1차 익절 참고 141,939","최대 호재: HBM 수주, 엔비디아 공급, 장비 발주, 수율 개선 / 최대 악재: 어닝 쇼크, 컨센서스 하회, 수출 통제, 재고 급증","악재 영향 예상: -8.3~-15.2% (106,873원 부근까지 경계) · 회복 기준 131,738원 돌파","악재 뉴스: [서치 e종목] 피에스케이홀딩스, 어드밴스드패키징 다양화 수혜로 주가 상향각? (2026-05-20) · 최대 호재: HBM 수주, 엔비디아 공급, 장비 발주, 수율 개선 / 최대 악재: 어닝 쇼크, 컨센서스 하회, 수출 통제, 재고 급증"
테크윙,089030.KQ,ok,국장,해당 없음,0.0,0.0,0.0,,,0,해당 없음,0.0,0.0,,,,0.0,0.0,,,0.0,본장 전/초반 1시간 중립 · 초반 +0.31%,4.0,중립,1분봉 중립 · 장중 -3.98% · 최근 +0.00%,AI 관망,0,지금은 확실한 우위가 부족합니다.,반도체장비,보류,🚫 제외,리스크 과다,0,26.0,4.0,0.0,0.0,20.0,2.0,32.0,False,False,중립장,11.0,48150.0,48150.0,naver_realtime,naver_realtime_calculated,0.0,-2.53,-0.91,0.93,0.77,False,65547991350.0,27.6,False,9.27,일반 모멘텀,"뉴스 키워드: 강한 호재: 수주, 계약, 공급 / 약한 호재: 확대, 상승, 1분봉 중립 · 장중 -3.98% · 최근 +0.00%","변동성 과다, 매수 확인 부족: 거래량 0.93x / 거래대금 0.77x, 리스크 26 이상으로 신규 관심 제외, 반도체장비 섹터 약세",수급 수집 실패,unavailable,0.0,0.0,"강한 호재: 수주, 계약, 공급 / 약한 호재: 확대, 상승",google_news,"호재 뉴스: [특징주]테크윙, 비메모리 반도체 확대 전망에 '강세' (2026-05-20)",strong,"[특징주]테크윙, 비메모리 반도체 확대 전망에 '강세' (2026-05-20) | 기업 공시 [5월 19일] (2026-05-19)","naver_daily, naver_realtime, news:google_news, flow:unavailable, intraday_1m",0.0,6.0,반도체장비 섹터 약세,2026-05-19 21:07:50 PDT,12,"관망 · 호재 뉴스: [특징주]테크윙, 비메모리 반도체 확대 전망에 '강세' (2026-05-20) · 놓친 상승 복기: 이전 놓친 상승 패턴 1회",선행 신호 대기,놓침 위험 낮음,시장 방어장 · 신규 매수는 작게,급변 신호 없음,"반도체장비 흐름 · 평균 -2.48% · 거래량 0.8배 · 대표 피에스케이, 주성엔지니어링, 피에스케이홀딩스",방어장 · 평균 -5.68% · 하락비중 91% · 현금 비중 높게,수급 수집 실패,AI/반도체 → 전력 → 냉각 → 데이터센터 → 광통신,"기준 현재가 48,150 · 손절 참고 43,686 · 1차 익절 참고 53,729","최대 호재: HBM 수주, 엔비디아 공급, 장비 발주, 수율 개선 / 최대 악재: 어닝 쇼크, 컨센서스 하회, 수출 통제, 재고 급증","호재 영향 예상: +5.5~+10.0% (52,942원 부근까지 시도) · 이탈 기준 46,141원","호재 뉴스: [특징주]테크윙, 비메모리 반도체 확대 전망에 '강세' (2026-05-20) · 최대 호재: HBM 수주, 엔비디아 공급, 장비 발주, 수율 개선 / 최대 악재: 어닝 쇼크, 컨센서스 하회, 수출 통제, 재고 급증"
엑시콘,092870.KQ,ok,국장,해당 없음,0.0,0.0,0.0,,,0,해당 없음,0.0,0.0,,,,0.0,0.0,,,0.0,본장 전/초반 1시간 중립 · 초반 +0.85%,10.0,양호,1분봉 양호 · 장중 -2.03% · 최근 +0.52%,AI 관망,0,지금은 확실한 우위가 부족합니다.,반도체검사,보류,🚫 제외,리스크 과다,0,12.0,10.0,0.0,0.0,0.0,2.0,32.0,False,False,중립장,11.0,29200.0,28650.0,naver_realtime,naver_realtime_calculated,1.92,0.17,0.0,0.65,0.54,False,7483288400.0,34.2,False,11.99,일반 모멘텀,1분봉 양호 · 장중 -2.03% · 최근 +0.52%,"변동성 과다, 뉴스 호재 강도 약함, 매수 확인 부족: 거래량 0.65x / 거래대금 0.54x, 리스크 26 이상으로 신규 관심 제외, 반도체검사 섹터 약세",수급 수집 실패,unavailable,0.0,0.0,약한 호재: 돌파,google_news,"호재 뉴스: 고영테크놀러지, 191억 규모 자사주 소각…주주가치 제고 (2026-05-14)",weak,"고영테크놀러지, 191억 규모 자사주 소각…주주가치 제고 (2026-05-14) | [5월 7일](국장 마감) WTI 95달러 폭락의 환호! 코스피 7,490선 돌파와 '역대급 손바뀜' (2026-05-07)","naver_daily, naver_realtime, news:google_news, flow:unavailable, intraday_1m",0.0,6.0,반도체검사 섹터 약세,2026-05-19 21:07:50 PDT,19,"관망 · 추격 부담 낮음 · 호재 뉴스: 고영테크놀러지, 191억 규모 자사주 소각…주주가치 제고 (2026-05-14)",선행 신호 대기,놓침 위험 낮음,시장 방어장 · 신규 매수는 작게,급변 신호 없음,"반도체검사 흐름 · 평균 -4.00% · 거래량 0.5배 · 대표 기가비스, 엑시콘",방어장 · 평균 -5.68% · 하락비중 91% · 현금 비중 높게,수급 수집 실패,AI/반도체 → 전력 → 냉각 → 데이터센터 → 광통신,"기준 현재가 29,200 · 손절 참고 25,699 · 1차 익절 참고 33,576","최대 호재: HBM 수주, 엔비디아 공급, 장비 발주, 수율 개선 / 최대 악재: 어닝 쇼크, 컨센서스 하회, 수출 통제, 재고 급증","호재 영향 예상: +4.9~+9.0% (31,826원 부근까지 시도) · 이탈 기준 27,625원","호재 뉴스: 고영테크놀러지, 191억 규모 자사주 소각…주주가치 제고 (2026-05-14) · 최대 호재: HBM 수주, 엔비디아 공급, 장비 발주, 수율 개선 / 최대 악재: 어닝 쇼크, 컨센서스 하회, 수출 통제, 재고 급증"
디아이,003160.KS,ok,국장,해당 없음,0.0,0.0,0.0,,,0,해당 없음,0.0,0.0,,,,0.0,0.0,,,-8.0,본장 전/초반 1시간 약세 · 초반 -2.24% · 방어 우선,0.0,중립,1분봉 중립 · 장중 -3.10% · 최근 +0.00%,AI 관망,0,지금은 확실한 우위가 부족합니다.,반도체장비,보류,🚫 제외,리스크 과다,0,2.0,0.0,0.0,0.0,0.0,2.0,40.0,False,False,중립장,11.0,28500.0,28700.0,naver_realtime,naver_realtime_calculated,-0.7,-2.23,0.0,1.03,0.9,True,12066159000.0,28.8,False,8.3,일반 모멘텀,-,"변동성 과다, 본장 전/초반 1시간 약세 · 초반 -2.24% · 방어 우선, 리스크 34 이상으로 신규 관심 제외, 반도체장비 섹터 약세",수급 수집 실패,unavailable,0.0,0.0,뉴스 수집 실패,none,뉴스를 가져오지 못해 가격 흐름만 참고하세요.,none,-,"naver_daily, naver_realtime, news:none, flow:unavailable, intraday_1m",0.0,6.0,반도체장비 섹터 약세,2026-05-19 21:07:50 PDT,0,관망 · 뉴스를 가져오지 못해 가격 흐름만 참고하세요. · 놓친 상승 복기: 이전 놓친 상승 패턴 1회,선행 신호 대기,놓침 위험 낮음,시장 방어장 · 신규 매수는 작게,급변 신호 없음,"반도체장비 흐름 · 평균 -2.48% · 거래량 0.8배 · 대표 피에스케이, 주성엔지니어링, 피에스케이홀딩스",방어장 · 평균 -5.68% · 하락비중 91% · 현금 비중 높게,수급 수집 실패,AI/반도체 → 전력 → 냉각 → 데이터센터 → 광통신,"기준 현재가 28,500 · 손절 참고 26,134 · 1차 익절 참고 31,457","최대 호재: HBM 수주, 엔비디아 공급, 장비 발주, 수율 개선 / 최대 악재: 어닝 쇼크, 컨센서스 하회, 수출 통제, 재고 급증",뉴스 영향 예상: 방향성 약함 · 가격/거래량 확인 우선,"뉴스를 가져오지 못해 가격 흐름만 참고하세요. · 최대 호재: HBM 수주, 엔비디아 공급, 장비 발주, 수율 개선 / 최대 악재: 어닝 쇼크, 컨센서스 하회, 수출 통제, 재고 급증"
엔켐,348370.KQ,ok,국장,해당 없음,0.0,0.0,0.0,,,0,해당 없음,0.0,0.0,,,,0.0,0.0,,,-8.0,본장 전/초반 1시간 약세 · 초반 -2.24% · 방어 우선,0.0,중립,1분봉 중립 · 장중 -3.29% · 최근 -0.46%,AI 관망,0,지금은 확실한 우위가 부족합니다.,2차전지,보류,🚫 제외,리스크 과다,0,6.0,0.0,0.0,0.0,4.0,2.0,48.0,False,False,중립장,11.0,32550.0,33700.0,naver_realtime,naver_realtime_calculated,-3.41,-10.21,-0.41,0.58,0.4,False,7717572450.0,12.3,False,8.51,일반 모멘텀,뉴스 키워드: 보통 호재: 실적 / 악재: 전환사채,"변동성 과다, 뉴스 리스크: 보통 호재: 실적 / 악재: 전환사채, 본장 전/초반 1시간 약세 · 초반 -2.24% · 방어 우선, 매수 확인 부족: 거래량 0.58x / 거래대금 0.40x, 리스크 42 이상으로 신규 관심 제외, 2차전지 섹터 약세",수급 수집 실패,unavailable,0.0,0.0,보통 호재: 실적 / 악재: 전환사채,google_news,"악재 뉴스: 엔켐, CIBF 2026서 ESS·차세대 배터리용 전해액 기술 공개 (2026-05-20)",medium,"엔켐, CIBF 2026서 ESS·차세대 배터리용 전해액 기술 공개 (2026-05-20) | 엔켐 4천억 전환사채·차입금 상환에 '유동성 위기' 맞나, 오정강 실적 악화에 자금조달 '발등에 불' (2026-05-13)","naver_daily, naver_realtime, news:google_news, flow:unavailable, intraday_1m",0.0,6.0,2차전지 섹터 약세,2026-05-19 21:07:50 PDT,0,"관망 · 악재 뉴스: 엔켐, CIBF 2026서 ESS·차세대 배터리용 전해액 기술 공개 (2026-05-20)",선행 신호 대기,놓침 위험 낮음,중대 리스크 · 악재 뉴스 우선 확인,급변 감지 · 당일 -10.21%,"2차전지 흐름 · 평균 -7.70% · 거래량 0.7배 · 대표 LG에너지솔루션, 에코프로비엠, 에코프로",방어장 · 평균 -5.68% · 하락비중 91% · 현금 비중 높게,수급 수집 실패,대표 테마 연결 대기,"기준 현재가 32,550 · 손절 참고 29,780 · 1차 익절 참고 36,013","최대 호재: 수주, IRA 수혜, 리튬 가격 안정, 흑자 전환 / 최대 악재: 화재, 리콜, 수요 둔화, 적자 확대","악재 영향 예상: -5.9~-10.7% (29,065원 부근까지 경계) · 회복 기준 33,797원 돌파","악재 뉴스: 엔켐, CIBF 2026서 ESS·차세대 배터리용 전해액 기술 공개 (2026-05-20) · 최대 호재: 수주, IRA 수혜, 리튬 가격 안정, 흑자 전환 / 최대 악재: 화재, 리콜, 수요 둔화, 적자 확대"
중앙첨단소재,051980.KQ,ok,국장,해당 없음,0.0,0.0,0.0,,,0,해당 없음,0.0,0.0,,,,0.0,0.0,,,-8.0,본장 전/초반 1시간 약세 · 초반 -3.31% · 방어 우선,0.0,중립,1분봉 중립 · 장중 -2.99% · 최근 -0.33%,AI 관망,0,지금은 확실한 우위가 부족합니다.,2차전지소재,보류,🚫 제외,리스크 과다,0,11.0,6.0,0.0,0.0,3.0,2.0,40.0,False,False,중립장,11.0,1500.0,1541.0,naver_realtime,naver_realtime_calculated,-2.66,-6.72,2.24,0.14,0.1,False,1241008500.0,25.8,False,10.62,일반 모멘텀,"건전한 갭 상승, 뉴스 키워드: 약한 호재: 상승, 확대","변동성 과다, 뉴스 호재 강도 약함, 본장 전/초반 1시간 약세 · 초반 -3.31% · 방어 우선, 매수 확인 부족: 거래량 0.14x / 거래대금 0.10x, 리스크 34 이상으로 신규 관심 제외, 2차전지소재 섹터 약세",수급 수집 실패,unavailable,0.0,0.0,"약한 호재: 상승, 확대",google_news,"호재 뉴스: 중앙첨단소재, +7.26% 상승폭 확대 (2026-05-08)",weak,"중앙첨단소재, +7.26% 상승폭 확대 (2026-05-08) | 리튬 관련주, 다시 뛰는 리튬가격에 수혜주는 웃는다 : 네이버 블로그 (2026-05-07)","naver_daily, naver_realtime, news:google_news, flow:unavailable, intraday_1m",0.0,6.0,2차전지소재 섹터 약세,2026-05-19 21:07:50 PDT,5,"관망 · 호재 뉴스: 중앙첨단소재, +7.26% 상승폭 확대 (2026-05-08)",선행 신호 대기,놓침 위험 낮음,시장 방어장 · 신규 매수는 작게,급변 감지 · 당일 -6.72%,"2차전지소재 흐름 · 평균 -9.44% · 거래량 0.5배 · 대표 탑머티리얼, 에코프로머티, 중앙첨단소재",방어장 · 평균 -5.68% · 하락비중 91% · 현금 비중 높게,수급 수집 실패,대표 테마 연결 대기,"기준 현재가 1,500 · 손절 참고 1,341 · 1차 익절 참고 1,699","최대 호재: 수주, IRA 수혜, 리튬 가격 안정, 흑자 전환 / 최대 악재: 화재, 리콜, 수요 둔화, 적자 확대","호재 영향 예상: +4.4~+8.0% (1,619원 부근까지 시도) · 이탈 기준 1,428원","호재 뉴스: 중앙첨단소재, +7.26% 상승폭 확대 (2026-05-08) · 최대 호재: 수주, IRA 수혜, 리튬 가격 안정, 흑자 전환 / 최대 악재: 화재, 리콜, 수요 둔화, 적자 확대"
코스모신소재,005070.KS,ok,국장,해당 없음,0.0,0.0,0.0,,,0,해당 없음,0.0,0.0,,,,0.0,0.0,,,-8.0,본장 전/초반 1시간 약세 · 초반 -4.02% · 방어 우선,0.0,중립,1분봉 중립 · 장중 -5.66% · 최근 -0.11%,AI 관망,0,지금은 확실한 우위가 부족합니다.,2차전지소재,보류,🚫 제외,리스크 과다,0,2.0,0.0,0.0,0.0,0.0,2.0,40.0,False,False,중립장,11.0,46250.0,48950.0,naver_realtime,naver_realtime_calculated,-5.52,-9.67,-0.59,0.48,0.37,False,8097080000.0,23.1,False,7.78,일반 모멘텀,-,"변동성 과다, 본장 전/초반 1시간 약세 · 초반 -4.02% · 방어 우선, 매수 확인 부족: 거래량 0.48x / 거래대금 0.37x, 리스크 34 이상으로 신규 관심 제외, 2차전지소재 섹터 약세",수급 수집 실패,unavailable,0.0,0.0,뉴스 중립,google_news,"관련 뉴스: 증시 예탁금 130조 ""반도체·에너지주…여보, 옆집도 더 산대"" (2026-05-07)",none,"증시 예탁금 130조 ""반도체·에너지주…여보, 옆집도 더 산대"" (2026-05-07)","naver_daily, naver_realtime, news:google_news, flow:unavailable, intraday_1m",0.0,6.0,2차전지소재 섹터 약세,2026-05-19 21:07:50 PDT,0,"관망 · 관련 뉴스: 증시 예탁금 130조 ""반도체·에너지주…여보, 옆집도 더 산대"" (2026-05-07)",선행 신호 대기,놓침 위험 낮음,시장 방어장 · 신규 매수는 작게,급변 감지 · 당일 -9.67%,"2차전지소재 흐름 · 평균 -9.44% · 거래량 0.5배 · 대표 탑머티리얼, 에코프로머티, 중앙첨단소재",방어장 · 평균 -5.68% · 하락비중 91% · 현금 비중 높게,수급 수집 실패,AI/반도체 → 전력 → 냉각 → 데이터센터 → 광통신,"기준 현재가 46,250 · 손절 참고 42,652 · 1차 익절 참고 50,748","최대 호재: 수주, IRA 수혜, 리튬 가격 안정, 흑자 전환 / 최대 악재: 화재, 리콜, 수요 둔화, 적자 확대",뉴스 영향 예상: 방향성 약함 · 가격/거래량 확인 우선,"관련 뉴스: 증시 예탁금 130조 ""반도체·에너지주…여보, 옆집도 더 산대"" (2026-05-07) · 최대 호재: 수주, IRA 수혜, 리튬 가격 안정, 흑자 전환 / 최대 악재: 화재, 리콜, 수요 둔화, 적자 확대"
코스모화학,005420.KS,ok,국장,해당 없음,0.0,0.0,0.0,,,0,해당 없음,0.0,0.0,,,,0.0,0.0,,,-8.0,본장 전/초반 1시간 약세 · 초반 -4.92% · 방어 우선,6.0,양호,1분봉 양호 · 장중 -6.05% · 최근 +0.30%,AI 관망,0,지금은 확실한 우위가 부족합니다.,2차전지소재,보류,🚫 제외,리스크 과다,0,17.0,12.0,0.0,0.0,3.0,2.0,40.0,False,False,중립장,11.0,13460.0,14240.0,naver_realtime,naver_realtime_calculated,-5.48,-8.31,0.54,0.49,0.37,False,2503358100.0,22.8,False,6.54,일반 모멘텀,"건전한 갭 상승, 뉴스 키워드: 약한 호재: 상승, 확대, 1분봉 양호 · 장중 -6.05% · 최근 +0.30%","변동성 과다, 뉴스 호재 강도 약함, 본장 전/초반 1시간 약세 · 초반 -4.92% · 방어 우선, 매수 확인 부족: 거래량 0.49x / 거래대금 0.37x, 리스크 34 이상으로 신규 관심 제외, 2차전지소재 섹터 약세",수급 수집 실패,unavailable,0.0,0.0,"약한 호재: 상승, 확대",google_news,"호재 뉴스: 앱튼, +3.91% 상승폭 확대 (2026-05-19)",weak,"앱튼, +3.91% 상승폭 확대 (2026-05-19) | 새로닉스, +5.24% 상승폭 확대 (2026-05-18)","naver_daily, naver_realtime, news:google_news, flow:unavailable, intraday_1m",0.0,6.0,2차전지소재 섹터 약세,2026-05-19 21:07:50 PDT,8,"관망 · 호재 뉴스: 앱튼, +3.91% 상승폭 확대 (2026-05-19)","조용한 자금 후보 · ok · 점수 20 · 10만원 이하(13,400원) / 뉴스 트리거 투자, 실적, 승인",놓침 위험 낮음,시장 방어장 · 신규 매수는 작게,급변 감지 · 당일 -8.31%,"2차전지소재 흐름 · 평균 -9.44% · 거래량 0.5배 · 대표 탑머티리얼, 에코프로머티, 중앙첨단소재",방어장 · 평균 -5.68% · 하락비중 91% · 현금 비중 높게,수급 수집 실패,대표 테마 연결 대기,"기준 현재가 13,460 · 손절 참고 12,580 · 1차 익절 참고 14,560","최대 호재: 수주, IRA 수혜, 리튬 가격 안정, 흑자 전환 / 최대 악재: 화재, 리콜, 수요 둔화, 적자 확대","호재 영향 예상: +2.7~+4.9% (14,120원 부근까지 시도) · 이탈 기준 13,064원","호재 뉴스: 앱튼, +3.91% 상승폭 확대 (2026-05-19) · 최대 호재: 수주, IRA 수혜, 리튬 가격 안정, 흑자 전환 / 최대 악재: 화재, 리콜, 수요 둔화, 적자 확대"
후성,093370.KS,ok,국장,해당 없음,0.0,0.0,0.0,,,0,해당 없음,0.0,0.0,,,,0.0,0.0,,,-8.0,본장 전/초반 1시간 약세 · 초반 -3.19% · 방어 우선,0.0,중립,1분봉 중립 · 장중 -4.91% · 최근 -0.45%,AI 관망,0,지금은 확실한 우위가 부족합니다.,2차전지소재,보류,🚫 제외,리스크 과다,0,9.0,0.0,0.0,0.0,7.0,2.0,44.0,False,False,중립장,11.0,11110.0,11880.0,naver_realtime,naver_realtime_calculated,-6.48,-8.03,-1.16,0.33,0.27,False,10741703500.0,43.0,False,9.97,일반 모멘텀,뉴스 키워드: 보통 호재: 실적 / 약한 호재: 상승 / 악재: 하락,"변동성 과다, 뉴스 리스크: 보통 호재: 실적 / 약한 호재: 상승 / 악재: 하락, 본장 전/초반 1시간 약세 · 초반 -3.19% · 방어 우선, 매수 확인 부족: 거래량 0.33x / 거래대금 0.27x, 리스크 38 이상으로 신규 관심 제외, 2차전지소재 섹터 약세",수급 수집 실패,unavailable,0.0,0.0,보통 호재: 실적 / 약한 호재: 상승 / 악재: 하락,google_news,"악재 뉴스: 후성 주가, 5월 18일 12,080원 2.20% 상승 마감 (2026-05-18)",medium,"후성 주가, 5월 18일 12,080원 2.20% 상승 마감 (2026-05-18) | [특징주] 후성, 1분기 실적 발표...향후 분기별 사업 전망 (2026-05-18)","naver_daily, naver_realtime, news:google_news, flow:unavailable, intraday_1m",0.0,6.0,2차전지소재 섹터 약세,2026-05-19 21:07:50 PDT,0,"관망 · 악재 뉴스: 후성 주가, 5월 18일 12,080원 2.20% 상승 마감 (2026-05-18)",선행 신호 대기,놓침 위험 낮음,시장 방어장 · 신규 매수는 작게,급변 감지 · 당일 -8.03%,"2차전지소재 흐름 · 평균 -9.44% · 거래량 0.5배 · 대표 탑머티리얼, 에코프로머티, 중앙첨단소재",방어장 · 평균 -5.68% · 하락비중 91% · 현금 비중 높게,수급 수집 실패,대표 테마 연결 대기,"기준 현재가 11,110 · 손절 참고 10,002 · 1차 익절 참고 12,495","최대 호재: 수주, IRA 수혜, 리튬 가격 안정, 흑자 전환 / 최대 악재: 화재, 리콜, 수요 둔화, 적자 확대","악재 영향 예상: -6.7~-12.2% (9,754원 부근까지 경계) · 회복 기준 11,608원 돌파","악재 뉴스: 후성 주가, 5월 18일 12,080원 2.20% 상승 마감 (2026-05-18) · 최대 호재: 수주, IRA 수혜, 리튬 가격 안정, 흑자 전환 / 최대 악재: 화재, 리콜, 수요 둔화, 적자 확대"
씨아이에스,222080.KQ,ok,국장,해당 없음,0.0,0.0,0.0,,,0,해당 없음,0.0,0.0,,,,0.0,0.0,,,-8.0,본장 전/초반 1시간 약세 · 초반 -3.39% · 방어 우선,6.0,양호,1분봉 양호 · 장중 -4.34% · 최근 +0.17%,AI 관망,0,지금은 확실한 우위가 부족합니다.,2차전지장비,보류,🚫 제외,리스크 과다,0,18.0,12.0,0.0,0.0,4.0,2.0,40.0,False,False,중립장,11.0,12260.0,12750.0,naver_realtime,naver_realtime_calculated,-3.84,-7.68,0.08,0.17,0.13,False,19711566700.0,24.8,False,10.54,일반 모멘텀,"건전한 갭 상승, 뉴스 키워드: 보통 호재: 투자, 1분봉 양호 · 장중 -4.34% · 최근 +0.17%","변동성 과다, 본장 전/초반 1시간 약세 · 초반 -3.39% · 방어 우선, 매수 확인 부족: 거래량 0.17x / 거래대금 0.13x, 리스크 34 이상으로 신규 관심 제외, 2차전지장비 섹터 약세",수급 수집 실패,unavailable,0.0,0.0,보통 호재: 투자,google_news,"호재 뉴스: ""피투자사 기업가치만 2조 육박""…드림씨아이에스, '동반성장형 SI' 결실 본격화 - v.daum.net (2026-05-19)",medium,"""피투자사 기업가치만 2조 육박""…드림씨아이에스, '동반성장형 SI' 결실 본격화 - v.daum.net (2026-05-19) | ＂피투자사 기업가치만 2조 육박＂…드림씨아이에스, ＇동반성장형 SI＇ 결실 본격화 (2026-05-19)","naver_daily, naver_realtime, news:google_news, flow:unavailable, intraday_1m",0.0,6.0,2차전지장비 섹터 약세,2026-05-19 21:07:50 PDT,5,"관망 · 호재 뉴스: ""피투자사 기업가치만 2조 육박""…드림씨아이에스, '동반성장형 SI' 결실 본격화 - v.daum.net (202",선행 신호 대기,놓침 위험 낮음,시장 방어장 · 신규 매수는 작게,급변 감지 · 당일 -7.68%,"2차전지장비 흐름 · 평균 -8.87% · 거래량 0.4배 · 대표 윤성에프앤씨, 씨아이에스, 하나기술",방어장 · 평균 -5.68% · 하락비중 91% · 현금 비중 높게,수급 수집 실패,대표 테마 연결 대기,"기준 현재가 12,260 · 손절 참고 10,968 · 1차 익절 참고 13,875","최대 호재: 수주, IRA 수혜, 리튬 가격 안정, 흑자 전환 / 최대 악재: 화재, 리콜, 수요 둔화, 적자 확대","호재 영향 예상: +4.3~+7.9% (13,229원 부근까지 시도) · 이탈 기준 11,679원","호재 뉴스: ""피투자사 기업가치만 2조 육박""…드림씨아이에스, '동반성장형 SI' 결실 본격화 - v.daum.net (2026-05-19) · 최대 호재: 수주, IRA 수혜, 리튬 가격 안정, 흑자 전환 / 최대 악재: 화재, 리콜, 수요 둔화, 적자 확대"
하나기술,299030.KQ,ok,국장,해당 없음,0.0,0.0,0.0,,,0,해당 없음,0.0,0.0,,,,0.0,0.0,,,-8.0,본장 전/초반 1시간 약세 · 초반 -4.04% · 방어 우선,0.0,중립,1분봉 중립 · 장중 -5.39% · 최근 +0.00%,AI 관망,0,지금은 확실한 우위가 부족합니다.,2차전지장비,보류,🚫 제외,리스크 과다,0,5.0,0.0,0.0,0.0,3.0,2.0,67.0,False,True,중립장,11.0,21000.0,22400.0,naver_realtime,naver_realtime_calculated,-6.25,-9.68,4.09,0.43,0.31,False,695562000.0,5.3,False,8.13,일반 모멘텀,"뉴스 키워드: 약한 호재: 상승, 확대","갭 상승 과열, 변동성 과다, 거래대금 부족, 뉴스 호재 강도 약함, 본장 전/초반 1시간 약세 · 초반 -4.04% · 방어 우선, 매수 확인 부족: 거래량 0.43x / 거래대금 0.31x, 리스크 61 이상으로 신규 관심 제외, 2차전지장비 섹터 약세",수급 수집 실패,unavailable,0.0,0.0,"약한 호재: 상승, 확대",google_news,"호재 뉴스: DS단석, +7.53% 상승폭 확대 (2026-05-06)",weak,"DS단석, +7.53% 상승폭 확대 (2026-05-06)","naver_daily, naver_realtime, news:google_news, flow:unavailable, intraday_1m",0.0,6.0,2차전지장비 섹터 약세,2026-05-19 21:07:50 PDT,4,"관망 · 호재 뉴스: DS단석, +7.53% 상승폭 확대 (2026-05-06)",선행 신호 대기,놓침 위험 낮음,시장 방어장 · 신규 매수는 작게,급변 감지 · 당일 -9.68%,"2차전지장비 흐름 · 평균 -8.87% · 거래량 0.4배 · 대표 윤성에프앤씨, 씨아이에스, 하나기술",방어장 · 평균 -5.68% · 하락비중 91% · 현금 비중 높게,수급 수집 실패,대표 테마 연결 대기,"기준 현재가 21,000 · 손절 참고 19,293 · 1차 익절 참고 23,134","최대 호재: 수주, IRA 수혜, 리튬 가격 안정, 흑자 전환 / 최대 악재: 화재, 리콜, 수요 둔화, 적자 확대","호재 영향 예상: +3.4~+6.1% (22,280원 부근까지 시도) · 이탈 기준 20,232원","호재 뉴스: DS단석, +7.53% 상승폭 확대 (2026-05-06) · 최대 호재: 수주, IRA 수혜, 리튬 가격 안정, 흑자 전환 / 최대 악재: 화재, 리콜, 수요 둔화, 적자 확대"
SNT다이내믹스,003570.KS,ok,국장,해당 없음,0.0,0.0,0.0,,,0,해당 없음,0.0,0.0,,,,0.0,0.0,,,-8.0,본장 전/초반 1시간 약세 · 초반 -1.54% · 방어 우선,0.0,중립,1분봉 중립 · 장중 -5.43% · 최근 -0.54%,AI 관망,0,지금은 확실한 우위가 부족합니다.,방산,보류,🚫 제외,리스크 과다,0,2.0,0.0,0.0,0.0,0.0,2.0,66.0,False,False,중립장,11.0,46700.0,49550.0,naver_realtime,naver_realtime_calculated,-5.75,-3.91,-3.6,0.86,0.74,False,4895841200.0,34.6,False,8.0,일반 모멘텀,-,"갭 하락 경계, 변동성 과다, 뉴스 리스크: 악재: 감소, 지분율, 주식등의 수, 본장 전/초반 1시간 약세 · 초반 -1.54% · 방어 우선, 매수 확인 부족: 거래량 0.86x / 거래대금 0.74x, 리스크 60 이상으로 신규 관심 제외, 방산 섹터 약세",수급 수집 실패,unavailable,0.0,0.0,"악재: 감소, 지분율, 주식등의 수",google_news,악재 뉴스: [Who Is ?] 박재석 SNT다이내믹스 대표이사 사장 (2026-05-20),none,[Who Is ?] 박재석 SNT다이내믹스 대표이사 사장 (2026-05-20) | 5월 12일 주식시장 주요공시 - catchnews.kr (2026-05-13),"naver_daily, naver_realtime, news:google_news, flow:unavailable, intraday_1m",0.0,6.0,방산 섹터 약세,2026-05-19 21:07:50 PDT,0,관망 · 악재 뉴스: [Who Is ?] 박재석 SNT다이내믹스 대표이사 사장 (2026-05-20),선행 신호 대기,놓침 위험 낮음,시장 방어장 · 신규 매수는 작게,급변 신호 없음,"방산 흐름 · 평균 -3.02% · 거래량 1.2배 · 대표 한화에어로스페이스, LIG넥스원, 한화시스템",방어장 · 평균 -5.68% · 하락비중 91% · 현금 비중 높게,수급 수집 실패,대표 테마 연결 대기,"기준 현재가 46,700 · 손절 참고 42,964 · 1차 익절 참고 51,370","최대 호재: 수주, 계약, 실적 개선, 정책 수혜 / 최대 악재: 실적 부진, 규제, 원가 상승, 수요 둔화","악재 영향 예상: -6.6~-12.0% (41,096원 부근까지 경계) · 회복 기준 48,381원 돌파","악재 뉴스: [Who Is ?] 박재석 SNT다이내믹스 대표이사 사장 (2026-05-20) · 최대 호재: 수주, 계약, 실적 개선, 정책 수혜 / 최대 악재: 실적 부진, 규제, 원가 상승, 수요 둔화"
DI동일,001530.KS,ok,국장,해당 없음,0.0,0.0,0.0,,,0,해당 없음,0.0,0.0,,,,0.0,0.0,,,-8.0,본장 전/초반 1시간 약세 · 초반 -4.01% · 방어 우선,14.0,강함,1분봉 강함 · 장중 -1.40% · 최근 +2.17% · 거래 4.4배,AI 관망,0,지금은 확실한 우위가 부족합니다.,알루미늄,보류,🚫 제외,리스크 과다,0,20.0,18.0,0.0,0.0,0.0,2.0,40.0,False,False,중립장,11.0,28250.0,28150.0,naver_realtime,naver_realtime_calculated,0.36,1.8,1.08,0.52,0.5,False,2662675500.0,36.3,False,7.33,일반 모멘텀,"건전한 갭 상승, 1분봉 강함 · 장중 -1.40% · 최근 +2.17% · 거래 4.4배","변동성 과다, 뉴스 호재 강도 약함, 본장 전/초반 1시간 약세 · 초반 -4.01% · 방어 우선, 매수 확인 부족: 거래량 0.52x / 거래대금 0.50x, 리스크 34 이상으로 신규 관심 제외, 알루미늄 섹터 약세",수급 수집 실패,unavailable,0.0,0.0,약한 호재: 상승,google_news,"호재 뉴스: 동일씨앤이·플라즈마텍, 'ENVEX 2026'서 첨단 산업용 대기오염 방지 설비 공개 (2026-05-20)",weak,"동일씨앤이·플라즈마텍, 'ENVEX 2026'서 첨단 산업용 대기오염 방지 설비 공개 (2026-05-20) | 동일씨앤이·플라즈마텍, ENVEX 2026 참가…반도체·첨단산업 친환경 솔루션 공개 (2026-05-20)","naver_daily, naver_realtime, news:google_news, flow:unavailable, intraday_1m",0.0,6.0,알루미늄 섹터 약세,2026-05-19 21:07:50 PDT,16,"관망 · 추격 부담 낮음 · 호재 뉴스: 동일씨앤이·플라즈마텍, 'ENVEX 2026'서 첨단 산업용 대기오염 방지 설비 공개 (2026-05-20)",선행 신호 대기,놓침 위험 낮음,시장 방어장 · 신규 매수는 작게,급변 신호 없음,"알루미늄 흐름 · 평균 -3.11% · 거래량 0.4배 · 대표 삼아알미늄, DI동일, 피제이메탈",방어장 · 평균 -5.68% · 하락비중 91% · 현금 비중 높게,수급 수집 실패,대표 테마 연결 대기,"기준 현재가 28,250 · 손절 참고 26,179 · 1차 익절 참고 30,838","최대 호재: 수주, 계약, 실적 개선, 정책 수혜 / 최대 악재: 실적 부진, 규제, 원가 상승, 수요 둔화","호재 영향 예상: +3.0~+5.5% (29,803원 부근까지 시도) · 이탈 기준 27,318원","호재 뉴스: 동일씨앤이·플라즈마텍, 'ENVEX 2026'서 첨단 산업용 대기오염 방지 설비 공개 (2026-05-20) · 최대 호재: 수주, 계약, 실적 개선, 정책 수혜 / 최대 악재: 실적 부진, 규제, 원가 상승, 수요 둔화"
아이쓰리시스템,214430.KQ,ok,국장,해당 없음,0.0,0.0,0.0,,,0,해당 없음,0.0,0.0,,,,0.0,0.0,,,-8.0,본장 전/초반 1시간 약세 · 초반 -4.24% · 방어 우선,6.0,양호,1분봉 양호 · 장중 -3.52% · 최근 +0.38%,AI 관망,0,지금은 확실한 우위가 부족합니다.,방산,보류,🚫 제외,리스크 과다,0,21.0,12.0,0.0,0.0,7.0,2.0,40.0,False,False,중립장,11.0,79300.0,85500.0,naver_realtime,naver_realtime_calculated,-7.25,-4.92,1.8,0.96,0.77,False,5586209200.0,22.5,False,8.74,일반 모멘텀,"건전한 갭 상승, 뉴스 키워드: 보통 호재: 투자 / 약한 호재: 상승, 확대, 1분봉 양호 · 장중 -3.52% · 최근 +0.38%","변동성 과다, 본장 전/초반 1시간 약세 · 초반 -4.24% · 방어 우선, 매수 확인 부족: 거래량 0.96x / 거래대금 0.77x, 리스크 34 이상으로 신규 관심 제외, 방산 섹터 약세",수급 수집 실패,unavailable,0.0,0.0,"보통 호재: 투자 / 약한 호재: 상승, 확대",google_news,"호재 뉴스: 쎄트렉아이, -3.77% VI 발동 (2026-05-19)",medium,"쎄트렉아이, -3.77% VI 발동 (2026-05-19) | 라닉스, +9.57% VI 발동 (2026-05-19)","naver_daily, naver_realtime, news:google_news, flow:unavailable, intraday_1m",0.0,6.0,방산 섹터 약세,2026-05-19 21:07:50 PDT,11,"관망 · 호재 뉴스: 쎄트렉아이, -3.77% VI 발동 (2026-05-19)",선행 신호 대기,놓침 위험 낮음,시장 방어장 · 신규 매수는 작게,급변 신호 없음,"방산 흐름 · 평균 -3.02% · 거래량 1.2배 · 대표 한화에어로스페이스, LIG넥스원, 한화시스템",방어장 · 평균 -5.68% · 하락비중 91% · 현금 비중 높게,수급 수집 실패,대표 테마 연결 대기,"기준 현재가 79,300 · 손절 참고 72,369 · 1차 익절 참고 87,964","최대 호재: 수주, 계약, 실적 개선, 정책 수혜 / 최대 악재: 실적 부진, 규제, 원가 상승, 수요 둔화","호재 영향 예상: +3.6~+6.6% (84,498원 부근까지 시도) · 이탈 기준 76,181원","호재 뉴스: 쎄트렉아이, -3.77% VI 발동 (2026-05-19) · 최대 호재: 수주, 계약, 실적 개선, 정책 수혜 / 최대 악재: 실적 부진, 규제, 원가 상승, 수요 둔화"
세진중공업,075580.KS,ok,국장,해당 없음,0.0,0.0,0.0,,,0,해당 없음,0.0,0.0,,,,0.0,0.0,,,-8.0,본장 전/초반 1시간 약세 · 초반 -6.73% · 방어 우선,0.0,중립,1분봉 중립 · 장중 -7.47% · 최근 -0.20%,AI 관망,0,지금은 확실한 우위가 부족합니다.,조선기자재,보류,🚫 제외,리스크 과다,0,8.0,6.0,0.0,0.0,0.0,2.0,40.0,False,False,중립장,11.0,15010.0,15580.0,naver_realtime,naver_realtime_calculated,-3.66,-5.89,0.44,0.53,0.4,False,3175410530.0,9.9,False,7.62,일반 모멘텀,건전한 갭 상승,"변동성 과다, 본장 전/초반 1시간 약세 · 초반 -6.73% · 방어 우선, 매수 확인 부족: 거래량 0.53x / 거래대금 0.40x, 리스크 34 이상으로 신규 관심 제외, 조선기자재 섹터 약세",수급 수집 실패,unavailable,0.0,0.0,뉴스 중립,google_news,관련 뉴스: 218번째 기업분석 (2026-05-12),none,218번째 기업분석 (2026-05-12),"naver_daily, naver_realtime, news:google_news, flow:unavailable, intraday_1m",0.0,6.0,조선기자재 섹터 약세,2026-05-19 21:07:50 PDT,0,관망 · 관련 뉴스: 218번째 기업분석 (2026-05-12),선행 신호 대기,놓침 위험 낮음,시장 방어장 · 신규 매수는 작게,급변 신호 없음,"조선기자재 흐름 · 평균 -4.26% · 거래량 0.6배 · 대표 동성화인텍, 태광, 한화엔진",방어장 · 평균 -5.68% · 하락비중 91% · 현금 비중 높게,수급 수집 실패,대표 테마 연결 대기,"기준 현재가 15,010 · 손절 참고 13,866 · 1차 익절 참고 16,440","최대 호재: LNG선 수주, 선가 상승, 흑자 전환, 해양플랜트 수주 / 최대 악재: 인도 지연, 원가 상승, 노사 갈등, 수주 취소",뉴스 영향 예상: 방향성 약함 · 가격/거래량 확인 우선,"관련 뉴스: 218번째 기업분석 (2026-05-12) · 최대 호재: LNG선 수주, 선가 상승, 흑자 전환, 해양플랜트 수주 / 최대 악재: 인도 지연, 원가 상승, 노사 갈등, 수주 취소"
AP위성,211270.KQ,ok,국장,해당 없음,0.0,0.0,0.0,,,0,해당 없음,0.0,0.0,,,,0.0,0.0,,,-8.0,본장 전/초반 1시간 약세 · 초반 -7.15% · 방어 우선,0.0,중립,1분봉 중립 · 장중 -7.76% · 최근 -0.20%,AI 관망,0,지금은 확실한 우위가 부족합니다.,우주,보류,🚫 제외,리스크 과다,0,28.0,6.0,20.0,0.0,0.0,2.0,41.0,False,False,중립장,11.0,15250.0,16700.0,naver_realtime,naver_realtime_calculated,-8.68,-15.37,0.5,3.06,2.7,True,20171861250.0,45.9,False,8.72,거래량 폭발,"거래량/거래대금 폭발(3.1x/2.7x), 건전한 갭 상승","변동성 과다, 뉴스 리스크: 악재: 급락, 본장 전/초반 1시간 약세 · 초반 -7.15% · 방어 우선, 리스크 41 이상으로 신규 관심 제외",수급 수집 실패,unavailable,0.0,0.0,악재: 급락,google_news,"악재 뉴스: AP위성, 우주항공 섹터 강세 흐름 역행하며 7.33% 급락한 16,700원 마감 : 금융 (2026-05-19)",none,"AP위성, 우주항공 섹터 강세 흐름 역행하며 7.33% 급락한 16,700원 마감 : 금융 (2026-05-19) | [적중! 대박 예감] 'AP위성, 한화생명' 내일장 예감 좋은 대박 종목은? (2026-05-19)","naver_daily, naver_realtime, news:google_news, flow:unavailable, intraday_1m",,,섹터 확인 부족,2026-05-19 21:07:50 PDT,0,"관망 · 거래량 3.1배 · 악재 뉴스: AP위성, 우주항공 섹터 강세 흐름 역행하며 7.33% 급락한 16,700원 마감 : 금융 (2026-05-19)","조용한 자금 후보 · ok · 점수 29 · 10만원 이하(15,240원) / 뉴스 트리거 투자, 수주, 실적",놓칠 가능성 높음,급락 위험 · 거래량 3.1배 동반 하락,급변 감지 · 당일 -15.37%,우주 흐름 · 평균 -15.37% · 거래량 3.1배 · 대표 AP위성,방어장 · 평균 -5.68% · 하락비중 91% · 현금 비중 높게,수급 수집 실패,우주항공 → 위성 → 통신장비 → 소재,"기준 현재가 15,250 · 손절 참고 13,920 · 1차 익절 참고 16,912","최대 호재: 수주, 계약, 실적 개선, 정책 수혜 / 최대 악재: 실적 부진, 규제, 원가 상승, 수요 둔화","악재 영향 예상: -6.9~-12.6% (13,336원 부근까지 경계) · 회복 기준 15,848원 돌파","악재 뉴스: AP위성, 우주항공 섹터 강세 흐름 역행하며 7.33% 급락한 16,700원 마감 : 금융 (2026-05-19) · 최대 호재: 수주, 계약, 실적 개선, 정책 수혜 / 최대 악재: 실적 부진, 규제, 원가 상승, 수요 둔화"
일승,333430.KQ,ok,국장,해당 없음,0.0,0.0,0.0,,,0,해당 없음,0.0,0.0,,,,0.0,0.0,,,-8.0,본장 전/초반 1시간 약세 · 초반 -5.98% · 방어 우선,0.0,중립,1분봉 중립 · 장중 -6.49% · 최근 -0.11%,AI 관망,0,지금은 확실한 우위가 부족합니다.,조선기자재,보류,🚫 제외,리스크 과다,0,2.0,0.0,0.0,0.0,0.0,2.0,55.0,False,False,중립장,11.0,4550.0,4725.0,naver_realtime,naver_realtime_calculated,-3.7,-7.14,0.0,0.22,0.17,False,464909900.0,5.3,False,7.0,일반 모멘텀,-,"변동성 과다, 거래대금 부족, 본장 전/초반 1시간 약세 · 초반 -5.98% · 방어 우선, 매수 확인 부족: 거래량 0.22x / 거래대금 0.17x, 리스크 49 이상으로 신규 관심 제외, 조선기자재 섹터 약세",수급 수집 실패,unavailable,0.0,0.0,뉴스 수집 실패,none,뉴스를 가져오지 못해 가격 흐름만 참고하세요.,none,-,"naver_daily, naver_realtime, news:none, flow:unavailable, intraday_1m",0.0,6.0,조선기자재 섹터 약세,2026-05-19 21:07:50 PDT,0,관망 · 뉴스를 가져오지 못해 가격 흐름만 참고하세요.,선행 신호 대기,놓침 위험 낮음,시장 방어장 · 신규 매수는 작게,급변 감지 · 당일 -7.14%,"조선기자재 흐름 · 평균 -4.26% · 거래량 0.6배 · 대표 동성화인텍, 태광, 한화엔진",방어장 · 평균 -5.68% · 하락비중 91% · 현금 비중 높게,수급 수집 실패,대표 테마 연결 대기,"기준 현재가 4,550 · 손절 참고 4,232 · 1차 익절 참고 4,948","최대 호재: LNG선 수주, 선가 상승, 흑자 전환, 해양플랜트 수주 / 최대 악재: 인도 지연, 원가 상승, 노사 갈등, 수주 취소",뉴스 영향 예상: 방향성 약함 · 가격/거래량 확인 우선,"뉴스를 가져오지 못해 가격 흐름만 참고하세요. · 최대 호재: LNG선 수주, 선가 상승, 흑자 전환, 해양플랜트 수주 / 최대 악재: 인도 지연, 원가 상승, 노사 갈등, 수주 취소"
현대힘스,460930.KQ,ok,국장,해당 없음,0.0,0.0,0.0,,,0,해당 없음,0.0,0.0,,,,0.0,0.0,,,-8.0,본장 전/초반 1시간 약세 · 초반 -4.98% · 방어 우선,0.0,중립,1분봉 중립 · 장중 -7.19% · 최근 -0.18%,AI 관망,0,지금은 확실한 우위가 부족합니다.,조선기자재,보류,🚫 제외,리스크 과다,0,2.0,0.0,0.0,0.0,0.0,2.0,25.0,False,False,중립장,11.0,16560.0,16400.0,naver_realtime,naver_realtime_calculated,0.98,-3.78,-1.05,0.48,0.4,False,2991845520.0,11.6,False,5.38,일반 모멘텀,-,"본장 전/초반 1시간 약세 · 초반 -4.98% · 방어 우선, 매수 확인 부족: 거래량 0.48x / 거래대금 0.40x, 조선기자재 섹터 약세",수급 수집 실패,unavailable,0.0,0.0,뉴스 중립,google_news,"관련 뉴스: 현대힘스, 1분기 매출·영업이익·순이익 전 부문 동반 성장 (2026-05-14)",none,"현대힘스, 1분기 매출·영업이익·순이익 전 부문 동반 성장 (2026-05-14) | 현대힘스, 1분기 영업이익 85억…전년比 17.8%↑ (2026-05-14)","naver_daily, naver_realtime, news:google_news, flow:unavailable, intraday_1m",0.0,6.0,조선기자재 섹터 약세,2026-05-19 21:07:50 PDT,0,"관망 · 관련 뉴스: 현대힘스, 1분기 매출·영업이익·순이익 전 부문 동반 성장 (2026-05-14)",선행 신호 대기,놓침 위험 낮음,시장 방어장 · 신규 매수는 작게,급변 신호 없음,"조선기자재 흐름 · 평균 -4.26% · 거래량 0.6배 · 대표 동성화인텍, 태광, 한화엔진",방어장 · 평균 -5.68% · 하락비중 91% · 현금 비중 높게,수급 수집 실패,대표 테마 연결 대기,"기준 현재가 16,560 · 손절 참고 15,669 · 1차 익절 참고 17,674","최대 호재: LNG선 수주, 선가 상승, 흑자 전환, 해양플랜트 수주 / 최대 악재: 인도 지연, 원가 상승, 노사 갈등, 수주 취소",뉴스 영향 예상: 방향성 약함 · 가격/거래량 확인 우선,"관련 뉴스: 현대힘스, 1분기 매출·영업이익·순이익 전 부문 동반 성장 (2026-05-14) · 최대 호재: LNG선 수주, 선가 상승, 흑자 전환, 해양플랜트 수주 / 최대 악재: 인도 지연, 원가 상승, 노사 갈등, 수주 취소"
쎄트렉아이,099320.KQ,ok,국장,해당 없음,0.0,0.0,0.0,,,0,해당 없음,0.0,0.0,,,,0.0,0.0,,,-8.0,본장 전/초반 1시간 약세 · 초반 -8.07% · 방어 우선,6.0,양호,1분봉 양호 · 장중 -9.08% · 최근 +0.07%,AI 관망,0,지금은 확실한 우위가 부족합니다.,우주/방산,보류,🚫 제외,리스크 과다,0,14.0,12.0,0.0,0.0,0.0,2.0,34.0,False,False,중립장,11.0,137500.0,153000.0,naver_realtime,naver_realtime_calculated,-10.13,-17.66,1.32,1.04,0.83,True,22073287500.0,34.4,False,11.17,일반 모멘텀,"건전한 갭 상승, 1분봉 양호 · 장중 -9.08% · 최근 +0.07%","변동성 과다, 뉴스 호재 강도 약함, 본장 전/초반 1시간 약세 · 초반 -8.07% · 방어 우선, 리스크 34 이상으로 신규 관심 제외",수급 수집 실패,unavailable,0.0,0.0,약한 호재: 상승,google_news,"호재 뉴스: 쎄트렉아이, -3.77% VI 발동 (2026-05-19)",weak,"쎄트렉아이, -3.77% VI 발동 (2026-05-19) | 코스피 사이드카 딛고 7,500선 탈환 (2026-05-18)","naver_daily, naver_realtime, news:google_news, flow:unavailable, intraday_1m",,,섹터 확인 부족,2026-05-19 21:07:50 PDT,13,"관망 · 호재 뉴스: 쎄트렉아이, -3.77% VI 발동 (2026-05-19)",선행 신호 대기,놓침 위험 낮음,시장 방어장 · 신규 매수는 작게,급변 감지 · 당일 -17.66%,우주/방산 흐름 · 평균 -17.66% · 거래량 1.0배 · 대표 쎄트렉아이,방어장 · 평균 -5.68% · 하락비중 91% · 현금 비중 높게,수급 수집 실패,우주항공 → 위성 → 통신장비 → 소재,"기준 현재가 137,500 · 손절 참고 122,141 · 1차 익절 참고 156,698","최대 호재: 수주, 계약, 실적 개선, 정책 수혜 / 최대 악재: 실적 부진, 규제, 원가 상승, 수요 둔화","호재 영향 예상: +4.6~+8.4% (149,096원 부근까지 시도) · 이탈 기준 130,589원","호재 뉴스: 쎄트렉아이, -3.77% VI 발동 (2026-05-19) · 최대 호재: 수주, 계약, 실적 개선, 정책 수혜 / 최대 악재: 실적 부진, 규제, 원가 상승, 수요 둔화"
지투파워,388050.KQ,ok,국장,해당 없음,0.0,0.0,0.0,,,0,해당 없음,0.0,0.0,,,,0.0,0.0,,,-8.0,본장 전/초반 1시간 약세 · 초반 -5.04% · 방어 우선,0.0,중립,1분봉 중립 · 장중 -6.61% · 최근 -0.09%,AI 관망,0,지금은 확실한 우위가 부족합니다.,전력기기,보류,🚫 제외,리스크 과다,0,5.0,0.0,0.0,0.0,3.0,2.0,40.0,False,False,중립장,11.0,10840.0,11500.0,naver_realtime,naver_realtime_calculated,-5.74,-11.8,-0.33,0.29,0.21,False,5357561600.0,35.8,False,13.74,일반 모멘텀,"뉴스 키워드: 약한 호재: 확대, 돌파","변동성 과다, 뉴스 호재 강도 약함, 본장 전/초반 1시간 약세 · 초반 -5.04% · 방어 우선, 매수 확인 부족: 거래량 0.29x / 거래대금 0.21x, 리스크 34 이상으로 신규 관심 제외, 전력기기 섹터 약세",수급 수집 실패,unavailable,0.0,0.0,"약한 호재: 확대, 돌파",google_news,"호재 뉴스: 지투파워, 1분기 영업익 흑전…신재생에너지 사업 확대 '속도' (2026-05-14)",weak,"지투파워, 1분기 영업익 흑전…신재생에너지 사업 확대 '속도' (2026-05-14) | [생생한 주식쇼 생쇼] 코스피 7,000 돌파, 후발 주도주와 순환매를 준비할 시점 (2026-05-06)","naver_daily, naver_realtime, news:google_news, flow:unavailable, intraday_1m",0.0,6.0,전력기기 섹터 약세,2026-05-19 21:07:50 PDT,6,"관망 · 호재 뉴스: 지투파워, 1분기 영업익 흑전…신재생에너지 사업 확대 '속도' (2026-05-14)",선행 신호 대기,놓침 위험 낮음,시장 방어장 · 신규 매수는 작게,급변 감지 · 당일 -11.80%,"전력기기 흐름 · 평균 -8.75% · 거래량 0.3배 · 대표 비츠로테크, 산일전기, 세명전기",방어장 · 평균 -5.68% · 하락비중 91% · 현금 비중 높게,수급 수집 실패,전력 → 전선 → 구리 → 원전/데이터센터,"기준 현재가 10,840 · 손절 참고 9,539 · 1차 익절 참고 12,466","최대 호재: 전력망 투자, 변압기 수주, 데이터센터 전력, 송전망 증설 / 최대 악재: 정책 지연, 원가 상승, 납기 지연, 안전사고","호재 영향 예상: +5.0~+9.0% (11,816원 부근까지 시도) · 이탈 기준 10,255원","호재 뉴스: 지투파워, 1분기 영업익 흑전…신재생에너지 사업 확대 '속도' (2026-05-14) · 최대 호재: 전력망 투자, 변압기 수주, 데이터센터 전력, 송전망 증설 / 최대 악재: 정책 지연, 원가 상승, 납기 지연, 안전사고"
제일일렉트릭,199820.KQ,ok,국장,해당 없음,0.0,0.0,0.0,,,0,해당 없음,0.0,0.0,,,,0.0,0.0,,,-8.0,본장 전/초반 1시간 약세 · 초반 -5.05% · 방어 우선,6.0,양호,1분봉 양호 · 장중 -5.93% · 최근 +0.55%,AI 관망,0,지금은 확실한 우위가 부족합니다.,전력기기,보류,🚫 제외,리스크 과다,0,24.0,22.0,0.0,0.0,0.0,2.0,40.0,False,False,중립장,11.0,12880.0,13630.0,naver_realtime,naver_realtime_calculated,-5.5,-9.3,2.04,0.14,0.1,False,7131398400.0,53.3,False,18.3,일반 모멘텀,"RSI 건강 구간, 건전한 갭 상승, 1분봉 양호 · 장중 -5.93% · 최근 +0.55%","변동성 과다, 뉴스 호재 강도 약함, 본장 전/초반 1시간 약세 · 초반 -5.05% · 방어 우선, 매수 확인 부족: 거래량 0.14x / 거래대금 0.10x, 리스크 34 이상으로 신규 관심 제외, 전력기기 섹터 약세",수급 수집 실패,unavailable,0.0,0.0,약한 호재: 상승,google_news,호재 뉴스: [주식마감] 보스턴다이내믹스 美 상장 기대감에 ‘로봇주’ 강세... 모베이스전자·TPC로보틱스 등 상한가 (2026-05-12),weak,"[주식마감] 보스턴다이내믹스 美 상장 기대감에 ‘로봇주’ 강세... 모베이스전자·TPC로보틱스 등 상한가 (2026-05-12) | 제일일렉트릭 주가, 5월 12일 장중 16,940원 0.83% 상승 (2026-05-12)","naver_daily, naver_realtime, news:google_news, flow:unavailable, intraday_1m",0.0,6.0,전력기기 섹터 약세,2026-05-19 21:07:50 PDT,5,관망 · 호재 뉴스: [주식마감] 보스턴다이내믹스 美 상장 기대감에 ‘로봇주’ 강세... 모베이스전자·TPC로보틱스 등 상한가 (202,선행 신호 대기,놓침 위험 낮음,시장 방어장 · 신규 매수는 작게,급변 감지 · 당일 -9.30%,"전력기기 흐름 · 평균 -8.75% · 거래량 0.3배 · 대표 비츠로테크, 산일전기, 세명전기",방어장 · 평균 -5.68% · 하락비중 91% · 현금 비중 높게,수급 수집 실패,전력 → 전선 → 구리 → 원전/데이터센터,"기준 현재가 12,880 · 손절 참고 11,334 · 1차 익절 참고 14,812","최대 호재: 전력망 투자, 변압기 수주, 데이터센터 전력, 송전망 증설 / 최대 악재: 정책 지연, 원가 상승, 납기 지연, 안전사고","호재 영향 예상: +5.0~+9.0% (14,039원 부근까지 시도) · 이탈 기준 12,184원","호재 뉴스: [주식마감] 보스턴다이내믹스 美 상장 기대감에 ‘로봇주’ 강세... 모베이스전자·TPC로보틱스 등 상한가 (2026-05-12) · 최대 호재: 전력망 투자, 변압기 수주, 데이터센터 전력, 송전망 증설 / 최대 악재: 정책 지연, 원가 상승, 납기 지연, 안전사고"
그리드위즈,453450.KS,ok,국장,해당 없음,0.0,0.0,0.0,,,0,해당 없음,0.0,0.0,,,,0.0,0.0,,,0.0,1분봉 데이터 부족,0.0,대기,1분봉 데이터 부족,AI 관망,0,지금은 확실한 우위가 부족합니다.,전력/ESS,보류,🚫 제외,리스크 과다,0,2.0,0.0,0.0,0.0,0.0,2.0,41.0,False,False,중립장,11.0,17770.0,18860.0,naver_realtime,naver_realtime_calculated,-5.78,-7.64,0.0,0.18,0.13,False,959953170.0,18.5,False,11.63,일반 모멘텀,-,"변동성 과다, 거래대금 부족, 매수 확인 부족: 거래량 0.18x / 거래대금 0.13x, 리스크 41 이상으로 신규 관심 제외",수급 수집 실패,unavailable,0.0,0.0,뉴스 중립,google_news,관련 뉴스: 돈독한 종목 복기장 (2026-05-11),none,"돈독한 종목 복기장 (2026-05-11) | 그리드위즈, +8.96% 52주 신고가 (2026-05-07)","naver_daily, naver_realtime, news:google_news, flow:unavailable, intraday_1m",,,섹터 확인 부족,2026-05-19 21:07:50 PDT,0,관망 · 관련 뉴스: 돈독한 종목 복기장 (2026-05-11),선행 신호 대기,놓침 위험 낮음,시장 방어장 · 신규 매수는 작게,급변 감지 · 당일 -7.64%,전력/ESS 흐름 · 평균 -7.64% · 거래량 0.2배 · 대표 그리드위즈,방어장 · 평균 -5.68% · 하락비중 91% · 현금 비중 높게,수급 수집 실패,전력 → 전선 → 구리 → 원전/데이터센터,"기준 현재가 17,770 · 손절 참고 15,703 · 1차 익절 참고 20,353","최대 호재: 전력망 투자, 변압기 수주, 데이터센터 전력, 송전망 증설 / 최대 악재: 정책 지연, 원가 상승, 납기 지연, 안전사고",뉴스 영향 예상: 방향성 약함 · 가격/거래량 확인 우선,"관련 뉴스: 돈독한 종목 복기장 (2026-05-11) · 최대 호재: 전력망 투자, 변압기 수주, 데이터센터 전력, 송전망 증설 / 최대 악재: 정책 지연, 원가 상승, 납기 지연, 안전사고"
보성파워텍,006910.KQ,ok,국장,해당 없음,0.0,0.0,0.0,,,0,해당 없음,0.0,0.0,,,,0.0,0.0,,,-8.0,본장 전/초반 1시간 약세 · 초반 -3.05% · 방어 우선,6.0,양호,1분봉 양호 · 장중 -4.29% · 최근 +0.20%,AI 관망,0,지금은 확실한 우위가 부족합니다.,전력/원전,보류,🚫 제외,리스크 과다,0,12.0,6.0,0.0,0.0,4.0,2.0,48.0,False,False,중립장,11.0,10120.0,10600.0,naver_realtime,naver_realtime_calculated,-4.53,-9.88,-0.71,0.15,0.11,False,15864172720.0,41.9,False,14.27,일반 모멘텀,"뉴스 키워드: 보통 호재: 투자 / 악재: 하락, 1분봉 양호 · 장중 -4.29% · 최근 +0.20%","변동성 과다, 뉴스 리스크: 보통 호재: 투자 / 악재: 하락, 본장 전/초반 1시간 약세 · 초반 -3.05% · 방어 우선, 매수 확인 부족: 거래량 0.15x / 거래대금 0.11x, 리스크 42 이상으로 신규 관심 제외, 전력/원전 섹터 약세",수급 수집 실패,unavailable,0.0,0.0,보통 호재: 투자 / 악재: 하락,google_news,악재 뉴스: [속보] 보성파워텍 주가 상한가 도달…VI 발동되기도 (2026-05-17),medium,"[속보] 보성파워텍 주가 상한가 도달…VI 발동되기도 (2026-05-17) | 보성파워텍 주가, 5월 11일 13,800원에 하락세 마감 (2026-05-11)","naver_daily, naver_realtime, news:google_news, flow:unavailable, intraday_1m",0.0,6.0,전력/원전 섹터 약세,2026-05-19 21:07:50 PDT,0,관망 · 악재 뉴스: [속보] 보성파워텍 주가 상한가 도달…VI 발동되기도 (2026-05-17),선행 신호 대기,놓침 위험 낮음,시장 방어장 · 신규 매수는 작게,급변 감지 · 당일 -9.88%,"전력/원전 흐름 · 평균 -10.80% · 거래량 0.3배 · 대표 보성파워텍, 일진파워",방어장 · 평균 -5.68% · 하락비중 91% · 현금 비중 높게,수급 수집 실패,전력 → 전선 → 구리 → 원전/데이터센터,"기준 현재가 10,120 · 손절 참고 8,906 · 1차 익절 참고 11,638","최대 호재: 전력망 투자, 변압기 수주, 데이터센터 전력, 송전망 증설 / 최대 악재: 정책 지연, 원가 상승, 납기 지연, 안전사고","악재 영향 예상: -8.3~-15.1% (8,592원 부근까지 경계) · 회복 기준 10,666원 돌파","악재 뉴스: [속보] 보성파워텍 주가 상한가 도달…VI 발동되기도 (2026-05-17) · 최대 호재: 전력망 투자, 변압기 수주, 데이터센터 전력, 송전망 증설 / 최대 악재: 정책 지연, 원가 상승, 납기 지연, 안전사고"
일진파워,094820.KQ,ok,국장,해당 없음,0.0,0.0,0.0,,,0,해당 없음,0.0,0.0,,,,0.0,0.0,,,-8.0,본장 전/초반 1시간 약세 · 초반 -5.51% · 방어 우선,0.0,중립,1분봉 중립 · 장중 -7.07% · 최근 -0.14%,AI 관망,0,지금은 확실한 우위가 부족합니다.,전력/원전,보류,🚫 제외,리스크 과다,0,2.0,0.0,0.0,0.0,0.0,2.0,40.0,False,False,중립장,11.0,14700.0,15810.0,naver_realtime,naver_realtime_calculated,-7.02,-11.71,0.0,0.48,0.34,False,5060136900.0,20.7,False,11.05,일반 모멘텀,-,"변동성 과다, 본장 전/초반 1시간 약세 · 초반 -5.51% · 방어 우선, 매수 확인 부족: 거래량 0.48x / 거래대금 0.34x, 리스크 34 이상으로 신규 관심 제외, 전력/원전 섹터 약세",수급 수집 실패,unavailable,0.0,0.0,뉴스 중립,google_news,관련 뉴스: 일진파워(094820) (2026-05-18),none,일진파워(094820) (2026-05-18),"naver_daily, naver_realtime, news:google_news, flow:unavailable, intraday_1m",0.0,6.0,전력/원전 섹터 약세,2026-05-19 21:07:50 PDT,0,관망 · 관련 뉴스: 일진파워(094820) (2026-05-18),선행 신호 대기,놓침 위험 낮음,시장 방어장 · 신규 매수는 작게,급변 감지 · 당일 -11.71%,"전력/원전 흐름 · 평균 -10.80% · 거래량 0.3배 · 대표 보성파워텍, 일진파워",방어장 · 평균 -5.68% · 하락비중 91% · 현금 비중 높게,수급 수집 실패,전력 → 전선 → 구리 → 원전/데이터센터,"기준 현재가 14,700 · 손절 참고 13,076 · 1차 익절 참고 16,730","최대 호재: 전력망 투자, 변압기 수주, 데이터센터 전력, 송전망 증설 / 최대 악재: 정책 지연, 원가 상승, 납기 지연, 안전사고",뉴스 영향 예상: 방향성 약함 · 가격/거래량 확인 우선,"관련 뉴스: 일진파워(094820) (2026-05-18) · 최대 호재: 전력망 투자, 변압기 수주, 데이터센터 전력, 송전망 증설 / 최대 악재: 정책 지연, 원가 상승, 납기 지연, 안전사고"
한신기계,011700.KS,ok,국장,해당 없음,0.0,0.0,0.0,,,0,해당 없음,0.0,0.0,,,,0.0,0.0,,,-8.0,본장 전/초반 1시간 약세 · 초반 -4.44% · 방어 우선,0.0,중립,1분봉 중립 · 장중 -5.38% · 최근 -0.14%,AI 관망,0,지금은 확실한 우위가 부족합니다.,원전/기계,보류,🚫 제외,리스크 과다,0,2.0,0.0,0.0,0.0,0.0,2.0,49.0,False,False,중립장,11.0,3540.0,3730.0,naver_realtime,naver_realtime_calculated,-5.09,-8.76,-1.55,0.17,0.13,False,901333560.0,30.6,False,10.82,일반 모멘텀,-,"변동성 과다, 거래대금 부족, 본장 전/초반 1시간 약세 · 초반 -4.44% · 방어 우선, 매수 확인 부족: 거래량 0.17x / 거래대금 0.13x, 리스크 49 이상으로 신규 관심 제외",수급 수집 실패,unavailable,0.0,0.0,뉴스 중립,google_news,관련 뉴스: [공포 대신 체크리스트: 지금 한국 주식시장에서 개인이 해야 할 5가지] (2026-05-19),none,[공포 대신 체크리스트: 지금 한국 주식시장에서 개인이 해야 할 5가지] (2026-05-19) | [5/15 오늘의 실현 손익 리포트] _ #HD현대에너지솔루션 (2026-05-18),"naver_daily, naver_realtime, news:google_news, flow:unavailable, intraday_1m",,,섹터 확인 부족,2026-05-19 21:07:50 PDT,0,관망 · 관련 뉴스: [공포 대신 체크리스트: 지금 한국 주식시장에서 개인이 해야 할 5가지] (2026-05-19),선행 신호 대기,놓침 위험 낮음,시장 방어장 · 신규 매수는 작게,급변 감지 · 당일 -8.76%,원전/기계 흐름 · 평균 -8.76% · 거래량 0.2배 · 대표 한신기계,방어장 · 평균 -5.68% · 하락비중 91% · 현금 비중 높게,수급 수집 실패,원전 → 기자재 → 전력기기 → 방사선/검사,"기준 현재가 3,540 · 손절 참고 3,157 · 1차 익절 참고 4,019","최대 호재: SMR 수주, 원전 수출, 신규 원전, 정부 지원 / 최대 악재: 정책 지연, 인허가 지연, 안전 규제, 수주 취소",뉴스 영향 예상: 방향성 약함 · 가격/거래량 확인 우선,"관련 뉴스: [공포 대신 체크리스트: 지금 한국 주식시장에서 개인이 해야 할 5가지] (2026-05-19) · 최대 호재: SMR 수주, 원전 수출, 신규 원전, 정부 지원 / 최대 악재: 정책 지연, 인허가 지연, 안전 규제, 수주 취소"
서전기전,189860.KQ,ok,국장,해당 없음,0.0,0.0,0.0,,,0,해당 없음,0.0,0.0,,,,0.0,0.0,,,-8.0,본장 전/초반 1시간 약세 · 초반 -2.69% · 방어 우선,0.0,중립,1분봉 중립 · 장중 -4.53% · 최근 -0.15%,AI 관망,0,지금은 확실한 우위가 부족합니다.,전기설비,보류,🚫 제외,리스크 과다,0,38.0,36.0,0.0,0.0,0.0,2.0,44.0,False,False,중립장,11.0,6750.0,7080.0,naver_realtime,naver_realtime_calculated,-4.66,-9.15,0.4,0.13,0.1,False,1269465750.0,51.8,False,16.34,일반 모멘텀,"추세 상승, RSI 건강 구간, 건전한 갭 상승","변동성 과다, 뉴스 리스크: 악재: 하락, 본장 전/초반 1시간 약세 · 초반 -2.69% · 방어 우선, 매수 확인 부족: 거래량 0.13x / 거래대금 0.10x, 리스크 38 이상으로 신규 관심 제외, 전기설비 섹터 약세",수급 수집 실패,unavailable,0.0,0.0,악재: 하락,google_news,악재 뉴스: 두산에너빌리티 우리기술 하락세 금양그린파워 서전기전 원전주 다시 꿈틀…전력 인프라 핵심 부상하나 (2026-05-06),none,두산에너빌리티 우리기술 하락세 금양그린파워 서전기전 원전주 다시 꿈틀…전력 인프라 핵심 부상하나 (2026-05-06),"naver_daily, naver_realtime, news:google_news, flow:unavailable, intraday_1m",0.0,6.0,전기설비 섹터 약세,2026-05-19 21:07:50 PDT,0,관망 · 악재 뉴스: 두산에너빌리티 우리기술 하락세 금양그린파워 서전기전 원전주 다시 꿈틀…전력 인프라 핵심 부상하나 (2026-05-,선행 신호 대기,놓침 위험 낮음,시장 방어장 · 신규 매수는 작게,급변 감지 · 당일 -9.15%,"전기설비 흐름 · 평균 -6.74% · 거래량 0.5배 · 대표 광명전기, 효성중공업, LS ELECTRIC",방어장 · 평균 -5.68% · 하락비중 91% · 현금 비중 높게,수급 수집 실패,전력 → 전선 → 구리 → 원전/데이터센터,"기준 현재가 6,750 · 손절 참고 5,940 · 1차 익절 참고 7,762","최대 호재: 수주, 계약, 실적 개선, 정책 수혜 / 최대 악재: 실적 부진, 규제, 원가 상승, 수요 둔화","악재 영향 예상: -8.1~-14.7% (5,759원 부근까지 경계) · 회복 기준 7,114원 돌파","악재 뉴스: 두산에너빌리티 우리기술 하락세 금양그린파워 서전기전 원전주 다시 꿈틀…전력 인프라 핵심 부상하나 (2026-05-06) · 최대 호재: 수주, 계약, 실적 개선, 정책 수혜 / 최대 악재: 실적 부진, 규제, 원가 상승, 수요 둔화"
오르비텍,046120.KQ,ok,국장,해당 없음,0.0,0.0,0.0,,,0,해당 없음,0.0,0.0,,,,0.0,0.0,,,-8.0,본장 전/초반 1시간 약세 · 초반 -4.27% · 방어 우선,0.0,중립,1분봉 중립 · 장중 -0.45% · 최근 -0.67%,AI 관망,0,지금은 확실한 우위가 부족합니다.,원전/방사선,보류,🚫 제외,리스크 과다,0,2.0,0.0,0.0,0.0,0.0,2.0,38.0,False,False,중립장,11.0,8920.0,8920.0,naver_realtime,naver_realtime_calculated,0.0,-4.9,-0.11,0.13,0.1,False,2895521200.0,23.6,False,10.71,일반 모멘텀,-,"변동성 과다, 뉴스 리스크: 악재: 하락, 본장 전/초반 1시간 약세 · 초반 -4.27% · 방어 우선, 매수 확인 부족: 거래량 0.13x / 거래대금 0.10x, 리스크 38 이상으로 신규 관심 제외",수급 수집 실패,unavailable,0.0,0.0,악재: 하락,google_news,악재 뉴스: 오르비텍 주가 하락 중 (2026-05-20),none,"오르비텍 주가 하락 중 (2026-05-20) | 오르비텍, 원전해체 관련 국책과제 2건 선정 (2026-05-19)","naver_daily, naver_realtime, news:google_news, flow:unavailable, intraday_1m",,,섹터 확인 부족,2026-05-19 21:07:50 PDT,0,관망 · 악재 뉴스: 오르비텍 주가 하락 중 (2026-05-20),선행 신호 대기,놓침 위험 낮음,시장 방어장 · 신규 매수는 작게,급변 신호 없음,원전/방사선 흐름 · 평균 -4.90% · 거래량 0.1배 · 대표 오르비텍,방어장 · 평균 -5.68% · 하락비중 91% · 현금 비중 높게,수급 수집 실패,원전 → 기자재 → 전력기기 → 방사선/검사,"기준 현재가 8,920 · 손절 참고 7,965 · 1차 익절 참고 10,114","최대 호재: SMR 수주, 원전 수출, 신규 원전, 정부 지원 / 최대 악재: 정책 지연, 인허가 지연, 안전 규제, 수주 취소","악재 영향 예상: -8.1~-14.8% (7,602원 부근까지 경계) · 회복 기준 9,350원 돌파","악재 뉴스: 오르비텍 주가 하락 중 (2026-05-20) · 최대 호재: SMR 수주, 원전 수출, 신규 원전, 정부 지원 / 최대 악재: 정책 지연, 인허가 지연, 안전 규제, 수주 취소"
에너토크,019990.KQ,ok,국장,해당 없음,0.0,0.0,0.0,,,0,해당 없음,0.0,0.0,,,,0.0,0.0,,,-8.0,본장 전/초반 1시간 약세 · 초반 -4.21% · 방어 우선,0.0,중립,1분봉 중립 · 장중 -5.61% · 최근 -0.40%,AI 관망,0,지금은 확실한 우위가 부족합니다.,원전/밸브,보류,🚫 제외,리스크 과다,0,5.0,0.0,0.0,0.0,3.0,2.0,49.0,False,False,중립장,11.0,7440.0,7850.0,naver_realtime,naver_realtime_calculated,-5.22,-9.6,-2.07,0.28,0.21,False,768827280.0,27.5,False,11.04,일반 모멘텀,"뉴스 키워드: 약한 호재: 상승, 확대","변동성 과다, 거래대금 부족, 뉴스 호재 강도 약함, 본장 전/초반 1시간 약세 · 초반 -4.21% · 방어 우선, 매수 확인 부족: 거래량 0.28x / 거래대금 0.21x, 리스크 49 이상으로 신규 관심 제외",수급 수집 실패,unavailable,0.0,0.0,"약한 호재: 상승, 확대",google_news,"호재 뉴스: 대우건설, +3.86% VI 발동 (2026-05-18)",weak,"대우건설, +3.86% VI 발동 (2026-05-18) | 에너토크, +6.40% 상승폭 확대 (2026-05-18)","naver_daily, naver_realtime, news:google_news, flow:unavailable, intraday_1m",,,섹터 확인 부족,2026-05-19 21:07:50 PDT,4,"관망 · 호재 뉴스: 대우건설, +3.86% VI 발동 (2026-05-18)",선행 신호 대기,놓침 위험 낮음,시장 방어장 · 신규 매수는 작게,급변 감지 · 당일 -9.60%,원전/밸브 흐름 · 평균 -9.60% · 거래량 0.3배 · 대표 에너토크,방어장 · 평균 -5.68% · 하락비중 91% · 현금 비중 높게,수급 수집 실패,원전 → 기자재 → 전력기기 → 방사선/검사,"기준 현재가 7,440 · 손절 참고 6,619 · 1차 익절 참고 8,467","최대 호재: SMR 수주, 원전 수출, 신규 원전, 정부 지원 / 최대 악재: 정책 지연, 인허가 지연, 안전 규제, 수주 취소","호재 영향 예상: +4.6~+8.3% (8,056원 부근까지 시도) · 이탈 기준 7,070원","호재 뉴스: 대우건설, +3.86% VI 발동 (2026-05-18) · 최대 호재: SMR 수주, 원전 수출, 신규 원전, 정부 지원 / 최대 악재: 정책 지연, 인허가 지연, 안전 규제, 수주 취소"
수산인더스트리,126720.KS,ok,국장,해당 없음,0.0,0.0,0.0,,,0,해당 없음,0.0,0.0,,,,0.0,0.0,,,-8.0,본장 전/초반 1시간 약세 · 초반 -2.98% · 방어 우선,6.0,양호,1분봉 양호 · 장중 -2.98% · 최근 +0.18%,AI 관망,0,지금은 확실한 우위가 부족합니다.,원전/정비,보류,🚫 제외,리스크 과다,0,8.0,6.0,0.0,0.0,0.0,2.0,40.0,False,False,중립장,11.0,27750.0,29050.0,naver_realtime,naver_realtime_calculated,-4.48,-5.93,-0.68,0.56,0.48,False,1617741750.0,30.8,False,7.8,일반 모멘텀,1분봉 양호 · 장중 -2.98% · 최근 +0.18%,"변동성 과다, 본장 전/초반 1시간 약세 · 초반 -2.98% · 방어 우선, 매수 확인 부족: 거래량 0.56x / 거래대금 0.48x, 리스크 34 이상으로 신규 관심 제외, 원전/정비 섹터 약세",수급 수집 실패,unavailable,0.0,0.0,뉴스 수집 실패,none,뉴스를 가져오지 못해 가격 흐름만 참고하세요.,none,-,"naver_daily, naver_realtime, news:none, flow:unavailable, intraday_1m",0.0,6.0,원전/정비 섹터 약세,2026-05-19 21:07:50 PDT,0,관망 · 뉴스를 가져오지 못해 가격 흐름만 참고하세요.,선행 신호 대기,놓침 위험 낮음,시장 방어장 · 신규 매수는 작게,급변 신호 없음,"원전/정비 흐름 · 평균 -3.29% · 거래량 0.5배 · 대표 우진엔텍, 수산인더스트리",방어장 · 평균 -5.68% · 하락비중 91% · 현금 비중 높게,수급 수집 실패,원전 → 기자재 → 전력기기 → 방사선/검사,"기준 현재가 27,750 · 손절 참고 25,586 · 1차 익절 참고 30,456","최대 호재: SMR 수주, 원전 수출, 신규 원전, 정부 지원 / 최대 악재: 정책 지연, 인허가 지연, 안전 규제, 수주 취소",뉴스 영향 예상: 방향성 약함 · 가격/거래량 확인 우선,"뉴스를 가져오지 못해 가격 흐름만 참고하세요. · 최대 호재: SMR 수주, 원전 수출, 신규 원전, 정부 지원 / 최대 악재: 정책 지연, 인허가 지연, 안전 규제, 수주 취소"
우진엔텍,457550.KQ,ok,국장,해당 없음,0.0,0.0,0.0,,,0,해당 없음,0.0,0.0,,,,0.0,0.0,,,-8.0,본장 전/초반 1시간 약세 · 초반 -1.79% · 방어 우선,6.0,양호,1분봉 양호 · 장중 +0.67% · 최근 -0.66%,AI 관망,0,지금은 확실한 우위가 부족합니다.,원전/정비,보류,🚫 제외,리스크 과다,0,8.0,6.0,0.0,0.0,0.0,2.0,40.0,False,False,중립장,11.0,22950.0,22150.0,naver_realtime,naver_realtime_calculated,3.61,-0.65,-2.6,0.52,0.44,False,2459436750.0,23.5,False,7.25,일반 모멘텀,1분봉 양호 · 장중 +0.67% · 최근 -0.66%,"변동성 과다, 본장 전/초반 1시간 약세 · 초반 -1.79% · 방어 우선, 매수 확인 부족: 거래량 0.52x / 거래대금 0.44x, 리스크 34 이상으로 신규 관심 제외, 원전/정비 섹터 약세",수급 수집 실패,unavailable,0.0,0.0,뉴스 수집 실패,none,뉴스를 가져오지 못해 가격 흐름만 참고하세요.,none,-,"naver_daily, naver_realtime, news:none, flow:unavailable, intraday_1m",0.0,6.0,원전/정비 섹터 약세,2026-05-19 21:07:50 PDT,0,관망 · 추격 부담 낮음 · 뉴스를 가져오지 못해 가격 흐름만 참고하세요.,선행 신호 대기,놓침 위험 낮음,시장 방어장 · 신규 매수는 작게,급변 신호 없음,"원전/정비 흐름 · 평균 -3.29% · 거래량 0.5배 · 대표 우진엔텍, 수산인더스트리",방어장 · 평균 -5.68% · 하락비중 91% · 현금 비중 높게,수급 수집 실패,원전 → 기자재 → 전력기기 → 방사선/검사,"기준 현재가 22,950 · 손절 참고 21,286 · 1차 익절 참고 25,030","최대 호재: SMR 수주, 원전 수출, 신규 원전, 정부 지원 / 최대 악재: 정책 지연, 인허가 지연, 안전 규제, 수주 취소",뉴스 영향 예상: 방향성 약함 · 가격/거래량 확인 우선,"뉴스를 가져오지 못해 가격 흐름만 참고하세요. · 최대 호재: SMR 수주, 원전 수출, 신규 원전, 정부 지원 / 최대 악재: 정책 지연, 인허가 지연, 안전 규제, 수주 취소"
대창솔루션,096350.KQ,ok,국장,해당 없음,0.0,0.0,0.0,,,0,해당 없음,0.0,0.0,,,,0.0,0.0,,,-8.0,본장 전/초반 1시간 약세 · 초반 -2.11% · 방어 우선,0.0,중립,1분봉 중립 · 장중 -2.75% · 최근 +0.00%,AI 관망,0,지금은 확실한 우위가 부족합니다.,원전/기자재,보류,🚫 제외,리스크 과다,0,20.0,6.0,0.0,0.0,12.0,2.0,55.0,False,False,중립장,11.0,2305.0,2385.0,naver_realtime,naver_realtime_calculated,-3.35,-4.36,1.87,0.32,0.25,False,812353455.0,15.5,False,8.52,일반 모멘텀,"건전한 갭 상승, 뉴스 키워드: 강한 호재: 흑자 / 보통 호재: 실적","변동성 과다, 거래대금 부족, 본장 전/초반 1시간 약세 · 초반 -2.11% · 방어 우선, 매수 확인 부족: 거래량 0.32x / 거래대금 0.25x, 리스크 49 이상으로 신규 관심 제외, 원전/기자재 섹터 약세",수급 수집 실패,unavailable,0.0,0.0,강한 호재: 흑자 / 보통 호재: 실적,google_news,"호재 뉴스: 대창솔루션, 2026년 1분기 실적 발표...매출 145억 원 - Investing.com 한국어 (2026-05-13)",strong,"대창솔루션, 2026년 1분기 실적 발표...매출 145억 원 - Investing.com 한국어 (2026-05-13) | 5월 6일 주식시장 주요공시 - catchnews.kr (2026-05-07)","naver_daily, naver_realtime, news:google_news, flow:unavailable, intraday_1m",0.0,6.0,원전/기자재 섹터 약세,2026-05-19 21:07:50 PDT,3,"관망 · 호재 뉴스: 대창솔루션, 2026년 1분기 실적 발표...매출 145억 원 - Investing.com 한국어 (2026-05",선행 신호 대기,놓침 위험 낮음,시장 방어장 · 신규 매수는 작게,급변 신호 없음,"원전/기자재 흐름 · 평균 -6.54% · 거래량 0.2배 · 대표 대창솔루션, 삼영엠텍",방어장 · 평균 -5.68% · 하락비중 91% · 현금 비중 높게,수급 수집 실패,원전 → 기자재 → 전력기기 → 방사선/검사,"기준 현재가 2,305 · 손절 참고 2,109 · 1차 익절 참고 2,550","최대 호재: SMR 수주, 원전 수출, 신규 원전, 정부 지원 / 최대 악재: 정책 지연, 인허가 지연, 안전 규제, 수주 취소","호재 영향 예상: +5.2~+9.4% (2,521원 부근까지 시도) · 이탈 기준 2,217원","호재 뉴스: 대창솔루션, 2026년 1분기 실적 발표...매출 145억 원 - Investing.com 한국어 (2026-05-13) · 최대 호재: SMR 수주, 원전 수출, 신규 원전, 정부 지원 / 최대 악재: 정책 지연, 인허가 지연, 안전 규제, 수주 취소"
삼영엠텍,054540.KQ,ok,국장,해당 없음,0.0,0.0,0.0,,,0,해당 없음,0.0,0.0,,,,0.0,0.0,,,-8.0,본장 전/초반 1시간 약세 · 초반 -5.85% · 방어 우선,0.0,중립,1분봉 중립 · 장중 -7.46% · 최근 -0.20%,AI 관망,0,지금은 확실한 우위가 부족합니다.,원전/기자재,보류,🚫 제외,리스크 과다,0,2.0,0.0,0.0,0.0,0.0,2.0,40.0,False,False,중립장,11.0,9840.0,10250.0,naver_realtime,naver_realtime_calculated,-4.0,-8.72,-0.65,0.18,0.13,False,1375386000.0,5.7,False,8.3,일반 모멘텀,-,"변동성 과다, 뉴스 호재 강도 약함, 본장 전/초반 1시간 약세 · 초반 -5.85% · 방어 우선, 매수 확인 부족: 거래량 0.18x / 거래대금 0.13x, 리스크 34 이상으로 신규 관심 제외, 원전/기자재 섹터 약세",수급 수집 실패,unavailable,0.0,0.0,약한 호재: 확대,google_news,"호재 뉴스: 리서치알음 ""SY동아, 현대 아틀라스·LG 클로이드 정밀 구동부 부품 수요 확대 예상"" (2026-05-18)",weak,"리서치알음 ""SY동아, 현대 아틀라스·LG 클로이드 정밀 구동부 부품 수요 확대 예상"" (2026-05-18)","naver_daily, naver_realtime, news:google_news, flow:unavailable, intraday_1m",0.0,6.0,원전/기자재 섹터 약세,2026-05-19 21:07:50 PDT,5,"관망 · 호재 뉴스: 리서치알음 ""SY동아, 현대 아틀라스·LG 클로이드 정밀 구동부 부품 수요 확대 예상"" (2026-05-18)",선행 신호 대기,놓침 위험 낮음,시장 방어장 · 신규 매수는 작게,급변 감지 · 당일 -8.72%,"원전/기자재 흐름 · 평균 -6.54% · 거래량 0.2배 · 대표 대창솔루션, 삼영엠텍",방어장 · 평균 -5.68% · 하락비중 91% · 현금 비중 높게,수급 수집 실패,원전 → 기자재 → 전력기기 → 방사선/검사,"기준 현재가 9,840 · 손절 참고 9,023 · 1차 익절 참고 10,861","최대 호재: SMR 수주, 원전 수출, 신규 원전, 정부 지원 / 최대 악재: 정책 지연, 인허가 지연, 안전 규제, 수주 취소","호재 영향 예상: +3.4~+6.2% (10,453원 부근까지 시도) · 이탈 기준 9,472원","호재 뉴스: 리서치알음 ""SY동아, 현대 아틀라스·LG 클로이드 정밀 구동부 부품 수요 확대 예상"" (2026-05-18) · 최대 호재: SMR 수주, 원전 수출, 신규 원전, 정부 지원 / 최대 악재: 정책 지연, 인허가 지연, 안전 규제, 수주 취소"
SNT에너지,100840.KS,ok,국장,해당 없음,0.0,0.0,0.0,,,0,해당 없음,0.0,0.0,,,,0.0,0.0,,,-8.0,본장 전/초반 1시간 약세 · 초반 -3.73% · 방어 우선,6.0,양호,1분봉 양호 · 장중 -5.47% · 최근 +0.12%,AI 관망,0,지금은 확실한 우위가 부족합니다.,원전/에너지설비,보류,🚫 제외,리스크 과다,0,11.0,6.0,0.0,0.0,3.0,2.0,34.0,False,False,중립장,11.0,41050.0,43750.0,naver_realtime,naver_realtime_calculated,-6.17,-7.55,-0.9,0.52,0.39,False,7026528500.0,28.5,False,10.72,일반 모멘텀,"뉴스 키워드: 약한 호재: 상승, 확대, 1분봉 양호 · 장중 -5.47% · 최근 +0.12%","변동성 과다, 뉴스 호재 강도 약함, 본장 전/초반 1시간 약세 · 초반 -3.73% · 방어 우선, 매수 확인 부족: 거래량 0.52x / 거래대금 0.39x, 리스크 34 이상으로 신규 관심 제외",수급 수집 실패,unavailable,0.0,0.0,"약한 호재: 상승, 확대",google_news,"호재 뉴스: SNT에너지, +0.11% VI 발동 (2026-05-19)",weak,"SNT에너지, +0.11% VI 발동 (2026-05-19) | 앱튼, +3.91% 상승폭 확대 (2026-05-19)","naver_daily, naver_realtime, news:google_news, flow:unavailable, intraday_1m",,,섹터 확인 부족,2026-05-19 21:07:50 PDT,9,"관망 · 호재 뉴스: SNT에너지, +0.11% VI 발동 (2026-05-19)",선행 신호 대기,놓침 위험 낮음,시장 방어장 · 신규 매수는 작게,급변 감지 · 당일 -7.55%,원전/에너지설비 흐름 · 평균 -7.55% · 거래량 0.5배 · 대표 SNT에너지,방어장 · 평균 -5.68% · 하락비중 91% · 현금 비중 높게,수급 수집 실패,원전 → 기자재 → 전력기기 → 방사선/검사,"기준 현재가 41,050 · 손절 참고 36,649 · 1차 익절 참고 46,551","최대 호재: SMR 수주, 원전 수출, 신규 원전, 정부 지원 / 최대 악재: 정책 지연, 인허가 지연, 안전 규제, 수주 취소","호재 영향 예상: +4.4~+8.0% (44,350원 부근까지 시도) · 이탈 기준 39,070원","호재 뉴스: SNT에너지, +0.11% VI 발동 (2026-05-19) · 최대 호재: SMR 수주, 원전 수출, 신규 원전, 정부 지원 / 최대 악재: 정책 지연, 인허가 지연, 안전 규제, 수주 취소"
DL,000210.KS,ok,국장,해당 없음,0.0,0.0,0.0,,,0,해당 없음,0.0,0.0,,,,0.0,0.0,,,-8.0,본장 전/초반 1시간 약세 · 초반 -4.91% · 방어 우선,0.0,중립,1분봉 중립 · 장중 -4.91% · 최근 -0.38%,AI 관망,0,지금은 확실한 우위가 부족합니다.,지주/화학,보류,🚫 제외,리스크 과다,0,8.0,6.0,0.0,0.0,0.0,2.0,34.0,False,False,중립장,11.0,52600.0,55000.0,naver_realtime,naver_realtime_calculated,-4.36,-8.36,1.39,1.22,0.97,True,10825816400.0,34.8,False,9.4,일반 모멘텀,건전한 갭 상승,"변동성 과다, 뉴스 호재 강도 약함, 본장 전/초반 1시간 약세 · 초반 -4.91% · 방어 우선, 리스크 34 이상으로 신규 관심 제외",수급 수집 실패,unavailable,0.0,0.0,약한 호재: 상승,google_news,"호재 뉴스: ""대통령이 아니라 트레이더?""…전쟁 언급 뒤 주식 거래한 트럼프 (2026-05-18)",weak,"""대통령이 아니라 트레이더?""…전쟁 언급 뒤 주식 거래한 트럼프 (2026-05-18) | “삼전닉스 괜찮을까”…국민연금이 ‘국내 주식 85조’ 팔면 벌어질 일들 [잇슈 머니] (2026-05-18)","naver_daily, naver_realtime, news:google_news, flow:unavailable, intraday_1m",,,섹터 확인 부족,2026-05-19 21:07:50 PDT,14,"관망 · 거래량 1.2배 · 호재 뉴스: ""대통령이 아니라 트레이더?""…전쟁 언급 뒤 주식 거래한 트럼프 (2026-05-18)",선행 신호 대기,놓침 위험 낮음,시장 방어장 · 신규 매수는 작게,급변 감지 · 당일 -8.36%,지주/화학 흐름 · 평균 -8.36% · 거래량 1.2배 · 대표 DL,방어장 · 평균 -5.68% · 하락비중 91% · 현금 비중 높게,수급 수집 실패,대표 테마 연결 대기,"기준 현재가 52,600 · 손절 참고 47,656 · 1차 익절 참고 58,780","최대 호재: 수주, 계약, 실적 개선, 정책 수혜 / 최대 악재: 실적 부진, 규제, 원가 상승, 수요 둔화","호재 영향 예상: +4.0~+7.4% (56,470원 부근까지 시도) · 이탈 기준 50,375원","호재 뉴스: ""대통령이 아니라 트레이더?""…전쟁 언급 뒤 주식 거래한 트럼프 (2026-05-18) · 최대 호재: 수주, 계약, 실적 개선, 정책 수혜 / 최대 악재: 실적 부진, 규제, 원가 상승, 수요 둔화"
금호건설,002990.KS,ok,국장,해당 없음,0.0,0.0,0.0,,,0,해당 없음,0.0,0.0,,,,0.0,0.0,,,-8.0,본장 전/초반 1시간 약세 · 초반 -1.79% · 방어 우선,6.0,양호,1분봉 양호 · 장중 -1.43% · 최근 +0.24%,AI 관망,0,지금은 확실한 우위가 부족합니다.,건설/저평가,보류,🚫 제외,리스크 과다,0,14.0,12.0,0.0,0.0,0.0,2.0,65.0,False,False,중립장,11.0,4120.0,4235.0,naver_realtime,naver_realtime_calculated,-2.72,-5.4,0.57,0.6,0.47,False,506335640.0,21.7,False,7.03,일반 모멘텀,"건전한 갭 상승, 1분봉 양호 · 장중 -1.43% · 최근 +0.24%","변동성 과다, 거래대금 부족, 뉴스 호재 강도 약함, 뉴스 리스크: 약한 호재: 증가 / 악재: 하락, 감소, 본장 전/초반 1시간 약세 · 초반 -1.79% · 방어 우선, 매수 확인 부족: 거래량 0.60x / 거래대금 0.47x, 리스크 59 이상으로 신규 관심 제외, 건설/저평가 섹터 약세",수급 수집 실패,unavailable,0.0,0.0,"약한 호재: 증가 / 악재: 하락, 감소",google_news,"악재 뉴스: 금호건설, 부채비율 500% 상회…아시아나항공 주가 하락이 원인 (2026-05-20)",weak,"금호건설, 부채비율 500% 상회…아시아나항공 주가 하락이 원인 (2026-05-20) | 금호건설, 수익성 대폭 개선에도 자본 감소…아시아나항공 주가가 발목 (2026-05-19)","naver_daily, naver_realtime, news:google_news, flow:unavailable, intraday_1m",0.0,6.0,건설/저평가 섹터 약세,2026-05-19 21:07:50 PDT,0,"관망 · 악재 뉴스: 금호건설, 부채비율 500% 상회…아시아나항공 주가 하락이 원인 (2026-05-20)",선행 신호 대기,놓침 위험 낮음,시장 방어장 · 신규 매수는 작게,급변 신호 없음,"건설/저평가 흐름 · 평균 -6.94% · 거래량 0.6배 · 대표 코오롱글로벌, 동원개발, 금호건설",방어장 · 평균 -5.68% · 하락비중 91% · 현금 비중 높게,수급 수집 실패,우주항공 → 위성 → 통신장비 → 소재,"기준 현재가 4,120 · 손절 참고 3,830 · 1차 익절 참고 4,482","최대 호재: 대형 수주, 해외 수주, 정비사업 수주, 분양 완판 / 최대 악재: 철근 누락, 부실시공, 붕괴, 하자","악재 영향 예상: -4.9~-9.0% (3,751원 부근까지 경계) · 회복 기준 4,250원 돌파","악재 뉴스: 금호건설, 부채비율 500% 상회…아시아나항공 주가 하락이 원인 (2026-05-20) · 최대 호재: 대형 수주, 해외 수주, 정비사업 수주, 분양 완판 / 최대 악재: 철근 누락, 부실시공, 붕괴, 하자"
계룡건설,013580.KS,ok,국장,해당 없음,0.0,0.0,0.0,,,0,해당 없음,0.0,0.0,,,,0.0,0.0,,,-8.0,본장 전/초반 1시간 약세 · 초반 -2.64% · 방어 우선,0.0,중립,1분봉 중립 · 장중 -4.62% · 최근 -0.23%,AI 관망,0,지금은 확실한 우위가 부족합니다.,건설/저평가,보류,🚫 제외,리스크 과다,0,10.0,0.0,0.0,0.0,8.0,2.0,40.0,False,False,중립장,11.0,21800.0,23200.0,naver_realtime,naver_realtime_calculated,-6.03,-9.73,0.0,1.12,0.87,True,3101137200.0,12.2,False,6.37,일반 모멘텀,뉴스 키워드: 강한 호재: 수주,"변동성 과다, 본장 전/초반 1시간 약세 · 초반 -2.64% · 방어 우선, 리스크 34 이상으로 신규 관심 제외, 건설/저평가 섹터 약세",수급 수집 실패,unavailable,0.0,0.0,강한 호재: 수주,google_news,"호재 뉴스: [코스피·코스닥, 삼성중공업 한화 대우건설 신성이엔지 진흥기업 일진홀딩스 서진시스템 쏘카등 18일 주요공시] (2026-05-19)",strong,"[코스피·코스닥, 삼성중공업 한화 대우건설 신성이엔지 진흥기업 일진홀딩스 서진시스템 쏘카등 18일 주요공시] (2026-05-19) | 계룡건설 철인3종 선수단, 양산시장배 전국대회 금·동메달 (2026-05-18)","naver_daily, naver_realtime, news:google_news, flow:unavailable, intraday_1m",0.0,6.0,건설/저평가 섹터 약세,2026-05-19 21:07:50 PDT,12,"관망 · 호재 뉴스: [코스피·코스닥, 삼성중공업 한화 대우건설 신성이엔지 진흥기업 일진홀딩스 서진시스템 쏘카등 18일 주요공시] (2",선행 신호 대기,놓침 위험 낮음,시장 방어장 · 신규 매수는 작게,급변 감지 · 당일 -9.73%,"건설/저평가 흐름 · 평균 -6.94% · 거래량 0.6배 · 대표 코오롱글로벌, 동원개발, 금호건설",방어장 · 평균 -5.68% · 하락비중 91% · 현금 비중 높게,수급 수집 실패,건설 → 건자재 → 철근/시멘트 → 리츠,"기준 현재가 21,800 · 손절 참고 20,411 · 1차 익절 참고 23,536","최대 호재: 대형 수주, 해외 수주, 정비사업 수주, 분양 완판 / 최대 악재: 철근 누락, 부실시공, 붕괴, 하자","호재 영향 예상: +4.4~+7.9% (23,532원 부근까지 시도) · 이탈 기준 21,175원","호재 뉴스: [코스피·코스닥, 삼성중공업 한화 대우건설 신성이엔지 진흥기업 일진홀딩스 서진시스템 쏘카등 18일 주요공시] (2026-05-19) · 최대 호재: 대형 수주, 해외 수주, 정비사업 수주, 분양 완판 / 최대 악재: 철근 누락, 부실시공, 붕괴, 하자"
동부건설,005960.KS,ok,국장,해당 없음,0.0,0.0,0.0,,,0,해당 없음,0.0,0.0,,,,0.0,0.0,,,-8.0,본장 전/초반 1시간 약세 · 초반 -3.50% · 방어 우선,6.0,양호,1분봉 양호 · 장중 -4.58% · 최근 +0.28%,AI 관망,0,지금은 확실한 우위가 부족합니다.,건설/저평가,보류,🚫 제외,리스크 과다,0,16.0,6.0,0.0,0.0,8.0,2.0,55.0,False,False,중립장,11.0,7090.0,7450.0,naver_realtime,naver_realtime_calculated,-4.83,-5.59,-0.13,0.54,0.42,False,618659220.0,22.2,False,7.21,일반 모멘텀,"뉴스 키워드: 강한 호재: 흑자, 1분봉 양호 · 장중 -4.58% · 최근 +0.28%","변동성 과다, 거래대금 부족, 본장 전/초반 1시간 약세 · 초반 -3.50% · 방어 우선, 매수 확인 부족: 거래량 0.54x / 거래대금 0.42x, 리스크 49 이상으로 신규 관심 제외, 건설/저평가 섹터 약세",수급 수집 실패,unavailable,0.0,0.0,강한 호재: 흑자,google_news,"호재 뉴스: [건설사 자금조달 진단] 동부건설, 신영증권과 '단기차입' 동행 지속 (2026-05-19)",strong,"[건설사 자금조달 진단] 동부건설, 신영증권과 '단기차입' 동행 지속 (2026-05-19) | LH, 인천검단 아파트 공사 관련 동부건설에 320억원대 손배소 제기 (2026-05-15)","naver_daily, naver_realtime, news:google_news, flow:unavailable, intraday_1m",0.0,6.0,건설/저평가 섹터 약세,2026-05-19 21:07:50 PDT,5,"관망 · 호재 뉴스: [건설사 자금조달 진단] 동부건설, 신영증권과 '단기차입' 동행 지속 (2026-05-19)",선행 신호 대기,놓침 위험 낮음,시장 방어장 · 신규 매수는 작게,급변 신호 없음,"건설/저평가 흐름 · 평균 -6.94% · 거래량 0.6배 · 대표 코오롱글로벌, 동원개발, 금호건설",방어장 · 평균 -5.68% · 하락비중 91% · 현금 비중 높게,수급 수집 실패,건설 → 건자재 → 철근/시멘트 → 리츠,"기준 현재가 7,090 · 손절 참고 6,579 · 1차 익절 참고 7,729","최대 호재: 대형 수주, 해외 수주, 정비사업 수주, 분양 완판 / 최대 악재: 철근 누락, 부실시공, 붕괴, 하자","호재 영향 예상: +4.6~+8.4% (7,686원 부근까지 시도) · 이탈 기준 6,860원","호재 뉴스: [건설사 자금조달 진단] 동부건설, 신영증권과 '단기차입' 동행 지속 (2026-05-19) · 최대 호재: 대형 수주, 해외 수주, 정비사업 수주, 분양 완판 / 최대 악재: 철근 누락, 부실시공, 붕괴, 하자"
DGB금융지주,139130.KS,ok,국장,해당 없음,0.0,0.0,0.0,,,0,해당 없음,0.0,0.0,,,,0.0,0.0,,,-8.0,본장 전/초반 1시간 약세 · 초반 -2.46% · 방어 우선,0.0,중립,1분봉 중립 · 장중 -4.38% · 최근 -0.17%,AI 관망,0,지금은 확실한 우위가 부족합니다.,금융/저PBR,보류,대기,매매 근거 부족,0,8.0,6.0,0.0,0.0,0.0,2.0,19.0,False,False,중립장,11.0,17850.0,18330.0,naver_realtime,naver_realtime_calculated,-2.62,-0.34,1.4,0.74,0.7,False,9361093350.0,43.8,False,4.37,일반 모멘텀,건전한 갭 상승,"본장 전/초반 1시간 약세 · 초반 -2.46% · 방어 우선, 매수 확인 부족: 거래량 0.74x / 거래대금 0.70x",수급 수집 실패,unavailable,0.0,0.0,뉴스 중립,google_news,"관련 뉴스: [공시분석] OK저축은행, BNK금융 지분 5.17% 확보…‘지방금융 빅3’ 지배구조 흔드는 거대 주주로 부상 (2026-05-19)",none,"[공시분석] OK저축은행, BNK금융 지분 5.17% 확보…‘지방금융 빅3’ 지배구조 흔드는 거대 주주로 부상 (2026-05-19) | OK저축은행, 출범 후 첫 배당...자본 '재배치' 활용 (2026-05-14)","naver_daily, naver_realtime, news:google_news, flow:unavailable, intraday_1m",0.0,0.0,중립,2026-05-19 21:07:50 PDT,3,"관망 · 추격 부담 낮음 · 관련 뉴스: [공시분석] OK저축은행, BNK금융 지분 5.17% 확보…‘지방금융 빅3’ 지배구조 흔드는 거대 주주로 부상 (",선행 신호 대기,놓침 위험 낮음,시장 방어장 · 신규 매수는 작게,급변 신호 없음,"금융/저PBR 흐름 · 평균 -1.33% · 거래량 0.8배 · 대표 JB금융지주, DGB금융지주, BNK금융지주",방어장 · 평균 -5.68% · 하락비중 91% · 현금 비중 높게,수급 수집 실패,대표 테마 연결 대기,"기준 현재가 17,850 · 손절 참고 17,070 · 1차 익절 참고 18,825","최대 호재: 금리 수혜, 주주환원, 배당 확대, 자사주 / 최대 악재: PF 손실, 충당금, 연체율, 규제",뉴스 영향 예상: 방향성 약함 · 가격/거래량 확인 우선,"관련 뉴스: [공시분석] OK저축은행, BNK금융 지분 5.17% 확보…‘지방금융 빅3’ 지배구조 흔드는 거대 주주로 부상 (2026-05-19) · 최대 호재: 금리 수혜, 주주환원, 배당 확대, 자사주 / 최대 악재: PF 손실, 충당금, 연체율, 규제"
BNK금융지주,138930.KS,ok,국장,해당 없음,0.0,0.0,0.0,,,0,해당 없음,0.0,0.0,,,,0.0,0.0,,,-8.0,본장 전/초반 1시간 약세 · 초반 -2.24% · 방어 우선,0.0,중립,1분봉 중립 · 장중 -3.74% · 최근 -0.42%,AI 관망,0,지금은 확실한 우위가 부족합니다.,금융/저PBR,보류,🚫 제외,리스크 과다,0,8.0,6.0,0.0,0.0,0.0,2.0,29.0,False,False,중립장,11.0,16700.0,17260.0,naver_realtime,naver_realtime_calculated,-3.24,-3.24,0.98,0.77,0.71,False,15654446400.0,20.2,False,3.56,일반 모멘텀,건전한 갭 상승,"뉴스 호재 강도 약함, 뉴스 리스크: 약한 호재: 확대 / 악재: 지분율, 주식등의 수, 본장 전/초반 1시간 약세 · 초반 -2.24% · 방어 우선, 매수 확인 부족: 거래량 0.77x / 거래대금 0.71x, 리스크 29 이상으로 신규 관심 제외",수급 수집 실패,unavailable,0.0,0.0,"약한 호재: 확대 / 악재: 지분율, 주식등의 수",google_news,"악재 뉴스: [공시분석] OK저축은행, BNK금융 지분 5.17% 확보…‘지방금융 빅3’ 지배구조 흔드는 거대 주주로 부상 (2026-05-19)",weak,"[공시분석] OK저축은행, BNK금융 지분 5.17% 확보…‘지방금융 빅3’ 지배구조 흔드는 거대 주주로 부상 (2026-05-19) | BNK금융지주 주주 오케이저축은행, BNK금융지주 주식등의 수 1605만189주 신규 보고…총 지분율 5.17% (2026-05-19)","naver_daily, naver_realtime, news:google_news, flow:unavailable, intraday_1m",0.0,0.0,중립,2026-05-19 21:07:50 PDT,0,"관망 · 악재 뉴스: [공시분석] OK저축은행, BNK금융 지분 5.17% 확보…‘지방금융 빅3’ 지배구조 흔드는 거대 주주로 부상 (",선행 신호 대기,놓침 위험 낮음,시장 방어장 · 신규 매수는 작게,급변 신호 없음,"금융/저PBR 흐름 · 평균 -1.33% · 거래량 0.8배 · 대표 JB금융지주, DGB금융지주, BNK금융지주",방어장 · 평균 -5.68% · 하락비중 91% · 현금 비중 높게,수급 수집 실패,대표 테마 연결 대기,"기준 현재가 16,700 · 손절 참고 16,105 · 1차 익절 참고 17,443","최대 호재: 금리 수혜, 주주환원, 배당 확대, 자사주 / 최대 악재: PF 손실, 충당금, 연체율, 규제","악재 영향 예상: -3.0~-4.6% (15,933원 부근까지 경계) · 회복 기준 17,034원 돌파","악재 뉴스: [공시분석] OK저축은행, BNK금융 지분 5.17% 확보…‘지방금융 빅3’ 지배구조 흔드는 거대 주주로 부상 (2026-05-19) · 최대 호재: 금리 수혜, 주주환원, 배당 확대, 자사주 / 최대 악재: PF 손실, 충당금, 연체율, 규제"
코오롱글로벌,003070.KS,ok,국장,해당 없음,0.0,0.0,0.0,,,0,해당 없음,0.0,0.0,,,,0.0,0.0,,,-8.0,본장 전/초반 1시간 약세 · 초반 -1.92% · 방어 우선,6.0,양호,1분봉 양호 · 장중 -1.42% · 최근 +0.93%,AI 관망,0,지금은 확실한 우위가 부족합니다.,건설/저평가,보류,🚫 제외,리스크 과다,0,19.0,6.0,0.0,0.0,11.0,2.0,59.0,False,False,중립장,11.0,9710.0,9970.0,naver_realtime,naver_realtime_calculated,-2.61,-3.57,0.0,0.48,0.42,False,454991180.0,27.1,False,6.39,일반 모멘텀,"뉴스 키워드: 강한 호재: 수주 / 약한 호재: 증가 / 악재: 지분율, 1분봉 양호 · 장중 -1.42% · 최근 +0.93%","변동성 과다, 거래대금 부족, 뉴스 리스크: 강한 호재: 수주 / 약한 호재: 증가 / 악재: 지분율, 본장 전/초반 1시간 약세 · 초반 -1.92% · 방어 우선, 매수 확인 부족: 거래량 0.48x / 거래대금 0.42x, 리스크 53 이상으로 신규 관심 제외, 건설/저평가 섹터 약세",수급 수집 실패,unavailable,0.0,0.0,강한 호재: 수주 / 약한 호재: 증가 / 악재: 지분율,google_news,악재 뉴스: 5월 15일 주식시장 주요공시 - catchnews.kr (2026-05-18),strong,5월 15일 주식시장 주요공시 - catchnews.kr (2026-05-18) | [오늘의 주요공시] DB손해보험·코오롱글로벌·미래에셋생명 등 (2026-05-15),"naver_daily, naver_realtime, news:google_news, flow:unavailable, intraday_1m",0.0,6.0,건설/저평가 섹터 약세,2026-05-19 21:07:50 PDT,0,관망 · 악재 뉴스: 5월 15일 주식시장 주요공시 - catchnews.kr (2026-05-18),선행 신호 대기,놓침 위험 낮음,시장 방어장 · 신규 매수는 작게,급변 신호 없음,"건설/저평가 흐름 · 평균 -6.94% · 거래량 0.6배 · 대표 코오롱글로벌, 동원개발, 금호건설",방어장 · 평균 -5.68% · 하락비중 91% · 현금 비중 높게,수급 수집 실패,건설 → 건자재 → 철근/시멘트 → 리츠,"기준 현재가 9,710 · 손절 참고 9,090 · 1차 익절 참고 10,486","최대 호재: 대형 수주, 해외 수주, 정비사업 수주, 분양 완판 / 최대 악재: 철근 누락, 부실시공, 붕괴, 하자","악재 영향 예상: -5.3~-9.6% (8,779원 부근까지 경계) · 회복 기준 9,989원 돌파","악재 뉴스: 5월 15일 주식시장 주요공시 - catchnews.kr (2026-05-18) · 최대 호재: 대형 수주, 해외 수주, 정비사업 수주, 분양 완판 / 최대 악재: 철근 누락, 부실시공, 붕괴, 하자"
JB금융지주,175330.KS,ok,국장,해당 없음,0.0,0.0,0.0,,,0,해당 없음,0.0,0.0,,,,0.0,0.0,,,-8.0,본장 전/초반 1시간 약세 · 초반 -2.51% · 방어 우선,6.0,양호,1분봉 양호 · 장중 -2.70% · 최근 +0.40%,AI 관망,0,지금은 확실한 우위가 부족합니다.,금융/저PBR,보류,🚫 제외,리스크 과다,0,8.0,6.0,0.0,0.0,0.0,2.0,25.0,False,False,중립장,11.0,25150.0,25650.0,naver_realtime,naver_realtime_calculated,-1.95,-0.4,-0.2,0.94,0.88,True,12437932500.0,33.6,False,3.62,일반 모멘텀,1분봉 양호 · 장중 -2.70% · 최근 +0.40%,"뉴스 리스크: 악재: 매각, 본장 전/초반 1시간 약세 · 초반 -2.51% · 방어 우선, 리스크 25 이상으로 신규 관심 제외",수급 수집 실패,unavailable,0.0,0.0,악재: 매각,google_news,"악재 뉴스: [공시분석] OK저축은행, BNK금융 지분 5.17% 확보…‘지방금융 빅3’ 지배구조 흔드는 거대 주주로 부상 (2026-05-19)",none,"[공시분석] OK저축은행, BNK금융 지분 5.17% 확보…‘지방금융 빅3’ 지배구조 흔드는 거대 주주로 부상 (2026-05-19) | 금감원, 다음주 JB금융 정기검사 착수…""올해 은행권 첫 타자"" - v.daum.net (2026-05-19)","naver_daily, naver_realtime, news:google_news, flow:unavailable, intraday_1m",0.0,0.0,중립,2026-05-19 21:07:50 PDT,0,"관망 · 추격 부담 낮음 · 악재 뉴스: [공시분석] OK저축은행, BNK금융 지분 5.17% 확보…‘지방금융 빅3’ 지배구조 흔드는 거대 주주로 부상 (",선행 신호 대기,놓침 위험 낮음,시장 방어장 · 신규 매수는 작게,급변 신호 없음,"금융/저PBR 흐름 · 평균 -1.33% · 거래량 0.8배 · 대표 JB금융지주, DGB금융지주, BNK금융지주",방어장 · 평균 -5.68% · 하락비중 91% · 현금 비중 높게,수급 수집 실패,대표 테마 연결 대기,"기준 현재가 25,150 · 손절 참고 24,240 · 1차 익절 참고 26,288","최대 호재: 금리 수혜, 주주환원, 배당 확대, 자사주 / 최대 악재: PF 손실, 충당금, 연체율, 규제","악재 영향 예상: -3.0~-4.5% (24,012원 부근까지 경계) · 회복 기준 25,653원 돌파","악재 뉴스: [공시분석] OK저축은행, BNK금융 지분 5.17% 확보…‘지방금융 빅3’ 지배구조 흔드는 거대 주주로 부상 (2026-05-19) · 최대 호재: 금리 수혜, 주주환원, 배당 확대, 자사주 / 최대 악재: PF 손실, 충당금, 연체율, 규제"
HDC현대산업개발,294870.KS,ok,국장,해당 없음,0.0,0.0,0.0,,,0,해당 없음,0.0,0.0,,,,0.0,0.0,,,-8.0,본장 전/초반 1시간 약세 · 초반 -2.37% · 방어 우선,0.0,중립,1분봉 중립 · 장중 -3.79% · 최근 +0.00%,AI 관망,0,지금은 확실한 우위가 부족합니다.,건설/저평가,보류,🚫 제외,리스크 과다,0,19.0,6.0,0.0,0.0,11.0,2.0,25.0,False,False,중립장,11.0,20350.0,21200.0,naver_realtime,naver_realtime_calculated,-4.01,-7.71,0.23,0.92,0.81,True,6501662200.0,38.7,False,4.79,일반 모멘텀,"건전한 갭 상승, 뉴스 키워드: 강한 호재: 수주 / 약한 호재: 확대","본장 전/초반 1시간 약세 · 초반 -2.37% · 방어 우선, 건설/저평가 섹터 약세",수급 수집 실패,unavailable,0.0,0.0,강한 호재: 수주 / 약한 호재: 확대,google_news,"호재 뉴스: IPARK현대산업개발, 현장 근로자 건강·안전 디지털 시스템으로 관리 (2026-05-20)",strong,"IPARK현대산업개발, 현장 근로자 건강·안전 디지털 시스템으로 관리 (2026-05-20) | IPARK현산, 원스톱 근로자 관리 체계 구축 - meconomynews.com (2026-05-20)","naver_daily, naver_realtime, news:google_news, flow:unavailable, intraday_1m",0.0,6.0,건설/저평가 섹터 약세,2026-05-19 21:07:50 PDT,14,"관망 · 호재 뉴스: IPARK현대산업개발, 현장 근로자 건강·안전 디지털 시스템으로 관리 (2026-05-20)",선행 신호 대기,놓침 위험 낮음,시장 방어장 · 신규 매수는 작게,급변 감지 · 당일 -7.71%,"건설/저평가 흐름 · 평균 -6.94% · 거래량 0.6배 · 대표 코오롱글로벌, 동원개발, 금호건설",방어장 · 평균 -5.68% · 하락비중 91% · 현금 비중 높게,수급 수집 실패,건설 → 건자재 → 철근/시멘트 → 리츠,"기준 현재가 20,350 · 손절 참고 19,375 · 1차 익절 참고 21,568","최대 호재: 대형 수주, 해외 수주, 정비사업 수주, 분양 완판 / 최대 악재: 철근 누락, 부실시공, 붕괴, 하자","호재 영향 예상: +3.6~+6.6% (21,692원 부근까지 시도) · 이탈 기준 19,911원","호재 뉴스: IPARK현대산업개발, 현장 근로자 건강·안전 디지털 시스템으로 관리 (2026-05-20) · 최대 호재: 대형 수주, 해외 수주, 정비사업 수주, 분양 완판 / 최대 악재: 철근 누락, 부실시공, 붕괴, 하자"
대우건설,047040.KS,ok,국장,해당 없음,0.0,0.0,0.0,,,0,해당 없음,0.0,0.0,,,,0.0,0.0,,,-8.0,본장 전/초반 1시간 약세 · 초반 -4.81% · 방어 우선,6.0,양호,1분봉 양호 · 장중 -2.96% · 최근 +0.38%,AI 관망,0,지금은 확실한 우위가 부족합니다.,건설/저평가,보류,🚫 제외,리스크 과다,0,8.0,6.0,0.0,0.0,0.0,2.0,52.0,False,False,중립장,11.0,26300.0,27050.0,naver_realtime,naver_realtime_calculated,-2.77,-10.24,-1.54,0.33,0.26,False,206441350300.0,37.7,False,14.14,일반 모멘텀,1분봉 양호 · 장중 -2.96% · 최근 +0.38%,"변동성 과다, 뉴스 리스크: 악재: 하락, 본장 전/초반 1시간 약세 · 초반 -4.81% · 방어 우선, 매수 확인 부족: 거래량 0.33x / 거래대금 0.26x, 리스크 46 이상으로 신규 관심 제외, 건설/저평가 섹터 약세",수급 수집 실패,unavailable,0.0,0.0,악재: 하락,google_news,"악재 뉴스: 대우건설 주가, 5월 20일 장중 26,100원 3.51% 하락 (2026-05-20)",none,"대우건설 주가, 5월 20일 장중 26,100원 3.51% 하락 (2026-05-20) | 대우건설 주가, 5월 18일 장중 26,800원 5.96% 하락 (2026-05-18)","naver_daily, naver_realtime, news:google_news, flow:unavailable, intraday_1m",0.0,6.0,건설/저평가 섹터 약세,2026-05-19 21:07:50 PDT,0,"관망 · 악재 뉴스: 대우건설 주가, 5월 20일 장중 26,100원 3.51% 하락 (2026-05-20)",선행 신호 대기,놓침 위험 낮음,시장 방어장 · 신규 매수는 작게,급변 감지 · 당일 -10.24%,"건설/저평가 흐름 · 평균 -6.94% · 거래량 0.6배 · 대표 코오롱글로벌, 동원개발, 금호건설",방어장 · 평균 -5.68% · 하락비중 91% · 현금 비중 높게,수급 수집 실패,건설 → 건자재 → 철근/시멘트 → 리츠,"기준 현재가 26,300 · 손절 참고 23,144 · 1차 익절 참고 30,245","최대 호재: 대형 수주, 해외 수주, 정비사업 수주, 분양 완판 / 최대 악재: 철근 누락, 부실시공, 붕괴, 하자","악재 영향 예상: -8.4~-15.3% (22,276원 부근까지 경계) · 회복 기준 27,720원 돌파","악재 뉴스: 대우건설 주가, 5월 20일 장중 26,100원 3.51% 하락 (2026-05-20) · 최대 호재: 대형 수주, 해외 수주, 정비사업 수주, 분양 완판 / 최대 악재: 철근 누락, 부실시공, 붕괴, 하자"
제주은행,006220.KS,ok,국장,해당 없음,0.0,0.0,0.0,,,0,해당 없음,0.0,0.0,,,,0.0,0.0,,,-8.0,본장 전/초반 1시간 약세 · 초반 -2.56% · 방어 우선,0.0,중립,1분봉 중립 · 장중 -3.29% · 최근 -0.56%,AI 관망,0,지금은 확실한 우위가 부족합니다.,금융,보류,🚫 제외,리스크 과다,0,2.0,0.0,0.0,0.0,0.0,2.0,49.0,False,False,중립장,11.0,10600.0,10910.0,naver_realtime,naver_realtime_calculated,-2.84,-3.99,-1.9,0.8,0.7,False,1364209400.0,11.4,False,4.45,일반 모멘텀,-,"뉴스 리스크: 악재: 감소, 지분율, 주식등의 수, 본장 전/초반 1시간 약세 · 초반 -2.56% · 방어 우선, 매수 확인 부족: 거래량 0.80x / 거래대금 0.70x, 리스크 49 이상으로 신규 관심 제외",수급 수집 실패,unavailable,0.0,0.0,"악재: 감소, 지분율, 주식등의 수",google_news,악재 뉴스: `26년 05월 19일 지수 신호등으로 보는 오늘의 시황 (2026-05-19),none,"`26년 05월 19일 지수 신호등으로 보는 오늘의 시황 (2026-05-19) | 제주은행, 청소년 도박 근절 위해 '민·관·금융 협력' 나선다 (2026-05-18)","naver_daily, naver_realtime, news:google_news, flow:unavailable, intraday_1m",0.0,0.0,중립,2026-05-19 21:07:50 PDT,0,관망 · 악재 뉴스: `26년 05월 19일 지수 신호등으로 보는 오늘의 시황 (2026-05-19),선행 신호 대기,놓침 위험 낮음,시장 방어장 · 신규 매수는 작게,급변 신호 없음,"금융 흐름 · 평균 -1.10% · 거래량 1.1배 · 대표 메리츠금융지주, KB금융, 하나금융지주",방어장 · 평균 -5.68% · 하락비중 91% · 현금 비중 높게,수급 수집 실패,대표 테마 연결 대기,"기준 현재가 10,600 · 손절 참고 10,128 · 1차 익절 참고 11,190","최대 호재: 금리 수혜, 주주환원, 배당 확대, 자사주 / 최대 악재: PF 손실, 충당금, 연체율, 규제","악재 영향 예상: -3.6~-6.6% (9,897원 부근까지 경계) · 회복 기준 10,812원 돌파","악재 뉴스: `26년 05월 19일 지수 신호등으로 보는 오늘의 시황 (2026-05-19) · 최대 호재: 금리 수혜, 주주환원, 배당 확대, 자사주 / 최대 악재: PF 손실, 충당금, 연체율, 규제"
대신증권,003540.KS,ok,국장,해당 없음,0.0,0.0,0.0,,,0,해당 없음,0.0,0.0,,,,0.0,0.0,,,-8.0,본장 전/초반 1시간 약세 · 초반 -2.67% · 방어 우선,0.0,중립,1분봉 중립 · 장중 -4.24% · 최근 -0.33%,AI 관망,0,지금은 확실한 우위가 부족합니다.,증권/저PBR,보류,🚫 제외,리스크 과다,0,6.0,0.0,0.0,0.0,4.0,2.0,34.0,False,False,중립장,11.0,30550.0,32200.0,naver_realtime,naver_realtime_calculated,-5.12,-7.7,-0.15,0.79,0.65,False,4339902450.0,27.2,False,7.06,일반 모멘텀,뉴스 키워드: 보통 호재: 투자,"변동성 과다, 본장 전/초반 1시간 약세 · 초반 -2.67% · 방어 우선, 매수 확인 부족: 거래량 0.79x / 거래대금 0.65x, 리스크 34 이상으로 신규 관심 제외",수급 수집 실패,unavailable,0.0,0.0,보통 호재: 투자,google_news,"호재 뉴스: SK증권 ""대신증권 주식 매수 의견 제시, 초대형IB·자사주 소각 기대 긍정적"" (2026-05-19)",medium,"SK증권 ""대신증권 주식 매수 의견 제시, 초대형IB·자사주 소각 기대 긍정적"" (2026-05-19) | 증시 참여 문턱 낮춘 대신증권...크레온 신규 고객에 최대 6만 원 지원 (2026-05-14)","naver_daily, naver_realtime, news:google_news, flow:unavailable, intraday_1m",,,섹터 확인 부족,2026-05-19 21:07:50 PDT,25,"관망 · 호재 뉴스: SK증권 ""대신증권 주식 매수 의견 제시, 초대형IB·자사주 소각 기대 긍정적"" (2026-05-19)",선행 신호 대기,놓침 위험 낮음,시장 방어장 · 신규 매수는 작게,급변 감지 · 당일 -7.70%,증권/저PBR 흐름 · 평균 -7.70% · 거래량 0.8배 · 대표 대신증권,방어장 · 평균 -5.68% · 하락비중 91% · 현금 비중 높게,수급 수집 실패,대표 테마 연결 대기,"기준 현재가 30,550 · 손절 참고 28,393 · 1차 익절 참고 33,246",섹터 최대 호재: 자사주,"호재 영향 예상: +4.6~+8.3% (33,084원 부근까지 시도) · 이탈 기준 29,579원","호재 뉴스: SK증권 ""대신증권 주식 매수 의견 제시, 초대형IB·자사주 소각 기대 긍정적"" (2026-05-19) · 섹터 최대 호재: 자사주"
유안타증권,003470.KS,ok,국장,해당 없음,0.0,0.0,0.0,,,0,해당 없음,0.0,0.0,,,,0.0,0.0,,,-8.0,본장 전/초반 1시간 약세 · 초반 -2.76% · 방어 우선,6.0,양호,1분봉 양호 · 장중 -4.31% · 최근 +0.18%,AI 관망,0,지금은 확실한 우위가 부족합니다.,증권,보류,🚫 제외,리스크 과다,0,38.0,36.0,0.0,0.0,0.0,2.0,40.0,False,False,중립장,11.0,5570.0,5820.0,naver_realtime,naver_realtime_calculated,-4.3,-8.84,-1.8,0.21,0.17,False,6787479460.0,54.0,False,12.99,일반 모멘텀,"추세 상승, RSI 건강 구간, 1분봉 양호 · 장중 -4.31% · 최근 +0.18%","변동성 과다, 본장 전/초반 1시간 약세 · 초반 -2.76% · 방어 우선, 매수 확인 부족: 거래량 0.21x / 거래대금 0.17x, 리스크 34 이상으로 신규 관심 제외, 증권 섹터 약세",수급 수집 실패,unavailable,0.0,0.0,뉴스 중립,google_news,"관련 뉴스: 유안타증권, 624억원 어치 자기주식 소각 완료 (2026-05-15)",none,"유안타증권, 624억원 어치 자기주식 소각 완료 (2026-05-15) | 유안타증권, 624억 소각…주주환원 40% 밸류업 시동 (2026-05-15)","naver_daily, naver_realtime, news:google_news, flow:unavailable, intraday_1m",0.0,6.0,증권 섹터 약세,2026-05-19 21:07:50 PDT,0,"관망 · 관련 뉴스: 유안타증권, 624억원 어치 자기주식 소각 완료 (2026-05-15)",선행 신호 대기,놓침 위험 낮음,시장 방어장 · 신규 매수는 작게,급변 감지 · 당일 -8.84%,"증권 흐름 · 평균 -8.01% · 거래량 0.6배 · 대표 한국금융지주, NH투자증권, 삼성증권",방어장 · 평균 -5.68% · 하락비중 91% · 현금 비중 높게,수급 수집 실패,대표 테마 연결 대기,"기준 현재가 5,570 · 손절 참고 4,902 · 1차 익절 참고 6,405","최대 호재: 거래대금 증가, 금리 인하, IB 회복, 자사주 / 최대 악재: 부동산PF 손실, 충당금, 순매도, IB 부진",뉴스 영향 예상: 방향성 약함 · 가격/거래량 확인 우선,"관련 뉴스: 유안타증권, 624억원 어치 자기주식 소각 완료 (2026-05-15) · 최대 호재: 거래대금 증가, 금리 인하, IB 회복, 자사주 / 최대 악재: 부동산PF 손실, 충당금, 순매도, IB 부진"
SK증권,001510.KS,ok,국장,해당 없음,0.0,0.0,0.0,,,0,해당 없음,0.0,0.0,,,,0.0,0.0,,,-8.0,본장 전/초반 1시간 약세 · 초반 -2.88% · 방어 우선,0.0,중립,1분봉 중립 · 장중 -4.97% · 최근 +0.00%,AI 관망,0,지금은 확실한 우위가 부족합니다.,증권,보류,🚫 제외,리스크 과다,0,12.0,6.0,0.0,0.0,4.0,2.0,40.0,False,False,중립장,11.0,3650.0,3820.0,naver_realtime,naver_realtime_calculated,-4.45,-8.98,0.75,0.18,0.12,False,19216950700.0,34.3,False,16.1,일반 모멘텀,"건전한 갭 상승, 뉴스 키워드: 보통 호재: 투자","변동성 과다, 본장 전/초반 1시간 약세 · 초반 -2.88% · 방어 우선, 매수 확인 부족: 거래량 0.18x / 거래대금 0.12x, 리스크 34 이상으로 신규 관심 제외, 증권 섹터 약세",수급 수집 실패,unavailable,0.0,0.0,보통 호재: 투자,google_news,"호재 뉴스: SK증권 ""대신증권 주식 매수 의견 제시, 초대형IB·자사주 소각 기대 긍정적"" (2026-05-19)",medium,"SK증권 ""대신증권 주식 매수 의견 제시, 초대형IB·자사주 소각 기대 긍정적"" (2026-05-19) | ""SK스퀘어, 하이닉스 따라 주가 더 뛴다""…목표가 145만↑-SK (2026-05-19)","naver_daily, naver_realtime, news:google_news, flow:unavailable, intraday_1m",0.0,6.0,증권 섹터 약세,2026-05-19 21:07:50 PDT,19,"관망 · 호재 뉴스: SK증권 ""대신증권 주식 매수 의견 제시, 초대형IB·자사주 소각 기대 긍정적"" (2026-05-19)",선행 신호 대기,놓침 위험 낮음,시장 방어장 · 신규 매수는 작게,급변 감지 · 당일 -8.98%,"증권 흐름 · 평균 -8.01% · 거래량 0.6배 · 대표 한국금융지주, NH투자증권, 삼성증권",방어장 · 평균 -5.68% · 하락비중 91% · 현금 비중 높게,수급 수집 실패,대표 테마 연결 대기,"기준 현재가 3,650 · 손절 참고 3,212 · 1차 익절 참고 4,198",섹터 최대 호재: 자사주,"호재 영향 예상: +6.6~+12.0% (4,088원 부근까지 시도) · 이탈 기준 3,453원","호재 뉴스: SK증권 ""대신증권 주식 매수 의견 제시, 초대형IB·자사주 소각 기대 긍정적"" (2026-05-19) · 섹터 최대 호재: 자사주"
교보증권,030610.KS,ok,국장,해당 없음,0.0,0.0,0.0,,,0,해당 없음,0.0,0.0,,,,0.0,0.0,,,-8.0,본장 전/초반 1시간 약세 · 초반 -1.16% · 방어 우선,0.0,중립,1분봉 중립 · 장중 -2.57% · 최근 -0.17%,AI 관망,0,지금은 확실한 우위가 부족합니다.,증권,보류,🚫 제외,리스크 과다,0,5.0,0.0,0.0,0.0,3.0,2.0,40.0,False,False,중립장,11.0,11750.0,12050.0,naver_realtime,naver_realtime_calculated,-2.49,-8.77,-0.62,0.64,0.52,False,1784836750.0,35.1,False,7.85,일반 모멘텀,"뉴스 키워드: 약한 호재: 돌파, 확대","변동성 과다, 뉴스 호재 강도 약함, 본장 전/초반 1시간 약세 · 초반 -1.16% · 방어 우선, 매수 확인 부족: 거래량 0.64x / 거래대금 0.52x, 리스크 34 이상으로 신규 관심 제외, 증권 섹터 약세",수급 수집 실패,unavailable,0.0,0.0,"약한 호재: 돌파, 확대",google_news,"호재 뉴스: 미래에셋・한투증권, 고객맞춤형랩 가입금액 4조 원 돌파・ELW 462종목 신규 상장 - ksdaily.co.kr (2026-05-19)",weak,"미래에셋・한투증권, 고객맞춤형랩 가입금액 4조 원 돌파・ELW 462종목 신규 상장 - ksdaily.co.kr (2026-05-19) | 교보증권 ""하반기 코스피 1만 간다""…밴드 7000~1만 제시 (2026-05-19)","naver_daily, naver_realtime, news:google_news, flow:unavailable, intraday_1m",0.0,6.0,증권 섹터 약세,2026-05-19 21:07:50 PDT,9,"관망 · 호재 뉴스: 미래에셋・한투증권, 고객맞춤형랩 가입금액 4조 원 돌파・ELW 462종목 신규 상장 - ksdaily.co.kr ",선행 신호 대기,놓침 위험 낮음,시장 방어장 · 신규 매수는 작게,급변 감지 · 당일 -8.77%,"증권 흐름 · 평균 -8.01% · 거래량 0.6배 · 대표 한국금융지주, NH투자증권, 삼성증권",방어장 · 평균 -5.68% · 하락비중 91% · 현금 비중 높게,수급 수집 실패,대표 테마 연결 대기,"기준 현재가 11,750 · 손절 참고 10,828 · 1차 익절 참고 12,903","최대 호재: 거래대금 증가, 금리 인하, IB 회복, 자사주 / 최대 악재: 부동산PF 손실, 충당금, 순매도, IB 부진","호재 영향 예상: +3.2~+5.9% (12,442원 부근까지 시도) · 이탈 기준 11,335원","호재 뉴스: 미래에셋・한투증권, 고객맞춤형랩 가입금액 4조 원 돌파・ELW 462종목 신규 상장 - ksdaily.co.kr (2026-05-19) · 최대 호재: 거래대금 증가, 금리 인하, IB 회복, 자사주 / 최대 악재: 부동산PF 손실, 충당금, 순매도, IB 부진"
한국철강,104700.KS,ok,국장,해당 없음,0.0,0.0,0.0,,,0,해당 없음,0.0,0.0,,,,0.0,0.0,,,-8.0,본장 전/초반 1시간 약세 · 초반 -1.29% · 방어 우선,-8.0,위험,1분봉 약함 · 장중 -2.68% · 최근 -0.11% · 거래 3.4배,AI 관망,0,지금은 확실한 우위가 부족합니다.,철강/저평가,보류,🚫 제외,리스크 과다,0,12.0,0.0,0.0,0.0,10.0,2.0,52.0,False,False,중립장,11.0,9050.0,9390.0,naver_realtime,naver_realtime_calculated,-3.62,-4.23,-0.21,0.3,0.25,False,274196900.0,34.3,False,4.7,일반 모멘텀,뉴스 키워드: 강한 호재: 계약 / 약한 호재: 증가 / 악재: 지분율,"거래대금 부족, 뉴스 리스크: 강한 호재: 계약 / 약한 호재: 증가 / 악재: 지분율, 1분봉 약함 · 장중 -2.68% · 최근 -0.11% · 거래 3.4배, 본장 전/초반 1시간 약세 · 초반 -1.29% · 방어 우선, 매수 확인 부족: 거래량 0.30x / 거래대금 0.25x, 리스크 46 이상으로 신규 관심 제외, 철강/저평가 섹터 약세",수급 수집 실패,unavailable,0.0,0.0,강한 호재: 계약 / 약한 호재: 증가 / 악재: 지분율,google_news,"악재 뉴스: 업스테이지, 하정우 ‘주식 파킹’ 의혹 반박…“주주 계약 따른 자동 반환” (2026-05-20)",strong,"업스테이지, 하정우 ‘주식 파킹’ 의혹 반박…“주주 계약 따른 자동 반환” (2026-05-20) | 美, 포스코 추가 관세 확정…韓철강업계 수출 부담 커져 (2026-05-19)","naver_daily, naver_realtime, news:google_news, flow:unavailable, intraday_1m",0.0,6.0,철강/저평가 섹터 약세,2026-05-19 21:07:50 PDT,4,"관망 · 악재 뉴스: 업스테이지, 하정우 ‘주식 파킹’ 의혹 반박…“주주 계약 따른 자동 반환” (2026-05-20)",선행 신호 대기,놓침 위험 낮음,시장 방어장 · 신규 매수는 작게,급변 신호 없음,"철강/저평가 흐름 · 평균 -9.07% · 거래량 0.4배 · 대표 한국철강, 동국제강",방어장 · 평균 -5.68% · 하락비중 91% · 현금 비중 높게,수급 수집 실패,대표 테마 연결 대기,"기준 현재가 9,050 · 손절 참고 8,625 · 1차 익절 참고 9,582",섹터 최대 호재: 계약,"악재 영향 예상: -3.9~-7.1% (8,412원 부근까지 경계) · 회복 기준 9,241원 돌파","악재 뉴스: 업스테이지, 하정우 ‘주식 파킹’ 의혹 반박…“주주 계약 따른 자동 반환” (2026-05-20) · 섹터 최대 호재: 계약"
한화투자증권,003530.KS,ok,국장,해당 없음,0.0,0.0,0.0,,,0,해당 없음,0.0,0.0,,,,0.0,0.0,,,-8.0,본장 전/초반 1시간 약세 · 초반 -3.81% · 방어 우선,6.0,양호,1분봉 양호 · 장중 -4.88% · 최근 +0.32%,AI 관망,0,지금은 확실한 우위가 부족합니다.,증권,보류,🚫 제외,리스크 과다,0,15.0,6.0,0.0,0.0,7.0,2.0,40.0,False,False,중립장,11.0,6270.0,6580.0,naver_realtime,naver_realtime_calculated,-4.71,-8.47,-0.58,0.25,0.19,False,10493171040.0,36.9,False,11.16,일반 모멘텀,"뉴스 키워드: 보통 호재: 투자 / 약한 호재: 확대, 1분봉 양호 · 장중 -4.88% · 최근 +0.32%","변동성 과다, 본장 전/초반 1시간 약세 · 초반 -3.81% · 방어 우선, 매수 확인 부족: 거래량 0.25x / 거래대금 0.19x, 리스크 34 이상으로 신규 관심 제외, 증권 섹터 약세",수급 수집 실패,unavailable,0.0,0.0,보통 호재: 투자 / 약한 호재: 확대,google_news,"호재 뉴스: 한화투자증권, 두나무 지분 가치 부각…디지털자산 시너지 시험대 (2026-05-19)",medium,"한화투자증권, 두나무 지분 가치 부각…디지털자산 시너지 시험대 (2026-05-19) | [11번 종투사]② 한화증권, 수익 안정에도 자기자본 3조 '숙제' (2026-05-18)","naver_daily, naver_realtime, news:google_news, flow:unavailable, intraday_1m",0.0,6.0,증권 섹터 약세,2026-05-19 21:07:50 PDT,6,"관망 · 호재 뉴스: 한화투자증권, 두나무 지분 가치 부각…디지털자산 시너지 시험대 (2026-05-19)",선행 신호 대기,놓침 위험 낮음,시장 방어장 · 신규 매수는 작게,급변 감지 · 당일 -8.47%,"증권 흐름 · 평균 -8.01% · 거래량 0.6배 · 대표 한국금융지주, NH투자증권, 삼성증권",방어장 · 평균 -5.68% · 하락비중 91% · 현금 비중 높게,수급 수집 실패,대표 테마 연결 대기,"기준 현재가 6,270 · 손절 참고 5,570 · 1차 익절 참고 7,145","최대 호재: 거래대금 증가, 금리 인하, IB 회복, 자사주 / 최대 악재: 부동산PF 손실, 충당금, 순매도, IB 부진","호재 영향 예상: +4.6~+8.4% (6,795원 부근까지 시도) · 이탈 기준 5,955원","호재 뉴스: 한화투자증권, 두나무 지분 가치 부각…디지털자산 시너지 시험대 (2026-05-19) · 최대 호재: 거래대금 증가, 금리 인하, IB 회복, 자사주 / 최대 악재: 부동산PF 손실, 충당금, 순매도, IB 부진"
동국제강,460860.KS,ok,국장,해당 없음,0.0,0.0,0.0,,,0,해당 없음,0.0,0.0,,,,0.0,0.0,,,-8.0,본장 전/초반 1시간 약세 · 초반 -4.25% · 방어 우선,6.0,양호,1분봉 양호 · 장중 -5.44% · 최근 +0.27%,AI 관망,0,지금은 확실한 우위가 부족합니다.,철강/저평가,보류,🚫 제외,리스크 과다,0,15.0,6.0,0.0,0.0,7.0,2.0,40.0,False,False,중립장,11.0,11190.0,11870.0,naver_realtime,naver_realtime_calculated,-5.73,-13.92,-1.15,0.59,0.47,False,6765127110.0,33.3,False,9.73,일반 모멘텀,"뉴스 키워드: 보통 호재: 실적 / 약한 호재: 확대, 1분봉 양호 · 장중 -5.44% · 최근 +0.27%","변동성 과다, 본장 전/초반 1시간 약세 · 초반 -4.25% · 방어 우선, 매수 확인 부족: 거래량 0.59x / 거래대금 0.47x, 리스크 34 이상으로 신규 관심 제외, 철강/저평가 섹터 약세",수급 수집 실패,unavailable,0.0,0.0,보통 호재: 실적 / 약한 호재: 확대,google_news,"호재 뉴스: 동국홀딩스, 철강 밸류체인 확대…신사업·M&A로 재편 (2026-05-18)",medium,"동국홀딩스, 철강 밸류체인 확대…신사업·M&A로 재편 (2026-05-18) | “장외매수 공시됐지만 주식 이동 미확인”… 엔지켐생명과학, 주주 보호 대응 나서 (2026-05-15)","naver_daily, naver_realtime, news:google_news, flow:unavailable, intraday_1m",0.0,6.0,철강/저평가 섹터 약세,2026-05-19 21:07:50 PDT,8,"관망 · 호재 뉴스: 동국홀딩스, 철강 밸류체인 확대…신사업·M&A로 재편 (2026-05-18)",선행 신호 대기,놓침 위험 낮음,시장 방어장 · 신규 매수는 작게,급변 감지 · 당일 -13.92%,"철강/저평가 흐름 · 평균 -9.07% · 거래량 0.4배 · 대표 한국철강, 동국제강",방어장 · 평균 -5.68% · 하락비중 91% · 현금 비중 높게,수급 수집 실패,대표 테마 연결 대기,"기준 현재가 11,190 · 손절 참고 10,101 · 1차 익절 참고 12,551","최대 호재: 수주, 계약, 실적 개선, 정책 수혜 / 최대 악재: 실적 부진, 규제, 원가 상승, 수요 둔화","호재 영향 예상: +4.0~+7.3% (12,007원 부근까지 시도) · 이탈 기준 10,700원","호재 뉴스: 동국홀딩스, 철강 밸류체인 확대…신사업·M&A로 재편 (2026-05-18) · 최대 호재: 수주, 계약, 실적 개선, 정책 수혜 / 최대 악재: 실적 부진, 규제, 원가 상승, 수요 둔화"
대한제강,084010.KS,ok,국장,해당 없음,0.0,0.0,0.0,,,0,해당 없음,0.0,0.0,,,,0.0,0.0,,,-8.0,본장 전/초반 1시간 약세 · 초반 -2.24% · 방어 우선,0.0,중립,1분봉 중립 · 장중 -2.63% · 최근 +0.00%,AI 관망,0,지금은 확실한 우위가 부족합니다.,철강,보류,🚫 제외,리스크 과다,0,8.0,6.0,0.0,0.0,0.0,2.0,71.0,False,False,중립장,11.0,10010.0,10320.0,naver_realtime,naver_realtime_calculated,-3.0,-6.01,0.19,0.26,0.21,False,393913520.0,23.6,False,6.07,일반 모멘텀,건전한 갭 상승,"변동성 과다, 거래대금 부족, 뉴스 리스크: 악재: 감소, 지분율, 주식등의 수, 본장 전/초반 1시간 약세 · 초반 -2.24% · 방어 우선, 매수 확인 부족: 거래량 0.26x / 거래대금 0.21x, 리스크 65 이상으로 신규 관심 제외, 철강 섹터 약세",수급 수집 실패,unavailable,0.0,0.0,"악재: 감소, 지분율, 주식등의 수",google_news,"악재 뉴스: 동국제강 주주 제이에프이스틸인터내셔널 유럽, 동국제강 주식등의 수 183만9008주 감소…총 지분율 5% (2026-05-07)",none,"동국제강 주주 제이에프이스틸인터내셔널 유럽, 동국제강 주식등의 수 183만9008주 감소…총 지분율 5% (2026-05-07)","naver_daily, naver_realtime, news:google_news, flow:unavailable, intraday_1m",0.0,6.0,철강 섹터 약세,2026-05-19 21:07:50 PDT,0,"관망 · 악재 뉴스: 동국제강 주주 제이에프이스틸인터내셔널 유럽, 동국제강 주식등의 수 183만9008주 감소…총 지분율 5% (202",선행 신호 대기,놓침 위험 낮음,시장 방어장 · 신규 매수는 작게,급변 감지 · 당일 -6.01%,"철강 흐름 · 평균 -12.40% · 거래량 1.2배 · 대표 KG스틸, 대한제강, 현대제철",방어장 · 평균 -5.68% · 하락비중 91% · 현금 비중 높게,수급 수집 실패,대표 테마 연결 대기,"기준 현재가 10,010 · 손절 참고 9,402 · 1차 익절 참고 10,770","최대 호재: 수주, 계약, 실적 개선, 정책 수혜 / 최대 악재: 실적 부진, 규제, 원가 상승, 수요 둔화","악재 영향 예상: -4.3~-7.7% (9,235원 부근까지 경계) · 회복 기준 10,283원 돌파","악재 뉴스: 동국제강 주주 제이에프이스틸인터내셔널 유럽, 동국제강 주식등의 수 183만9008주 감소…총 지분율 5% (2026-05-07) · 최대 호재: 수주, 계약, 실적 개선, 정책 수혜 / 최대 악재: 실적 부진, 규제, 원가 상승, 수요 둔화"
동원개발,013120.KQ,ok,국장,해당 없음,0.0,0.0,0.0,,,0,해당 없음,0.0,0.0,,,,0.0,0.0,,,-8.0,본장 전/초반 1시간 약세 · 초반 -1.39% · 방어 우선,6.0,양호,1분봉 양호 · 장중 -2.57% · 최근 +0.41%,AI 관망,0,지금은 확실한 우위가 부족합니다.,건설/저평가,보류,🚫 제외,리스크 과다,0,14.0,12.0,0.0,0.0,0.0,2.0,50.0,False,False,중립장,11.0,2475.0,2535.0,naver_realtime,naver_realtime_calculated,-2.37,-3.32,2.15,0.39,0.34,False,154858275.0,19.8,False,3.87,일반 모멘텀,"건전한 갭 상승, 1분봉 양호 · 장중 -2.57% · 최근 +0.41%","거래대금 부족, 뉴스 호재 강도 약함, 뉴스 리스크: 약한 호재: 증가 / 악재: 지분율, 주식등의 수, 본장 전/초반 1시간 약세 · 초반 -1.39% · 방어 우선, 매수 확인 부족: 거래량 0.39x / 거래대금 0.34x, 리스크 44 이상으로 신규 관심 제외, 건설/저평가 섹터 약세",수급 수집 실패,unavailable,0.0,0.0,"약한 호재: 증가 / 악재: 지분율, 주식등의 수",google_news,"악재 뉴스: 동원개발, 신재생에너지 등 사업 목적 추가 (2026-05-18)",weak,"동원개발, 신재생에너지 등 사업 목적 추가 (2026-05-18) | 장호익 부회장, 동원개발 주식 1만주 추가 매수 (2026-05-13)","naver_daily, naver_realtime, news:google_news, flow:unavailable, intraday_1m",0.0,6.0,건설/저평가 섹터 약세,2026-05-19 21:07:50 PDT,0,"관망 · 악재 뉴스: 동원개발, 신재생에너지 등 사업 목적 추가 (2026-05-18)",선행 신호 대기,놓침 위험 낮음,시장 방어장 · 신규 매수는 작게,급변 신호 없음,"건설/저평가 흐름 · 평균 -6.94% · 거래량 0.6배 · 대표 코오롱글로벌, 동원개발, 금호건설",방어장 · 평균 -5.68% · 하락비중 91% · 현금 비중 높게,수급 수집 실패,건설 → 건자재 → 철근/시멘트 → 리츠,"기준 현재가 2,475 · 손절 참고 2,379 · 1차 익절 참고 2,595","최대 호재: 대형 수주, 해외 수주, 정비사업 수주, 분양 완판 / 최대 악재: 철근 누락, 부실시공, 붕괴, 하자","악재 영향 예상: -3.2~-5.8% (2,331원 부근까지 경계) · 회복 기준 2,524원 돌파","악재 뉴스: 동원개발, 신재생에너지 등 사업 목적 추가 (2026-05-18) · 최대 호재: 대형 수주, 해외 수주, 정비사업 수주, 분양 완판 / 최대 악재: 철근 누락, 부실시공, 붕괴, 하자"
동국홀딩스,001230.KS,ok,국장,해당 없음,0.0,0.0,0.0,,,0,해당 없음,0.0,0.0,,,,0.0,0.0,,,0.0,1분봉 데이터 부족,0.0,대기,1분봉 데이터 부족,AI 관망,0,지금은 확실한 우위가 부족합니다.,지주/철강,보류,🚫 제외,리스크 과다,0,32.0,20.0,0.0,0.0,10.0,2.0,51.0,False,False,중립장,11.0,11400.0,11400.0,naver_realtime,naver_realtime_calculated,0.0,0.0,-100.0,0.0,0.0,False,0.0,,False,100.0,일반 모멘텀,"추세 상승, 뉴스 키워드: 강한 호재: 공급 / 약한 호재: 확대, 상승","갭 하락 경계, 변동성 과다, 거래대금 부족, 매수 확인 부족: 거래량 0.00x / 거래대금 0.00x, 리스크 51 이상으로 신규 관심 제외",수급 수집 실패,unavailable,0.0,0.0,"강한 호재: 공급 / 약한 호재: 확대, 상승",google_news,"호재 뉴스: 세아베스틸지주, -13.59% VI 발동 (2026-05-20)",strong,"세아베스틸지주, -13.59% VI 발동 (2026-05-20) | 동국홀딩스, 유럽 공급망 확대 자회사 인터지스 ‘폴란드 법인’ 설립 (2026-05-19)","naver_daily, naver_realtime, news:google_news, flow:unavailable, intraday_1m",,,섹터 확인 부족,2026-05-19 21:07:50 PDT,10,"관망 · 추격 부담 낮음 · 호재 뉴스: 세아베스틸지주, -13.59% VI 발동 (2026-05-20)",선행 신호 대기,놓침 위험 낮음,시장 방어장 · 신규 매수는 작게,급변 신호 없음,지주/철강 흐름 · 평균 +0.00% · 거래량 0.0배 · 대표 동국홀딩스,방어장 · 평균 -5.68% · 하락비중 91% · 현금 비중 높게,수급 수집 실패,대표 테마 연결 대기,"기준 현재가 11,400 · 손절 참고 10,032 · 1차 익절 참고 13,110","최대 호재: 수주, 계약, 실적 개선, 정책 수혜 / 최대 악재: 실적 부진, 규제, 원가 상승, 수요 둔화","호재 영향 예상: +5.0~+9.0% (12,426원 부근까지 시도) · 이탈 기준 10,784원","호재 뉴스: 세아베스틸지주, -13.59% VI 발동 (2026-05-20) · 최대 호재: 수주, 계약, 실적 개선, 정책 수혜 / 최대 악재: 실적 부진, 규제, 원가 상승, 수요 둔화"
CJ대한통운,000120.KS,ok,국장,해당 없음,0.0,0.0,0.0,,,0,해당 없음,0.0,0.0,,,,0.0,0.0,,,-8.0,본장 전/초반 1시간 약세 · 초반 -3.14% · 방어 우선,0.0,중립,1분봉 중립 · 장중 -3.92% · 최근 +0.00%,AI 관망,0,지금은 확실한 우위가 부족합니다.,물류,보류,🚫 제외,리스크 과다,0,8.0,6.0,0.0,0.0,0.0,2.0,32.0,False,False,중립장,11.0,85900.0,88600.0,naver_realtime,naver_realtime_calculated,-3.05,-3.7,1.01,0.74,0.64,False,5088114700.0,10.4,False,3.72,일반 모멘텀,건전한 갭 상승,"뉴스 리스크: 악재: 급락, 본장 전/초반 1시간 약세 · 초반 -3.14% · 방어 우선, 매수 확인 부족: 거래량 0.74x / 거래대금 0.64x, 리스크 26 이상으로 신규 관심 제외, 물류 섹터 약세",수급 수집 실패,unavailable,0.0,0.0,악재: 급락,google_news,"악재 뉴스: [모닝 리포트] ""CJ, 올리브영 글로벌 진출과 자사주 향방이 변수"" (2026-05-19)",none,"[모닝 리포트] ""CJ, 올리브영 글로벌 진출과 자사주 향방이 변수"" (2026-05-19) | 신성이엔지, 7400원대로 밀리며 18%대 급락…주식 소각 공시 (2026-05-18)","naver_daily, naver_realtime, news:google_news, flow:unavailable, intraday_1m",0.0,6.0,물류 섹터 약세,2026-05-19 21:07:50 PDT,0,"관망 · 악재 뉴스: [모닝 리포트] ""CJ, 올리브영 글로벌 진출과 자사주 향방이 변수"" (2026-05-19)",선행 신호 대기,놓침 위험 낮음,시장 방어장 · 신규 매수는 작게,급변 신호 없음,"물류 흐름 · 평균 -6.30% · 거래량 0.9배 · 대표 CJ대한통운, 현대글로비스",방어장 · 평균 -5.68% · 하락비중 91% · 현금 비중 높게,수급 수집 실패,대표 테마 연결 대기,"기준 현재가 85,900 · 손절 참고 82,705 · 1차 익절 참고 89,894","최대 호재: 수주, 계약, 실적 개선, 정책 수혜 / 최대 악재: 실적 부진, 규제, 원가 상승, 수요 둔화","악재 영향 예상: -3.0~-4.9% (81,682원 부근까지 경계) · 회복 기준 87,618원 돌파","악재 뉴스: [모닝 리포트] ""CJ, 올리브영 글로벌 진출과 자사주 향방이 변수"" (2026-05-19) · 최대 호재: 수주, 계약, 실적 개선, 정책 수혜 / 최대 악재: 실적 부진, 규제, 원가 상승, 수요 둔화"
서희건설,035890.KQ,ok,국장,해당 없음,0.0,0.0,0.0,,,0,해당 없음,0.0,0.0,,,,0.0,0.0,,,0.0,본장 전/초반 1시간 중립 · 초반 +0.96%,4.0,중립,1분봉 중립 · 장중 -1.68% · 최근 -0.73%,AI 관망,0,지금은 확실한 우위가 부족합니다.,건설/저평가,보류,🚫 제외,리스크 과다,0,13.0,4.0,0.0,0.0,7.0,2.0,59.0,False,False,중립장,11.0,2030.0,2115.0,naver_realtime,naver_realtime_calculated,-4.02,-9.98,0.0,0.3,0.21,False,2990843660.0,19.3,False,16.15,일반 모멘텀,"뉴스 키워드: 보통 호재: 실적 / 약한 호재: 상승, 확대 / 악재: 부진, 급감, 감소, 1분봉 중립 · 장중 -1.68% · 최근 -0.73%","변동성 과다, 뉴스 리스크: 보통 호재: 실적 / 약한 호재: 상승, 확대 / 악재: 부진, 급감, 감소, 매수 확인 부족: 거래량 0.30x / 거래대금 0.21x, 리스크 53 이상으로 신규 관심 제외, 건설/저평가 섹터 약세",수급 수집 실패,unavailable,0.0,0.0,"보통 호재: 실적 / 약한 호재: 상승, 확대 / 악재: 부진, 급감, 감소",google_news,"악재 뉴스: 영업이익 80% 급감… ‘실적 부진’ 서희건설, 금융수익 의존 높아졌다 (2026-05-19)",medium,"영업이익 80% 급감… ‘실적 부진’ 서희건설, 금융수익 의존 높아졌다 (2026-05-19) | 서희건설, +1.14% 상승폭 확대 (2026-05-18)","naver_daily, naver_realtime, news:google_news, flow:unavailable, intraday_1m",0.0,6.0,건설/저평가 섹터 약세,2026-05-19 21:07:50 PDT,0,"관망 · 악재 뉴스: 영업이익 80% 급감… ‘실적 부진’ 서희건설, 금융수익 의존 높아졌다 (2026-05-19)",선행 신호 대기,놓침 위험 낮음,시장 방어장 · 신규 매수는 작게,급변 감지 · 당일 -9.98%,"건설/저평가 흐름 · 평균 -6.94% · 거래량 0.6배 · 대표 코오롱글로벌, 동원개발, 금호건설",방어장 · 평균 -5.68% · 하락비중 91% · 현금 비중 높게,수급 수집 실패,건설 → 건자재 → 철근/시멘트 → 리츠,"기준 현재가 2,030 · 손절 참고 1,786 · 1차 익절 참고 2,334","최대 호재: 대형 수주, 해외 수주, 정비사업 수주, 분양 완판 / 최대 악재: 철근 누락, 부실시공, 붕괴, 하자","악재 영향 예상: -8.4~-15.3% (1,719원 부근까지 경계) · 회복 기준 2,140원 돌파","악재 뉴스: 영업이익 80% 급감… ‘실적 부진’ 서희건설, 금융수익 의존 높아졌다 (2026-05-19) · 최대 호재: 대형 수주, 해외 수주, 정비사업 수주, 분양 완판 / 최대 악재: 철근 누락, 부실시공, 붕괴, 하자"
롯데웰푸드,280360.KS,ok,국장,해당 없음,0.0,0.0,0.0,,,0,해당 없음,0.0,0.0,,,,0.0,0.0,,,-8.0,본장 전/초반 1시간 약세 · 초반 -3.24% · 방어 우선,0.0,중립,1분봉 중립 · 장중 -3.08% · 최근 -0.09%,AI 관망,11,지금은 확실한 우위가 부족합니다.,음식료,보류,🚫 제외,리스크 과다,0,15.0,6.0,0.0,0.0,7.0,2.0,31.0,False,False,중립장,11.0,117100.0,120200.0,naver_realtime,naver_realtime_calculated,-2.58,-1.1,1.27,0.94,0.91,True,2861221400.0,47.5,False,4.41,일반 모멘텀,"건전한 갭 상승, 뉴스 키워드: 보통 호재: 실적 / 약한 호재: 상승 / 악재: 감소","뉴스 리스크: 보통 호재: 실적 / 약한 호재: 상승 / 악재: 감소, 본장 전/초반 1시간 약세 · 초반 -3.24% · 방어 우선, 리스크 25 이상으로 신규 관심 제외, 음식료 섹터 약세",수급 수집 실패,unavailable,0.0,0.0,보통 호재: 실적 / 약한 호재: 상승 / 악재: 감소,google_news,악재 뉴스: 카카오값 고점 대비 절반 이하…오리온·롯데웰푸드 이익 개선 본격화 (2026-05-19),medium,"카카오값 고점 대비 절반 이하…오리온·롯데웰푸드 이익 개선 본격화 (2026-05-19) | 롯데웰푸드, 감자 결정→주식수 100,000주 감소 (2026-05-12)","naver_daily, naver_realtime, news:google_news, flow:unavailable, intraday_1m",0.0,6.0,음식료 섹터 약세,2026-05-19 21:07:50 PDT,6,관망 · 악재 뉴스: 카카오값 고점 대비 절반 이하…오리온·롯데웰푸드 이익 개선 본격화 (2026-05-19),선행 신호 대기,놓침 위험 낮음,시장 방어장 · 신규 매수는 작게,급변 신호 없음,"음식료 흐름 · 평균 -2.05% · 거래량 1.1배 · 대표 농심, 삼양식품, 롯데웰푸드",방어장 · 평균 -5.68% · 하락비중 91% · 현금 비중 높게,수급 수집 실패,대표 테마 연결 대기,"기준 현재가 117,100 · 손절 참고 111,936 · 1차 익절 참고 123,555","최대 호재: 가격 인상, 수출 증가, K푸드, 마진 개선 / 최대 악재: 원가 상승, 리콜, 식품 사고, 소비 둔화","악재 영향 예상: -3.2~-5.8% (110,335원 부근까지 경계) · 회복 기준 119,442원 돌파","악재 뉴스: 카카오값 고점 대비 절반 이하…오리온·롯데웰푸드 이익 개선 본격화 (2026-05-19) · 최대 호재: 가격 인상, 수출 증가, K푸드, 마진 개선 / 최대 악재: 원가 상승, 리콜, 식품 사고, 소비 둔화"
CJ프레시웨이,051500.KQ,ok,국장,해당 없음,0.0,0.0,0.0,,,0,해당 없음,0.0,0.0,,,,0.0,0.0,,,-8.0,본장 전/초반 1시간 약세 · 초반 -1.63% · 방어 우선,6.0,양호,1분봉 양호 · 장중 -1.63% · 최근 +0.42%,AI 관망,0,지금은 확실한 우위가 부족합니다.,음식료/급식,보류,🚫 제외,리스크 과다,0,14.0,12.0,0.0,0.0,0.0,2.0,40.0,False,False,중립장,11.0,24150.0,24800.0,naver_realtime,naver_realtime_calculated,-2.62,-3.01,0.2,0.71,0.63,False,728508900.0,34.8,False,5.4,일반 모멘텀,"건전한 갭 상승, 1분봉 양호 · 장중 -1.63% · 최근 +0.42%","거래대금 부족, 뉴스 호재 강도 약함, 본장 전/초반 1시간 약세 · 초반 -1.63% · 방어 우선, 매수 확인 부족: 거래량 0.71x / 거래대금 0.63x, 리스크 34 이상으로 신규 관심 제외, 음식료/급식 섹터 약세",수급 수집 실패,unavailable,0.0,0.0,약한 호재: 상승,google_news,"호재 뉴스: CJ프레시웨이, 대학생과 탄소중립 방안 발굴…'기후행동' 운영 (2026-05-19)",weak,"CJ프레시웨이, 대학생과 탄소중립 방안 발굴…'기후행동' 운영 (2026-05-19) | [모닝 리포트] ""CJ, 올리브영 글로벌 진출과 자사주 향방이 변수"" (2026-05-19)","naver_daily, naver_realtime, news:google_news, flow:unavailable, intraday_1m",0.0,6.0,음식료/급식 섹터 약세,2026-05-19 21:07:50 PDT,9,"관망 · 호재 뉴스: CJ프레시웨이, 대학생과 탄소중립 방안 발굴…'기후행동' 운영 (2026-05-19)",선행 신호 대기,놓침 위험 낮음,시장 방어장 · 신규 매수는 작게,급변 신호 없음,"음식료/급식 흐름 · 평균 -3.58% · 거래량 0.7배 · 대표 현대그린푸드, CJ프레시웨이",방어장 · 평균 -5.68% · 하락비중 91% · 현금 비중 높게,수급 수집 실패,대표 테마 연결 대기,"기준 현재가 24,150 · 손절 참고 22,846 · 1차 익절 참고 25,780","최대 호재: 가격 인상, 수출 증가, K푸드, 마진 개선 / 최대 악재: 원가 상승, 리콜, 식품 사고, 소비 둔화","호재 영향 예상: +2.2~+4.1% (25,128원 부근까지 시도) · 이탈 기준 23,563원","호재 뉴스: CJ프레시웨이, 대학생과 탄소중립 방안 발굴…'기후행동' 운영 (2026-05-19) · 최대 호재: 가격 인상, 수출 증가, K푸드, 마진 개선 / 최대 악재: 원가 상승, 리콜, 식품 사고, 소비 둔화"
현대홈쇼핑,057050.KS,ok,국장,해당 없음,0.0,0.0,0.0,,,0,해당 없음,0.0,0.0,,,,0.0,0.0,,,-8.0,본장 전/초반 1시간 약세 · 초반 -2.06% · 방어 우선,6.0,양호,1분봉 양호 · 장중 -1.69% · 최근 +0.62%,AI 관망,0,지금은 확실한 우위가 부족합니다.,유통,보류,🚫 제외,리스크 과다,0,8.0,6.0,0.0,0.0,0.0,2.0,25.0,False,False,중립장,11.0,81300.0,83400.0,naver_realtime,naver_realtime_calculated,-2.52,-4.13,-1.77,0.57,0.54,False,1343319900.0,35.3,False,4.91,일반 모멘텀,1분봉 양호 · 장중 -1.69% · 최근 +0.62%,"본장 전/초반 1시간 약세 · 초반 -2.06% · 방어 우선, 매수 확인 부족: 거래량 0.57x / 거래대금 0.54x, 유통 섹터 약세",수급 수집 실패,unavailable,0.0,0.0,뉴스 중립,google_news,"관련 뉴스: SK증권 ""현대지에프홀딩스 목표주가 상향, 현대홈쇼핑 완전자회사 편입으로 긍정적 효과 기대"" (2026-05-19)",none,"SK증권 ""현대지에프홀딩스 목표주가 상향, 현대홈쇼핑 완전자회사 편입으로 긍정적 효과 기대"" (2026-05-19) | 홈쇼핑 매출 1위 굳힌 CJ온스타일…GS샵·현대홈쇼핑 경쟁도 격화 - v.daum.net (2026-05-15)","naver_daily, naver_realtime, news:google_news, flow:unavailable, intraday_1m",0.0,6.0,유통 섹터 약세,2026-05-19 21:07:50 PDT,0,"관망 · 관련 뉴스: SK증권 ""현대지에프홀딩스 목표주가 상향, 현대홈쇼핑 완전자회사 편입으로 긍정적 효과 기대"" (2026-05-19",선행 신호 대기,놓침 위험 낮음,시장 방어장 · 신규 매수는 작게,급변 신호 없음,"유통 흐름 · 평균 -5.37% · 거래량 0.9배 · 대표 신세계, 롯데쇼핑, 현대홈쇼핑",방어장 · 평균 -5.68% · 하락비중 91% · 현금 비중 높게,수급 수집 실패,대표 테마 연결 대기,"기준 현재가 81,300 · 손절 참고 77,308 · 1차 익절 참고 86,290","최대 호재: 수주, 계약, 실적 개선, 정책 수혜 / 최대 악재: 실적 부진, 규제, 원가 상승, 수요 둔화",뉴스 영향 예상: 방향성 약함 · 가격/거래량 확인 우선,"관련 뉴스: SK증권 ""현대지에프홀딩스 목표주가 상향, 현대홈쇼핑 완전자회사 편입으로 긍정적 효과 기대"" (2026-05-19) · 최대 호재: 수주, 계약, 실적 개선, 정책 수혜 / 최대 악재: 실적 부진, 규제, 원가 상승, 수요 둔화"
대상,001680.KS,ok,국장,해당 없음,0.0,0.0,0.0,,,0,해당 없음,0.0,0.0,,,,0.0,0.0,,,-8.0,본장 전/초반 1시간 약세 · 초반 -2.80% · 방어 우선,0.0,중립,1분봉 중립 · 장중 -4.00% · 최근 +0.00%,AI 관망,1,지금은 확실한 우위가 부족합니다.,음식료,보류,🚫 제외,리스크 과다,0,18.0,0.0,12.0,0.0,4.0,2.0,53.0,False,False,중립장,11.0,19200.0,19830.0,naver_realtime,naver_realtime_calculated,-3.18,-4.95,0.0,1.46,1.37,True,3028339200.0,37.4,False,2.47,일반 모멘텀,"거래량 증가(1.5x), 뉴스 키워드: 보통 호재: 투자 / 악재: 감소, 지분율, 주식등의 수","뉴스 리스크: 보통 호재: 투자 / 악재: 감소, 지분율, 주식등의 수, 본장 전/초반 1시간 약세 · 초반 -2.80% · 방어 우선, 리스크 47 이상으로 신규 관심 제외, 음식료 섹터 약세",수급 수집 실패,unavailable,0.0,0.0,"보통 호재: 투자 / 악재: 감소, 지분율, 주식등의 수",google_news,"악재 뉴스: 신성델타테크 최대주주 구본상, 신성델타테크 주식등의 수 12만2949주 감소…총 지분율 32.59% (2026-05-20)",medium,"신성델타테크 최대주주 구본상, 신성델타테크 주식등의 수 12만2949주 감소…총 지분율 32.59% (2026-05-20) | 베셀, 임직원 대상 보통주 3만9542주 자기주식 처분 (2026-05-20)","naver_daily, naver_realtime, news:google_news, flow:unavailable, intraday_1m",0.0,6.0,음식료 섹터 약세,2026-05-19 21:07:50 PDT,0,"관망 · 거래량 1.5배 · 악재 뉴스: 신성델타테크 최대주주 구본상, 신성델타테크 주식등의 수 12만2949주 감소…총 지분율 32.59% (2026-0",선행 신호 대기,놓침 위험 낮음,급락 위험 · 거래량 1.5배 동반 하락,급변 신호 없음,"음식료 흐름 · 평균 -2.05% · 거래량 1.1배 · 대표 농심, 삼양식품, 롯데웰푸드",방어장 · 평균 -5.68% · 하락비중 91% · 현금 비중 높게,수급 수집 실패,대표 테마 연결 대기,"기준 현재가 19,200 · 손절 참고 18,624 · 1차 익절 참고 19,968","최대 호재: 가격 인상, 수출 증가, K푸드, 마진 개선 / 최대 악재: 원가 상승, 리콜, 식품 사고, 소비 둔화","악재 영향 예상: -3.0~-4.5% (18,336원 부근까지 경계) · 회복 기준 19,584원 돌파","악재 뉴스: 신성델타테크 최대주주 구본상, 신성델타테크 주식등의 수 12만2949주 감소…총 지분율 32.59% (2026-05-20) · 최대 호재: 가격 인상, 수출 증가, K푸드, 마진 개선 / 최대 악재: 원가 상승, 리콜, 식품 사고, 소비 둔화"
롯데렌탈,089860.KS,ok,국장,해당 없음,0.0,0.0,0.0,,,0,해당 없음,0.0,0.0,,,,0.0,0.0,,,0.0,본장 전/초반 1시간 중립 · 초반 -0.96%,6.0,양호,1분봉 양호 · 장중 -0.96% · 최근 +0.16%,AI 관망,0,지금은 확실한 우위가 부족합니다.,렌탈,보류,🚫 제외,리스크 과다,0,14.0,12.0,0.0,0.0,0.0,2.0,41.0,False,False,중립장,11.0,31000.0,31400.0,naver_realtime,naver_realtime_calculated,-1.27,-2.82,0.94,1.13,1.07,True,1753856000.0,35.2,False,3.79,일반 모멘텀,"건전한 갭 상승, 1분봉 양호 · 장중 -0.96% · 최근 +0.16%","뉴스 리스크: 악재: 매각, 중단, 리스크 41 이상으로 신규 관심 제외",수급 수집 실패,unavailable,0.0,0.0,"악재: 매각, 중단",google_news,"악재 뉴스: 롯데렌탈, '새 주인 찾기' 원점…족쇄 풀린 몸값 (2026-05-19)",none,"롯데렌탈, '새 주인 찾기' 원점…족쇄 풀린 몸값 (2026-05-19) | 웃돈 얹어줄 원매자 사라진 롯데렌탈…그룹 조달계획 어떻게 바뀔까 (2026-05-19)","naver_daily, naver_realtime, news:google_news, flow:unavailable, intraday_1m",,,섹터 확인 부족,2026-05-19 21:07:50 PDT,0,"관망 · 악재 뉴스: 롯데렌탈, '새 주인 찾기' 원점…족쇄 풀린 몸값 (2026-05-19)",선행 신호 대기,놓침 위험 낮음,시장 방어장 · 신규 매수는 작게,급변 신호 없음,렌탈 흐름 · 평균 -2.82% · 거래량 1.1배 · 대표 롯데렌탈,방어장 · 평균 -5.68% · 하락비중 91% · 현금 비중 높게,수급 수집 실패,대표 테마 연결 대기,"기준 현재가 31,000 · 손절 참고 29,825 · 1차 익절 참고 32,469","최대 호재: 수주, 계약, 실적 개선, 정책 수혜 / 최대 악재: 실적 부진, 규제, 원가 상승, 수요 둔화","악재 영향 예상: -3.0~-5.5% (29,295원 부근까지 경계) · 회복 기준 31,620원 돌파","악재 뉴스: 롯데렌탈, '새 주인 찾기' 원점…족쇄 풀린 몸값 (2026-05-19) · 최대 호재: 수주, 계약, 실적 개선, 정책 수혜 / 최대 악재: 실적 부진, 규제, 원가 상승, 수요 둔화"
롯데관광개발,032350.KS,ok,국장,해당 없음,0.0,0.0,0.0,,,0,해당 없음,0.0,0.0,,,,0.0,0.0,,,-8.0,본장 전/초반 1시간 약세 · 초반 -5.45% · 방어 우선,0.0,중립,1분봉 중립 · 장중 -6.16% · 최근 -0.11%,AI 관망,0,지금은 확실한 우위가 부족합니다.,카지노/관광,보류,🚫 제외,리스크 과다,0,10.0,0.0,0.0,0.0,8.0,2.0,56.0,False,False,중립장,11.0,18560.0,19290.0,naver_realtime,naver_realtime_calculated,-3.78,-3.43,-0.1,1.13,1.05,True,13799953920.0,27.8,False,6.68,일반 모멘텀,"뉴스 키워드: 보통 호재: 실적, 투자 / 악재: 감소, 부진","변동성 과다, 뉴스 리스크: 보통 호재: 실적, 투자 / 악재: 감소, 부진, 본장 전/초반 1시간 약세 · 초반 -5.45% · 방어 우선, 리스크 50 이상으로 신규 관심 제외, 카지노/관광 섹터 약세",수급 수집 실패,unavailable,0.0,0.0,"보통 호재: 실적, 투자 / 악재: 감소, 부진",google_news,악재 뉴스: 롯데관광개발 “이제부터가 성수기”…2분기 영업이익 500억원 ‘정조준’ (2026-05-15),medium,"롯데관광개발 “이제부터가 성수기”…2분기 영업이익 500억원 ‘정조준’ (2026-05-15) | [버핏 리포트] 롯데관광개발, 1분기 실적도 부진...롤링 경쟁력 강화 이자비용 감소 가능성 긍정적 (2026-05-15)","naver_daily, naver_realtime, news:google_news, flow:unavailable, intraday_1m",0.0,6.0,카지노/관광 섹터 약세,2026-05-19 21:07:50 PDT,0,관망 · 악재 뉴스: 롯데관광개발 “이제부터가 성수기”…2분기 영업이익 500억원 ‘정조준’ (2026-05-15),선행 신호 대기,놓침 위험 낮음,시장 방어장 · 신규 매수는 작게,급변 신호 없음,"카지노/관광 흐름 · 평균 -4.21% · 거래량 1.0배 · 대표 GKL, 롯데관광개발, 강원랜드",방어장 · 평균 -5.68% · 하락비중 91% · 현금 비중 높게,수급 수집 실패,대표 테마 연결 대기,"기준 현재가 18,560 · 손절 참고 17,320 · 1차 익절 참고 20,110","최대 호재: 수주, 계약, 실적 개선, 정책 수혜 / 최대 악재: 실적 부진, 규제, 원가 상승, 수요 둔화","악재 영향 예상: -5.6~-10.2% (16,671원 부근까지 경계) · 회복 기준 19,118원 돌파","악재 뉴스: 롯데관광개발 “이제부터가 성수기”…2분기 영업이익 500억원 ‘정조준’ (2026-05-15) · 최대 호재: 수주, 계약, 실적 개선, 정책 수혜 / 최대 악재: 실적 부진, 규제, 원가 상승, 수요 둔화"
제주항공,089590.KS,ok,국장,해당 없음,0.0,0.0,0.0,,,0,해당 없음,0.0,0.0,,,,0.0,0.0,,,-8.0,본장 전/초반 1시간 약세 · 초반 -2.66% · 방어 우선,0.0,중립,1분봉 중립 · 장중 -2.97% · 최근 +0.00%,AI 관망,0,지금은 확실한 우위가 부족합니다.,항공,보류,🚫 제외,리스크 과다,0,9.0,0.0,0.0,0.0,7.0,2.0,31.0,False,False,중립장,11.0,4745.0,4910.0,naver_realtime,naver_realtime_calculated,-3.36,-3.95,-0.4,1.05,0.95,True,1638424775.0,33.9,False,4.18,일반 모멘텀,뉴스 키워드: 보통 호재: 실적 / 약한 호재: 돌파 / 악재: 매각,"뉴스 리스크: 보통 호재: 실적 / 약한 호재: 돌파 / 악재: 매각, 본장 전/초반 1시간 약세 · 초반 -2.66% · 방어 우선, 리스크 25 이상으로 신규 관심 제외, 항공 섹터 약세",수급 수집 실패,unavailable,0.0,0.0,보통 호재: 실적 / 약한 호재: 돌파 / 악재: 매각,google_news,"악재 뉴스: 제주항공, 실적 살아났지만 현금 더 쌓는다 (2026-05-18)",medium,"제주항공, 실적 살아났지만 현금 더 쌓는다 (2026-05-18) | 애경그룹 ""마지막 보루 '제주항공'을 살려라""…유동성 지원 총력 (2026-05-14)","naver_daily, naver_realtime, news:google_news, flow:unavailable, intraday_1m",0.0,6.0,항공 섹터 약세,2026-05-19 21:07:50 PDT,0,"관망 · 악재 뉴스: 제주항공, 실적 살아났지만 현금 더 쌓는다 (2026-05-18)",선행 신호 대기,놓침 위험 낮음,시장 방어장 · 신규 매수는 작게,급변 신호 없음,"항공 흐름 · 평균 -3.95% · 거래량 0.9배 · 대표 대한항공, 아시아나항공, 티웨이항공",방어장 · 평균 -5.68% · 하락비중 91% · 현금 비중 높게,수급 수집 실패,우주항공 → 위성 → 통신장비 → 소재,"기준 현재가 4,745 · 손절 참고 4,547 · 1차 익절 참고 4,993","최대 호재: 수주, 계약, 실적 개선, 정책 수혜 / 최대 악재: 실적 부진, 규제, 원가 상승, 수요 둔화","악재 영향 예상: -3.0~-5.5% (4,482원 부근까지 경계) · 회복 기준 4,840원 돌파","악재 뉴스: 제주항공, 실적 살아났지만 현금 더 쌓는다 (2026-05-18) · 최대 호재: 수주, 계약, 실적 개선, 정책 수혜 / 최대 악재: 실적 부진, 규제, 원가 상승, 수요 둔화"
진에어,272450.KS,ok,국장,해당 없음,0.0,0.0,0.0,,,0,해당 없음,0.0,0.0,,,,0.0,0.0,,,-8.0,본장 전/초반 1시간 약세 · 초반 -1.66% · 방어 우선,0.0,중립,1분봉 중립 · 장중 -3.81% · 최근 +0.00%,AI 관망,0,지금은 확실한 우위가 부족합니다.,항공,보류,🚫 제외,리스크 과다,0,2.0,0.0,0.0,0.0,0.0,2.0,40.0,False,False,중립장,11.0,5820.0,6070.0,naver_realtime,naver_realtime_calculated,-4.12,-4.28,0.0,0.59,0.54,False,612188340.0,40.9,False,3.8,일반 모멘텀,-,"거래대금 부족, 본장 전/초반 1시간 약세 · 초반 -1.66% · 방어 우선, 매수 확인 부족: 거래량 0.59x / 거래대금 0.54x, 리스크 34 이상으로 신규 관심 제외, 항공 섹터 약세",수급 수집 실패,unavailable,0.0,0.0,뉴스 중립,google_news,"관련 뉴스: 진양곤 의장, 올해만 8차례 HLB이노베이션 주식 매수…재평가 가시화? - v.daum.net (2026-05-15)",none,"진양곤 의장, 올해만 8차례 HLB이노베이션 주식 매수…재평가 가시화? - v.daum.net (2026-05-15) | 대한항공, 아시아나 품고 차입금 2배↑…한신평 “일시적 재무 충격 후 ‘3대 통합 시너지’ 기대” (2026-05-15)","naver_daily, naver_realtime, news:google_news, flow:unavailable, intraday_1m",0.0,6.0,항공 섹터 약세,2026-05-19 21:07:50 PDT,0,"관망 · 관련 뉴스: 진양곤 의장, 올해만 8차례 HLB이노베이션 주식 매수…재평가 가시화? - v.daum.net (2026-05-1",선행 신호 대기,놓침 위험 낮음,시장 방어장 · 신규 매수는 작게,급변 신호 없음,"항공 흐름 · 평균 -3.95% · 거래량 0.9배 · 대표 대한항공, 아시아나항공, 티웨이항공",방어장 · 평균 -5.68% · 하락비중 91% · 현금 비중 높게,수급 수집 실패,우주항공 → 위성 → 통신장비 → 소재,"기준 현재가 5,820 · 손절 참고 5,599 · 1차 익절 참고 6,096","최대 호재: 수주, 계약, 실적 개선, 정책 수혜 / 최대 악재: 실적 부진, 규제, 원가 상승, 수요 둔화",뉴스 영향 예상: 방향성 약함 · 가격/거래량 확인 우선,"관련 뉴스: 진양곤 의장, 올해만 8차례 HLB이노베이션 주식 매수…재평가 가시화? - v.daum.net (2026-05-15) · 최대 호재: 수주, 계약, 실적 개선, 정책 수혜 / 최대 악재: 실적 부진, 규제, 원가 상승, 수요 둔화"
티웨이항공,091810.KS,ok,국장,해당 없음,0.0,0.0,0.0,,,0,해당 없음,0.0,0.0,,,,0.0,0.0,,,-8.0,본장 전/초반 1시간 약세 · 초반 -1.88% · 방어 우선,0.0,중립,1분봉 중립 · 장중 -2.83% · 최근 -0.60%,AI 관망,0,지금은 확실한 우위가 부족합니다.,항공,보류,🚫 제외,리스크 과다,0,6.0,0.0,0.0,0.0,4.0,2.0,25.0,False,False,중립장,11.0,825.0,849.0,naver_realtime,naver_realtime_calculated,-2.83,-3.96,0.0,1.07,0.96,True,1287690525.0,21.4,False,5.22,일반 모멘텀,뉴스 키워드: 보통 호재: 승인,"본장 전/초반 1시간 약세 · 초반 -1.88% · 방어 우선, 항공 섹터 약세",수급 수집 실패,unavailable,0.0,0.0,보통 호재: 승인,google_news,호재 뉴스: [핫타임] '티웨이' 지우고 '트리니티'로…2대주주 티웨이홀딩스 상한가 - v.daum.net (2026-05-19),medium,"[핫타임] '티웨이' 지우고 '트리니티'로…2대주주 티웨이홀딩스 상한가 - v.daum.net (2026-05-19) | 신저가 찍던 티웨이홀딩스, 한달 만에 상한가 직행 (2026-05-19)","naver_daily, naver_realtime, news:google_news, flow:unavailable, intraday_1m",0.0,6.0,항공 섹터 약세,2026-05-19 21:07:50 PDT,15,관망 · 호재 뉴스: [핫타임] '티웨이' 지우고 '트리니티'로…2대주주 티웨이홀딩스 상한가 - v.daum.net (2026-05-1,선행 신호 대기,놓침 위험 낮음,시장 방어장 · 신규 매수는 작게,급변 신호 없음,"항공 흐름 · 평균 -3.95% · 거래량 0.9배 · 대표 대한항공, 아시아나항공, 티웨이항공",방어장 · 평균 -5.68% · 하락비중 91% · 현금 비중 높게,수급 수집 실패,우주항공 → 위성 → 통신장비 → 소재,기준 현재가 825 · 손절 참고 782 · 1차 익절 참고 879,"최대 호재: 수주, 계약, 실적 개선, 정책 수혜 / 최대 악재: 실적 부진, 규제, 원가 상승, 수요 둔화",호재 영향 예상: +3.9~+7.0% (883원 부근까지 시도) · 이탈 기준 806원,"호재 뉴스: [핫타임] '티웨이' 지우고 '트리니티'로…2대주주 티웨이홀딩스 상한가 - v.daum.net (2026-05-19) · 최대 호재: 수주, 계약, 실적 개선, 정책 수혜 / 최대 악재: 실적 부진, 규제, 원가 상승, 수요 둔화"
대한해운,005880.KS,ok,국장,해당 없음,0.0,0.0,0.0,,,0,해당 없음,0.0,0.0,,,,0.0,0.0,,,-8.0,본장 전/초반 1시간 약세 · 초반 -2.42% · 방어 우선,6.0,양호,1분봉 양호 · 장중 -2.62% · 최근 +0.21%,AI 관망,0,지금은 확실한 우위가 부족합니다.,해운,보류,🚫 제외,리스크 과다,0,15.0,6.0,0.0,0.0,7.0,2.0,46.0,False,False,중립장,11.0,2415.0,2500.0,naver_realtime,naver_realtime_calculated,-3.4,-3.4,-0.2,0.48,0.44,False,15816223815.0,38.4,False,7.31,일반 모멘텀,"뉴스 키워드: 보통 호재: 투자 / 약한 호재: 증가 / 악재: 감소, 1분봉 양호 · 장중 -2.62% · 최근 +0.21%","변동성 과다, 뉴스 리스크: 보통 호재: 투자 / 약한 호재: 증가 / 악재: 감소, 본장 전/초반 1시간 약세 · 초반 -2.42% · 방어 우선, 매수 확인 부족: 거래량 0.48x / 거래대금 0.44x, 리스크 40 이상으로 신규 관심 제외, 해운 섹터 약세",수급 수집 실패,unavailable,0.0,0.0,보통 호재: 투자 / 약한 호재: 증가 / 악재: 감소,google_news,"악재 뉴스: 우오현, 라이벌 김홍국式 해운 투자하나…대한해운 시험대 (2026-05-20)",medium,"우오현, 라이벌 김홍국式 해운 투자하나…대한해운 시험대 (2026-05-20) | SM그룹 대한해운, 1분기 영업이익 744억원…전년 동기 대비 16% 증가 (2026-05-18)","naver_daily, naver_realtime, news:google_news, flow:unavailable, intraday_1m",0.0,6.0,해운 섹터 약세,2026-05-19 21:07:50 PDT,0,"관망 · 악재 뉴스: 우오현, 라이벌 김홍국式 해운 투자하나…대한해운 시험대 (2026-05-20)",선행 신호 대기,놓침 위험 낮음,시장 방어장 · 신규 매수는 작게,급변 신호 없음,"해운 흐름 · 평균 -3.69% · 거래량 0.8배 · 대표 팬오션, HMM, KSS해운",방어장 · 평균 -5.68% · 하락비중 91% · 현금 비중 높게,수급 수집 실패,대표 테마 연결 대기,"기준 현재가 2,415 · 손절 참고 2,238 · 1차 익절 참고 2,636","최대 호재: 운임 상승, 물동량 증가, 홍해 리스크, 컨테이너 강세 / 최대 악재: 운임 하락, 물동량 감소, 선복 과잉, 제재","악재 영향 예상: -5.9~-10.7% (2,157원 부근까지 경계) · 회복 기준 2,494원 돌파","악재 뉴스: 우오현, 라이벌 김홍국式 해운 투자하나…대한해운 시험대 (2026-05-20) · 최대 호재: 운임 상승, 물동량 증가, 홍해 리스크, 컨테이너 강세 / 최대 악재: 운임 하락, 물동량 감소, 선복 과잉, 제재"
CJ ENM,035760.KQ,ok,국장,해당 없음,0.0,0.0,0.0,,,0,해당 없음,0.0,0.0,,,,0.0,0.0,,,0.0,본장 전/초반 1시간 중립 · 초반 -0.24%,0.0,중립,1분봉 중립 · 장중 -2.71% · 최근 -0.36%,AI 관망,0,지금은 확실한 우위가 부족합니다.,콘텐츠/미디어,보류,대기,매매 근거 부족,0,8.0,6.0,0.0,0.0,0.0,2.0,11.0,False,False,중립장,11.0,41400.0,42700.0,naver_realtime,naver_realtime_calculated,-3.04,-2.59,0.71,1.12,0.96,True,4400488800.0,8.1,False,4.42,일반 모멘텀,건전한 갭 상승,-,수급 수집 실패,unavailable,0.0,0.0,뉴스 중립,google_news,관련 뉴스: 라이브시티에 발묶인 CJ ENM…끊이지 않는 자금 수혈 (2026-05-20),none,"라이브시티에 발묶인 CJ ENM…끊이지 않는 자금 수혈 (2026-05-20) | 올리브영 자주 가면 꼭 알아야 할 이 주식...""글로벌도 합니다"" (2026-05-19)","naver_daily, naver_realtime, news:google_news, flow:unavailable, intraday_1m",,,섹터 확인 부족,2026-05-19 21:07:50 PDT,9,관망 · 관련 뉴스: 라이브시티에 발묶인 CJ ENM…끊이지 않는 자금 수혈 (2026-05-20),선행 신호 대기,놓침 위험 낮음,시장 방어장 · 신규 매수는 작게,급변 신호 없음,콘텐츠/미디어 흐름 · 평균 -2.59% · 거래량 1.1배 · 대표 CJ ENM,방어장 · 평균 -5.68% · 하락비중 91% · 현금 비중 높게,수급 수집 실패,대표 테마 연결 대기,"기준 현재가 41,400 · 손절 참고 39,570 · 1차 익절 참고 43,687","최대 호재: 수주, 계약, 실적 개선, 정책 수혜 / 최대 악재: 실적 부진, 규제, 원가 상승, 수요 둔화",뉴스 영향 예상: 방향성 약함 · 가격/거래량 확인 우선,"관련 뉴스: 라이브시티에 발묶인 CJ ENM…끊이지 않는 자금 수혈 (2026-05-20) · 최대 호재: 수주, 계약, 실적 개선, 정책 수혜 / 최대 악재: 실적 부진, 규제, 원가 상승, 수요 둔화"
제일기획,030000.KS,ok,국장,해당 없음,0.0,0.0,0.0,,,0,해당 없음,0.0,0.0,,,,0.0,0.0,,,-8.0,본장 전/초반 1시간 약세 · 초반 -2.58% · 방어 우선,0.0,중립,1분봉 중립 · 장중 -3.67% · 최근 -0.32%,AI 관망,0,지금은 확실한 우위가 부족합니다.,광고,보류,🚫 제외,리스크 과다,0,25.0,16.0,0.0,0.0,7.0,2.0,25.0,False,False,중립장,11.0,18630.0,19330.0,naver_realtime,naver_realtime_calculated,-3.62,-3.17,0.57,0.83,0.79,False,7012965420.0,43.1,True,2.33,일반 모멘텀,"MACD 상승, 건전한 갭 상승, 뉴스 키워드: 보통 호재: 실적 / 약한 호재: 증가, 상승","본장 전/초반 1시간 약세 · 초반 -2.58% · 방어 우선, 매수 확인 부족: 거래량 0.83x / 거래대금 0.79x, 광고 섹터 약세",수급 수집 실패,unavailable,0.0,0.0,"보통 호재: 실적 / 약한 호재: 증가, 상승",google_news,"호재 뉴스: 실적 엇갈린 광고 대장주…이노션, 10년 만에 분기 영업익서 제일기획 첫 추월 (2026-05-14)",medium,"실적 엇갈린 광고 대장주…이노션, 10년 만에 분기 영업익서 제일기획 첫 추월 (2026-05-14) | 계열사만으론 한계…제일기획·이노션, 외부 광고주 확보 총력 (2026-05-12)","naver_daily, naver_realtime, news:google_news, flow:unavailable, intraday_1m",0.0,6.0,광고 섹터 약세,2026-05-19 21:07:50 PDT,18,"관망 · 호재 뉴스: 실적 엇갈린 광고 대장주…이노션, 10년 만에 분기 영업익서 제일기획 첫 추월 (2026-05-14)",선행 신호 대기,놓침 위험 낮음,시장 방어장 · 신규 매수는 작게,급변 신호 없음,"광고 흐름 · 평균 -3.12% · 거래량 1.4배 · 대표 이노션, 제일기획",방어장 · 평균 -5.68% · 하락비중 91% · 현금 비중 높게,수급 수집 실패,대표 테마 연결 대기,"기준 현재가 18,630 · 손절 참고 18,071 · 1차 익절 참고 19,375","최대 호재: 수주, 계약, 실적 개선, 정책 수혜 / 최대 악재: 실적 부진, 규제, 원가 상승, 수요 둔화","호재 영향 예상: +2.0~+3.2% (19,226원 부근까지 시도) · 이탈 기준 18,257원","호재 뉴스: 실적 엇갈린 광고 대장주…이노션, 10년 만에 분기 영업익서 제일기획 첫 추월 (2026-05-14) · 최대 호재: 수주, 계약, 실적 개선, 정책 수혜 / 최대 악재: 실적 부진, 규제, 원가 상승, 수요 둔화"
NHN,181710.KS,ok,국장,해당 없음,0.0,0.0,0.0,,,0,해당 없음,0.0,0.0,,,,0.0,0.0,,,-8.0,본장 전/초반 1시간 약세 · 초반 -2.33% · 방어 우선,6.0,양호,1분봉 양호 · 장중 -3.76% · 최근 +0.27%,AI 관망,0,지금은 확실한 우위가 부족합니다.,게임/IT,보류,대기,매매 근거 부족,0,16.0,6.0,0.0,0.0,8.0,2.0,19.0,False,False,중립장,11.0,37300.0,38800.0,naver_realtime,naver_realtime_calculated,-3.87,-2.36,-0.65,1.14,1.06,True,3744547000.0,37.1,False,5.51,일반 모멘텀,"뉴스 키워드: 보통 호재: 실적, 투자, 1분봉 양호 · 장중 -3.76% · 최근 +0.27%",본장 전/초반 1시간 약세 · 초반 -2.33% · 방어 우선,수급 수집 실패,unavailable,0.0,0.0,"보통 호재: 실적, 투자",google_news,호재 뉴스: 1분기 실적은 기대 못 미쳤지만 지금 사도 부담없는 주가 (2026-05-12),medium,"1분기 실적은 기대 못 미쳤지만 지금 사도 부담없는 주가 (2026-05-12) | NHN, 1분기 매출 6714억원…""게임·결제·기술 고른 성장"" (2026-05-12)","naver_daily, naver_realtime, news:google_news, flow:unavailable, intraday_1m",,,섹터 확인 부족,2026-05-19 21:07:50 PDT,20,관망 · 호재 뉴스: 1분기 실적은 기대 못 미쳤지만 지금 사도 부담없는 주가 (2026-05-12),선행 신호 대기,놓침 위험 낮음,시장 방어장 · 신규 매수는 작게,급변 신호 없음,게임/IT 흐름 · 평균 -2.36% · 거래량 1.1배 · 대표 NHN,방어장 · 평균 -5.68% · 하락비중 91% · 현금 비중 높게,수급 수집 실패,대표 테마 연결 대기,"기준 현재가 37,300 · 손절 참고 35,245 · 1차 익절 참고 39,869","최대 호재: 신작 흥행, 중국 판호, 글로벌 출시, 매출 순위 상승 / 최대 악재: 신작 부진, 출시 연기, 규제, 매출 하락","호재 영향 예상: +2.4~+4.3% (38,915원 부근까지 시도) · 이탈 기준 36,375원","호재 뉴스: 1분기 실적은 기대 못 미쳤지만 지금 사도 부담없는 주가 (2026-05-12) · 최대 호재: 신작 흥행, 중국 판호, 글로벌 출시, 매출 순위 상승 / 최대 악재: 신작 부진, 출시 연기, 규제, 매출 하락"
콘텐트리중앙,036420.KS,ok,국장,해당 없음,0.0,0.0,0.0,,,0,해당 없음,0.0,0.0,,,,0.0,0.0,,,-8.0,본장 전/초반 1시간 약세 · 초반 -2.63% · 방어 우선,-1.0,중립,1분봉 중립 · 장중 -3.28% · 최근 +0.17%,AI 관망,0,이미 많이 오른 구간이라 신규 매수보다 눌림 확인이 우선입니다.,콘텐츠,보류,🚫 제외,리스크 과다,0,28.0,6.0,20.0,0.0,0.0,2.0,30.0,False,True,중립장,11.0,5800.0,5970.0,naver_realtime,naver_realtime_calculated,-2.85,10.69,0.57,4.72,4.72,True,2500884600.0,49.4,False,5.57,거래량 폭발,"거래량/거래대금 폭발(4.7x/4.7x), 건전한 갭 상승","당일 급등 후 추격 위험, 뉴스 호재 강도 약함, 1분봉 중립 · 장중 -3.28% · 최근 +0.17%, 본장 전/초반 1시간 약세 · 초반 -2.63% · 방어 우선, 리스크 30 이상으로 신규 관심 제외",수급 수집 실패,unavailable,0.0,0.0,약한 호재: 상승,google_news,호재 뉴스: [오프로]26.05.19 상한가 및 상승종목 (2026-05-19),weak,[오프로]26.05.19 상한가 및 상승종목 (2026-05-19) | [특징주] 1분기 왕사남·2분기 호프 기대감에…콘텐트리중앙 13%대 상승 (2026-05-19),"naver_daily, naver_realtime, news:google_news, flow:unavailable, intraday_1m",,,섹터 확인 부족,2026-05-19 21:07:50 PDT,44,관망 · 거래량 4.7배 · 추격 부담 높음 · 호재 뉴스: [오프로]26.05.19 상한가 및 상승종목 (2026-05-19) · 놓친 상승 복기: 이전 놓친 상승 패턴 1회 / 콘텐트리중앙 개별 실패 복기 1회,추격 주의 · 이미 오른 구간이라 눌림 확인 우선,놓침 위험 낮음,시장 방어장 · 신규 매수는 작게,급변 감지 · 당일 +10.69%,콘텐츠 흐름 · 평균 +10.69% · 거래량 4.7배 · 대표 콘텐트리중앙,방어장 · 평균 -5.68% · 하락비중 91% · 현금 비중 높게,수급 수집 실패,대표 테마 연결 대기,"기준 현재가 5,800 · 손절 참고 5,477 · 1차 익절 참고 6,204","최대 호재: 수주, 계약, 실적 개선, 정책 수혜 / 최대 악재: 실적 부진, 규제, 원가 상승, 수요 둔화","호재 영향 예상: +3.6~+6.6% (6,181원 부근까지 시도) · 이탈 기준 5,655원","호재 뉴스: [오프로]26.05.19 상한가 및 상승종목 (2026-05-19) · 최대 호재: 수주, 계약, 실적 개선, 정책 수혜 / 최대 악재: 실적 부진, 규제, 원가 상승, 수요 둔화"
신세계인터내셔날,031430.KS,ok,국장,해당 없음,0.0,0.0,0.0,,,0,해당 없음,0.0,0.0,,,,0.0,0.0,,,0.0,본장 전/초반 1시간 중립 · 초반 -0.14%,0.0,중립,1분봉 중립 · 장중 -3.22% · 최근 -0.50%,AI 관망,0,지금은 확실한 우위가 부족합니다.,패션/화장품,보류,🚫 제외,리스크 과다,0,22.0,20.0,0.0,0.0,0.0,2.0,26.0,False,False,중립장,11.0,13910.0,14500.0,naver_realtime,naver_realtime_calculated,-4.07,-10.14,-2.13,0.91,0.82,True,2618334940.0,47.5,False,7.61,일반 모멘텀,추세 상승,"변동성 과다, 리스크 26 이상으로 신규 관심 제외",수급 수집 실패,unavailable,0.0,0.0,뉴스 중립,google_news,"관련 뉴스: NH證 “신세계, 백화점·면세점 동반 호황…목표가 66만원"" (2026-05-20)",none,"NH證 “신세계, 백화점·면세점 동반 호황…목표가 66만원"" (2026-05-20) | '신세계인터내셔날' 52주 신고가 경신, 최근 3일간 기관 대량 순매수 (2026-05-15)","naver_daily, naver_realtime, news:google_news, flow:unavailable, intraday_1m",,,섹터 확인 부족,2026-05-19 21:07:50 PDT,1,"관망 · 관련 뉴스: NH證 “신세계, 백화점·면세점 동반 호황…목표가 66만원"" (2026-05-20)",선행 신호 대기,놓침 위험 낮음,시장 방어장 · 신규 매수는 작게,급변 감지 · 당일 -10.14%,패션/화장품 흐름 · 평균 -10.14% · 거래량 0.9배 · 대표 신세계인터내셔날,방어장 · 평균 -5.68% · 하락비중 91% · 현금 비중 높게,수급 수집 실패,대표 테마 연결 대기,"기준 현재가 13,910 · 손절 참고 12,851 · 1차 익절 참고 15,233","최대 호재: 수주, 계약, 실적 개선, 정책 수혜 / 최대 악재: 실적 부진, 규제, 원가 상승, 수요 둔화",뉴스 영향 예상: 방향성 약함 · 가격/거래량 확인 우선,"관련 뉴스: NH證 “신세계, 백화점·면세점 동반 호황…목표가 66만원"" (2026-05-20) · 최대 호재: 수주, 계약, 실적 개선, 정책 수혜 / 최대 악재: 실적 부진, 규제, 원가 상승, 수요 둔화"
휠라홀딩스,081660.KS,ok,국장,해당 없음,0.0,0.0,0.0,,,0,해당 없음,0.0,0.0,,,,0.0,0.0,,,-8.0,본장 전/초반 1시간 약세 · 초반 -2.21% · 방어 우선,6.0,양호,1분봉 양호 · 장중 -4.30% · 최근 +0.39%,AI 관망,0,지금은 확실한 우위가 부족합니다.,패션,보류,🚫 제외,리스크 과다,0,24.0,22.0,0.0,0.0,0.0,2.0,25.0,False,False,중립장,11.0,39050.0,40300.0,naver_realtime,naver_realtime_calculated,-3.1,-4.52,0.12,0.96,0.95,True,6608119100.0,46.2,True,4.29,일반 모멘텀,"MACD 상승, 건전한 갭 상승, 1분봉 양호 · 장중 -4.30% · 최근 +0.39%","본장 전/초반 1시간 약세 · 초반 -2.21% · 방어 우선, 패션 섹터 약세",수급 수집 실패,unavailable,0.0,0.0,뉴스 중립,google_news,관련 뉴스: [Who Is ?] 윤윤수 미스토홀딩스 명예회장 (2026-05-19),none,"[Who Is ?] 윤윤수 미스토홀딩스 명예회장 (2026-05-19) | [버핏 리포트] 미스토홀딩스, 중국서 통했다…K패션·FILA 동반 성장 - NH 윤승재 기자 2026-05-18 10:45:17 (2026-05-18)","naver_daily, naver_realtime, news:google_news, flow:unavailable, intraday_1m",0.0,6.0,패션 섹터 약세,2026-05-19 21:07:50 PDT,1,관망 · 관련 뉴스: [Who Is ?] 윤윤수 미스토홀딩스 명예회장 (2026-05-19),선행 신호 대기,놓침 위험 낮음,시장 방어장 · 신규 매수는 작게,급변 신호 없음,"패션 흐름 · 평균 -5.06% · 거래량 1.0배 · 대표 LF, F&F, 영원무역",방어장 · 평균 -5.68% · 하락비중 91% · 현금 비중 높게,수급 수집 실패,대표 테마 연결 대기,"기준 현재가 39,050 · 손절 참고 37,375 · 1차 익절 참고 41,144","최대 호재: 수주, 계약, 실적 개선, 정책 수혜 / 최대 악재: 실적 부진, 규제, 원가 상승, 수요 둔화",뉴스 영향 예상: 방향성 약함 · 가격/거래량 확인 우선,"관련 뉴스: [Who Is ?] 윤윤수 미스토홀딩스 명예회장 (2026-05-19) · 최대 호재: 수주, 계약, 실적 개선, 정책 수혜 / 최대 악재: 실적 부진, 규제, 원가 상승, 수요 둔화"
HD현대인프라코어,042670.KS,no_data,국장,해당 없음,0.0,0.0,0.0,,,0,해당 없음,0.0,0.0,,,,,,,,,,,,,AI 관망,0,가격 데이터를 확인하지 못했습니다.,,,,,0,,,,,,,,,,,,,,,,,,,,,,,,,,,,,,,,,,,뉴스 확인 전입니다.,,,,,,,2026-05-19 21:07:50 PDT,15,관망 · 추격 부담 낮음 · 뉴스 확인 전입니다.,선행 신호 대기,놓침 위험 낮음,시장 방어장 · 신규 매수는 작게,급변 신호 없음,기타 흐름 · 평균 +0.00% · 거래량 0.0배,방어장 · 평균 -5.68% · 하락비중 91% · 현금 비중 높게,수급 확인 대기,대표 테마 연결 대기,포지션 기준가 대기,"최대 호재: 수주, 계약, 실적 개선, 정책 수혜 / 최대 악재: 실적 부진, 규제, 원가 상승, 수요 둔화",뉴스 영향 예상가: 현재가 확인 대기,"뉴스 확인 전입니다. · 최대 호재: 수주, 계약, 실적 개선, 정책 수혜 / 최대 악재: 실적 부진, 규제, 원가 상승, 수요 둔화"
SBS,034120.KS,ok,국장,해당 없음,0.0,0.0,0.0,,,0,해당 없음,0.0,0.0,,,,0.0,0.0,,,-8.0,본장 전/초반 1시간 약세 · 초반 -2.42% · 방어 우선,0.0,중립,1분봉 중립 · 장중 -2.49% · 최근 +0.00%,AI 관망,0,지금은 확실한 우위가 부족합니다.,방송,보류,🚫 제외,리스크 과다,0,6.0,0.0,0.0,0.0,4.0,2.0,39.0,False,False,중립장,11.0,13690.0,13890.0,naver_realtime,naver_realtime_calculated,-1.44,-3.86,-0.77,1.07,0.97,True,541713300.0,19.0,False,2.18,일반 모멘텀,뉴스 키워드: 보통 호재: 투자 / 악재: 순매도,"거래대금 부족, 뉴스 리스크: 보통 호재: 투자 / 악재: 순매도, 본장 전/초반 1시간 약세 · 초반 -2.42% · 방어 우선, 리스크 39 이상으로 신규 관심 제외",수급 수집 실패,unavailable,0.0,0.0,보통 호재: 투자 / 악재: 순매도,google_news,악재 뉴스: [다시보기] 주식이 궁금할 때 84회 - sbs.co.kr (2026-05-20),medium,"[다시보기] 주식이 궁금할 때 84회 - sbs.co.kr (2026-05-20) | 외국인, 올해 순매도 행진 속에서도 지주사 주식은 '쇼핑' - v.daum.net (2026-05-19)","naver_daily, naver_realtime, news:google_news, flow:unavailable, intraday_1m",,,섹터 확인 부족,2026-05-19 21:07:50 PDT,0,관망 · 악재 뉴스: [다시보기] 주식이 궁금할 때 84회 - sbs.co.kr (2026-05-20),선행 신호 대기,놓침 위험 낮음,시장 방어장 · 신규 매수는 작게,급변 신호 없음,방송 흐름 · 평균 -3.86% · 거래량 1.1배 · 대표 SBS,방어장 · 평균 -5.68% · 하락비중 91% · 현금 비중 높게,수급 수집 실패,대표 테마 연결 대기,"기준 현재가 13,690 · 손절 참고 13,279 · 1차 익절 참고 14,238","최대 호재: 수주, 계약, 실적 개선, 정책 수혜 / 최대 악재: 실적 부진, 규제, 원가 상승, 수요 둔화","악재 영향 예상: -3.0~-4.5% (13,074원 부근까지 경계) · 회복 기준 13,964원 돌파","악재 뉴스: [다시보기] 주식이 궁금할 때 84회 - sbs.co.kr (2026-05-20) · 최대 호재: 수주, 계약, 실적 개선, 정책 수혜 / 최대 악재: 실적 부진, 규제, 원가 상승, 수요 둔화"
LF,093050.KS,ok,국장,해당 없음,0.0,0.0,0.0,,,0,해당 없음,0.0,0.0,,,,0.0,0.0,,,-8.0,본장 전/초반 1시간 약세 · 초반 -4.01% · 방어 우선,14.0,강함,1분봉 강함 · 장중 -0.84% · 최근 +0.21% · 거래 2.5배,AI 관망,0,지금은 확실한 우위가 부족합니다.,패션,보류,🚫 제외,리스크 과다,0,35.0,18.0,12.0,0.0,3.0,2.0,35.0,False,False,중립장,11.0,23750.0,23900.0,naver_realtime,naver_realtime_calculated,-0.63,-2.66,2.87,1.41,1.34,True,1392913750.0,36.6,False,4.89,일반 모멘텀,"거래량 증가(1.4x), 건전한 갭 상승, 뉴스 키워드: 약한 호재: 증가, 확대 / 악재: 지분율, 주식등의 수, 1분봉 강함 · 장중 -0.84% · 최근 +0.21% · 거래 2.5배","뉴스 호재 강도 약함, 뉴스 리스크: 약한 호재: 증가, 확대 / 악재: 지분율, 주식등의 수, 본장 전/초반 1시간 약세 · 초반 -4.01% · 방어 우선, 리스크 29 이상으로 신규 관심 제외, 패션 섹터 약세",수급 수집 실패,unavailable,0.0,0.0,"약한 호재: 증가, 확대 / 악재: 지분율, 주식등의 수",google_news,"악재 뉴스: LF 최대주주 구본걸, LF 주식등의 수 20만4713주 증가…총 지분율 58.99% (2026-05-18)",weak,"LF 최대주주 구본걸, LF 주식등의 수 20만4713주 증가…총 지분율 58.99% (2026-05-18) | LF, 1분기 영업익 444억…헤지스·닥스 효과 봤다 (2026-05-15)","naver_daily, naver_realtime, news:google_news, flow:unavailable, intraday_1m",0.0,6.0,패션 섹터 약세,2026-05-19 21:07:50 PDT,1,"관망 · 거래량 1.4배 · 악재 뉴스: LF 최대주주 구본걸, LF 주식등의 수 20만4713주 증가…총 지분율 58.99% (2026-05-18)",선행 신호 대기,놓침 위험 낮음,시장 방어장 · 신규 매수는 작게,급변 신호 없음,"패션 흐름 · 평균 -5.06% · 거래량 1.0배 · 대표 LF, F&F, 영원무역",방어장 · 평균 -5.68% · 하락비중 91% · 현금 비중 높게,수급 수집 실패,대표 테마 연결 대기,"기준 현재가 23,750 · 손절 참고 22,589 · 1차 익절 참고 25,202","최대 호재: 수주, 계약, 실적 개선, 정책 수혜 / 최대 악재: 실적 부진, 규제, 원가 상승, 수요 둔화","악재 영향 예상: -3.9~-7.1% (22,065원 부근까지 경계) · 회복 기준 24,273원 돌파","악재 뉴스: LF 최대주주 구본걸, LF 주식등의 수 20만4713주 증가…총 지분율 58.99% (2026-05-18) · 최대 호재: 수주, 계약, 실적 개선, 정책 수혜 / 최대 악재: 실적 부진, 규제, 원가 상승, 수요 둔화"
HD현대마린엔진,071970.KS,ok,국장,해당 없음,0.0,0.0,0.0,,,0,해당 없음,0.0,0.0,,,,0.0,0.0,,,-8.0,본장 전/초반 1시간 약세 · 초반 -4.29% · 방어 우선,6.0,양호,1분봉 양호 · 장중 -3.90% · 최근 +0.41%,AI 관망,0,지금은 확실한 우위가 부족합니다.,조선기자재,보류,🚫 제외,리스크 과다,0,14.0,12.0,0.0,0.0,0.0,2.0,40.0,False,False,중립장,11.0,73200.0,74700.0,naver_realtime,naver_realtime_calculated,-2.01,-4.69,2.47,0.69,0.5,False,24384457200.0,9.7,False,9.25,일반 모멘텀,"건전한 갭 상승, 1분봉 양호 · 장중 -3.90% · 최근 +0.41%","변동성 과다, 본장 전/초반 1시간 약세 · 초반 -4.29% · 방어 우선, 매수 확인 부족: 거래량 0.69x / 거래대금 0.50x, 리스크 34 이상으로 신규 관심 제외, 조선기자재 섹터 약세",수급 수집 실패,unavailable,0.0,0.0,뉴스 중립,google_news,"관련 뉴스: [강세 토픽] 엔진 (조선·AI) 테마, STX엔진 +4.26%, HD현대마린엔진 +2.73% (2026-05-19)",none,"[강세 토픽] 엔진 (조선·AI) 테마, STX엔진 +4.26%, HD현대마린엔진 +2.73% (2026-05-19) | HD현대마린솔루션, 美 데이터센터 ‘유지·보수’ 맡는다 (2026-05-18)","naver_daily, naver_realtime, news:google_news, flow:unavailable, intraday_1m",0.0,6.0,조선기자재 섹터 약세,2026-05-19 21:07:50 PDT,0,"관망 · 관련 뉴스: [강세 토픽] 엔진 (조선·AI) 테마, STX엔진 +4.26%, HD현대마린엔진 +2.73% (2026-05-1","조용한 자금 후보 · ok · 점수 20 · 10만원 이하(74,000원) / 뉴스 트리거 인수, 공급, 승인",놓침 위험 낮음,시장 방어장 · 신규 매수는 작게,급변 신호 없음,"조선기자재 흐름 · 평균 -4.26% · 거래량 0.6배 · 대표 동성화인텍, 태광, 한화엔진",방어장 · 평균 -5.68% · 하락비중 91% · 현금 비중 높게,수급 수집 실패,대표 테마 연결 대기,"기준 현재가 73,200 · 손절 참고 66,429 · 1차 익절 참고 81,664","최대 호재: LNG선 수주, 선가 상승, 흑자 전환, 해양플랜트 수주 / 최대 악재: 인도 지연, 원가 상승, 노사 갈등, 수주 취소",뉴스 영향 예상: 방향성 약함 · 가격/거래량 확인 우선,"관련 뉴스: [강세 토픽] 엔진 (조선·AI) 테마, STX엔진 +4.26%, HD현대마린엔진 +2.73% (2026-05-19) · 최대 호재: LNG선 수주, 선가 상승, 흑자 전환, 해양플랜트 수주 / 최대 악재: 인도 지연, 원가 상승, 노사 갈등, 수주 취소"
HJ중공업,097230.KS,ok,국장,해당 없음,0.0,0.0,0.0,,,0,해당 없음,0.0,0.0,,,,0.0,0.0,,,-8.0,본장 전/초반 1시간 약세 · 초반 -3.46% · 방어 우선,6.0,양호,1분봉 양호 · 장중 -4.62% · 최근 +0.24%,AI 관망,0,지금은 확실한 우위가 부족합니다.,조선/건설,보류,🚫 제외,리스크 과다,0,28.0,6.0,0.0,0.0,20.0,2.0,41.0,False,False,중립장,11.0,20750.0,21700.0,naver_realtime,naver_realtime_calculated,-4.38,-10.17,0.0,0.47,0.33,False,24729497250.0,6.9,False,7.85,일반 모멘텀,"뉴스 키워드: 강한 호재: 수주, 흑자 / 보통 호재: 실적 / 악재: 급락, 1분봉 양호 · 장중 -4.62% · 최근 +0.24%","변동성 과다, 뉴스 리스크: 강한 호재: 수주, 흑자 / 보통 호재: 실적 / 악재: 급락, 본장 전/초반 1시간 약세 · 초반 -3.46% · 방어 우선, 매수 확인 부족: 거래량 0.47x / 거래대금 0.33x, 리스크 41 이상으로 신규 관심 제외",수급 수집 실패,unavailable,0.0,0.0,"강한 호재: 수주, 흑자 / 보통 호재: 실적 / 악재: 급락",google_news,악재 뉴스: 실적 날개 달았는데 주가는 고점 대비 40% 급락한 배경 (2026-05-20),strong,"실적 날개 달았는데 주가는 고점 대비 40% 급락한 배경 (2026-05-20) | HJ중공업, 친환경 컨테이너선 수주·건조 잇달아…시장 공략 가속화 - kscnews.co.kr (2026-05-20)","naver_daily, naver_realtime, news:google_news, flow:unavailable, intraday_1m",,,섹터 확인 부족,2026-05-19 21:07:50 PDT,0,관망 · 악재 뉴스: 실적 날개 달았는데 주가는 고점 대비 40% 급락한 배경 (2026-05-20),선행 신호 대기,놓침 위험 낮음,시장 방어장 · 신규 매수는 작게,급변 감지 · 당일 -10.17%,조선/건설 흐름 · 평균 -10.17% · 거래량 0.5배 · 대표 HJ중공업,방어장 · 평균 -5.68% · 하락비중 91% · 현금 비중 높게,수급 수집 실패,건설 → 건자재 → 철근/시멘트 → 리츠,"기준 현재가 20,750 · 손절 참고 19,121 · 1차 익절 참고 22,786","최대 호재: LNG선 수주, 선가 상승, 흑자 전환, 해양플랜트 수주 / 최대 악재: 인도 지연, 원가 상승, 노사 갈등, 수주 취소","악재 영향 예상: -5.2~-9.4% (18,798원 부근까지 경계) · 회복 기준 21,483원 돌파","악재 뉴스: 실적 날개 달았는데 주가는 고점 대비 40% 급락한 배경 (2026-05-20) · 최대 호재: LNG선 수주, 선가 상승, 흑자 전환, 해양플랜트 수주 / 최대 악재: 인도 지연, 원가 상승, 노사 갈등, 수주 취소"
SNT모티브,064960.KS,ok,국장,해당 없음,0.0,0.0,0.0,,,0,해당 없음,0.0,0.0,,,,0.0,0.0,,,-8.0,본장 전/초반 1시간 약세 · 초반 -2.78% · 방어 우선,0.0,중립,1분봉 중립 · 장중 -3.10% · 최근 +0.00%,AI 관망,0,지금은 확실한 우위가 부족합니다.,자동차부품/방산,보류,대기,매매 근거 부족,0,2.0,0.0,0.0,0.0,0.0,2.0,19.0,False,False,중립장,11.0,29850.0,30450.0,naver_realtime,naver_realtime_calculated,-1.97,-6.13,-0.16,1.08,0.94,True,3330274950.0,23.9,False,5.3,일반 모멘텀,-,"뉴스 호재 강도 약함, 본장 전/초반 1시간 약세 · 초반 -2.78% · 방어 우선",수급 수집 실패,unavailable,0.0,0.0,약한 호재: 확대,google_news,호재 뉴스: 5월 12일 주식시장 주요공시 - catchnews.kr (2026-05-13),weak,"5월 12일 주식시장 주요공시 - catchnews.kr (2026-05-13) | SNT모티브, 분기 현금배당 보통주 1주당 400원 결정 (2026-05-12)","naver_daily, naver_realtime, news:google_news, flow:unavailable, intraday_1m",,,섹터 확인 부족,2026-05-19 21:07:50 PDT,16,관망 · 호재 뉴스: 5월 12일 주식시장 주요공시 - catchnews.kr (2026-05-13),선행 신호 대기,놓침 위험 낮음,시장 방어장 · 신규 매수는 작게,급변 감지 · 당일 -6.13%,자동차부품/방산 흐름 · 평균 -6.13% · 거래량 1.1배 · 대표 SNT모티브,방어장 · 평균 -5.68% · 하락비중 91% · 현금 비중 높게,수급 수집 실패,대표 테마 연결 대기,"기준 현재가 29,850 · 손절 참고 28,268 · 1차 익절 참고 31,828","최대 호재: 판매 증가, 환율 수혜, 신차 효과, 전기차 보조금 / 최대 악재: 리콜, 파업, 관세, 판매 부진","호재 영향 예상: +2.2~+4.1% (31,070원 부근까지 시도) · 이탈 기준 29,138원","호재 뉴스: 5월 12일 주식시장 주요공시 - catchnews.kr (2026-05-13) · 최대 호재: 판매 증가, 환율 수혜, 신차 효과, 전기차 보조금 / 최대 악재: 리콜, 파업, 관세, 판매 부진"
현대리바트,079430.KS,ok,국장,해당 없음,0.0,0.0,0.0,,,0,해당 없음,0.0,0.0,,,,0.0,0.0,,,-8.0,본장 전/초반 1시간 약세 · 초반 -2.37% · 방어 우선,-8.0,위험,1분봉 약함 · 장중 -2.22% · 최근 -0.90% · 거래 0.3배,AI 관망,0,지금은 확실한 우위가 부족합니다.,가구/인테리어,보류,🚫 제외,리스크 과다,0,6.0,0.0,0.0,0.0,4.0,2.0,54.0,False,False,중립장,11.0,6620.0,6740.0,naver_realtime,naver_realtime_calculated,-1.78,-4.2,-1.59,0.15,0.12,False,660146400.0,19.3,False,5.49,일반 모멘텀,뉴스 키워드: 보통 호재: 실적 / 악재: 경고,"거래대금 부족, 뉴스 리스크: 보통 호재: 실적 / 악재: 경고, 1분봉 약함 · 장중 -2.22% · 최근 -0.90% · 거래 0.3배, 본장 전/초반 1시간 약세 · 초반 -2.37% · 방어 우선, 매수 확인 부족: 거래량 0.15x / 거래대금 0.12x, 리스크 48 이상으로 신규 관심 제외, 가구/인테리어 섹터 약세",수급 수집 실패,unavailable,0.0,0.0,보통 호재: 실적 / 악재: 경고,google_news,"악재 뉴스: [클릭 e종목]""현대리바트, 불황 속 원가 개선 노력…목표가↑"" (2026-05-13)",medium,"[클릭 e종목]""현대리바트, 불황 속 원가 개선 노력…목표가↑"" (2026-05-13) | 건설경기 침체에 가구업계 희비…한샘은 버티고 현대리바트는 흔들 (2026-05-12)","naver_daily, naver_realtime, news:google_news, flow:unavailable, intraday_1m",0.0,6.0,가구/인테리어 섹터 약세,2026-05-19 21:07:50 PDT,0,"관망 · 악재 뉴스: [클릭 e종목]""현대리바트, 불황 속 원가 개선 노력…목표가↑"" (2026-05-13)",선행 신호 대기,놓침 위험 낮음,시장 방어장 · 신규 매수는 작게,급변 신호 없음,"가구/인테리어 흐름 · 평균 -5.41% · 거래량 0.8배 · 대표 한샘, 현대리바트",방어장 · 평균 -5.68% · 하락비중 91% · 현금 비중 높게,수급 수집 실패,대표 테마 연결 대기,"기준 현재가 6,620 · 손절 참고 6,257 · 1차 익절 참고 7,074","최대 호재: 수주, 계약, 실적 개선, 정책 수혜 / 최대 악재: 실적 부진, 규제, 원가 상승, 수요 둔화","악재 영향 예상: -4.5~-8.2% (6,075원 부근까지 경계) · 회복 기준 6,784원 돌파","악재 뉴스: [클릭 e종목]""현대리바트, 불황 속 원가 개선 노력…목표가↑"" (2026-05-13) · 최대 호재: 수주, 계약, 실적 개선, 정책 수혜 / 최대 악재: 실적 부진, 규제, 원가 상승, 수요 둔화"
한샘,009240.KS,ok,국장,해당 없음,0.0,0.0,0.0,,,0,해당 없음,0.0,0.0,,,,0.0,0.0,,,-8.0,본장 전/초반 1시간 약세 · 초반 -2.74% · 방어 우선,6.0,양호,1분봉 양호 · 장중 -3.35% · 최근 +0.48%,AI 관망,0,지금은 확실한 우위가 부족합니다.,가구/인테리어,보류,🚫 제외,리스크 과다,0,20.0,6.0,12.0,0.0,0.0,2.0,52.0,False,False,중립장,11.0,31750.0,32650.0,naver_realtime,naver_realtime_calculated,-2.76,-6.62,-1.03,1.44,1.18,True,4269867000.0,33.8,False,7.12,일반 모멘텀,"거래량 증가(1.4x), 1분봉 양호 · 장중 -3.35% · 최근 +0.48%","변동성 과다, 뉴스 리스크: 악재: 하향, 본장 전/초반 1시간 약세 · 초반 -2.74% · 방어 우선, 리스크 46 이상으로 신규 관심 제외, 가구/인테리어 섹터 약세",수급 수집 실패,unavailable,0.0,0.0,악재: 하향,google_news,악재 뉴스: [IB토마토]중국 털고 넥서스 품은 한샘…IMM PE의 8000억 만기 방정식 (2026-05-18),none,"[IB토마토]중국 털고 넥서스 품은 한샘…IMM PE의 8000억 만기 방정식 (2026-05-18) | 한샘, 결국 넥서스도 합친다…구조조정 가속화 - v.daum.net (2026-05-14)","naver_daily, naver_realtime, news:google_news, flow:unavailable, intraday_1m",0.0,6.0,가구/인테리어 섹터 약세,2026-05-19 21:07:50 PDT,0,관망 · 거래량 1.4배 · 악재 뉴스: [IB토마토]중국 털고 넥서스 품은 한샘…IMM PE의 8000억 만기 방정식 (2026-05-18),선행 신호 대기,놓침 위험 낮음,급락 위험 · 거래량 1.4배 동반 하락,급변 감지 · 당일 -6.62%,"가구/인테리어 흐름 · 평균 -5.41% · 거래량 0.8배 · 대표 한샘, 현대리바트",방어장 · 평균 -5.68% · 하락비중 91% · 현금 비중 높게,수급 수집 실패,대표 테마 연결 대기,"기준 현재가 31,750 · 손절 참고 29,489 · 1차 익절 참고 34,576","최대 호재: 수주, 계약, 실적 개선, 정책 수혜 / 최대 악재: 실적 부진, 규제, 원가 상승, 수요 둔화","악재 영향 예상: -5.2~-9.5% (28,725원 부근까지 경계) · 회복 기준 32,767원 돌파","악재 뉴스: [IB토마토]중국 털고 넥서스 품은 한샘…IMM PE의 8000억 만기 방정식 (2026-05-18) · 최대 호재: 수주, 계약, 실적 개선, 정책 수혜 / 최대 악재: 실적 부진, 규제, 원가 상승, 수요 둔화"
현대엘리베이터,017800.KS,ok,국장,해당 없음,0.0,0.0,0.0,,,0,해당 없음,0.0,0.0,,,,0.0,0.0,,,-8.0,본장 전/초반 1시간 약세 · 초반 -3.73% · 방어 우선,0.0,중립,1분봉 중립 · 장중 -3.73% · 최근 +0.00%,AI 관망,0,지금은 확실한 우위가 부족합니다.,기계,보류,대기,매매 근거 부족,0,11.0,6.0,0.0,0.0,3.0,2.0,23.0,False,False,중립장,11.0,80300.0,83200.0,naver_realtime,naver_realtime_calculated,-3.49,-7.59,1.15,1.26,1.07,True,24808685000.0,20.8,False,4.95,일반 모멘텀,"건전한 갭 상승, 뉴스 키워드: 약한 호재: 증가, 확대 / 악재: 지분율","뉴스 호재 강도 약함, 뉴스 리스크: 약한 호재: 증가, 확대 / 악재: 지분율, 본장 전/초반 1시간 약세 · 초반 -3.73% · 방어 우선",수급 수집 실패,unavailable,0.0,0.0,"약한 호재: 증가, 확대 / 악재: 지분율",google_news,"악재 뉴스: 현대엘리베이터, 최대주주등 보통주 8000주 증가 (2026-05-18)",weak,"현대엘리베이터, 최대주주등 보통주 8000주 증가 (2026-05-18) | fgy33.com 먹튀 : 새로운 아이디어와 접근법 - 톱 5 비교 - kmrk.ru (2026-05-17)","naver_daily, naver_realtime, news:google_news, flow:unavailable, intraday_1m",,,섹터 확인 부족,2026-05-19 21:07:50 PDT,3,"관망 · 거래량 1.3배 · 악재 뉴스: 현대엘리베이터, 최대주주등 보통주 8000주 증가 (2026-05-18)",선행 신호 대기,놓침 위험 낮음,시장 방어장 · 신규 매수는 작게,급변 감지 · 당일 -7.59%,기계 흐름 · 평균 -7.59% · 거래량 1.3배 · 대표 현대엘리베이터,방어장 · 평균 -5.68% · 하락비중 91% · 현금 비중 높게,수급 수집 실패,대표 테마 연결 대기,"기준 현재가 80,300 · 손절 참고 76,325 · 1차 익절 참고 85,269","최대 호재: 수주, 계약, 실적 개선, 정책 수혜 / 최대 악재: 실적 부진, 규제, 원가 상승, 수요 둔화","악재 영향 예상: -3.0~-5.4% (75,931원 부근까지 경계) · 회복 기준 82,089원 돌파","악재 뉴스: 현대엘리베이터, 최대주주등 보통주 8000주 증가 (2026-05-18) · 최대 호재: 수주, 계약, 실적 개선, 정책 수혜 / 최대 악재: 실적 부진, 규제, 원가 상승, 수요 둔화"
SK오션플랜트,100090.KS,ok,국장,해당 없음,0.0,0.0,0.0,,,0,해당 없음,0.0,0.0,,,,0.0,0.0,,,-8.0,본장 전/초반 1시간 약세 · 초반 -2.41% · 방어 우선,0.0,중립,1분봉 중립 · 장중 -3.56% · 최근 -0.17%,AI 관망,0,지금은 확실한 우위가 부족합니다.,해상풍력/조선,보류,🚫 제외,리스크 과다,0,2.0,0.0,0.0,0.0,0.0,2.0,34.0,False,False,중립장,11.0,17700.0,18340.0,naver_realtime,naver_realtime_calculated,-3.49,-7.48,-0.63,0.53,0.42,False,8115998700.0,21.6,False,6.74,일반 모멘텀,-,"변동성 과다, 뉴스 호재 강도 약함, 본장 전/초반 1시간 약세 · 초반 -2.41% · 방어 우선, 매수 확인 부족: 거래량 0.53x / 거래대금 0.42x, 리스크 34 이상으로 신규 관심 제외",수급 수집 실패,unavailable,0.0,0.0,약한 호재: 확대,google_news,"호재 뉴스: ""왜 내 주식만 안 오를까""…동반 폭락한 '중소형주' 오를 땐 반도체만 - 뉴스1 (2026-05-18)",weak,"""왜 내 주식만 안 오를까""…동반 폭락한 '중소형주' 오를 땐 반도체만 - 뉴스1 (2026-05-18) | 미 국방부 실사단, SK오션플랜트 '함정 건조 역량' 점검 (2026-05-15)","naver_daily, naver_realtime, news:google_news, flow:unavailable, intraday_1m",,,섹터 확인 부족,2026-05-19 21:07:50 PDT,9,"관망 · 호재 뉴스: ""왜 내 주식만 안 오를까""…동반 폭락한 '중소형주' 오를 땐 반도체만 - 뉴스1 (2026-05-18)",선행 신호 대기,놓침 위험 낮음,시장 방어장 · 신규 매수는 작게,급변 감지 · 당일 -7.48%,해상풍력/조선 흐름 · 평균 -7.48% · 거래량 0.5배 · 대표 SK오션플랜트,방어장 · 평균 -5.68% · 하락비중 91% · 현금 비중 높게,수급 수집 실패,AI/반도체 → 전력 → 냉각 → 데이터센터 → 광통신,"기준 현재가 17,700 · 손절 참고 16,507 · 1차 익절 참고 19,191","최대 호재: 수주, 계약, 실적 개선, 정책 수혜 / 최대 악재: 실적 부진, 규제, 원가 상승, 수요 둔화","호재 영향 예상: +2.8~+5.1% (18,595원 부근까지 시도) · 이탈 기준 17,163원","호재 뉴스: ""왜 내 주식만 안 오를까""…동반 폭락한 '중소형주' 오를 땐 반도체만 - 뉴스1 (2026-05-18) · 최대 호재: 수주, 계약, 실적 개선, 정책 수혜 / 최대 악재: 실적 부진, 규제, 원가 상승, 수요 둔화"
KG이니시스,035600.KQ,ok,국장,해당 없음,0.0,0.0,0.0,,,0,해당 없음,0.0,0.0,,,,0.0,0.0,,,-8.0,본장 전/초반 1시간 약세 · 초반 -1.17% · 방어 우선,0.0,중립,1분봉 중립 · 장중 -1.37% · 최근 +0.00%,AI 관망,0,지금은 확실한 우위가 부족합니다.,결제,보류,🚫 제외,리스크 과다,0,2.0,0.0,0.0,0.0,0.0,2.0,25.0,False,False,중립장,11.0,10120.0,10320.0,naver_realtime,naver_realtime_calculated,-1.94,-3.62,-0.48,1.13,1.03,True,1130545680.0,21.5,False,3.13,일반 모멘텀,-,"본장 전/초반 1시간 약세 · 초반 -1.17% · 방어 우선, 결제 섹터 약세",수급 수집 실패,unavailable,0.0,0.0,뉴스 중립,google_news,"관련 뉴스: [토큰주식] KB금융, 원화코인 결제·정산·해외송금 기술검증 완료 - tokenpost.kr (2026-05-17)",none,"[토큰주식] KB금융, 원화코인 결제·정산·해외송금 기술검증 완료 - tokenpost.kr (2026-05-17) | [人사이트]이선재 KG이니시스 대표 “신뢰로 새 수입원 키운다” (2026-05-14)","naver_daily, naver_realtime, news:google_news, flow:unavailable, intraday_1m",0.0,6.0,결제 섹터 약세,2026-05-19 21:07:50 PDT,2,"관망 · 관련 뉴스: [토큰주식] KB금융, 원화코인 결제·정산·해외송금 기술검증 완료 - tokenpost.kr (2026-05-17",선행 신호 대기,놓침 위험 낮음,시장 방어장 · 신규 매수는 작게,급변 신호 없음,"결제 흐름 · 평균 -5.09% · 거래량 0.6배 · 대표 KG이니시스, NHN KCP, 다날",방어장 · 평균 -5.68% · 하락비중 91% · 현금 비중 높게,수급 수집 실패,대표 테마 연결 대기,"기준 현재가 10,120 · 손절 참고 9,803 · 1차 익절 참고 10,525","최대 호재: 수주, 계약, 실적 개선, 정책 수혜 / 최대 악재: 실적 부진, 규제, 원가 상승, 수요 둔화",뉴스 영향 예상: 방향성 약함 · 가격/거래량 확인 우선,"관련 뉴스: [토큰주식] KB금융, 원화코인 결제·정산·해외송금 기술검증 완료 - tokenpost.kr (2026-05-17) · 최대 호재: 수주, 계약, 실적 개선, 정책 수혜 / 최대 악재: 실적 부진, 규제, 원가 상승, 수요 둔화"
삼성카드,029780.KS,ok,국장,해당 없음,0.0,0.0,0.0,,,0,해당 없음,0.0,0.0,,,,0.0,0.0,,,-8.0,본장 전/초반 1시간 약세 · 초반 -2.52% · 방어 우선,0.0,중립,1분봉 중립 · 장중 -2.42% · 최근 +0.00%,AI 관망,0,지금은 확실한 우위가 부족합니다.,카드/금융,보류,대기,매매 근거 부족,0,15.0,6.0,0.0,0.0,7.0,2.0,19.0,False,False,중립장,11.0,48300.0,49150.0,naver_realtime,naver_realtime_calculated,-1.73,-1.02,0.92,0.84,0.79,False,6239007600.0,31.9,False,3.38,일반 모멘텀,"건전한 갭 상승, 뉴스 키워드: 보통 호재: 투자 / 약한 호재: 확대","본장 전/초반 1시간 약세 · 초반 -2.52% · 방어 우선, 매수 확인 부족: 거래량 0.84x / 거래대금 0.79x",수급 수집 실패,unavailable,0.0,0.0,보통 호재: 투자 / 약한 호재: 확대,google_news,호재 뉴스: 삼성자산운용 '한국 주식·채권 투자 특화 TDF' 출시 (2026-05-20),medium,삼성자산운용 '한국 주식·채권 투자 특화 TDF' 출시 (2026-05-20) | 순익 1위 삼성카드 ‘박스권 주가’… 자본 효율·밸류업 시험대 (2026-05-19),"naver_daily, naver_realtime, news:google_news, flow:unavailable, intraday_1m",,,섹터 확인 부족,2026-05-19 21:07:50 PDT,19,관망 · 호재 뉴스: 삼성자산운용 '한국 주식·채권 투자 특화 TDF' 출시 (2026-05-20),선행 신호 대기,놓침 위험 낮음,시장 방어장 · 신규 매수는 작게,급변 신호 없음,카드/금융 흐름 · 평균 -1.02% · 거래량 0.8배 · 대표 삼성카드,방어장 · 평균 -5.68% · 하락비중 91% · 현금 비중 높게,수급 수집 실패,대표 테마 연결 대기,"기준 현재가 48,300 · 손절 참고 46,667 · 1차 익절 참고 50,341","최대 호재: 수주, 계약, 실적 개선, 정책 수혜 / 최대 악재: 실적 부진, 규제, 원가 상승, 수요 둔화","호재 영향 예상: +2.0~+3.2% (49,846원 부근까지 시도) · 이탈 기준 47,334원","호재 뉴스: 삼성자산운용 '한국 주식·채권 투자 특화 TDF' 출시 (2026-05-20) · 최대 호재: 수주, 계약, 실적 개선, 정책 수혜 / 최대 악재: 실적 부진, 규제, 원가 상승, 수요 둔화"
다날,064260.KQ,ok,국장,해당 없음,0.0,0.0,0.0,,,0,해당 없음,0.0,0.0,,,,0.0,0.0,,,-8.0,본장 전/초반 1시간 약세 · 초반 -4.06% · 방어 우선,0.0,중립,1분봉 중립 · 장중 -4.53% · 최근 -0.33%,AI 관망,0,지금은 확실한 우위가 부족합니다.,결제,보류,🚫 제외,리스크 과다,0,13.0,0.0,0.0,0.0,11.0,2.0,40.0,False,False,중립장,11.0,6150.0,6400.0,naver_realtime,naver_realtime_calculated,-3.91,-6.53,-0.91,0.27,0.22,False,5712691950.0,29.4,False,7.87,일반 모멘텀,뉴스 키워드: 강한 호재: 흑자 / 약한 호재: 확대,"변동성 과다, 본장 전/초반 1시간 약세 · 초반 -4.06% · 방어 우선, 매수 확인 부족: 거래량 0.27x / 거래대금 0.22x, 리스크 34 이상으로 신규 관심 제외, 결제 섹터 약세",수급 수집 실패,unavailable,0.0,0.0,강한 호재: 흑자 / 약한 호재: 확대,google_news,"호재 뉴스: [특징주] 네오위즈홀딩스, 100억 자사주 소각 목적 취득에 강세 - tokenpost.kr (2026-05-19)",strong,"[특징주] 네오위즈홀딩스, 100억 자사주 소각 목적 취득에 강세 - tokenpost.kr (2026-05-19) | [토큰주식] 다날, 월드케이팝센터와 맞손…외국인 K팝 결제 인프라 확대 - tokenpost.kr (2026-05-19)","naver_daily, naver_realtime, news:google_news, flow:unavailable, intraday_1m",0.0,6.0,결제 섹터 약세,2026-05-19 21:07:50 PDT,6,"관망 · 호재 뉴스: [특징주] 네오위즈홀딩스, 100억 자사주 소각 목적 취득에 강세 - tokenpost.kr (2026-05-19",선행 신호 대기,놓침 위험 낮음,시장 방어장 · 신규 매수는 작게,급변 감지 · 당일 -6.53%,"결제 흐름 · 평균 -5.09% · 거래량 0.6배 · 대표 KG이니시스, NHN KCP, 다날",방어장 · 평균 -5.68% · 하락비중 91% · 현금 비중 높게,수급 수집 실패,대표 테마 연결 대기,"기준 현재가 6,150 · 손절 참고 5,666 · 1차 익절 참고 6,755","최대 호재: 수주, 계약, 실적 개선, 정책 수혜 / 최대 악재: 실적 부진, 규제, 원가 상승, 수요 둔화","호재 영향 예상: +4.9~+8.9% (6,698원 부근까지 시도) · 이탈 기준 5,932원","호재 뉴스: [특징주] 네오위즈홀딩스, 100억 자사주 소각 목적 취득에 강세 - tokenpost.kr (2026-05-19) · 최대 호재: 수주, 계약, 실적 개선, 정책 수혜 / 최대 악재: 실적 부진, 규제, 원가 상승, 수요 둔화"
NHN KCP,060250.KQ,ok,국장,해당 없음,0.0,0.0,0.0,,,0,해당 없음,0.0,0.0,,,,0.0,0.0,,,-8.0,본장 전/초반 1시간 약세 · 초반 -3.21% · 방어 우선,0.0,중립,1분봉 중립 · 장중 -4.93% · 최근 -0.06%,AI 관망,0,지금은 확실한 우위가 부족합니다.,결제,보류,🚫 제외,리스크 과다,0,6.0,0.0,0.0,0.0,4.0,2.0,40.0,False,False,중립장,11.0,16690.0,17410.0,naver_realtime,naver_realtime_calculated,-4.14,-5.12,-1.88,0.5,0.42,False,5411014830.0,34.0,False,8.23,일반 모멘텀,뉴스 키워드: 보통 호재: 실적,"변동성 과다, 본장 전/초반 1시간 약세 · 초반 -3.21% · 방어 우선, 매수 확인 부족: 거래량 0.50x / 거래대금 0.42x, 리스크 34 이상으로 신규 관심 제외, 결제 섹터 약세",수급 수집 실패,unavailable,0.0,0.0,보통 호재: 실적,google_news,"호재 뉴스: NHN KCP, 선불결제 시장 공략…올리브영에 결제 인프라 구축 (2026-05-18)",medium,"NHN KCP, 선불결제 시장 공략…올리브영에 결제 인프라 구축 (2026-05-18) | 5월 12일 주식시장 주요공시 - catchnews.kr (2026-05-13)","naver_daily, naver_realtime, news:google_news, flow:unavailable, intraday_1m",0.0,6.0,결제 섹터 약세,2026-05-19 21:07:50 PDT,8,"관망 · 호재 뉴스: NHN KCP, 선불결제 시장 공략…올리브영에 결제 인프라 구축 (2026-05-18)",선행 신호 대기,놓침 위험 낮음,시장 방어장 · 신규 매수는 작게,급변 신호 없음,"결제 흐름 · 평균 -5.09% · 거래량 0.6배 · 대표 KG이니시스, NHN KCP, 다날",방어장 · 평균 -5.68% · 하락비중 91% · 현금 비중 높게,수급 수집 실패,대표 테마 연결 대기,"기준 현재가 16,690 · 손절 참고 15,316 · 1차 익절 참고 18,407","최대 호재: 수주, 계약, 실적 개선, 정책 수혜 / 최대 악재: 실적 부진, 규제, 원가 상승, 수요 둔화","호재 영향 예상: +3.4~+6.2% (17,720원 부근까지 시도) · 이탈 기준 16,072원","호재 뉴스: NHN KCP, 선불결제 시장 공략…올리브영에 결제 인프라 구축 (2026-05-18) · 최대 호재: 수주, 계약, 실적 개선, 정책 수혜 / 최대 악재: 실적 부진, 규제, 원가 상승, 수요 둔화"
서울반도체,046890.KQ,ok,국장,해당 없음,0.0,0.0,0.0,,,0,해당 없음,0.0,0.0,,,,0.0,0.0,,,-8.0,본장 전/초반 1시간 약세 · 초반 -7.19% · 방어 우선,6.0,양호,1분봉 양호 · 장중 -9.63% · 최근 +0.36%,AI 관망,0,지금은 확실한 우위가 부족합니다.,LED/부품,보류,🚫 제외,리스크 과다,0,40.0,26.0,0.0,0.0,12.0,2.0,44.0,False,False,중립장,11.0,14230.0,14250.0,naver_realtime,naver_realtime_calculated,-0.14,-7.6,-2.99,0.32,0.29,False,16553915530.0,49.0,False,13.53,일반 모멘텀,"추세 상승, 뉴스 키워드: 강한 호재: 흑자 / 보통 호재: 실적 / 악재: 하락, 악재, 1분봉 양호 · 장중 -9.63% · 최근 +0.36%","변동성 과다, 뉴스 리스크: 강한 호재: 흑자 / 보통 호재: 실적 / 악재: 하락, 악재, 본장 전/초반 1시간 약세 · 초반 -7.19% · 방어 우선, 매수 확인 부족: 거래량 0.32x / 거래대금 0.29x, 리스크 44 이상으로 신규 관심 제외",수급 수집 실패,unavailable,0.0,0.0,"강한 호재: 흑자 / 보통 호재: 실적 / 악재: 하락, 악재",google_news,악재 뉴스: [Who Is ?] 이정훈 서울반도체 대표이사 사장 (2026-05-20),strong,"[Who Is ?] 이정훈 서울반도체 대표이사 사장 (2026-05-20) | 서울반도체, 2026년 1분기 실적 발표...매출 2,382억 원 By Investing.com - Investing.com 한국어 (2026-05-15)","naver_daily, naver_realtime, news:google_news, flow:unavailable, intraday_1m",,,섹터 확인 부족,2026-05-19 21:07:50 PDT,0,관망 · 악재 뉴스: [Who Is ?] 이정훈 서울반도체 대표이사 사장 (2026-05-20),선행 신호 대기,놓침 위험 낮음,시장 방어장 · 신규 매수는 작게,급변 감지 · 당일 -7.60%,LED/부품 흐름 · 평균 -7.60% · 거래량 0.3배 · 대표 서울반도체,방어장 · 평균 -5.68% · 하락비중 91% · 현금 비중 높게,수급 수집 실패,AI/반도체 → 전력 → 냉각 → 데이터센터 → 광통신,"기준 현재가 14,230 · 손절 참고 12,522 · 1차 익절 참고 16,364","최대 호재: 수주, 계약, 실적 개선, 정책 수혜 / 최대 악재: 실적 부진, 규제, 원가 상승, 수요 둔화","악재 영향 예상: -8.1~-14.7% (12,140원 부근까지 경계) · 회복 기준 14,998원 돌파","악재 뉴스: [Who Is ?] 이정훈 서울반도체 대표이사 사장 (2026-05-20) · 최대 호재: 수주, 계약, 실적 개선, 정책 수혜 / 최대 악재: 실적 부진, 규제, 원가 상승, 수요 둔화"
원익QnC,074600.KQ,ok,국장,해당 없음,0.0,0.0,0.0,,,0,해당 없음,0.0,0.0,,,,0.0,0.0,,,-8.0,본장 전/초반 1시간 약세 · 초반 -1.25% · 방어 우선,0.0,중립,1분봉 중립 · 장중 -3.33% · 최근 -0.14%,AI 관망,0,지금은 확실한 우위가 부족합니다.,반도체소재,보류,🚫 제외,리스크 과다,0,9.0,0.0,0.0,0.0,7.0,2.0,40.0,False,False,중립장,11.0,35150.0,36100.0,naver_realtime,naver_realtime_calculated,-2.63,-2.77,-2.35,0.91,0.85,True,13977643550.0,39.1,False,7.84,일반 모멘텀,뉴스 키워드: 보통 호재: 투자 / 약한 호재: 상승,"변동성 과다, 본장 전/초반 1시간 약세 · 초반 -1.25% · 방어 우선, 리스크 34 이상으로 신규 관심 제외, 반도체소재 섹터 약세",수급 수집 실패,unavailable,0.0,0.0,보통 호재: 투자 / 약한 호재: 상승,google_news,호재 뉴스: AI가 분석해주는 큐알티(405100) 상승확률은? (2026-05-14),medium,"AI가 분석해주는 큐알티(405100) 상승확률은? (2026-05-14) | [서치 e종목] 원익QnC, 올해 250억원 규모 설비 투자 업고 구조적으로 성장할까 (2026-05-14)","naver_daily, naver_realtime, news:google_news, flow:unavailable, intraday_1m",0.0,6.0,반도체소재 섹터 약세,2026-05-19 21:07:50 PDT,11,관망 · 호재 뉴스: AI가 분석해주는 큐알티(405100) 상승확률은? (2026-05-14),선행 신호 대기,놓침 위험 낮음,시장 방어장 · 신규 매수는 작게,급변 신호 없음,"반도체소재 흐름 · 평균 -3.94% · 거래량 1.0배 · 대표 동진쎄미켐, 원익QnC, 원익머트리얼즈",방어장 · 평균 -5.68% · 하락비중 91% · 현금 비중 높게,수급 수집 실패,AI/반도체 → 전력 → 냉각 → 데이터센터 → 광통신,"기준 현재가 35,150 · 손절 참고 32,394 · 1차 익절 참고 38,595","최대 호재: HBM 수주, 엔비디아 공급, 장비 발주, 수율 개선 / 최대 악재: 어닝 쇼크, 컨센서스 하회, 수출 통제, 재고 급증","호재 영향 예상: +3.2~+5.9% (37,217원 부근까지 시도) · 이탈 기준 33,910원","호재 뉴스: AI가 분석해주는 큐알티(405100) 상승확률은? (2026-05-14) · 최대 호재: HBM 수주, 엔비디아 공급, 장비 발주, 수율 개선 / 최대 악재: 어닝 쇼크, 컨센서스 하회, 수출 통제, 재고 급증"
월덱스,101160.KQ,ok,국장,해당 없음,0.0,0.0,0.0,,,0,해당 없음,0.0,0.0,,,,0.0,0.0,,,-8.0,본장 전/초반 1시간 약세 · 초반 -2.12% · 방어 우선,6.0,양호,1분봉 양호 · 장중 -2.12% · 최근 +0.59%,AI 관망,0,지금은 확실한 우위가 부족합니다.,반도체소재,보류,🚫 제외,리스크 과다,0,8.0,6.0,0.0,0.0,0.0,2.0,40.0,False,False,중립장,11.0,25550.0,26200.0,naver_realtime,naver_realtime_calculated,-2.48,-5.72,-1.66,1.15,0.94,True,4566755900.0,9.7,False,7.09,일반 모멘텀,1분봉 양호 · 장중 -2.12% · 최근 +0.59%,"변동성 과다, 본장 전/초반 1시간 약세 · 초반 -2.12% · 방어 우선, 리스크 34 이상으로 신규 관심 제외, 반도체소재 섹터 약세",수급 수집 실패,unavailable,0.0,0.0,뉴스 중립,google_news,"관련 뉴스: 월덱스, 임시주총 소집 결의…이사 보수 규정·보수 한도 안건 상정 (2026-05-14)",none,"월덱스, 임시주총 소집 결의…이사 보수 규정·보수 한도 안건 상정 (2026-05-14) | 연매출 3000억 '월덱스', 이사 보수한도는 현대차와 비슷 [넘버스] (2026-05-14)","naver_daily, naver_realtime, news:google_news, flow:unavailable, intraday_1m",0.0,6.0,반도체소재 섹터 약세,2026-05-19 21:07:50 PDT,0,"관망 · 관련 뉴스: 월덱스, 임시주총 소집 결의…이사 보수 규정·보수 한도 안건 상정 (2026-05-14)",선행 신호 대기,놓침 위험 낮음,시장 방어장 · 신규 매수는 작게,급변 신호 없음,"반도체소재 흐름 · 평균 -3.94% · 거래량 1.0배 · 대표 동진쎄미켐, 원익QnC, 원익머트리얼즈",방어장 · 평균 -5.68% · 하락비중 91% · 현금 비중 높게,수급 수집 실패,AI/반도체 → 전력 → 냉각 → 데이터센터 → 광통신,"기준 현재가 25,550 · 손절 참고 23,739 · 1차 익절 참고 27,814","최대 호재: HBM 수주, 엔비디아 공급, 장비 발주, 수율 개선 / 최대 악재: 어닝 쇼크, 컨센서스 하회, 수출 통제, 재고 급증",뉴스 영향 예상: 방향성 약함 · 가격/거래량 확인 우선,"관련 뉴스: 월덱스, 임시주총 소집 결의…이사 보수 규정·보수 한도 안건 상정 (2026-05-14) · 최대 호재: HBM 수주, 엔비디아 공급, 장비 발주, 수율 개선 / 최대 악재: 어닝 쇼크, 컨센서스 하회, 수출 통제, 재고 급증"
티씨케이,064760.KQ,ok,국장,해당 없음,0.0,0.0,0.0,,,0,해당 없음,0.0,0.0,,,,0.0,0.0,,,0.0,본장 전/초반 1시간 중립 · 초반 +0.00%,0.0,중립,1분봉 중립 · 장중 -2.84% · 최근 -0.55%,AI 관망,0,지금은 확실한 우위가 부족합니다.,반도체소재,보류,🚫 제외,리스크 과다,0,22.0,20.0,0.0,0.0,0.0,2.0,48.0,False,False,중립장,11.0,276500.0,277000.0,naver_realtime,naver_realtime_calculated,-0.18,-5.63,-1.02,1.01,0.92,True,21775481000.0,42.6,False,9.07,일반 모멘텀,추세 상승,"변동성 과다, 뉴스 리스크: 악재: 감소, 지분율, 주식등의 수, 리스크 42 이상으로 신규 관심 제외, 반도체소재 섹터 약세",수급 수집 실패,unavailable,0.0,0.0,"악재: 감소, 지분율, 주식등의 수",google_news,"악재 뉴스: '티씨케이' 52주 신고가 경신, 최근 3일간 외국인 대량 순매수 (2026-05-13)",none,"'티씨케이' 52주 신고가 경신, 최근 3일간 외국인 대량 순매수 (2026-05-13) | 티씨케이 주주 베어링자산운용, 티씨케이 주식등의 수 2만2220주 감소…총 지분율 5.31% (2026-05-07)","naver_daily, naver_realtime, news:google_news, flow:unavailable, intraday_1m",0.0,6.0,반도체소재 섹터 약세,2026-05-19 21:07:50 PDT,0,"관망 · 악재 뉴스: '티씨케이' 52주 신고가 경신, 최근 3일간 외국인 대량 순매수 (2026-05-13)",선행 신호 대기,놓침 위험 낮음,시장 방어장 · 신규 매수는 작게,급변 신호 없음,"반도체소재 흐름 · 평균 -3.94% · 거래량 1.0배 · 대표 동진쎄미켐, 원익QnC, 원익머트리얼즈",방어장 · 평균 -5.68% · 하락비중 91% · 현금 비중 높게,수급 수집 실패,AI/반도체 → 전력 → 냉각 → 데이터센터 → 광통신,"기준 현재가 276,500 · 손절 참고 251,421 · 1차 익절 참고 307,848","최대 호재: HBM 수주, 엔비디아 공급, 장비 발주, 수율 개선 / 최대 악재: 어닝 쇼크, 컨센서스 하회, 수출 통제, 재고 급증","악재 영향 예상: -6.3~-11.4% (244,923원 부근까지 경계) · 회복 기준 287,785원 돌파","악재 뉴스: '티씨케이' 52주 신고가 경신, 최근 3일간 외국인 대량 순매수 (2026-05-13) · 최대 호재: HBM 수주, 엔비디아 공급, 장비 발주, 수율 개선 / 최대 악재: 어닝 쇼크, 컨센서스 하회, 수출 통제, 재고 급증"
고영,098460.KQ,ok,국장,해당 없음,0.0,0.0,0.0,,,0,해당 없음,0.0,0.0,,,,0.0,0.0,,,-8.0,본장 전/초반 1시간 약세 · 초반 -2.59% · 방어 우선,6.0,양호,1분봉 양호 · 장중 -4.32% · 최근 +0.61%,AI 관망,0,지금은 확실한 우위가 부족합니다.,반도체/검사장비,보류,🚫 제외,리스크 과다,0,8.0,6.0,0.0,0.0,0.0,2.0,52.0,False,False,중립장,11.0,33650.0,34550.0,naver_realtime,naver_realtime_calculated,-2.6,-7.3,-1.52,0.25,0.21,False,55306265100.0,30.6,False,10.36,일반 모멘텀,1분봉 양호 · 장중 -4.32% · 최근 +0.61%,"변동성 과다, 뉴스 리스크: 악재: 하락, 처분, 본장 전/초반 1시간 약세 · 초반 -2.59% · 방어 우선, 매수 확인 부족: 거래량 0.25x / 거래대금 0.21x, 리스크 52 이상으로 신규 관심 제외",수급 수집 실패,unavailable,0.0,0.0,"악재: 하락, 처분",google_news,"악재 뉴스: 고영 주가, 5월 19일 장중 35,650원 1.79% 하락 (2026-05-19)",none,"고영 주가, 5월 19일 장중 35,650원 1.79% 하락 (2026-05-19) | 고영 주가, 5월 18일 0.27% 소폭 하락 36,300원 마감 (2026-05-18)","naver_daily, naver_realtime, news:google_news, flow:unavailable, intraday_1m",,,섹터 확인 부족,2026-05-19 21:07:50 PDT,0,"관망 · 악재 뉴스: 고영 주가, 5월 19일 장중 35,650원 1.79% 하락 (2026-05-19)",선행 신호 대기,놓침 위험 낮음,시장 방어장 · 신규 매수는 작게,급변 감지 · 당일 -7.30%,반도체/검사장비 흐름 · 평균 -7.30% · 거래량 0.2배 · 대표 고영,방어장 · 평균 -5.68% · 하락비중 91% · 현금 비중 높게,수급 수집 실패,AI/반도체 → 전력 → 냉각 → 데이터센터 → 광통신,"기준 현재가 33,650 · 손절 참고 30,164 · 1차 익절 참고 38,008","최대 호재: HBM 수주, 엔비디아 공급, 장비 발주, 수율 개선 / 최대 악재: 어닝 쇼크, 컨센서스 하회, 수출 통제, 재고 급증","악재 영향 예상: -7.3~-13.2% (29,205원 부근까지 경계) · 회복 기준 35,219원 돌파","악재 뉴스: 고영 주가, 5월 19일 장중 35,650원 1.79% 하락 (2026-05-19) · 최대 호재: HBM 수주, 엔비디아 공급, 장비 발주, 수율 개선 / 최대 악재: 어닝 쇼크, 컨센서스 하회, 수출 통제, 재고 급증"
덕산네오룩스,213420.KQ,ok,국장,해당 없음,0.0,0.0,0.0,,,0,해당 없음,0.0,0.0,,,,0.0,0.0,,,-8.0,본장 전/초반 1시간 약세 · 초반 -2.05% · 방어 우선,0.0,중립,1분봉 중립 · 장중 -4.56% · 최근 +0.00%,AI 관망,0,지금은 확실한 우위가 부족합니다.,OLED소재,보류,🚫 제외,리스크 과다,0,15.0,6.0,0.0,0.0,7.0,2.0,34.0,False,False,중립장,11.0,42050.0,44600.0,naver_realtime,naver_realtime_calculated,-5.72,-6.76,0.11,0.68,0.57,False,5918411350.0,25.8,False,7.54,일반 모멘텀,"건전한 갭 상승, 뉴스 키워드: 보통 호재: 실적 / 약한 호재: 상승","변동성 과다, 본장 전/초반 1시간 약세 · 초반 -2.05% · 방어 우선, 매수 확인 부족: 거래량 0.68x / 거래대금 0.57x, 리스크 34 이상으로 신규 관심 제외",수급 수집 실패,unavailable,0.0,0.0,보통 호재: 실적 / 약한 호재: 상승,google_news,"호재 뉴스: [서치 e종목] 덕산네오룩스, 폴더블 아이폰 출시 모멘텀으로 주가 상승 이어갈까 (2026-05-15)",medium,"[서치 e종목] 덕산네오룩스, 폴더블 아이폰 출시 모멘텀으로 주가 상승 이어갈까 (2026-05-15) | 디스플레이 꿈의 소재 ‘블랙 PDL’ 상용화…8개 증권사가 “매수” (2026-05-13)","naver_daily, naver_realtime, news:google_news, flow:unavailable, intraday_1m",,,섹터 확인 부족,2026-05-19 21:07:50 PDT,10,"관망 · 호재 뉴스: [서치 e종목] 덕산네오룩스, 폴더블 아이폰 출시 모멘텀으로 주가 상승 이어갈까 (2026-05-15)",선행 신호 대기,놓침 위험 낮음,시장 방어장 · 신규 매수는 작게,급변 감지 · 당일 -6.76%,OLED소재 흐름 · 평균 -6.76% · 거래량 0.7배 · 대표 덕산네오룩스,방어장 · 평균 -5.68% · 하락비중 91% · 현금 비중 높게,수급 수집 실패,대표 테마 연결 대기,"기준 현재가 42,050 · 손절 참고 38,879 · 1차 익절 참고 46,013","최대 호재: 수주, 계약, 실적 개선, 정책 수혜 / 최대 악재: 실적 부진, 규제, 원가 상승, 수요 둔화","호재 영향 예상: +3.1~+5.7% (44,428원 부근까지 시도) · 이탈 기준 40,623원","호재 뉴스: [서치 e종목] 덕산네오룩스, 폴더블 아이폰 출시 모멘텀으로 주가 상승 이어갈까 (2026-05-15) · 최대 호재: 수주, 계약, 실적 개선, 정책 수혜 / 최대 악재: 실적 부진, 규제, 원가 상승, 수요 둔화"
비에이치,090460.KS,ok,국장,해당 없음,0.0,0.0,0.0,,,0,해당 없음,0.0,0.0,,,,0.0,0.0,,,-8.0,본장 전/초반 1시간 약세 · 초반 -5.79% · 방어 우선,0.0,중립,1분봉 중립 · 장중 -6.84% · 최근 -0.48%,AI 관망,0,지금은 확실한 우위가 부족합니다.,전자부품,보류,🚫 제외,리스크 과다,0,34.0,20.0,12.0,0.0,0.0,2.0,52.0,False,True,중립장,11.0,31950.0,34250.0,naver_realtime,naver_realtime_calculated,-6.72,-1.24,8.19,1.46,1.37,True,43301643300.0,46.1,False,9.58,일반 모멘텀,"추세 상승, 거래량 증가(1.5x)","갭 상승 과열, 변동성 과다, 본장 전/초반 1시간 약세 · 초반 -5.79% · 방어 우선, 리스크 46 이상으로 신규 관심 제외, 전자부품 섹터 약세",수급 수집 실패,unavailable,0.0,0.0,뉴스 중립,google_news,"관련 뉴스: [모닝리포트] 2026년 5월 19일: SK하이닉스, 파두, 한솔케미칼, 현대차, 기아, NAVER, 비에이치아이, 루닛, 스튜디오드래곤, 삼성화재 (2026-05-19)",none,"[모닝리포트] 2026년 5월 19일: SK하이닉스, 파두, 한솔케미칼, 현대차, 기아, NAVER, 비에이치아이, 루닛, 스튜디오드래곤, 삼성화재 (2026-05-19) | ""애플 이어 로봇까지""...비에이치, 휴머노이드 핵심 부품주 부각 - v.daum.net (2026-05-19)","naver_daily, naver_realtime, news:google_news, flow:unavailable, intraday_1m",0.0,6.0,전자부품 섹터 약세,2026-05-19 21:07:50 PDT,0,"관망 · 거래량 1.5배 · 관련 뉴스: [모닝리포트] 2026년 5월 19일: SK하이닉스, 파두, 한솔케미칼, 현대차, 기아, NAVER, 비에이치아이",선행 신호 대기,놓침 위험 낮음,시장 방어장 · 신규 매수는 작게,급변 신호 없음,"전자부품 흐름 · 평균 -3.95% · 거래량 1.0배 · 대표 코리아써키트, 비에이치, LG이노텍",방어장 · 평균 -5.68% · 하락비중 91% · 현금 비중 높게,수급 수집 실패,대표 테마 연결 대기,"기준 현재가 31,950 · 손절 참고 28,889 · 1차 익절 참고 35,776","최대 호재: 수주, 계약, 실적 개선, 정책 수혜 / 최대 악재: 실적 부진, 규제, 원가 상승, 수요 둔화",뉴스 영향 예상: 방향성 약함 · 가격/거래량 확인 우선,"관련 뉴스: [모닝리포트] 2026년 5월 19일: SK하이닉스, 파두, 한솔케미칼, 현대차, 기아, NAVER, 비에이치아이, 루닛, 스튜디오드래곤, 삼성화재 (2026-05-19) · 최대 호재: 수주, 계약, 실적 개선, 정책 수혜 / 최대 악재: 실적 부진, 규제, 원가 상승, 수요 둔화"
유일로보틱스,388720.KQ,ok,국장,해당 없음,0.0,0.0,0.0,,,0,해당 없음,0.0,0.0,,,,0.0,0.0,,,-8.0,본장 전/초반 1시간 약세 · 초반 -4.66% · 방어 우선,6.0,양호,1분봉 양호 · 장중 -5.99% · 최근 +0.12%,AI 관망,0,지금은 확실한 우위가 부족합니다.,로봇,보류,🚫 제외,리스크 과다,0,15.0,6.0,0.0,0.0,7.0,2.0,47.0,False,False,중립장,11.0,85000.0,92400.0,naver_realtime,naver_realtime_calculated,-8.01,-15.42,0.0,0.97,0.82,True,7341195000.0,33.0,False,8.66,일반 모멘텀,"뉴스 키워드: 보통 호재: 투자 / 약한 호재: 상승 / 악재: 급락, 1분봉 양호 · 장중 -5.99% · 최근 +0.12%","변동성 과다, 뉴스 리스크: 보통 호재: 투자 / 약한 호재: 상승 / 악재: 급락, 본장 전/초반 1시간 약세 · 초반 -4.66% · 방어 우선, 리스크 41 이상으로 신규 관심 제외, 로봇 섹터 약세",수급 수집 실패,unavailable,0.0,0.0,보통 호재: 투자 / 약한 호재: 상승 / 악재: 급락,google_news,"악재 뉴스: 유일로보틱스, 장중 10만원선 회복 시도…로봇주 순환매 흐름 주목 (2026-05-18)",medium,"유일로보틱스, 장중 10만원선 회복 시도…로봇주 순환매 흐름 주목 (2026-05-18) | [박정식의 국내 주식시황] 6% 급락한 코스피, 오늘 반등 모색…반도체 수급이 방향 가른다 (2026-05-18)","naver_daily, naver_realtime, news:google_news, flow:unavailable, intraday_1m",0.0,6.0,로봇 섹터 약세,2026-05-19 21:07:50 PDT,0,"관망 · 악재 뉴스: 유일로보틱스, 장중 10만원선 회복 시도…로봇주 순환매 흐름 주목 (2026-05-18)",선행 신호 대기,놓침 위험 낮음,시장 방어장 · 신규 매수는 작게,급변 감지 · 당일 -15.42%,"로봇 흐름 · 평균 -15.66% · 거래량 1.2배 · 대표 두산로보틱스, 에브리봇, 유일로보틱스",방어장 · 평균 -5.68% · 하락비중 91% · 현금 비중 높게,수급 수집 실패,로봇 → 감속기 → 자동화 장비 → 센서,"기준 현재가 85,000 · 손절 참고 77,639 · 1차 익절 참고 94,201","최대 호재: 대기업 투자, 로봇 공급계약, 자동화 수요, 감속기 수주 / 최대 악재: 실적 부진, 수주 지연, 경쟁 심화, 적자 확대","악재 영향 예상: -6.0~-10.8% (75,802원 부근까지 경계) · 회복 기준 88,312원 돌파","악재 뉴스: 유일로보틱스, 장중 10만원선 회복 시도…로봇주 순환매 흐름 주목 (2026-05-18) · 최대 호재: 대기업 투자, 로봇 공급계약, 자동화 수요, 감속기 수주 / 최대 악재: 실적 부진, 수주 지연, 경쟁 심화, 적자 확대"
삼익THK,004380.KS,ok,국장,해당 없음,0.0,0.0,0.0,,,0,해당 없음,0.0,0.0,,,,0.0,0.0,,,-8.0,본장 전/초반 1시간 약세 · 초반 -2.95% · 방어 우선,6.0,양호,1분봉 양호 · 장중 -1.92% · 최근 +0.23%,AI 관망,0,지금은 확실한 우위가 부족합니다.,로봇부품/자동화,보류,🚫 제외,리스크 과다,0,28.0,26.0,0.0,0.0,0.0,2.0,58.0,False,True,중립장,11.0,13390.0,13270.0,naver_realtime,naver_realtime_calculated,0.9,-0.15,-3.06,1.07,1.16,True,4500191540.0,65.1,True,6.41,일반 모멘텀,"RSI 건강 구간, MACD 상승, 1분봉 양호 · 장중 -1.92% · 최근 +0.23%","갭 하락 경계, 변동성 과다, 뉴스 호재 강도 약함, 뉴스 리스크: 약한 호재: 증가 / 중대 악재: 누락, 본장 전/초반 1시간 약세 · 초반 -2.95% · 방어 우선, 리스크 58 이상으로 신규 관심 제외",수급 수집 실패,unavailable,0.0,0.0,약한 호재: 증가 / 중대 악재: 누락,google_news,"악재 뉴스: 류영수 대표이사, 삼익THK 주식 7500주 보유 (2026-05-15)",weak,"류영수 대표이사, 삼익THK 주식 7500주 보유 (2026-05-15) | 삼익THK, 최대주주등 보통주 7500주 장내매수로 소유주식 7500주 증가 (2026-05-15)","naver_daily, naver_realtime, news:google_news, flow:unavailable, intraday_1m",,,섹터 확인 부족,2026-05-19 21:07:50 PDT,0,"관망 · 추격 부담 낮음 · 악재 뉴스: 류영수 대표이사, 삼익THK 주식 7500주 보유 (2026-05-15)",선행 신호 대기,놓침 위험 낮음,중대 리스크 · 악재 뉴스 우선 확인,급변 신호 없음,로봇부품/자동화 흐름 · 평균 -0.15% · 거래량 1.1배 · 대표 삼익THK,방어장 · 평균 -5.68% · 하락비중 91% · 현금 비중 높게,수급 수집 실패,로봇 → 감속기 → 자동화 장비 → 센서,"기준 현재가 13,390 · 손절 참고 12,532 · 1차 익절 참고 14,463","최대 호재: 대기업 투자, 로봇 공급계약, 자동화 수요, 감속기 수주 / 최대 악재: 실적 부진, 수주 지연, 경쟁 심화, 적자 확대","악재 영향 예상: -7.5~-13.7% (11,556원 부근까지 경계) · 회복 기준 13,776원 돌파","악재 뉴스: 류영수 대표이사, 삼익THK 주식 7500주 보유 (2026-05-15) · 최대 호재: 대기업 투자, 로봇 공급계약, 자동화 수요, 감속기 수주 / 최대 악재: 실적 부진, 수주 지연, 경쟁 심화, 적자 확대"
덴티움,145720.KS,ok,국장,해당 없음,0.0,0.0,0.0,,,0,해당 없음,0.0,0.0,,,,0.0,0.0,,,-8.0,본장 전/초반 1시간 약세 · 초반 -1.59% · 방어 우선,0.0,중립,1분봉 중립 · 장중 -2.65% · 최근 -0.11%,AI 관망,0,지금은 확실한 우위가 부족합니다.,의료기기,보류,🚫 제외,리스크 과다,0,2.0,0.0,0.0,0.0,0.0,2.0,25.0,False,False,중립장,11.0,45975.0,47550.0,naver_realtime,naver_realtime_calculated,-3.31,-7.12,-0.2,1.12,0.98,True,2309324250.0,32.2,False,4.33,일반 모멘텀,-,"본장 전/초반 1시간 약세 · 초반 -1.59% · 방어 우선, 의료기기 섹터 약세",수급 수집 실패,unavailable,0.0,0.0,뉴스 중립,google_news,관련 뉴스: 자기주식매매 신청내역(유가증권시장) (2026-05-15),none,자기주식매매 신청내역(유가증권시장) (2026-05-15) | SOL 반도체전공정(475300) (2026-05-14),"naver_daily, naver_realtime, news:google_news, flow:unavailable, intraday_1m",0.0,6.0,의료기기 섹터 약세,2026-05-19 21:07:50 PDT,2,관망 · 관련 뉴스: 자기주식매매 신청내역(유가증권시장) (2026-05-15),선행 신호 대기,놓침 위험 낮음,시장 방어장 · 신규 매수는 작게,급변 감지 · 당일 -7.12%,"의료기기 흐름 · 평균 -4.96% · 거래량 1.0배 · 대표 클래시스, 덴티움",방어장 · 평균 -5.68% · 하락비중 91% · 현금 비중 높게,수급 수집 실패,의료/제약 → 임상/승인 → 장비/소모품,"기준 현재가 45,975 · 손절 참고 43,984 · 1차 익절 참고 48,463","최대 호재: FDA 승인, 임상 성공, 기술수출, 품목허가 / 최대 악재: 임상 실패, 허가 지연, 부작용, 소송",뉴스 영향 예상: 방향성 약함 · 가격/거래량 확인 우선,"관련 뉴스: 자기주식매매 신청내역(유가증권시장) (2026-05-15) · 최대 호재: FDA 승인, 임상 성공, 기술수출, 품목허가 / 최대 악재: 임상 실패, 허가 지연, 부작용, 소송"
이녹스첨단소재,272290.KQ,ok,국장,해당 없음,0.0,0.0,0.0,,,0,해당 없음,0.0,0.0,,,,0.0,0.0,,,-8.0,본장 전/초반 1시간 약세 · 초반 -4.04% · 방어 우선,6.0,양호,1분봉 양호 · 장중 -7.61% · 최근 +0.34%,AI 관망,0,지금은 확실한 우위가 부족합니다.,OLED/소재,보류,🚫 제외,리스크 과다,0,26.0,12.0,12.0,0.0,0.0,2.0,42.0,False,False,중립장,11.0,30100.0,33600.0,naver_realtime,naver_realtime_calculated,-10.42,-5.79,2.97,1.37,1.17,True,16473730000.0,44.6,False,7.69,일반 모멘텀,"거래량 증가(1.4x), 건전한 갭 상승, 1분봉 양호 · 장중 -7.61% · 최근 +0.34%","변동성 과다, 뉴스 리스크: 악재: 유상증자, 본장 전/초반 1시간 약세 · 초반 -4.04% · 방어 우선, 리스크 42 이상으로 신규 관심 제외",수급 수집 실패,unavailable,0.0,0.0,악재: 유상증자,google_news,악재 뉴스: 이제 IN녹스첨단소재(주)(코스닥:272220)에 기회가 있을까요? (코스닥:272290)? - simplywall.st (2026-05-19),none,"이제 IN녹스첨단소재(주)(코스닥:272220)에 기회가 있을까요? (코스닥:272290)? - simplywall.st (2026-05-19) | [생생한 주식쇼 생쇼] 스페이스X 상장 임박, 우주항공 섹터 핵심 종목 전략 (2026-05-19)","naver_daily, naver_realtime, news:google_news, flow:unavailable, intraday_1m",,,섹터 확인 부족,2026-05-19 21:07:50 PDT,0,관망 · 거래량 1.4배 · 악재 뉴스: 이제 IN녹스첨단소재(주)(코스닥:272220)에 기회가 있을까요? (코스닥:272290)? - simplywal,선행 신호 대기,놓침 위험 낮음,시장 방어장 · 신규 매수는 작게,급변 신호 없음,OLED/소재 흐름 · 평균 -5.79% · 거래량 1.4배 · 대표 이녹스첨단소재,방어장 · 평균 -5.68% · 하락비중 91% · 현금 비중 높게,수급 수집 실패,대표 테마 연결 대기,"기준 현재가 30,100 · 손절 참고 27,785 · 1차 익절 참고 32,993","최대 호재: 수주, 계약, 실적 개선, 정책 수혜 / 최대 악재: 실적 부진, 규제, 원가 상승, 수요 둔화","악재 영향 예상: -5.3~-9.7% (27,193원 부근까지 경계) · 회복 기준 31,142원 돌파","악재 뉴스: 이제 IN녹스첨단소재(주)(코스닥:272220)에 기회가 있을까요? (코스닥:272290)? - simplywall.st (2026-05-19) · 최대 호재: 수주, 계약, 실적 개선, 정책 수혜 / 최대 악재: 실적 부진, 규제, 원가 상승, 수요 둔화"
LS마린솔루션,060370.KQ,ok,국장,해당 없음,0.0,0.0,0.0,,,0,해당 없음,0.0,0.0,,,,0.0,0.0,,,-8.0,본장 전/초반 1시간 약세 · 초반 -4.34% · 방어 우선,6.0,양호,1분봉 양호 · 장중 -6.65% · 최근 +0.23%,AI 관망,0,지금은 확실한 우위가 부족합니다.,해저케이블/전선,보류,🚫 제외,리스크 과다,0,14.0,12.0,0.0,0.0,0.0,2.0,34.0,False,False,중립장,11.0,32450.0,34550.0,naver_realtime,naver_realtime_calculated,-6.08,-9.48,1.53,0.33,0.26,False,8160006800.0,43.3,False,13.1,일반 모멘텀,"건전한 갭 상승, 1분봉 양호 · 장중 -6.65% · 최근 +0.23%","변동성 과다, 본장 전/초반 1시간 약세 · 초반 -4.34% · 방어 우선, 매수 확인 부족: 거래량 0.33x / 거래대금 0.26x, 리스크 34 이상으로 신규 관심 제외",수급 수집 실패,unavailable,0.0,0.0,뉴스 중립,google_news,"관련 뉴스: 해송해상풍력, LS마린솔루션과 해저케이블 시공 협력 (2026-05-20)",none,"해송해상풍력, LS마린솔루션과 해저케이블 시공 협력 (2026-05-20) | LS전선·LS마린솔루션, 해송 해상풍력 우선협상대상자 선정 (2026-05-20)","naver_daily, naver_realtime, news:google_news, flow:unavailable, intraday_1m",,,섹터 확인 부족,2026-05-19 21:07:50 PDT,0,"관망 · 관련 뉴스: 해송해상풍력, LS마린솔루션과 해저케이블 시공 협력 (2026-05-20)",선행 신호 대기,놓침 위험 낮음,시장 방어장 · 신규 매수는 작게,급변 감지 · 당일 -9.48%,해저케이블/전선 흐름 · 평균 -9.48% · 거래량 0.3배 · 대표 LS마린솔루션,방어장 · 평균 -5.68% · 하락비중 91% · 현금 비중 높게,수급 수집 실패,전력 → 전선 → 구리 → 원전/데이터센터,"기준 현재가 32,450 · 손절 참고 28,556 · 1차 익절 참고 37,318","최대 호재: 수주, 계약, 실적 개선, 정책 수혜 / 최대 악재: 실적 부진, 규제, 원가 상승, 수요 둔화",뉴스 영향 예상: 방향성 약함 · 가격/거래량 확인 우선,"관련 뉴스: 해송해상풍력, LS마린솔루션과 해저케이블 시공 협력 (2026-05-20) · 최대 호재: 수주, 계약, 실적 개선, 정책 수혜 / 최대 악재: 실적 부진, 규제, 원가 상승, 수요 둔화"
조일알미늄,018470.KS,ok,국장,해당 없음,0.0,0.0,0.0,,,0,해당 없음,0.0,0.0,,,,0.0,0.0,,,-8.0,본장 전/초반 1시간 약세 · 초반 -2.58% · 방어 우선,6.0,양호,1분봉 양호 · 장중 -1.86% · 최근 +0.66%,AI 관망,0,지금은 확실한 우위가 부족합니다.,알루미늄,보류,🚫 제외,리스크 과다,0,14.0,12.0,0.0,0.0,0.0,2.0,40.0,False,False,중립장,11.0,1375.0,1415.0,naver_realtime,naver_realtime_calculated,-2.83,-4.58,1.73,0.15,0.12,False,3090590250.0,22.0,False,9.29,일반 모멘텀,"건전한 갭 상승, 1분봉 양호 · 장중 -1.86% · 최근 +0.66%","변동성 과다, 뉴스 호재 강도 약함, 본장 전/초반 1시간 약세 · 초반 -2.58% · 방어 우선, 매수 확인 부족: 거래량 0.15x / 거래대금 0.12x, 리스크 34 이상으로 신규 관심 제외, 알루미늄 섹터 약세",수급 수집 실패,unavailable,0.0,0.0,약한 호재: 상승,google_news,"호재 뉴스: 특징주, 조일알미늄-비철금속 테마 상승세에 6.32% ↑ (2026-05-14)",weak,"특징주, 조일알미늄-비철금속 테마 상승세에 6.32% ↑ (2026-05-14)","naver_daily, naver_realtime, news:google_news, flow:unavailable, intraday_1m",0.0,6.0,알루미늄 섹터 약세,2026-05-19 21:07:50 PDT,5,"관망 · 호재 뉴스: 특징주, 조일알미늄-비철금속 테마 상승세에 6.32% ↑ (2026-05-14)",선행 신호 대기,놓침 위험 낮음,시장 방어장 · 신규 매수는 작게,급변 신호 없음,"알루미늄 흐름 · 평균 -3.11% · 거래량 0.4배 · 대표 삼아알미늄, DI동일, 피제이메탈",방어장 · 평균 -5.68% · 하락비중 91% · 현금 비중 높게,수급 수집 실패,대표 테마 연결 대기,"기준 현재가 1,375 · 손절 참고 1,247 · 1차 익절 참고 1,535","최대 호재: 수주, 계약, 실적 개선, 정책 수혜 / 최대 악재: 실적 부진, 규제, 원가 상승, 수요 둔화","호재 영향 예상: +3.8~+7.0% (1,471원 부근까지 시도) · 이탈 기준 1,318원","호재 뉴스: 특징주, 조일알미늄-비철금속 테마 상승세에 6.32% ↑ (2026-05-14) · 최대 호재: 수주, 계약, 실적 개선, 정책 수혜 / 최대 악재: 실적 부진, 규제, 원가 상승, 수요 둔화"
알루코,001780.KS,ok,국장,해당 없음,0.0,0.0,0.0,,,0,해당 없음,0.0,0.0,,,,0.0,0.0,,,-8.0,본장 전/초반 1시간 약세 · 초반 -5.16% · 방어 우선,6.0,양호,1분봉 양호 · 장중 -4.56% · 최근 +0.42%,AI 관망,0,지금은 확실한 우위가 부족합니다.,알루미늄,보류,🚫 제외,리스크 과다,0,8.0,6.0,0.0,0.0,0.0,2.0,40.0,False,False,중립장,11.0,2400.0,2545.0,naver_realtime,naver_realtime_calculated,-5.7,-6.61,3.31,0.21,0.16,False,3660753600.0,47.7,False,11.64,일반 모멘텀,1분봉 양호 · 장중 -4.56% · 최근 +0.42%,"변동성 과다, 뉴스 호재 강도 약함, 본장 전/초반 1시간 약세 · 초반 -5.16% · 방어 우선, 매수 확인 부족: 거래량 0.21x / 거래대금 0.16x, 리스크 34 이상으로 신규 관심 제외, 알루미늄 섹터 약세",수급 수집 실패,unavailable,0.0,0.0,약한 호재: 상승,google_news,"호재 뉴스: 급등 축하합니다. (TPC로보틱스, 계양전기, 선도전기, 한울반도체, 한화갤러리아, 티플랙스, 인바디, 대성산업, 미래반도체, 3S, 인벤테라, 한… (2026-05-17)",weak,"급등 축하합니다. (TPC로보틱스, 계양전기, 선도전기, 한울반도체, 한화갤러리아, 티플랙스, 인바디, 대성산업, 미래반도체, 3S, 인벤테라, 한스바이오메드, 빛샘전자 등) (2026-05-17) | 특징주, 알루코-비철금속 테마 상승세에 11.4% ↑ (2026-05-14)","naver_daily, naver_realtime, news:google_news, flow:unavailable, intraday_1m",0.0,6.0,알루미늄 섹터 약세,2026-05-19 21:07:50 PDT,6,"관망 · 호재 뉴스: 급등 축하합니다. (TPC로보틱스, 계양전기, 선도전기, 한울반도체, 한화갤러리아, 티플랙스, 인바디, 대성산업,",선행 신호 대기,놓침 위험 낮음,시장 방어장 · 신규 매수는 작게,급변 감지 · 당일 -6.61%,"알루미늄 흐름 · 평균 -3.11% · 거래량 0.4배 · 대표 삼아알미늄, DI동일, 피제이메탈",방어장 · 평균 -5.68% · 하락비중 91% · 현금 비중 높게,수급 수집 실패,AI/반도체 → 전력 → 냉각 → 데이터센터 → 광통신,"기준 현재가 2,400 · 손절 참고 2,121 · 1차 익절 참고 2,749","최대 호재: 수주, 계약, 실적 개선, 정책 수혜 / 최대 악재: 실적 부진, 규제, 원가 상승, 수요 둔화","호재 영향 예상: +4.8~+8.7% (2,610원 부근까지 시도) · 이탈 기준 2,274원","호재 뉴스: 급등 축하합니다. (TPC로보틱스, 계양전기, 선도전기, 한울반도체, 한화갤러리아, 티플랙스, 인바디, 대성산업, 미래반도체, 3S, 인벤테라, 한… (2026-05-17) · 최대 호재: 수주, 계약, 실적 개선, 정책 수혜 / 최대 악재: 실적 부진, 규제, 원가 상승, 수요 둔화"
남선알미늄,008350.KS,ok,국장,해당 없음,0.0,0.0,0.0,,,0,해당 없음,0.0,0.0,,,,0.0,0.0,,,-8.0,본장 전/초반 1시간 약세 · 초반 -3.75% · 방어 우선,0.0,중립,1분봉 중립 · 장중 -4.33% · 최근 -0.06%,AI 관망,0,지금은 확실한 우위가 부족합니다.,알루미늄,보류,🚫 제외,리스크 과다,0,8.0,6.0,0.0,0.0,0.0,2.0,40.0,False,False,중립장,11.0,1649.0,1740.0,naver_realtime,naver_realtime_calculated,-5.23,-5.77,1.54,0.43,0.33,False,9912000484.0,22.8,False,10.16,일반 모멘텀,건전한 갭 상승,"변동성 과다, 본장 전/초반 1시간 약세 · 초반 -3.75% · 방어 우선, 매수 확인 부족: 거래량 0.43x / 거래대금 0.33x, 리스크 34 이상으로 신규 관심 제외, 알루미늄 섹터 약세",수급 수집 실패,unavailable,0.0,0.0,뉴스 중립,google_news,"관련 뉴스: 급등 축하합니다. (TPC로보틱스, 계양전기, 선도전기, 한울반도체, 한화갤러리아, 티플랙스, 인바디, 대성산업, 미래반도체, 3S, 인벤테라, 한… (2026-05-17)",none,"급등 축하합니다. (TPC로보틱스, 계양전기, 선도전기, 한울반도체, 한화갤러리아, 티플랙스, 인바디, 대성산업, 미래반도체, 3S, 인벤테라, 한스바이오메드, 빛샘전자 등) (2026-05-17) | SM그룹 남선알미늄, '아산 경남아너스빌 랜드마크49' 분양 (2026-05-15)","naver_daily, naver_realtime, news:google_news, flow:unavailable, intraday_1m",0.0,6.0,알루미늄 섹터 약세,2026-05-19 21:07:50 PDT,0,"관망 · 관련 뉴스: 급등 축하합니다. (TPC로보틱스, 계양전기, 선도전기, 한울반도체, 한화갤러리아, 티플랙스, 인바디, 대성산업,",선행 신호 대기,놓침 위험 낮음,시장 방어장 · 신규 매수는 작게,급변 신호 없음,"알루미늄 흐름 · 평균 -3.11% · 거래량 0.4배 · 대표 삼아알미늄, DI동일, 피제이메탈",방어장 · 평균 -5.68% · 하락비중 91% · 현금 비중 높게,수급 수집 실패,AI/반도체 → 전력 → 냉각 → 데이터센터 → 광통신,"기준 현재가 1,649 · 손절 참고 1,481 · 1차 익절 참고 1,858","최대 호재: 수주, 계약, 실적 개선, 정책 수혜 / 최대 악재: 실적 부진, 규제, 원가 상승, 수요 둔화",뉴스 영향 예상: 방향성 약함 · 가격/거래량 확인 우선,"관련 뉴스: 급등 축하합니다. (TPC로보틱스, 계양전기, 선도전기, 한울반도체, 한화갤러리아, 티플랙스, 인바디, 대성산업, 미래반도체, 3S, 인벤테라, 한… (2026-05-17) · 최대 호재: 수주, 계약, 실적 개선, 정책 수혜 / 최대 악재: 실적 부진, 규제, 원가 상승, 수요 둔화"
피제이메탈,128660.KQ,ok,국장,해당 없음,0.0,0.0,0.0,,,0,해당 없음,0.0,0.0,,,,0.0,0.0,,,0.0,본장 전/초반 1시간 중립 · 초반 -0.32%,0.0,중립,1분봉 중립 · 장중 -0.64% · 최근 -0.48%,AI 관망,0,지금은 확실한 우위가 부족합니다.,알루미늄,보류,🚫 제외,리스크 과다,0,5.0,0.0,0.0,0.0,3.0,2.0,32.0,False,False,중립장,11.0,3120.0,3225.0,naver_realtime,naver_realtime_calculated,-3.26,-4.0,-1.54,0.42,0.37,False,662634960.0,25.5,False,5.68,일반 모멘텀,"뉴스 키워드: 약한 호재: 상승, 확대","거래대금 부족, 뉴스 호재 강도 약함, 매수 확인 부족: 거래량 0.42x / 거래대금 0.37x, 리스크 26 이상으로 신규 관심 제외, 알루미늄 섹터 약세",수급 수집 실패,unavailable,0.0,0.0,"약한 호재: 상승, 확대",google_news,"호재 뉴스: 피제이메탈, +2.10% 상승폭 확대 (2026-05-15)",weak,"피제이메탈, +2.10% 상승폭 확대 (2026-05-15)","naver_daily, naver_realtime, news:google_news, flow:unavailable, intraday_1m",0.0,6.0,알루미늄 섹터 약세,2026-05-19 21:07:50 PDT,9,"관망 · 호재 뉴스: 피제이메탈, +2.10% 상승폭 확대 (2026-05-15)",선행 신호 대기,놓침 위험 낮음,시장 방어장 · 신규 매수는 작게,급변 신호 없음,"알루미늄 흐름 · 평균 -3.11% · 거래량 0.4배 · 대표 삼아알미늄, DI동일, 피제이메탈",방어장 · 평균 -5.68% · 하락비중 91% · 현금 비중 높게,수급 수집 실패,대표 테마 연결 대기,"기준 현재가 3,120 · 손절 참고 2,943 · 1차 익절 참고 3,342","최대 호재: 수주, 계약, 실적 개선, 정책 수혜 / 최대 악재: 실적 부진, 규제, 원가 상승, 수요 둔화","호재 영향 예상: +2.3~+4.3% (3,253원 부근까지 시도) · 이탈 기준 3,040원","호재 뉴스: 피제이메탈, +2.10% 상승폭 확대 (2026-05-15) · 최대 호재: 수주, 계약, 실적 개선, 정책 수혜 / 최대 악재: 실적 부진, 규제, 원가 상승, 수요 둔화"
흥아해운,003280.KS,ok,국장,해당 없음,0.0,0.0,0.0,,,0,해당 없음,0.0,0.0,,,,0.0,0.0,,,-8.0,본장 전/초반 1시간 약세 · 초반 -3.73% · 방어 우선,0.0,중립,1분봉 중립 · 장중 -3.73% · 최근 +0.00%,AI 관망,0,지금은 확실한 우위가 부족합니다.,해운,보류,🚫 제외,리스크 과다,0,20.0,6.0,12.0,0.0,0.0,2.0,47.0,False,False,중립장,11.0,2450.0,2560.0,naver_realtime,naver_realtime_calculated,-4.3,-8.92,1.12,1.37,1.15,True,122401360550.0,19.9,False,11.38,일반 모멘텀,"거래량 증가(1.4x), 건전한 갭 상승","변동성 과다, 뉴스 리스크: 악재: 급락, 본장 전/초반 1시간 약세 · 초반 -3.73% · 방어 우선, 리스크 41 이상으로 신규 관심 제외, 해운 섹터 약세",수급 수집 실패,unavailable,0.0,0.0,악재: 급락,google_news,악재 뉴스: [서울데이터랩]삼성전자·SK하이닉스 동반 강세…코스피 거래상위 종목 혼조 (2026-05-18),none,"[서울데이터랩]삼성전자·SK하이닉스 동반 강세…코스피 거래상위 종목 혼조 (2026-05-18) | 흥아해운 주가, 5월 18일 장중 2,740원 0% 고가 3,030원 (2026-05-18)","naver_daily, naver_realtime, news:google_news, flow:unavailable, intraday_1m",0.0,6.0,해운 섹터 약세,2026-05-19 21:07:50 PDT,0,관망 · 거래량 1.4배 · 악재 뉴스: [서울데이터랩]삼성전자·SK하이닉스 동반 강세…코스피 거래상위 종목 혼조 (2026-05-18),선행 신호 대기,놓침 위험 낮음,시장 방어장 · 신규 매수는 작게,급변 감지 · 당일 -8.92%,"해운 흐름 · 평균 -3.69% · 거래량 0.8배 · 대표 팬오션, HMM, KSS해운",방어장 · 평균 -5.68% · 하락비중 91% · 현금 비중 높게,수급 수집 실패,대표 테마 연결 대기,"기준 현재가 2,450 · 손절 참고 2,171 · 1차 익절 참고 2,799","최대 호재: 운임 상승, 물동량 증가, 홍해 리스크, 컨테이너 강세 / 최대 악재: 운임 하락, 물동량 감소, 선복 과잉, 제재","악재 영향 예상: -8.0~-14.6% (2,092원 부근까지 경계) · 회복 기준 2,575원 돌파","악재 뉴스: [서울데이터랩]삼성전자·SK하이닉스 동반 강세…코스피 거래상위 종목 혼조 (2026-05-18) · 최대 호재: 운임 상승, 물동량 증가, 홍해 리스크, 컨테이너 강세 / 최대 악재: 운임 하락, 물동량 감소, 선복 과잉, 제재"
태웅로직스,124560.KQ,ok,국장,해당 없음,0.0,0.0,0.0,,,0,해당 없음,0.0,0.0,,,,0.0,0.0,,,-8.0,본장 전/초반 1시간 약세 · 초반 -2.04% · 방어 우선,0.0,중립,1분봉 중립 · 장중 -2.71% · 최근 +0.00%,AI 관망,0,지금은 확실한 우위가 부족합니다.,해운/물류,보류,🚫 제외,리스크 과다,0,6.0,0.0,0.0,0.0,4.0,2.0,40.0,False,False,중립장,11.0,2155.0,2210.0,naver_realtime,naver_realtime_calculated,-2.49,-2.49,0.0,0.42,0.36,False,153998455.0,7.1,False,3.57,일반 모멘텀,뉴스 키워드: 보통 호재: 투자 / 악재: 주식등의 수,"거래대금 부족, 뉴스 리스크: 보통 호재: 투자 / 악재: 주식등의 수, 본장 전/초반 1시간 약세 · 초반 -2.04% · 방어 우선, 매수 확인 부족: 거래량 0.42x / 거래대금 0.36x, 리스크 40 이상으로 신규 관심 제외",수급 수집 실패,unavailable,0.0,0.0,보통 호재: 투자 / 악재: 주식등의 수,google_news,"악재 뉴스: 태웅로직스, 우즈벡 제2물류창고 착공…글로벌 이커머스 공략 (2026-05-20)",medium,"태웅로직스, 우즈벡 제2물류창고 착공…글로벌 이커머스 공략 (2026-05-20) | 태웅로직스, 1분기 매출 2766억…전년比 1.5%↑ (2026-05-15)","naver_daily, naver_realtime, news:google_news, flow:unavailable, intraday_1m",,,섹터 확인 부족,2026-05-19 21:07:50 PDT,0,"관망 · 악재 뉴스: 태웅로직스, 우즈벡 제2물류창고 착공…글로벌 이커머스 공략 (2026-05-20)",선행 신호 대기,놓침 위험 낮음,시장 방어장 · 신규 매수는 작게,급변 신호 없음,해운/물류 흐름 · 평균 -2.49% · 거래량 0.4배 · 대표 태웅로직스,방어장 · 평균 -5.68% · 하락비중 91% · 현금 비중 높게,수급 수집 실패,대표 테마 연결 대기,"기준 현재가 2,155 · 손절 참고 2,078 · 1차 익절 참고 2,251","최대 호재: 운임 상승, 물동량 증가, 홍해 리스크, 컨테이너 강세 / 최대 악재: 운임 하락, 물동량 감소, 선복 과잉, 제재","악재 영향 예상: -3.0~-5.0% (2,047원 부근까지 경계) · 회복 기준 2,198원 돌파","악재 뉴스: 태웅로직스, 우즈벡 제2물류창고 착공…글로벌 이커머스 공략 (2026-05-20) · 최대 호재: 운임 상승, 물동량 증가, 홍해 리스크, 컨테이너 강세 / 최대 악재: 운임 하락, 물동량 감소, 선복 과잉, 제재"
비츠로테크,042370.KQ,ok,국장,해당 없음,0.0,0.0,0.0,,,0,해당 없음,0.0,0.0,,,,0.0,0.0,,,-8.0,본장 전/초반 1시간 약세 · 초반 -3.11% · 방어 우선,0.0,중립,1분봉 중립 · 장중 -4.53% · 최근 -0.30%,AI 관망,0,지금은 확실한 우위가 부족합니다.,전력기기,보류,🚫 제외,리스크 과다,0,8.0,6.0,0.0,0.0,0.0,2.0,40.0,False,False,중립장,11.0,13680.0,14360.0,naver_realtime,naver_realtime_calculated,-4.74,-5.79,1.72,0.37,0.28,False,6431159520.0,35.7,False,15.35,일반 모멘텀,건전한 갭 상승,"변동성 과다, 본장 전/초반 1시간 약세 · 초반 -3.11% · 방어 우선, 매수 확인 부족: 거래량 0.37x / 거래대금 0.28x, 리스크 34 이상으로 신규 관심 제외, 전력기기 섹터 약세",수급 수집 실패,unavailable,0.0,0.0,뉴스 중립,google_news,"관련 뉴스: 에이치브이엠, -16.03% VI 발동 (2026-05-20)",none,"에이치브이엠, -16.03% VI 발동 (2026-05-20) | (5/19) 내일의 관심종목 (2026-05-19)","naver_daily, naver_realtime, news:google_news, flow:unavailable, intraday_1m",0.0,6.0,전력기기 섹터 약세,2026-05-19 21:07:50 PDT,0,"관망 · 관련 뉴스: 에이치브이엠, -16.03% VI 발동 (2026-05-20)",선행 신호 대기,놓침 위험 낮음,시장 방어장 · 신규 매수는 작게,급변 신호 없음,"전력기기 흐름 · 평균 -8.75% · 거래량 0.3배 · 대표 비츠로테크, 산일전기, 세명전기",방어장 · 평균 -5.68% · 하락비중 91% · 현금 비중 높게,수급 수집 실패,전력 → 전선 → 구리 → 원전/데이터센터,"기준 현재가 13,680 · 손절 참고 12,038 · 1차 익절 참고 15,732","최대 호재: 전력망 투자, 변압기 수주, 데이터센터 전력, 송전망 증설 / 최대 악재: 정책 지연, 원가 상승, 납기 지연, 안전사고",뉴스 영향 예상: 방향성 약함 · 가격/거래량 확인 우선,"관련 뉴스: 에이치브이엠, -16.03% VI 발동 (2026-05-20) · 최대 호재: 전력망 투자, 변압기 수주, 데이터센터 전력, 송전망 증설 / 최대 악재: 정책 지연, 원가 상승, 납기 지연, 안전사고"
KSS해운,044450.KS,ok,국장,해당 없음,0.0,0.0,0.0,,,0,해당 없음,0.0,0.0,,,,0.0,0.0,,,-8.0,본장 전/초반 1시간 약세 · 초반 -1.74% · 방어 우선,6.0,양호,1분봉 양호 · 장중 -2.29% · 최근 +0.28%,AI 관망,0,지금은 확실한 우위가 부족합니다.,해운,보류,🚫 제외,리스크 과다,0,26.0,6.0,0.0,0.0,18.0,2.0,40.0,False,False,중립장,11.0,10690.0,10930.0,naver_realtime,naver_realtime_calculated,-2.2,-1.57,0.0,0.37,0.32,False,1076931980.0,12.2,False,7.04,일반 모멘텀,"뉴스 키워드: 강한 호재: 공급, 계약 / 보통 호재: 실적, 1분봉 양호 · 장중 -2.29% · 최근 +0.28%","변동성 과다, 본장 전/초반 1시간 약세 · 초반 -1.74% · 방어 우선, 매수 확인 부족: 거래량 0.37x / 거래대금 0.32x, 리스크 34 이상으로 신규 관심 제외, 해운 섹터 약세",수급 수집 실패,unavailable,0.0,0.0,"강한 호재: 공급, 계약 / 보통 호재: 실적",google_news,"호재 뉴스: SK텔링크, 국내 대형 선사 5곳 '스타링크' 공급 (2026-05-19)",strong,"SK텔링크, 국내 대형 선사 5곳 '스타링크' 공급 (2026-05-19) | SK텔링크, 대형 선사들과 스타링크 계약…보안까지 통합 제공 (2026-05-18)","naver_daily, naver_realtime, news:google_news, flow:unavailable, intraday_1m",0.0,6.0,해운 섹터 약세,2026-05-19 21:07:50 PDT,7,"관망 · 호재 뉴스: SK텔링크, 국내 대형 선사 5곳 '스타링크' 공급 (2026-05-19)",선행 신호 대기,놓침 위험 낮음,시장 방어장 · 신규 매수는 작게,급변 신호 없음,"해운 흐름 · 평균 -3.69% · 거래량 0.8배 · 대표 팬오션, HMM, KSS해운",방어장 · 평균 -5.68% · 하락비중 91% · 현금 비중 높게,수급 수집 실패,대표 테마 연결 대기,"기준 현재가 10,690 · 손절 참고 9,937 · 1차 익절 참고 11,631","최대 호재: 운임 상승, 물동량 증가, 홍해 리스크, 컨테이너 강세 / 최대 악재: 운임 하락, 물동량 감소, 선복 과잉, 제재","호재 영향 예상: +4.6~+8.3% (11,575원 부근까지 시도) · 이탈 기준 10,351원","호재 뉴스: SK텔링크, 국내 대형 선사 5곳 '스타링크' 공급 (2026-05-19) · 최대 호재: 운임 상승, 물동량 증가, 홍해 리스크, 컨테이너 강세 / 최대 악재: 운임 하락, 물동량 감소, 선복 과잉, 제재"
이구산업,025820.KS,ok,국장,해당 없음,0.0,0.0,0.0,,,0,해당 없음,0.0,0.0,,,,0.0,0.0,,,-8.0,본장 전/초반 1시간 약세 · 초반 -2.15% · 방어 우선,0.0,중립,1분봉 중립 · 장중 -3.59% · 최근 +0.00%,AI 관망,0,지금은 확실한 우위가 부족합니다.,구리,보류,🚫 제외,리스크 과다,0,39.0,30.0,0.0,0.0,7.0,2.0,40.0,False,False,중립장,11.0,5370.0,5610.0,naver_realtime,naver_realtime_calculated,-4.28,-7.89,-1.03,0.37,0.31,False,4660091370.0,50.8,False,11.57,일반 모멘텀,"추세 상승, RSI 건강 구간, 뉴스 키워드: 보통 호재: 실적 / 약한 호재: 상승","변동성 과다, 본장 전/초반 1시간 약세 · 초반 -2.15% · 방어 우선, 매수 확인 부족: 거래량 0.37x / 거래대금 0.31x, 리스크 34 이상으로 신규 관심 제외, 구리 섹터 약세",수급 수집 실패,unavailable,0.0,0.0,보통 호재: 실적 / 약한 호재: 상승,google_news,"호재 뉴스: [뉴스&분석] 큰손들 이구동성 ""AI""…담은 종목은 각양각색 (2026-05-18)",medium,"[뉴스&분석] 큰손들 이구동성 ""AI""…담은 종목은 각양각색 (2026-05-18) | 이구산업, 2026년 1분기 실적 발표...매출액 1,516억 원 - Investing.com 한국어 (2026-05-15)","naver_daily, naver_realtime, news:google_news, flow:unavailable, intraday_1m",0.0,6.0,구리 섹터 약세,2026-05-19 21:07:50 PDT,7,"관망 · 호재 뉴스: [뉴스&분석] 큰손들 이구동성 ""AI""…담은 종목은 각양각색 (2026-05-18)",선행 신호 대기,놓침 위험 낮음,시장 방어장 · 신규 매수는 작게,급변 감지 · 당일 -7.89%,"구리 흐름 · 평균 -5.22% · 거래량 0.3배 · 대표 대창, 국일신동, 서원",방어장 · 평균 -5.68% · 하락비중 91% · 현금 비중 높게,수급 수집 실패,전력 → 전선 → 구리 → 원전/데이터센터,"기준 현재가 5,370 · 손절 참고 4,749 · 1차 익절 참고 6,147","최대 호재: 수주, 계약, 실적 개선, 정책 수혜 / 최대 악재: 실적 부진, 규제, 원가 상승, 수요 둔화","호재 영향 예상: +4.8~+8.7% (5,836원 부근까지 시도) · 이탈 기준 5,090원","호재 뉴스: [뉴스&분석] 큰손들 이구동성 ""AI""…담은 종목은 각양각색 (2026-05-18) · 최대 호재: 수주, 계약, 실적 개선, 정책 수혜 / 최대 악재: 실적 부진, 규제, 원가 상승, 수요 둔화"
대창,012800.KS,ok,국장,해당 없음,0.0,0.0,0.0,,,0,해당 없음,0.0,0.0,,,,0.0,0.0,,,-8.0,본장 전/초반 1시간 약세 · 초반 -3.14% · 방어 우선,0.0,중립,1분봉 중립 · 장중 -3.66% · 최근 -0.27%,AI 관망,0,지금은 확실한 우위가 부족합니다.,구리,보류,🚫 제외,리스크 과다,0,36.0,30.0,0.0,0.0,4.0,2.0,40.0,False,False,중립장,11.0,1481.0,1550.0,naver_realtime,naver_realtime_calculated,-4.45,-2.76,-1.31,0.33,0.29,False,3062139296.0,50.4,False,12.17,일반 모멘텀,"추세 상승, RSI 건강 구간, 뉴스 키워드: 보통 호재: 실적","변동성 과다, 본장 전/초반 1시간 약세 · 초반 -3.14% · 방어 우선, 매수 확인 부족: 거래량 0.33x / 거래대금 0.29x, 리스크 34 이상으로 신규 관심 제외, 구리 섹터 약세",수급 수집 실패,unavailable,0.0,0.0,보통 호재: 실적,google_news,"호재 뉴스: 손민수♥임라라 ""쌍둥이 크면 싹 내리겠다""…일부 영상 비공개 예고 (2026-05-19)",medium,"손민수♥임라라 ""쌍둥이 크면 싹 내리겠다""…일부 영상 비공개 예고 (2026-05-19) | 대창, 1분기 매출액 4291억…역대 최대 실적 (2026-05-18)","naver_daily, naver_realtime, news:google_news, flow:unavailable, intraday_1m",0.0,6.0,구리 섹터 약세,2026-05-19 21:07:50 PDT,7,"관망 · 호재 뉴스: 손민수♥임라라 ""쌍둥이 크면 싹 내리겠다""…일부 영상 비공개 예고 (2026-05-19)",선행 신호 대기,놓침 위험 낮음,시장 방어장 · 신규 매수는 작게,급변 신호 없음,"구리 흐름 · 평균 -5.22% · 거래량 0.3배 · 대표 대창, 국일신동, 서원",방어장 · 평균 -5.68% · 하락비중 91% · 현금 비중 높게,수급 수집 실패,전력 → 전선 → 구리 → 원전/데이터센터,"기준 현재가 1,481 · 손절 참고 1,303 · 1차 익절 참고 1,703","최대 호재: 수주, 계약, 실적 개선, 정책 수혜 / 최대 악재: 실적 부진, 규제, 원가 상승, 수요 둔화","호재 영향 예상: +5.0~+9.0% (1,614원 부근까지 시도) · 이탈 기준 1,401원","호재 뉴스: 손민수♥임라라 ""쌍둥이 크면 싹 내리겠다""…일부 영상 비공개 예고 (2026-05-19) · 최대 호재: 수주, 계약, 실적 개선, 정책 수혜 / 최대 악재: 실적 부진, 규제, 원가 상승, 수요 둔화"
국일신동,060480.KQ,ok,국장,해당 없음,0.0,0.0,0.0,,,0,해당 없음,0.0,0.0,,,,0.0,0.0,,,-8.0,본장 전/초반 1시간 약세 · 초반 -3.07% · 방어 우선,-8.0,위험,1분봉 약함 · 장중 -3.07% · 최근 -1.30% · 거래 0.7배,AI 관망,0,지금은 확실한 우위가 부족합니다.,구리,보류,🚫 제외,리스크 과다,0,2.0,0.0,0.0,0.0,0.0,2.0,48.0,False,False,중립장,11.0,1680.0,1730.0,naver_realtime,naver_realtime_calculated,-2.89,-5.03,-0.85,0.41,0.38,False,53568480.0,40.0,False,5.1,일반 모멘텀,-,"거래대금 부족, 1분봉 약함 · 장중 -3.07% · 최근 -1.30% · 거래 0.7배, 본장 전/초반 1시간 약세 · 초반 -3.07% · 방어 우선, 매수 확인 부족: 거래량 0.41x / 거래대금 0.38x, 리스크 42 이상으로 신규 관심 제외, 구리 섹터 약세",수급 수집 실패,unavailable,0.0,0.0,뉴스 중립,google_news,"관련 뉴스: 오후 이슈 [구리] : 이구산업, 대창, 서원, 키스트론, 국일신동 (2026-05-13)",none,"오후 이슈 [구리] : 이구산업, 대창, 서원, 키스트론, 국일신동 (2026-05-13)","naver_daily, naver_realtime, news:google_news, flow:unavailable, intraday_1m",0.0,6.0,구리 섹터 약세,2026-05-19 21:07:50 PDT,0,"관망 · 관련 뉴스: 오후 이슈 [구리] : 이구산업, 대창, 서원, 키스트론, 국일신동 (2026-05-13)",선행 신호 대기,놓침 위험 낮음,시장 방어장 · 신규 매수는 작게,급변 신호 없음,"구리 흐름 · 평균 -5.22% · 거래량 0.3배 · 대표 대창, 국일신동, 서원",방어장 · 평균 -5.68% · 하락비중 91% · 현금 비중 높게,수급 수집 실패,전력 → 전선 → 구리 → 원전/데이터센터,"기준 현재가 1,680 · 손절 참고 1,594 · 1차 익절 참고 1,787","최대 호재: 수주, 계약, 실적 개선, 정책 수혜 / 최대 악재: 실적 부진, 규제, 원가 상승, 수요 둔화",뉴스 영향 예상: 방향성 약함 · 가격/거래량 확인 우선,"관련 뉴스: 오후 이슈 [구리] : 이구산업, 대창, 서원, 키스트론, 국일신동 (2026-05-13) · 최대 호재: 수주, 계약, 실적 개선, 정책 수혜 / 최대 악재: 실적 부진, 규제, 원가 상승, 수요 둔화"
서원,021050.KS,ok,국장,해당 없음,0.0,0.0,0.0,,,0,해당 없음,0.0,0.0,,,,0.0,0.0,,,-8.0,본장 전/초반 1시간 약세 · 초반 -1.86% · 방어 우선,0.0,중립,1분봉 중립 · 장중 -3.80% · 최근 -0.21%,AI 관망,0,지금은 확실한 우위가 부족합니다.,구리,보류,🚫 제외,리스크 과다,0,9.0,0.0,0.0,0.0,7.0,2.0,50.0,False,False,중립장,11.0,1397.0,1451.0,naver_realtime,naver_realtime_calculated,-3.72,-5.22,-3.05,0.26,0.22,False,1002776379.0,47.5,False,11.69,일반 모멘텀,뉴스 키워드: 강한 호재: 공급,"갭 하락 경계, 변동성 과다, 본장 전/초반 1시간 약세 · 초반 -1.86% · 방어 우선, 매수 확인 부족: 거래량 0.26x / 거래대금 0.22x, 리스크 44 이상으로 신규 관심 제외, 구리 섹터 약세",수급 수집 실패,unavailable,0.0,0.0,강한 호재: 공급,google_news,"호재 뉴스: [모닝 경제 브리핑] 호르무즈 오보 · AI 실망감에 출렁인 뉴욕증시, 트럼프 발언에 막판 낙폭 축소 (2026-05-19)",strong,"[모닝 경제 브리핑] 호르무즈 오보 · AI 실망감에 출렁인 뉴욕증시, 트럼프 발언에 막판 낙폭 축소 (2026-05-19) | 청주서 교통사고 차량이 신호등 쾅…운전자 등 2명 부상 (2026-05-18)","naver_daily, naver_realtime, news:google_news, flow:unavailable, intraday_1m",0.0,6.0,구리 섹터 약세,2026-05-19 21:07:50 PDT,4,"관망 · 호재 뉴스: [모닝 경제 브리핑] 호르무즈 오보 · AI 실망감에 출렁인 뉴욕증시, 트럼프 발언에 막판 낙폭 축소 (2026-",선행 신호 대기,놓침 위험 낮음,시장 방어장 · 신규 매수는 작게,급변 신호 없음,"구리 흐름 · 평균 -5.22% · 거래량 0.3배 · 대표 대창, 국일신동, 서원",방어장 · 평균 -5.68% · 하락비중 91% · 현금 비중 높게,수급 수집 실패,전력 → 전선 → 구리 → 원전/데이터센터,"기준 현재가 1,397 · 손절 참고 1,234 · 1차 익절 참고 1,601","최대 호재: 수주, 계약, 실적 개선, 정책 수혜 / 최대 악재: 실적 부진, 규제, 원가 상승, 수요 둔화","호재 영향 예상: +4.8~+8.8% (1,519원 부근까지 시도) · 이탈 기준 1,324원","호재 뉴스: [모닝 경제 브리핑] 호르무즈 오보 · AI 실망감에 출렁인 뉴욕증시, 트럼프 발언에 막판 낙폭 축소 (2026-05-19) · 최대 호재: 수주, 계약, 실적 개선, 정책 수혜 / 최대 악재: 실적 부진, 규제, 원가 상승, 수요 둔화"
DB금융투자,016610.KS,ok,국장,해당 없음,0.0,0.0,0.0,,,0,해당 없음,0.0,0.0,,,,0.0,0.0,,,-8.0,본장 전/초반 1시간 약세 · 초반 -3.34% · 방어 우선,0.0,중립,1분봉 중립 · 장중 -4.75% · 최근 -0.44%,AI 관망,0,지금은 확실한 우위가 부족합니다.,증권,보류,🚫 제외,리스크 과다,0,6.0,0.0,0.0,0.0,4.0,2.0,40.0,False,False,중립장,11.0,11420.0,11990.0,naver_realtime,naver_realtime_calculated,-4.75,-8.64,-0.16,0.81,0.65,False,1482921260.0,31.9,False,8.48,일반 모멘텀,뉴스 키워드: 보통 호재: 투자,"변동성 과다, 본장 전/초반 1시간 약세 · 초반 -3.34% · 방어 우선, 매수 확인 부족: 거래량 0.81x / 거래대금 0.65x, 리스크 34 이상으로 신규 관심 제외, 증권 섹터 약세",수급 수집 실패,unavailable,0.0,0.0,보통 호재: 투자,google_news,"호재 뉴스: 금융투자협회 투자자교육協, 초보투자자용 '금융투자 HOWTO' 공개 (2026-05-19)",medium,"금융투자협회 투자자교육協, 초보투자자용 '금융투자 HOWTO' 공개 (2026-05-19) | 투교협, 초보 투자자 위한 콘텐츠 공개 (2026-05-19)","naver_daily, naver_realtime, news:google_news, flow:unavailable, intraday_1m",0.0,6.0,증권 섹터 약세,2026-05-19 21:07:50 PDT,10,"관망 · 호재 뉴스: 금융투자협회 투자자교육協, 초보투자자용 '금융투자 HOWTO' 공개 (2026-05-19)",선행 신호 대기,놓침 위험 낮음,시장 방어장 · 신규 매수는 작게,급변 감지 · 당일 -8.64%,"증권 흐름 · 평균 -8.01% · 거래량 0.6배 · 대표 한국금융지주, NH투자증권, 삼성증권",방어장 · 평균 -5.68% · 하락비중 91% · 현금 비중 높게,수급 수집 실패,대표 테마 연결 대기,"기준 현재가 11,420 · 손절 참고 10,452 · 1차 익절 참고 12,631","최대 호재: 거래대금 증가, 금리 인하, IB 회복, 자사주 / 최대 악재: 부동산PF 손실, 충당금, 순매도, IB 부진","호재 영향 예상: +3.5~+6.4% (12,146원 부근까지 시도) · 이탈 기준 10,984원","호재 뉴스: 금융투자협회 투자자교육協, 초보투자자용 '금융투자 HOWTO' 공개 (2026-05-19) · 최대 호재: 거래대금 증가, 금리 인하, IB 회복, 자사주 / 최대 악재: 부동산PF 손실, 충당금, 순매도, IB 부진"
RFHIC,218410.KQ,ok,국장,해당 없음,0.0,0.0,0.0,,,0,해당 없음,0.0,0.0,,,,0.0,0.0,,,-8.0,본장 전/초반 1시간 약세 · 초반 -2.17% · 방어 우선,0.0,중립,1분봉 중립 · 장중 -3.80% · 최근 +0.00%,AI 관망,0,지금은 확실한 우위가 부족합니다.,통신장비,보류,🚫 제외,리스크 과다,0,38.0,36.0,0.0,0.0,0.0,2.0,40.0,False,False,중립장,11.0,89300.0,93900.0,naver_realtime,naver_realtime_calculated,-4.9,-7.75,0.62,0.63,0.56,False,34396216800.0,50.7,False,11.27,일반 모멘텀,"추세 상승, RSI 건강 구간, 건전한 갭 상승","변동성 과다, 뉴스 호재 강도 약함, 본장 전/초반 1시간 약세 · 초반 -2.17% · 방어 우선, 매수 확인 부족: 거래량 0.63x / 거래대금 0.56x, 리스크 34 이상으로 신규 관심 제외, 통신장비 섹터 약세",수급 수집 실패,unavailable,0.0,0.0,약한 호재: 상승,google_news,"호재 뉴스: RFHIC 주가, 5월 12일 장중 10만 원대 상승 흐름 유지 (2026-05-12)",weak,"RFHIC 주가, 5월 12일 장중 10만 원대 상승 흐름 유지 (2026-05-12)","naver_daily, naver_realtime, news:google_news, flow:unavailable, intraday_1m",0.0,6.0,통신장비 섹터 약세,2026-05-19 21:07:50 PDT,9,"관망 · 호재 뉴스: RFHIC 주가, 5월 12일 장중 10만 원대 상승 흐름 유지 (2026-05-12)",선행 신호 대기,놓침 위험 낮음,시장 방어장 · 신규 매수는 작게,급변 감지 · 당일 -7.75%,"통신장비 흐름 · 평균 -5.32% · 거래량 0.8배 · 대표 케이엠더블유, 서진시스템, 유비쿼스",방어장 · 평균 -5.68% · 하락비중 91% · 현금 비중 높게,수급 수집 실패,대표 테마 연결 대기,"기준 현재가 89,300 · 손절 참고 79,236 · 1차 익절 참고 101,880","최대 호재: 요금제 개편, AI 데이터센터, 주주환원, 5G 투자 / 최대 악재: 과징금, 해킹, 통신 장애, 규제","호재 영향 예상: +4.6~+8.5% (96,848원 부근까지 시도) · 이탈 기준 84,771원","호재 뉴스: RFHIC 주가, 5월 12일 장중 10만 원대 상승 흐름 유지 (2026-05-12) · 최대 호재: 요금제 개편, AI 데이터센터, 주주환원, 5G 투자 / 최대 악재: 과징금, 해킹, 통신 장애, 규제"
쏠리드,050890.KQ,ok,국장,해당 없음,0.0,0.0,0.0,,,0,해당 없음,0.0,0.0,,,,0.0,0.0,,,0.0,본장 전/초반 1시간 중립 · 초반 +0.07%,4.0,중립,1분봉 중립 · 장중 -3.54% · 최근 -0.14%,AI 관망,0,지금은 확실한 우위가 부족합니다.,통신장비,보류,🚫 제외,리스크 과다,0,12.0,10.0,0.0,0.0,0.0,2.0,32.0,False,False,중립장,11.0,14870.0,15130.0,naver_realtime,naver_realtime_calculated,-1.72,-3.44,1.88,0.35,0.3,False,41034672070.0,39.5,False,11.68,일반 모멘텀,"건전한 갭 상승, 1분봉 중립 · 장중 -3.54% · 최근 -0.14%","변동성 과다, 뉴스 호재 강도 약함, 매수 확인 부족: 거래량 0.35x / 거래대금 0.30x, 리스크 26 이상으로 신규 관심 제외, 통신장비 섹터 약세",수급 수집 실패,unavailable,0.0,0.0,약한 호재: 돌파,google_news,"호재 뉴스: 쏠리드, 얼마 남지 않은 저PBR 통신장비주…조정은 매수 기회-하나 (2026-05-20)",weak,"쏠리드, 얼마 남지 않은 저PBR 통신장비주…조정은 매수 기회-하나 (2026-05-20) | 땅 파던 '노란 공룡'의 변신…엔비디아와 손잡고 AI주로 재평가 (2026-05-18)","naver_daily, naver_realtime, news:google_news, flow:unavailable, intraday_1m",0.0,6.0,통신장비 섹터 약세,2026-05-19 21:07:50 PDT,8,"관망 · 호재 뉴스: 쏠리드, 얼마 남지 않은 저PBR 통신장비주…조정은 매수 기회-하나 (2026-05-20)",선행 신호 대기,놓침 위험 낮음,시장 방어장 · 신규 매수는 작게,급변 신호 없음,"통신장비 흐름 · 평균 -5.32% · 거래량 0.8배 · 대표 케이엠더블유, 서진시스템, 유비쿼스",방어장 · 평균 -5.68% · 하락비중 91% · 현금 비중 높게,수급 수집 실패,대표 테마 연결 대기,"기준 현재가 14,870 · 손절 참고 13,133 · 1차 익절 참고 17,041","최대 호재: 요금제 개편, AI 데이터센터, 주주환원, 5G 투자 / 최대 악재: 과징금, 해킹, 통신 장애, 규제","호재 영향 예상: +4.8~+8.8% (16,173원 부근까지 시도) · 이탈 기준 14,088원","호재 뉴스: 쏠리드, 얼마 남지 않은 저PBR 통신장비주…조정은 매수 기회-하나 (2026-05-20) · 최대 호재: 요금제 개편, AI 데이터센터, 주주환원, 5G 투자 / 최대 악재: 과징금, 해킹, 통신 장애, 규제"
에이스테크,088800.KQ,ok,국장,해당 없음,0.0,0.0,0.0,,,0,해당 없음,0.0,0.0,,,,0.0,0.0,,,-8.0,본장 전/초반 1시간 약세 · 초반 -2.09% · 방어 우선,0.0,중립,1분봉 중립 · 장중 -2.88% · 최근 -0.40%,AI 관망,0,지금은 확실한 우위가 부족합니다.,통신장비,보류,🚫 제외,리스크 과다,0,11.0,6.0,0.0,0.0,3.0,2.0,40.0,False,False,중립장,11.0,3735.0,3845.0,naver_realtime,naver_realtime_calculated,-2.86,-6.04,0.63,0.53,0.41,False,2286637965.0,20.8,False,10.28,일반 모멘텀,"건전한 갭 상승, 뉴스 키워드: 약한 호재: 상승, 확대","변동성 과다, 뉴스 호재 강도 약함, 본장 전/초반 1시간 약세 · 초반 -2.09% · 방어 우선, 매수 확인 부족: 거래량 0.53x / 거래대금 0.41x, 리스크 34 이상으로 신규 관심 제외, 통신장비 섹터 약세",수급 수집 실패,unavailable,0.0,0.0,"약한 호재: 상승, 확대",google_news,"호재 뉴스: 급등 축하합니다. (TPC로보틱스, 계양전기, 선도전기, 한울반도체, 한화갤러리아, 티플랙스, 인바디, 대성산업, 미래반도체, 3S, 인벤테라, 한… (2026-05-17)",weak,"급등 축하합니다. (TPC로보틱스, 계양전기, 선도전기, 한울반도체, 한화갤러리아, 티플랙스, 인바디, 대성산업, 미래반도체, 3S, 인벤테라, 한스바이오메드, 빛샘전자 등) (2026-05-17) | 머큐리, +1.03% 상승폭 확대 (2026-05-13)","naver_daily, naver_realtime, news:google_news, flow:unavailable, intraday_1m",0.0,6.0,통신장비 섹터 약세,2026-05-19 21:07:50 PDT,8,"관망 · 호재 뉴스: 급등 축하합니다. (TPC로보틱스, 계양전기, 선도전기, 한울반도체, 한화갤러리아, 티플랙스, 인바디, 대성산업,",선행 신호 대기,놓침 위험 낮음,시장 방어장 · 신규 매수는 작게,급변 감지 · 당일 -6.04%,"통신장비 흐름 · 평균 -5.32% · 거래량 0.8배 · 대표 케이엠더블유, 서진시스템, 유비쿼스",방어장 · 평균 -5.68% · 하락비중 91% · 현금 비중 높게,수급 수집 실패,AI/반도체 → 전력 → 냉각 → 데이터센터 → 광통신,"기준 현재가 3,735 · 손절 참고 3,351 · 1차 익절 참고 4,215","최대 호재: 요금제 개편, AI 데이터센터, 주주환원, 5G 투자 / 최대 악재: 과징금, 해킹, 통신 장애, 규제","호재 영향 예상: +4.2~+7.7% (4,023원 부근까지 시도) · 이탈 기준 3,562원","호재 뉴스: 급등 축하합니다. (TPC로보틱스, 계양전기, 선도전기, 한울반도체, 한화갤러리아, 티플랙스, 인바디, 대성산업, 미래반도체, 3S, 인벤테라, 한… (2026-05-17) · 최대 호재: 요금제 개편, AI 데이터센터, 주주환원, 5G 투자 / 최대 악재: 과징금, 해킹, 통신 장애, 규제"
오이솔루션,138080.KQ,ok,국장,해당 없음,0.0,0.0,0.0,,,0,해당 없음,0.0,0.0,,,,0.0,0.0,,,0.0,본장 전/초반 1시간 중립 · 초반 +0.99%,10.0,양호,1분봉 양호 · 장중 -1.99% · 최근 +0.58%,AI 관망,0,지금은 확실한 우위가 부족합니다.,광통신,보류,🚫 제외,리스크 과다,0,21.0,16.0,0.0,0.0,3.0,2.0,48.0,False,False,중립장,11.0,35000.0,36100.0,naver_realtime,naver_realtime_calculated,-3.05,-7.04,2.79,0.41,0.31,False,17095435000.0,44.6,False,16.5,일반 모멘텀,"건전한 갭 상승, 뉴스 키워드: 약한 호재: 상승, 확대 / 악재: 감소, 지분율, 주식등의 수, 1분봉 양호 · 장중 -1.99% · 최근 +0.58%","변동성 과다, 뉴스 호재 강도 약함, 뉴스 리스크: 약한 호재: 상승, 확대 / 악재: 감소, 지분율, 주식등의 수, 매수 확인 부족: 거래량 0.41x / 거래대금 0.31x, 리스크 42 이상으로 신규 관심 제외, 광통신 섹터 약세",수급 수집 실패,unavailable,0.0,0.0,"약한 호재: 상승, 확대 / 악재: 감소, 지분율, 주식등의 수",google_news,"악재 뉴스: 오이솔루션 최대주주 박찬, 오이솔루션 주식등의 수 5만주 감소…총 지분율 23.35% (2026-05-15)",weak,"오이솔루션 최대주주 박찬, 오이솔루션 주식등의 수 5만주 감소…총 지분율 23.35% (2026-05-15) | 박용관 대표이사, 오이솔루션 주식 5만주 매도 (2026-05-15)","naver_daily, naver_realtime, news:google_news, flow:unavailable, intraday_1m",0.0,6.0,광통신 섹터 약세,2026-05-19 21:07:50 PDT,0,"관망 · 악재 뉴스: 오이솔루션 최대주주 박찬, 오이솔루션 주식등의 수 5만주 감소…총 지분율 23.35% (2026-05-15)",선행 신호 대기,놓침 위험 낮음,시장 방어장 · 신규 매수는 작게,급변 감지 · 당일 -7.04%,"광통신 흐름 · 평균 -3.38% · 거래량 0.5배 · 대표 대한광통신, 우리로, 코위버",방어장 · 평균 -5.68% · 하락비중 91% · 현금 비중 높게,수급 수집 실패,대표 테마 연결 대기,"기준 현재가 35,000 · 손절 참고 30,800 · 1차 익절 참고 40,250","최대 호재: 요금제 개편, AI 데이터센터, 주주환원, 5G 투자 / 최대 악재: 과징금, 해킹, 통신 장애, 규제","악재 영향 예상: -8.3~-15.1% (29,716원 부근까지 경계) · 회복 기준 36,890원 돌파","악재 뉴스: 오이솔루션 최대주주 박찬, 오이솔루션 주식등의 수 5만주 감소…총 지분율 23.35% (2026-05-15) · 최대 호재: 요금제 개편, AI 데이터센터, 주주환원, 5G 투자 / 최대 악재: 과징금, 해킹, 통신 장애, 규제"
우리로,046970.KQ,ok,국장,해당 없음,0.0,0.0,0.0,,,0,해당 없음,0.0,0.0,,,,0.0,0.0,,,0.0,본장 전/초반 1시간 중립 · 초반 +6.73%,16.0,강함,1분봉 강함 · 장중 +4.35% · 최근 +2.59% · 거래 0.2배,AI 관망,0,지금은 확실한 우위가 부족합니다.,광통신,보류,🚫 제외,리스크 과다,0,27.0,18.0,0.0,0.0,7.0,2.0,32.0,False,False,중립장,11.0,8020.0,7840.0,naver_realtime,naver_realtime_calculated,2.3,3.08,2.83,0.93,0.77,False,44673204500.0,35.2,False,13.97,일반 모멘텀,"건전한 갭 상승, 뉴스 키워드: 보통 호재: 투자 / 약한 호재: 상승, 1분봉 강함 · 장중 +4.35% · 최근 +2.59% · 거래 0.2배","변동성 과다, 매수 확인 부족: 거래량 0.93x / 거래대금 0.77x, 리스크 26 이상으로 신규 관심 제외, 광통신 섹터 약세",수급 수집 실패,unavailable,0.0,0.0,보통 호재: 투자 / 약한 호재: 상승,google_news,"호재 뉴스: [투자 아이디어] IBM “올해 양자 우위 실증”… 양자컴퓨팅 산업화 본격화, 국내 관련주 주목 (2026-05-19)",medium,"[투자 아이디어] IBM “올해 양자 우위 실증”… 양자컴퓨팅 산업화 본격화, 국내 관련주 주목 (2026-05-19) | 특징주, 우리로-양자암호/양자컴퓨팅 테마 상승세에 7.33% ↑ (2026-05-19)","naver_daily, naver_realtime, news:google_news, flow:unavailable, intraday_1m",0.0,6.0,광통신 섹터 약세,2026-05-19 21:07:50 PDT,20,"관망 · 추격 부담 낮음 · 호재 뉴스: [투자 아이디어] IBM “올해 양자 우위 실증”… 양자컴퓨팅 산업화 본격화, 국내 관련주 주목 (2026-05-",선행 신호 대기,놓침 위험 낮음,시장 방어장 · 신규 매수는 작게,급변 신호 없음,"광통신 흐름 · 평균 -3.38% · 거래량 0.5배 · 대표 대한광통신, 우리로, 코위버",방어장 · 평균 -5.68% · 하락비중 91% · 현금 비중 높게,수급 수집 실패,대표 테마 연결 대기,"기준 현재가 8,020 · 손절 참고 7,058 · 1차 익절 참고 9,223","최대 호재: 요금제 개편, AI 데이터센터, 주주환원, 5G 투자 / 최대 악재: 과징금, 해킹, 통신 장애, 규제","호재 영향 예상: +5.0~+9.0% (8,742원 부근까지 시도) · 이탈 기준 7,587원","호재 뉴스: [투자 아이디어] IBM “올해 양자 우위 실증”… 양자컴퓨팅 산업화 본격화, 국내 관련주 주목 (2026-05-19) · 최대 호재: 요금제 개편, AI 데이터센터, 주주환원, 5G 투자 / 최대 악재: 과징금, 해킹, 통신 장애, 규제"
코위버,056360.KQ,ok,국장,해당 없음,0.0,0.0,0.0,,,0,해당 없음,0.0,0.0,,,,0.0,0.0,,,0.0,본장 전/초반 1시간 중립 · 초반 +0.71%,4.0,중립,1분봉 중립 · 장중 -2.60% · 최근 -0.12%,AI 관망,0,지금은 확실한 우위가 부족합니다.,광통신,보류,🚫 제외,리스크 과다,0,12.0,10.0,0.0,0.0,0.0,2.0,32.0,False,False,중립장,11.0,8370.0,8710.0,naver_realtime,naver_realtime_calculated,-3.9,-5.96,1.69,0.82,0.64,False,5091638400.0,44.5,False,15.91,일반 모멘텀,"건전한 갭 상승, 1분봉 중립 · 장중 -2.60% · 최근 -0.12%","변동성 과다, 매수 확인 부족: 거래량 0.82x / 거래대금 0.64x, 리스크 26 이상으로 신규 관심 제외, 광통신 섹터 약세",수급 수집 실패,unavailable,0.0,0.0,뉴스 수집 실패,none,뉴스를 가져오지 못해 가격 흐름만 참고하세요.,none,-,"naver_daily, naver_realtime, news:none, flow:unavailable, intraday_1m",0.0,6.0,광통신 섹터 약세,2026-05-19 21:07:50 PDT,0,관망 · 뉴스를 가져오지 못해 가격 흐름만 참고하세요.,선행 신호 대기,놓침 위험 낮음,시장 방어장 · 신규 매수는 작게,급변 신호 없음,"광통신 흐름 · 평균 -3.38% · 거래량 0.5배 · 대표 대한광통신, 우리로, 코위버",방어장 · 평균 -5.68% · 하락비중 91% · 현금 비중 높게,수급 수집 실패,대표 테마 연결 대기,"기준 현재가 8,370 · 손절 참고 7,366 · 1차 익절 참고 9,626","최대 호재: 요금제 개편, AI 데이터센터, 주주환원, 5G 투자 / 최대 악재: 과징금, 해킹, 통신 장애, 규제",뉴스 영향 예상: 방향성 약함 · 가격/거래량 확인 우선,"뉴스를 가져오지 못해 가격 흐름만 참고하세요. · 최대 호재: 요금제 개편, AI 데이터센터, 주주환원, 5G 투자 / 최대 악재: 과징금, 해킹, 통신 장애, 규제"
Shopify,SHOP.TO,ok,캐나다,저배당,0.0,0.0,0.0,,,0,저배당 · 배당 정보 없음,0.0,0.0,,,,0.0,0.0,,,0.0,,0.0,대기,,AI 관망,0,지금은 확실한 우위가 부족합니다.,캐나다/이커머스,보류,🚫 제외,리스크 과다,0,8.0,6.0,0.0,0.0,0.0,2.0,51.0,False,False,중립장,11.0,139.01,139.01,fast_quote,calculated,0.0,0.78,2.75,1.1,1.01,True,329217369.0,32.1,False,6.1,일반 모멘텀,건전한 갭 상승,"변동성 과다, 거래대금 부족, 뉴스 호재 강도 약함, 뉴스 리스크: 약한 호재: 상승 / 악재: 하락, 소송, 리스크 51 이상으로 신규 관심 제외",수급 확인 불가,no_code,0.0,0.0,"약한 호재: 상승 / 악재: 하락, 소송",google_news,악재 뉴스: Shopify Inc (SHOP) 주식 움직였습니다 상승 3.11%에 5월15일: 전체 분석 (2026-05-16),weak,Shopify Inc (SHOP) 주식 움직였습니다 상승 3.11%에 5월15일: 전체 분석 (2026-05-16) | Shopify Inc (SHOP) 주식 움직였습니다 하락 3.68%에 5월13일: 변동을 뒷받침하는 사실 (2026-05-13),"yahoo_daily, fast_quote, news:google_news, flow:no_code",,,섹터 확인 부족,2026-05-19 21:07:50 PDT,7,관망 · 추격 부담 낮음 · 악재 뉴스: Shopify Inc (SHOP) 주식 움직였습니다 상승 3.11%에 5월15일: 전체 분석 (2026-05-16,선행 신호 대기,놓침 위험 낮음,중대 리스크 · 악재 뉴스 우선 확인,급변 신호 없음,이커머스 흐름 · 평균 +0.78% · 거래량 1.1배 · 대표 Shopify,공격장 · 평균 +0.65% · 하락비중 30% · 관심 종목 압축,수급 확인 불가,대표 테마 연결 대기,기준 현재가 139 · 손절 참고 131 · 1차 익절 참고 150,"최대 호재: 수주, 계약, 실적 개선, 정책 수혜 / 최대 악재: 실적 부진, 규제, 원가 상승, 수요 둔화",악재 영향 예상: -5.1~-9.3% (126.12 CAD 부근까지 경계) · 회복 기준 142.83 CAD 돌파,"악재 뉴스: Shopify Inc (SHOP) 주식 움직였습니다 상승 3.11%에 5월15일: 전체 분석 (2026-05-16) · 최대 호재: 수주, 계약, 실적 개선, 정책 수혜 / 최대 악재: 실적 부진, 규제, 원가 상승, 수요 둔화"
텔레필드,091440.KQ,ok,국장,해당 없음,0.0,0.0,0.0,,,0,해당 없음,0.0,0.0,,,,0.0,0.0,,,-8.0,본장 전/초반 1시간 약세 · 초반 -9.61% · 방어 우선,0.0,중립,1분봉 중립 · 장중 -10.75% · 최근 -0.36%,AI 관망,0,지금은 확실한 우위가 부족합니다.,광통신,보류,🚫 제외,리스크 과다,0,2.0,0.0,0.0,0.0,0.0,2.0,55.0,False,False,중립장,11.0,2760.0,2920.0,naver_realtime,naver_realtime_calculated,-5.48,-4.17,0.0,0.29,0.26,False,281448240.0,35.1,False,7.7,일반 모멘텀,-,"변동성 과다, 거래대금 부족, 본장 전/초반 1시간 약세 · 초반 -9.61% · 방어 우선, 매수 확인 부족: 거래량 0.29x / 거래대금 0.26x, 리스크 49 이상으로 신규 관심 제외, 광통신 섹터 약세",수급 수집 실패,unavailable,0.0,0.0,뉴스 수집 실패,none,뉴스를 가져오지 못해 가격 흐름만 참고하세요.,none,-,"naver_daily, naver_realtime, news:none, flow:unavailable, intraday_1m",0.0,6.0,광통신 섹터 약세,2026-05-19 21:07:50 PDT,0,관망 · 뉴스를 가져오지 못해 가격 흐름만 참고하세요.,선행 신호 대기,놓침 위험 낮음,시장 방어장 · 신규 매수는 작게,급변 신호 없음,"광통신 흐름 · 평균 -3.38% · 거래량 0.5배 · 대표 대한광통신, 우리로, 코위버",방어장 · 평균 -5.68% · 하락비중 91% · 현금 비중 높게,수급 수집 실패,대표 테마 연결 대기,"기준 현재가 2,760 · 손절 참고 2,547 · 1차 익절 참고 3,026","최대 호재: 요금제 개편, AI 데이터센터, 주주환원, 5G 투자 / 최대 악재: 과징금, 해킹, 통신 장애, 규제",뉴스 영향 예상: 방향성 약함 · 가격/거래량 확인 우선,"뉴스를 가져오지 못해 가격 흐름만 참고하세요. · 최대 호재: 요금제 개편, AI 데이터센터, 주주환원, 5G 투자 / 최대 악재: 과징금, 해킹, 통신 장애, 규제"
옵티시스,109080.KQ,ok,국장,해당 없음,0.0,0.0,0.0,,,0,해당 없음,0.0,0.0,,,,0.0,0.0,,,-8.0,본장 전/초반 1시간 약세 · 초반 -2.94% · 방어 우선,-8.0,위험,1분봉 약함 · 장중 -3.10% · 최근 -1.29% · 거래 0.2배,AI 관망,0,지금은 확실한 우위가 부족합니다.,광통신,보류,🚫 제외,리스크 과다,0,2.0,0.0,0.0,0.0,0.0,2.0,63.0,False,False,중립장,11.0,12300.0,12790.0,naver_realtime,naver_realtime_calculated,-3.83,-6.18,-1.53,0.32,0.26,False,726770100.0,23.0,False,9.97,일반 모멘텀,-,"변동성 과다, 거래대금 부족, 뉴스 호재 강도 약함, 1분봉 약함 · 장중 -3.10% · 최근 -1.29% · 거래 0.2배, 본장 전/초반 1시간 약세 · 초반 -2.94% · 방어 우선, 매수 확인 부족: 거래량 0.32x / 거래대금 0.26x, 리스크 57 이상으로 신규 관심 제외, 광통신 섹터 약세",수급 수집 실패,unavailable,0.0,0.0,약한 호재: 상승,google_news,"호재 뉴스: 급등 축하합니다. (TPC로보틱스, 계양전기, 선도전기, 한울반도체, 한화갤러리아, 티플랙스, 인바디, 대성산업, 미래반도체, 3S, 인벤테라, 한… (2026-05-17)",weak,"급등 축하합니다. (TPC로보틱스, 계양전기, 선도전기, 한울반도체, 한화갤러리아, 티플랙스, 인바디, 대성산업, 미래반도체, 3S, 인벤테라, 한스바이오메드, 빛샘전자 등) (2026-05-17) | 특징주, 옵티시스-통신장비 테마 상승세에 6.48% ↑ (2026-05-11)","naver_daily, naver_realtime, news:google_news, flow:unavailable, intraday_1m",0.0,6.0,광통신 섹터 약세,2026-05-19 21:07:50 PDT,3,"관망 · 호재 뉴스: 급등 축하합니다. (TPC로보틱스, 계양전기, 선도전기, 한울반도체, 한화갤러리아, 티플랙스, 인바디, 대성산업,",선행 신호 대기,놓침 위험 낮음,시장 방어장 · 신규 매수는 작게,급변 감지 · 당일 -6.18%,"광통신 흐름 · 평균 -3.38% · 거래량 0.5배 · 대표 대한광통신, 우리로, 코위버",방어장 · 평균 -5.68% · 하락비중 91% · 현금 비중 높게,수급 수집 실패,AI/반도체 → 전력 → 냉각 → 데이터센터 → 광통신,"기준 현재가 12,300 · 손절 참고 11,074 · 1차 익절 참고 13,833","최대 호재: 요금제 개편, AI 데이터센터, 주주환원, 5G 투자 / 최대 악재: 과징금, 해킹, 통신 장애, 규제","호재 영향 예상: +4.1~+7.5% (13,220원 부근까지 시도) · 이탈 기준 11,748원","호재 뉴스: 급등 축하합니다. (TPC로보틱스, 계양전기, 선도전기, 한울반도체, 한화갤러리아, 티플랙스, 인바디, 대성산업, 미래반도체, 3S, 인벤테라, 한… (2026-05-17) · 최대 호재: 요금제 개편, AI 데이터센터, 주주환원, 5G 투자 / 최대 악재: 과징금, 해킹, 통신 장애, 규제"
머큐리,100590.KQ,ok,국장,해당 없음,0.0,0.0,0.0,,,0,해당 없음,0.0,0.0,,,,0.0,0.0,,,0.0,본장 전/초반 1시간 중립 · 초반 +5.45%,2.0,중립,1분봉 중립 · 장중 +0.88% · 최근 -1.01%,AI 관망,0,지금은 확실한 우위가 부족합니다.,통신장비/광통신,보류,🚫 제외,리스크 과다,0,34.0,32.0,0.0,0.0,0.0,2.0,34.0,False,False,중립장,11.0,6900.0,7020.0,naver_realtime,naver_realtime_calculated,-1.71,-3.23,-0.84,0.26,0.2,False,6692558400.0,51.8,False,20.73,일반 모멘텀,"추세 상승, RSI 건강 구간, 1분봉 중립 · 장중 +0.88% · 최근 -1.01%","변동성 과다, 뉴스 리스크: 악재: 전환사채, 매수 확인 부족: 거래량 0.26x / 거래대금 0.20x, 리스크 34 이상으로 신규 관심 제외",수급 수집 실패,unavailable,0.0,0.0,악재: 전환사채,google_news,"악재 뉴스: 머큐리 제너럴 주가, 102.39달러로 사상 최고치 경신 - Investing.com 한국어 (2026-05-18)",none,"머큐리 제너럴 주가, 102.39달러로 사상 최고치 경신 - Investing.com 한국어 (2026-05-18) | 머큐리, 120억원 규모 전환사채 발행 결정 (2026-05-13)","naver_daily, naver_realtime, news:google_news, flow:unavailable, intraday_1m",,,섹터 확인 부족,2026-05-19 21:07:50 PDT,0,"관망 · 악재 뉴스: 머큐리 제너럴 주가, 102.39달러로 사상 최고치 경신 - Investing.com 한국어 (2026-05-18",선행 신호 대기,놓침 위험 낮음,중대 리스크 · 악재 뉴스 우선 확인,급변 신호 없음,통신장비/광통신 흐름 · 평균 -3.23% · 거래량 0.3배 · 대표 머큐리,방어장 · 평균 -5.68% · 하락비중 91% · 현금 비중 높게,수급 수집 실패,대표 테마 연결 대기,"기준 현재가 6,900 · 손절 참고 6,072 · 1차 익절 참고 7,935","최대 호재: 요금제 개편, AI 데이터센터, 주주환원, 5G 투자 / 최대 악재: 과징금, 해킹, 통신 장애, 규제","악재 영향 예상: -8.8~-16.1% (5,790원 부근까지 경계) · 회복 기준 7,273원 돌파","악재 뉴스: 머큐리 제너럴 주가, 102.39달러로 사상 최고치 경신 - Investing.com 한국어 (2026-05-18) · 최대 호재: 요금제 개편, AI 데이터센터, 주주환원, 5G 투자 / 최대 악재: 과징금, 해킹, 통신 장애, 규제"
다산네트웍스,039560.KQ,ok,국장,해당 없음,0.0,0.0,0.0,,,0,해당 없음,0.0,0.0,,,,0.0,0.0,,,-8.0,본장 전/초반 1시간 약세 · 초반 -3.76% · 방어 우선,6.0,양호,1분봉 양호 · 장중 -5.65% · 최근 +0.25%,AI 관망,0,지금은 확실한 우위가 부족합니다.,통신장비,보류,🚫 제외,리스크 과다,0,14.0,12.0,0.0,0.0,0.0,2.0,56.0,False,False,중립장,11.0,4015.0,4285.0,naver_realtime,naver_realtime_calculated,-6.3,-8.54,0.46,0.35,0.28,False,1252993170.0,22.1,False,8.38,일반 모멘텀,"건전한 갭 상승, 1분봉 양호 · 장중 -5.65% · 최근 +0.25%","변동성 과다, 뉴스 리스크: 악재: 감소, 지분율, 주식등의 수, 본장 전/초반 1시간 약세 · 초반 -3.76% · 방어 우선, 매수 확인 부족: 거래량 0.35x / 거래대금 0.28x, 리스크 50 이상으로 신규 관심 제외, 통신장비 섹터 약세",수급 수집 실패,unavailable,0.0,0.0,"악재: 감소, 지분율, 주식등의 수",google_news,악재 뉴스: [0518주요일정] JP모건 글로벌 테크놀로지 컨퍼런스 개최… 현대차그룹 참석 등 (2026-05-18),none,"[0518주요일정] JP모건 글로벌 테크놀로지 컨퍼런스 개최… 현대차그룹 참석 등 (2026-05-18) | 다산디엠씨 최대주주 다산네트웍스, 다산디엠씨 주식등의 수 123만8464주 감소…총 지분율 62.53% (2026-05-15)","naver_daily, naver_realtime, news:google_news, flow:unavailable, intraday_1m",0.0,6.0,통신장비 섹터 약세,2026-05-19 21:07:50 PDT,0,관망 · 악재 뉴스: [0518주요일정] JP모건 글로벌 테크놀로지 컨퍼런스 개최… 현대차그룹 참석 등 (2026-05-18),선행 신호 대기,놓침 위험 낮음,시장 방어장 · 신규 매수는 작게,급변 감지 · 당일 -8.54%,"통신장비 흐름 · 평균 -5.32% · 거래량 0.8배 · 대표 케이엠더블유, 서진시스템, 유비쿼스",방어장 · 평균 -5.68% · 하락비중 91% · 현금 비중 높게,수급 수집 실패,대표 테마 연결 대기,"기준 현재가 4,015 · 손절 참고 3,679 · 1차 익절 참고 4,436","최대 호재: 요금제 개편, AI 데이터센터, 주주환원, 5G 투자 / 최대 악재: 과징금, 해킹, 통신 장애, 규제","악재 영향 예상: -5.9~-10.7% (3,586원 부근까지 경계) · 회복 기준 4,166원 돌파","악재 뉴스: [0518주요일정] JP모건 글로벌 테크놀로지 컨퍼런스 개최… 현대차그룹 참석 등 (2026-05-18) · 최대 호재: 요금제 개편, AI 데이터센터, 주주환원, 5G 투자 / 최대 악재: 과징금, 해킹, 통신 장애, 규제"
유비쿼스,264450.KQ,ok,국장,해당 없음,0.0,0.0,0.0,,,0,해당 없음,0.0,0.0,,,,0.0,0.0,,,-8.0,본장 전/초반 1시간 약세 · 초반 -1.96% · 방어 우선,0.0,중립,1분봉 중립 · 장중 -0.29% · 최근 +0.00%,AI 관망,0,지금은 확실한 우위가 부족합니다.,통신장비,보류,🚫 제외,리스크 과다,0,2.0,0.0,0.0,0.0,0.0,2.0,40.0,False,False,중립장,11.0,13730.0,13770.0,naver_realtime,naver_realtime_calculated,-0.29,-1.29,0.0,0.47,0.41,False,1737545230.0,41.4,False,8.16,일반 모멘텀,-,"변동성 과다, 본장 전/초반 1시간 약세 · 초반 -1.96% · 방어 우선, 매수 확인 부족: 거래량 0.47x / 거래대금 0.41x, 리스크 34 이상으로 신규 관심 제외, 통신장비 섹터 약세",수급 수집 실패,unavailable,0.0,0.0,뉴스 중립,google_news,"관련 뉴스: 비트컴퓨터, 10억 규모 자사주 취득 결정 (2026-05-14)",none,"비트컴퓨터, 10억 규모 자사주 취득 결정 (2026-05-14) | 유비쿼스홀딩스, 34억 규모 자사주 소각 결정 (2026-05-13)","naver_daily, naver_realtime, news:google_news, flow:unavailable, intraday_1m",0.0,6.0,통신장비 섹터 약세,2026-05-19 21:07:50 PDT,0,"관망 · 관련 뉴스: 비트컴퓨터, 10억 규모 자사주 취득 결정 (2026-05-14)",선행 신호 대기,놓침 위험 낮음,시장 방어장 · 신규 매수는 작게,급변 신호 없음,"통신장비 흐름 · 평균 -5.32% · 거래량 0.8배 · 대표 케이엠더블유, 서진시스템, 유비쿼스",방어장 · 평균 -5.68% · 하락비중 91% · 현금 비중 높게,수급 수집 실패,대표 테마 연결 대기,"기준 현재가 13,730 · 손절 참고 12,610 · 1차 익절 참고 15,130","최대 호재: 요금제 개편, AI 데이터센터, 주주환원, 5G 투자 / 최대 악재: 과징금, 해킹, 통신 장애, 규제",뉴스 영향 예상: 방향성 약함 · 가격/거래량 확인 우선,"관련 뉴스: 비트컴퓨터, 10억 규모 자사주 취득 결정 (2026-05-14) · 최대 호재: 요금제 개편, AI 데이터센터, 주주환원, 5G 투자 / 최대 악재: 과징금, 해킹, 통신 장애, 규제"
대성에너지,117580.KS,ok,국장,해당 없음,0.0,0.0,0.0,,,0,해당 없음,0.0,0.0,,,,0.0,0.0,,,-8.0,본장 전/초반 1시간 약세 · 초반 -2.62% · 방어 우선,6.0,양호,1분봉 양호 · 장중 -2.87% · 최근 +0.52%,AI 관망,0,지금은 확실한 우위가 부족합니다.,전력에너지,보류,🚫 제외,리스크 과다,0,8.0,6.0,0.0,0.0,0.0,2.0,40.0,False,False,중립장,11.0,7800.0,8020.0,naver_realtime,naver_realtime_calculated,-2.74,-4.18,-0.61,0.41,0.37,False,909909000.0,14.2,False,3.76,일반 모멘텀,1분봉 양호 · 장중 -2.87% · 최근 +0.52%,"거래대금 부족, 뉴스 호재 강도 약함, 본장 전/초반 1시간 약세 · 초반 -2.62% · 방어 우선, 매수 확인 부족: 거래량 0.41x / 거래대금 0.37x, 리스크 34 이상으로 신규 관심 제외, 전력에너지 섹터 약세",수급 수집 실패,unavailable,0.0,0.0,약한 호재: 증가,google_news,"호재 뉴스: 디에스엠, 2000패럿 슈퍼커패시터 시제품 개발 성공 (2026-05-18)",weak,"디에스엠, 2000패럿 슈퍼커패시터 시제품 개발 성공 (2026-05-18) | 급등 축하합니다. (TPC로보틱스, 계양전기, 선도전기, 한울반도체, 한화갤러리아, 티플랙스, 인바디, 대성산업, 미래반도체, 3S, 인벤테라, 한스바이오메드, 빛샘전자 등) (2026-05-17)","naver_daily, naver_realtime, news:google_news, flow:unavailable, intraday_1m",0.0,6.0,전력에너지 섹터 약세,2026-05-19 21:07:50 PDT,7,"관망 · 호재 뉴스: 디에스엠, 2000패럿 슈퍼커패시터 시제품 개발 성공 (2026-05-18)",선행 신호 대기,놓침 위험 낮음,시장 방어장 · 신규 매수는 작게,급변 신호 없음,"전력에너지 흐름 · 평균 -4.16% · 거래량 0.8배 · 대표 한국가스공사, 한국전력, 지역난방공사",방어장 · 평균 -5.68% · 하락비중 91% · 현금 비중 높게,수급 수집 실패,전력 → 전선 → 구리 → 원전/데이터센터,"기준 현재가 7,800 · 손절 참고 7,507 · 1차 익절 참고 8,167","최대 호재: 전력망 투자, 변압기 수주, 데이터센터 전력, 송전망 증설 / 최대 악재: 정책 지연, 원가 상승, 납기 지연, 안전사고","호재 영향 예상: +2.0~+3.2% (8,050원 부근까지 시도) · 이탈 기준 7,644원","호재 뉴스: 디에스엠, 2000패럿 슈퍼커패시터 시제품 개발 성공 (2026-05-18) · 최대 호재: 전력망 투자, 변압기 수주, 데이터센터 전력, 송전망 증설 / 최대 악재: 정책 지연, 원가 상승, 납기 지연, 안전사고"
SGC에너지,005090.KS,ok,국장,해당 없음,0.0,0.0,0.0,,,0,해당 없음,0.0,0.0,,,,0.0,0.0,,,-8.0,본장 전/초반 1시간 약세 · 초반 -2.80% · 방어 우선,12.0,양호,1분봉 양호 · 장중 +1.14% · 최근 +0.51%,AI 관망,0,지금은 확실한 우위가 부족합니다.,전력에너지,보류,🚫 제외,리스크 과다,0,20.0,18.0,0.0,0.0,0.0,2.0,40.0,False,False,중립장,11.0,48950.0,49250.0,naver_realtime,naver_realtime_calculated,-0.61,-1.9,2.2,0.4,0.33,False,3502372500.0,27.2,False,9.56,일반 모멘텀,"건전한 갭 상승, 1분봉 양호 · 장중 +1.14% · 최근 +0.51%","변동성 과다, 본장 전/초반 1시간 약세 · 초반 -2.80% · 방어 우선, 매수 확인 부족: 거래량 0.40x / 거래대금 0.33x, 리스크 34 이상으로 신규 관심 제외, 전력에너지 섹터 약세",수급 수집 실패,unavailable,0.0,0.0,뉴스 중립,google_news,"관련 뉴스: 와이즈버즈, 자사주 소각ㆍ주식병합 결정… 주주가치 제고 총력 (2026-05-14)",none,"와이즈버즈, 자사주 소각ㆍ주식병합 결정… 주주가치 제고 총력 (2026-05-14) | 미코, -9.68% VI 발동 (2026-05-07)","naver_daily, naver_realtime, news:google_news, flow:unavailable, intraday_1m",0.0,6.0,전력에너지 섹터 약세,2026-05-19 21:07:50 PDT,0,"관망 · 관련 뉴스: 와이즈버즈, 자사주 소각ㆍ주식병합 결정… 주주가치 제고 총력 (2026-05-14)",선행 신호 대기,놓침 위험 낮음,시장 방어장 · 신규 매수는 작게,급변 신호 없음,"전력에너지 흐름 · 평균 -4.16% · 거래량 0.8배 · 대표 한국가스공사, 한국전력, 지역난방공사",방어장 · 평균 -5.68% · 하락비중 91% · 현금 비중 높게,수급 수집 실패,전력 → 전선 → 구리 → 원전/데이터센터,"기준 현재가 48,950 · 손절 참고 44,270 · 1차 익절 참고 54,800","최대 호재: 전력망 투자, 변압기 수주, 데이터센터 전력, 송전망 증설 / 최대 악재: 정책 지연, 원가 상승, 납기 지연, 안전사고",뉴스 영향 예상: 방향성 약함 · 가격/거래량 확인 우선,"관련 뉴스: 와이즈버즈, 자사주 소각ㆍ주식병합 결정… 주주가치 제고 총력 (2026-05-14) · 최대 호재: 전력망 투자, 변압기 수주, 데이터센터 전력, 송전망 증설 / 최대 악재: 정책 지연, 원가 상승, 납기 지연, 안전사고"
Manulife,MFC.TO,ok,캐나다,고배당,0.485,2.245,4.31,2026-02-25,2026-05-27,91,고배당 · 최근 0.48 CAD · 연 2.25 CAD · 배당률 4.31% · 최근 지급일 2026-02-25 · 다음 예상 2026-05-27,0.0,0.0,,,,0.0,0.0,,,0.0,,0.0,대기,,AI 관망,9,지금은 확실한 우위가 부족합니다.,캐나다/보험,보류,🚫 제외,리스크 과다,0,20.0,6.0,12.0,0.0,0.0,2.0,30.0,False,False,중립장,11.0,52.06,52.06,fast_quote,calculated,0.0,0.66,0.6,1.41,1.39,True,488723674.0,46.2,False,2.1,일반 모멘텀,"거래량 증가(1.4x), 건전한 갭 상승","거래대금 부족, 뉴스 리스크: 악재: 하락, 리스크 30 이상으로 신규 관심 제외",수급 확인 불가,no_code,0.0,0.0,악재: 하락,google_news,악재 뉴스: Manulife Financial Corp (MFC) 주식 움직였습니다 하락 5.83%에 5월14일: 변동을 뒷받침하는 사실 (2026-05-15),none,Manulife Financial Corp (MFC) 주식 움직였습니다 하락 5.83%에 5월14일: 변동을 뒷받침하는 사실 (2026-05-15) | 지속 가능성 피벗과 아시아 중심의 변화에 따라 Manulife Financial (TSX :MFC)의 강세 사례가 바뀔 수 있습니다. - simplywall.st (2026-05-12),"yahoo_daily, fast_quote, news:google_news, flow:no_code",0.0,0.0,중립,2026-05-19 21:07:50 PDT,17,관망 · 거래량 1.4배 · 추격 부담 낮음 · 악재 뉴스: Manulife Financial Corp (MFC) 주식 움직였습니다 하락 5.83%에 5월14일: 변동을 뒷받,선행 신호 대기,놓침 위험 낮음,위험 신호 보통,급변 신호 없음,"보험 흐름 · 평균 +0.57% · 거래량 1.3배 · 대표 Intact Financial, Sun Life, Great-West Lifeco",공격장 · 평균 +0.65% · 하락비중 30% · 관심 종목 압축,수급 확인 불가,대표 테마 연결 대기,기준 현재가 52 · 손절 참고 50 · 1차 익절 참고 54,"최대 호재: 수주, 계약, 실적 개선, 정책 수혜 / 최대 악재: 실적 부진, 규제, 원가 상승, 수요 둔화",악재 영향 예상: -3.0~-4.5% (49.72 CAD 부근까지 경계) · 회복 기준 53.10 CAD 돌파,"악재 뉴스: Manulife Financial Corp (MFC) 주식 움직였습니다 하락 5.83%에 5월14일: 변동을 뒷받침하는 사실 (2026-05-15) · 최대 호재: 수주, 계약, 실적 개선, 정책 수혜 / 최대 악재: 실적 부진, 규제, 원가 상승, 수요 둔화"
BCE,BCE.TO,ok,캐나다,고배당,0.438,2.75,8.34,2026-03-16,2026-06-15,91,고배당 · 최근 0.44 CAD · 연 2.75 CAD · 배당률 8.34% · 최근 지급일 2026-03-16 · 다음 예상 2026-06-15,0.0,0.0,,,,0.0,0.0,,,0.0,,0.0,대기,,AI 관망,13,지금은 확실한 우위가 부족합니다.,캐나다/통신,보류,🚫 제외,리스크 과다,0,26.0,20.0,0.0,0.0,4.0,2.0,30.0,False,False,중립장,11.0,32.98,32.98,fast_quote,calculated,0.0,0.79,0.0,1.23,1.24,True,149983143.0,61.0,True,1.73,일반 모멘텀,"RSI 건강 구간, MACD 상승, 뉴스 키워드: 보통 호재: 실적 / 악재: 하락","거래대금 부족, 뉴스 리스크: 보통 호재: 실적 / 악재: 하락, 리스크 30 이상으로 신규 관심 제외",수급 확인 불가,no_code,0.0,0.0,보통 호재: 실적 / 악재: 하락,google_news,악재 뉴스: BCE Inc. 애널리스트 예상치 상회: 올해 컨센서스 전망 보기 - simplywall.st (2026-05-11),medium,BCE Inc. 애널리스트 예상치 상회: 올해 컨센서스 전망 보기 - simplywall.st (2026-05-11) | 다년간의 주가 하락 후 BCE (TSX :BCE) 재고 할 때인가? - simplywall.st (2026-05-10),"yahoo_daily, fast_quote, news:google_news, flow:no_code",0.0,0.0,중립,2026-05-19 21:07:50 PDT,31,관망 · 거래량 1.2배 · 추격 부담 낮음 · 악재 뉴스: BCE Inc. 애널리스트 예상치 상회: 올해 컨센서스 전망 보기 - simplywall.st (2026-05-1,선행 신호 대기,놓침 위험 낮음,위험 신호 보통,급변 신호 없음,"통신 흐름 · 평균 +0.87% · 거래량 1.3배 · 대표 Telus, BCE",공격장 · 평균 +0.65% · 하락비중 30% · 관심 종목 압축,수급 확인 불가,대표 테마 연결 대기,기준 현재가 33 · 손절 참고 32 · 1차 익절 참고 34,"최대 호재: 요금제 개편, AI 데이터센터, 주주환원, 5G 투자 / 최대 악재: 과징금, 해킹, 통신 장애, 규제",악재 영향 예상: -3.0~-4.5% (31.50 CAD 부근까지 경계) · 회복 기준 33.64 CAD 돌파,"악재 뉴스: BCE Inc. 애널리스트 예상치 상회: 올해 컨센서스 전망 보기 - simplywall.st (2026-05-11) · 최대 호재: 요금제 개편, AI 데이터센터, 주주환원, 5G 투자 / 최대 악재: 과징금, 해킹, 통신 장애, 규제"
Thomson Reuters,TRI.TO,ok,캐나다,중간배당,1.95,5.332,4.43,2026-05-04,2026-08-03,91,중간배당 · 최근 1.95 CAD · 연 5.33 CAD · 배당률 4.43% · 최근 지급일 2026-05-04 · 다음 예상 2026-08-03,0.0,0.0,,,,0.0,0.0,,,0.0,,0.0,대기,,AI 관망,0,이미 많이 오른 구간이라 신규 매수보다 눌림 확인이 우선입니다.,캐나다/정보서비스,보류,🚫 제외,리스크 과다,0,14.0,0.0,12.0,0.0,0.0,2.0,46.0,False,True,중립장,11.0,120.24,120.24,fast_quote,calculated,0.0,5.42,5.29,1.91,1.88,True,173013332.0,49.1,False,6.0,일반 모멘텀,거래량 증가(1.9x),"갭 상승 과열, 거래대금 부족, 뉴스 리스크: 악재: 하락, 리스크 46 이상으로 신규 관심 제외",수급 확인 불가,no_code,0.0,0.0,악재: 하락,google_news,"악재 뉴스: 케어트러스트 리트, 주식 공모 개시와 함께 주가 하락 (2026-05-19)",none,"케어트러스트 리트, 주식 공모 개시와 함께 주가 하락 (2026-05-19) | 톰슨 로이터 (TSX :TRI)는 변호사가 구축 한 AI 도구로 조용히 법적 해자를 재정의하고 있습니까? - simplywall.st (2026-05-18)","yahoo_daily, fast_quote, news:google_news, flow:no_code",,,섹터 확인 부족,2026-05-19 21:07:50 PDT,12,"관망 · 거래량 1.9배 · 추격 부담 높음 · 악재 뉴스: 케어트러스트 리트, 주식 공모 개시와 함께 주가 하락 (2026-05-19)",추격 주의 · 이미 오른 구간이라 눌림 확인 우선,놓침 위험 낮음,위험 신호 보통,뉴스+거래량 동시 감지,정보서비스 흐름 · 평균 +5.42% · 거래량 1.9배 · 대표 Thomson Reuters,공격장 · 평균 +0.65% · 하락비중 30% · 관심 종목 압축,수급 확인 불가,대표 테마 연결 대기,기준 현재가 120 · 손절 참고 113 · 1차 익절 참고 129,"최대 호재: 수주, 계약, 실적 개선, 정책 수혜 / 최대 악재: 실적 부진, 규제, 원가 상승, 수요 둔화",악재 영향 예상: -5.4~-9.9% (108.39 CAD 부근까지 경계) · 회복 기준 123.49 CAD 돌파,"악재 뉴스: 케어트러스트 리트, 주식 공모 개시와 함께 주가 하락 (2026-05-19) · 최대 호재: 수주, 계약, 실적 개선, 정책 수혜 / 최대 악재: 실적 부진, 규제, 원가 상승, 수요 둔화"
Waste Connections,WCN.TO,ok,캐나다,저배당,0.477,2.318,1.07,2026-05-06,2026-08-05,91,저배당 · 최근 0.48 CAD · 연 2.32 CAD · 배당률 1.07% · 최근 지급일 2026-05-06 · 다음 예상 2026-08-05,0.0,0.0,,,,0.0,0.0,,,0.0,,0.0,대기,,AI 관망,0,지금은 확실한 우위가 부족합니다.,캐나다/환경,보류,🚫 제외,리스크 과다,0,18.0,16.0,0.0,0.0,0.0,2.0,26.0,False,False,중립장,11.0,216.63,216.63,fast_quote,calculated,0.0,0.59,1.01,0.92,0.92,True,77921812.0,38.2,True,2.13,일반 모멘텀,"MACD 상승, 건전한 갭 상승","거래대금 부족, 리스크 26 이상으로 신규 관심 제외",수급 확인 불가,no_code,0.0,0.0,뉴스 중립,google_news,"관련 뉴스: Waste Connections 주식, 52주 신저가 $154.88 기록 By Investing.com - Investing.com 한국어 (2026-05-07)",none,"Waste Connections 주식, 52주 신저가 $154.88 기록 By Investing.com - Investing.com 한국어 (2026-05-07)","yahoo_daily, fast_quote, news:google_news, flow:no_code",,,섹터 확인 부족,2026-05-19 21:07:50 PDT,16,"관망 · 추격 부담 낮음 · 관련 뉴스: Waste Connections 주식, 52주 신저가 $154.88 기록 By Investing.com - Inv",선행 신호 대기,놓침 위험 낮음,위험 신호 보통,급변 신호 없음,환경 흐름 · 평균 +0.59% · 거래량 0.9배 · 대표 Waste Connections,공격장 · 평균 +0.65% · 하락비중 30% · 관심 종목 압축,수급 확인 불가,대표 테마 연결 대기,기준 현재가 217 · 손절 참고 210 · 1차 익절 참고 225,"최대 호재: 수주, 계약, 실적 개선, 정책 수혜 / 최대 악재: 실적 부진, 규제, 원가 상승, 수요 둔화",뉴스 영향 예상: 방향성 약함 · 가격/거래량 확인 우선,"관련 뉴스: Waste Connections 주식, 52주 신저가 $154.88 기록 By Investing.com - Investing.com 한국어 (2026-05-07) · 최대 호재: 수주, 계약, 실적 개선, 정책 수혜 / 최대 악재: 실적 부진, 규제, 원가 상승, 수요 둔화"
Barrick Gold,GOLD,ok,미장,해당 없음,0.0,0.0,0.0,,,0,해당 없음,0.0,0.0,,,,0.0,0.0,,,0.0,,0.0,대기,,AI 관망,0,지금은 확실한 우위가 부족합니다.,미장/금,보류,🚫 제외,리스크 과다,0,9.0,0.0,0.0,0.0,7.0,2.0,38.0,False,False,중립장,11.0,39.68,39.68,fast_quote,calculated,0.0,0.05,-1.24,0.7,0.64,False,17205248.0,28.8,False,5.52,일반 모멘텀,뉴스 키워드: 보통 호재: 실적 / 약한 호재: 상승 / 악재: 매각,"거래대금 부족, 뉴스 리스크: 보통 호재: 실적 / 약한 호재: 상승 / 악재: 매각, 매수 확인 부족: 거래량 0.70x / 거래대금 0.64x, 리스크 32 이상으로 신규 관심 제외, 미장/금 섹터 약세",수급 확인 불가,no_code,0.0,0.0,보통 호재: 실적 / 약한 호재: 상승 / 악재: 매각,google_news,"악재 뉴스: 골드닷컴 CEO 그레고리 N. 로버츠, 회사 주식 166만 달러 매각 - Investing.com 한국어 (2026-05-16)",medium,"골드닷컴 CEO 그레고리 N. 로버츠, 회사 주식 166만 달러 매각 - Investing.com 한국어 (2026-05-16) | Barrick Mining Posts 67% Revenue Jump as Gold Price Leverage Hits Full Stride - TIKR.com (2026-05-13)","yahoo_daily, fast_quote, news:google_news, flow:no_code",0.0,6.0,미장/금 섹터 약세,2026-05-19 21:07:50 PDT,4,"관망 · 추격 부담 낮음 · 악재 뉴스: 골드닷컴 CEO 그레고리 N. 로버츠, 회사 주식 166만 달러 매각 - Investing.com 한국어 (202",선행 신호 대기,놓침 위험 낮음,시장 방어장 · 신규 매수는 작게,급변 신호 없음,"금 흐름 · 평균 -2.14% · 거래량 1.0배 · 대표 Barrick Gold, Newmont",방어장 · 평균 -0.75% · 하락비중 66% · 현금 비중 높게,수급 확인 불가,대표 테마 연결 대기,기준 현재가 40 · 손절 참고 37 · 1차 익절 참고 42,"최대 호재: 금리 수혜, 주주환원, 배당 확대, 자사주 / 최대 악재: PF 손실, 충당금, 연체율, 규제",악재 영향 예상: -4.2~-7.6% (36.66 USD 부근까지 경계) · 회복 기준 40.67 USD 돌파,"악재 뉴스: 골드닷컴 CEO 그레고리 N. 로버츠, 회사 주식 166만 달러 매각 - Investing.com 한국어 (2026-05-16) · 최대 호재: 금리 수혜, 주주환원, 배당 확대, 자사주 / 최대 악재: PF 손실, 충당금, 연체율, 규제"
Loblaw,L.TO,ok,캐나다,중간배당,0.141,0.6923,1.13,2026-03-13,2026-06-12,91,중간배당 · 최근 0.14 CAD · 연 0.69 CAD · 배당률 1.13% · 최근 지급일 2026-03-13 · 다음 예상 2026-06-12,0.0,0.0,,,,0.0,0.0,,,0.0,,0.0,대기,,AI 관망,8,지금은 확실한 우위가 부족합니다.,캐나다/소비,보류,🚫 제외,리스크 과다,0,16.0,10.0,0.0,0.0,4.0,2.0,26.0,False,False,중립장,11.0,61.4,61.4,fast_quote,calculated,0.0,1.22,-0.21,1.18,1.18,True,98178602.0,47.7,True,1.99,일반 모멘텀,"MACD 상승, 뉴스 키워드: 보통 호재: 실적","거래대금 부족, 리스크 26 이상으로 신규 관심 제외",수급 확인 불가,no_code,0.0,0.0,보통 호재: 실적,google_news,호재 뉴스: 1분기 실적 발표 후 애널리스트들이 예상하는 로블로 컴퍼니즈 리미티드(TSE:L)에 대한 전망은 다음과 같습니다. - simplywall.st (2026-05-10),medium,1분기 실적 발표 후 애널리스트들이 예상하는 로블로 컴퍼니즈 리미티드(TSE:L)에 대한 전망은 다음과 같습니다. - simplywall.st (2026-05-10),"yahoo_daily, fast_quote, news:google_news, flow:no_code",0.0,0.0,중립,2026-05-19 21:07:50 PDT,41,관망 · 추격 부담 낮음 · 호재 뉴스: 1분기 실적 발표 후 애널리스트들이 예상하는 로블로 컴퍼니즈 리미티드(TSE:L)에 대한 전망은 다음과 같습니다.,선행 신호 대기,놓침 위험 낮음,위험 신호 보통,급변 신호 없음,"소비 흐름 · 평균 +0.84% · 거래량 1.2배 · 대표 Empire, Loblaw, Metro",공격장 · 평균 +0.65% · 하락비중 30% · 관심 종목 압축,수급 확인 불가,대표 테마 연결 대기,기준 현재가 61 · 손절 참고 60 · 1차 익절 참고 64,"최대 호재: 수주, 계약, 실적 개선, 정책 수혜 / 최대 악재: 실적 부진, 규제, 원가 상승, 수요 둔화",호재 영향 예상: +2.0~+3.2% (63.36 CAD 부근까지 시도) · 이탈 기준 60.17 CAD,"호재 뉴스: 1분기 실적 발표 후 애널리스트들이 예상하는 로블로 컴퍼니즈 리미티드(TSE:L)에 대한 전망은 다음과 같습니다. - simplywall.st (2026-05-10) · 최대 호재: 수주, 계약, 실적 개선, 정책 수혜 / 최대 악재: 실적 부진, 규제, 원가 상승, 수요 둔화"
Metro,MRU.TO,ok,캐나다,중간배당,0.408,1.556,1.73,2026-05-13,2026-08-11,90,중간배당 · 최근 0.41 CAD · 연 1.56 CAD · 배당률 1.73% · 최근 지급일 2026-05-13 · 다음 예상 2026-08-11,0.0,0.0,,,,0.0,0.0,,,0.0,,0.0,대기,,AI 관망,8,지금은 확실한 우위가 부족합니다.,캐나다/소비,보류,🚫 제외,리스크 과다,0,32.0,26.0,0.0,0.0,4.0,2.0,38.0,False,False,중립장,11.0,90.06,90.06,fast_quote,calculated,0.0,1.19,0.03,0.85,0.86,True,41580700.0,50.8,True,1.4,일반 모멘텀,"RSI 건강 구간, MACD 상승, 건전한 갭 상승, 뉴스 키워드: 보통 호재: 투자 / 악재: 경고, 낮아","거래대금 부족, 뉴스 리스크: 보통 호재: 투자 / 악재: 경고, 낮아, 리스크 38 이상으로 신규 관심 제외",수급 확인 불가,no_code,0.0,0.0,"보통 호재: 투자 / 악재: 경고, 낮아",google_news,악재 뉴스: “회사서 주식 얘기하면 진술서”… 부장 경고글 온라인서 갑론을박 (2026-05-20),medium,"“회사서 주식 얘기하면 진술서”… 부장 경고글 온라인서 갑론을박 (2026-05-20) | 경기도, 과점주주 취득세 탈루 123억원 적발 (2026-05-20)","yahoo_daily, fast_quote, news:google_news, flow:no_code",0.0,0.0,중립,2026-05-19 21:07:50 PDT,22,관망 · 추격 부담 낮음 · 악재 뉴스: “회사서 주식 얘기하면 진술서”… 부장 경고글 온라인서 갑론을박 (2026-05-20),선행 신호 대기,놓침 위험 낮음,위험 신호 보통,급변 신호 없음,"소비 흐름 · 평균 +0.84% · 거래량 1.2배 · 대표 Empire, Loblaw, Metro",공격장 · 평균 +0.65% · 하락비중 30% · 관심 종목 압축,수급 확인 불가,대표 테마 연결 대기,기준 현재가 90 · 손절 참고 87 · 1차 익절 참고 94,"최대 호재: 수주, 계약, 실적 개선, 정책 수혜 / 최대 악재: 실적 부진, 규제, 원가 상승, 수요 둔화",악재 영향 예상: -3.0~-4.5% (86.01 CAD 부근까지 경계) · 회복 기준 91.86 CAD 돌파,"악재 뉴스: “회사서 주식 얘기하면 진술서”… 부장 경고글 온라인서 갑론을박 (2026-05-20) · 최대 호재: 수주, 계약, 실적 개선, 정책 수혜 / 최대 악재: 실적 부진, 규제, 원가 상승, 수요 둔화"
CGI,GIB-A.TO,ok,캐나다,저배당,0.17,0.81,0.91,2026-05-15,2026-08-14,91,저배당 · 최근 0.17 CAD · 연 0.81 CAD · 배당률 0.91% · 최근 지급일 2026-05-15 · 다음 예상 2026-08-14,0.0,0.0,,,,0.0,0.0,,,0.0,,0.0,대기,,AI 관망,0,지금은 확실한 우위가 부족합니다.,캐나다/IT서비스,보류,🚫 제외,리스크 과다,0,8.0,6.0,0.0,0.0,0.0,2.0,26.0,False,False,중립장,11.0,89.03,89.03,fast_quote,calculated,0.0,2.36,2.32,1.02,1.0,True,70903491.0,30.5,False,4.56,일반 모멘텀,건전한 갭 상승,"거래대금 부족, 리스크 26 이상으로 신규 관심 제외",수급 확인 불가,no_code,0.0,0.0,뉴스 중립,google_news,관련 뉴스: CGI (TSX :GIB.A) 새로운 CEO와 Stockmann 거래로 조용히 AI 전략을 재 캐스팅하고 있습니까? - simplywall.st (2026-05-15),none,CGI (TSX :GIB.A) 새로운 CEO와 Stockmann 거래로 조용히 AI 전략을 재 캐스팅하고 있습니까? - simplywall.st (2026-05-15) | CGI (TSX:GIB.A)는 안전한 AI 및 클라우드 워크로드를 중심으로 핵심 해자를 조용히 재배치하고 있습니까? - simplywall.st (2026-05-07),"yahoo_daily, fast_quote, news:google_news, flow:no_code",,,섹터 확인 부족,2026-05-19 21:07:50 PDT,22,관망 · 추격 부담 낮음 · 관련 뉴스: CGI (TSX :GIB.A) 새로운 CEO와 Stockmann 거래로 조용히 AI 전략을 재 캐스팅하고 있습니까,선행 신호 대기,놓침 위험 낮음,위험 신호 보통,급변 신호 없음,IT서비스 흐름 · 평균 +2.36% · 거래량 1.0배 · 대표 CGI,공격장 · 평균 +0.65% · 하락비중 30% · 관심 종목 압축,수급 확인 불가,대표 테마 연결 대기,기준 현재가 89 · 손절 참고 85 · 1차 익절 참고 94,"최대 호재: 수주, 계약, 실적 개선, 정책 수혜 / 최대 악재: 실적 부진, 규제, 원가 상승, 수요 둔화",뉴스 영향 예상: 방향성 약함 · 가격/거래량 확인 우선,"관련 뉴스: CGI (TSX :GIB.A) 새로운 CEO와 Stockmann 거래로 조용히 AI 전략을 재 캐스팅하고 있습니까? - simplywall.st (2026-05-15) · 최대 호재: 수주, 계약, 실적 개선, 정책 수혜 / 최대 악재: 실적 부진, 규제, 원가 상승, 수요 둔화"
Alimentation Couche-Tard,ATD.TO,ok,캐나다,저배당,0.215,1.015,1.3,2026-03-26,2026-07-06,102,저배당 · 최근 0.21 CAD · 연 1.01 CAD · 배당률 1.30% · 최근 지급일 2026-03-26 · 다음 예상 2026-07-06,0.0,0.0,,,,0.0,0.0,,,0.0,,0.0,대기,,AI 관망,4,지금은 확실한 우위가 부족합니다.,캐나다/편의점,보류,🚫 제외,리스크 과다,0,22.0,20.0,0.0,0.0,0.0,2.0,26.0,False,False,중립장,11.0,78.27,78.27,fast_quote,calculated,0.0,-0.24,-0.22,1.04,1.04,True,87091025.0,59.2,True,2.01,일반 모멘텀,"RSI 건강 구간, MACD 상승","거래대금 부족, 리스크 26 이상으로 신규 관심 제외",수급 확인 불가,no_code,0.0,0.0,뉴스 수집 실패,none,뉴스를 가져오지 못해 가격 흐름만 참고하세요.,none,-,"yahoo_daily, fast_quote, news:none, flow:no_code",,,섹터 확인 부족,2026-05-19 21:07:50 PDT,11,관망 · 추격 부담 낮음 · 뉴스를 가져오지 못해 가격 흐름만 참고하세요.,선행 신호 대기,놓침 위험 낮음,위험 신호 보통,급변 신호 없음,편의점 흐름 · 평균 -0.24% · 거래량 1.0배 · 대표 Alimentation Couche-Tard,공격장 · 평균 +0.65% · 하락비중 30% · 관심 종목 압축,수급 확인 불가,대표 테마 연결 대기,기준 현재가 78 · 손절 참고 76 · 1차 익절 참고 81,"최대 호재: 수주, 계약, 실적 개선, 정책 수혜 / 최대 악재: 실적 부진, 규제, 원가 상승, 수요 둔화",뉴스 영향 예상: 방향성 약함 · 가격/거래량 확인 우선,"뉴스를 가져오지 못해 가격 흐름만 참고하세요. · 최대 호재: 수주, 계약, 실적 개선, 정책 수혜 / 최대 악재: 실적 부진, 규제, 원가 상승, 수요 둔화"
Dollarama,DOL.TO,ok,캐나다,저배당,0.12,0.544,0.32,2026-04-17,2026-07-17,91,저배당 · 최근 0.12 CAD · 연 0.54 CAD · 배당률 0.32% · 최근 지급일 2026-04-17 · 다음 예상 2026-07-17,0.0,0.0,,,,0.0,0.0,,,0.0,,0.0,대기,,AI 관망,4,지금은 확실한 우위가 부족합니다.,캐나다/소매,보류,🚫 제외,리스크 과다,0,18.0,16.0,0.0,0.0,0.0,2.0,26.0,False,False,중립장,11.0,169.74,169.74,fast_quote,calculated,0.0,-0.17,0.05,1.27,1.26,True,145704820.0,48.6,True,1.86,일반 모멘텀,"MACD 상승, 건전한 갭 상승","거래대금 부족, 리스크 26 이상으로 신규 관심 제외",수급 확인 불가,no_code,0.0,0.0,뉴스 수집 실패,none,뉴스를 가져오지 못해 가격 흐름만 참고하세요.,none,-,"yahoo_daily, fast_quote, news:none, flow:no_code",0.0,0.0,중립,2026-05-19 21:07:50 PDT,13,관망 · 거래량 1.3배 · 추격 부담 낮음 · 뉴스를 가져오지 못해 가격 흐름만 참고하세요.,선행 신호 대기,놓침 위험 낮음,위험 신호 보통,급변 신호 없음,"소매 흐름 · 평균 +0.04% · 거래량 1.1배 · 대표 Dollarama, Canadian Tire",공격장 · 평균 +0.65% · 하락비중 30% · 관심 종목 압축,수급 확인 불가,대표 테마 연결 대기,기준 현재가 170 · 손절 참고 165 · 1차 익절 참고 177,"최대 호재: 수주, 계약, 실적 개선, 정책 수혜 / 최대 악재: 실적 부진, 규제, 원가 상승, 수요 둔화",뉴스 영향 예상: 방향성 약함 · 가격/거래량 확인 우선,"뉴스를 가져오지 못해 가격 흐름만 참고하세요. · 최대 호재: 수주, 계약, 실적 개선, 정책 수혜 / 최대 악재: 실적 부진, 규제, 원가 상승, 수요 둔화"
OpenText,OTEX.TO,ok,캐나다,중간배당,0.376,1.873,5.97,2026-03-06,2026-06-05,91,중간배당 · 최근 0.38 CAD · 연 1.87 CAD · 배당률 5.97% · 최근 지급일 2026-03-06 · 다음 예상 2026-06-05,0.0,0.0,,,,0.0,0.0,,,0.0,,0.0,대기,,AI 관망,0,지금은 확실한 우위가 부족합니다.,캐나다/소프트웨어,보류,🚫 제외,리스크 과다,0,24.0,10.0,12.0,0.0,0.0,2.0,38.0,False,True,중립장,11.0,31.38,31.38,fast_quote,calculated,0.0,0.8,4.08,1.5,1.49,True,68034976.0,53.7,False,4.35,일반 모멘텀,"거래량 증가(1.5x), RSI 건강 구간","갭 상승 과열, 거래대금 부족, 리스크 38 이상으로 신규 관심 제외",수급 확인 불가,no_code,0.0,0.0,뉴스 수집 실패,none,뉴스를 가져오지 못해 가격 흐름만 참고하세요.,none,-,"yahoo_daily, fast_quote, news:none, flow:no_code",0.0,0.0,중립,2026-05-19 21:07:50 PDT,33,관망 · 거래량 1.5배 · 추격 부담 낮음 · 뉴스를 가져오지 못해 가격 흐름만 참고하세요.,선행 신호 대기,놓침 위험 낮음,위험 신호 보통,급변 신호 없음,"소프트웨어 흐름 · 평균 +2.65% · 거래량 2.0배 · 대표 Constellation Software, OpenText",공격장 · 평균 +0.65% · 하락비중 30% · 관심 종목 압축,수급 확인 불가,대표 테마 연결 대기,기준 현재가 31 · 손절 참고 30 · 1차 익절 참고 33,"최대 호재: 수주, 계약, 실적 개선, 정책 수혜 / 최대 악재: 실적 부진, 규제, 원가 상승, 수요 둔화",뉴스 영향 예상: 방향성 약함 · 가격/거래량 확인 우선,"뉴스를 가져오지 못해 가격 흐름만 참고하세요. · 최대 호재: 수주, 계약, 실적 개선, 정책 수혜 / 최대 악재: 실적 부진, 규제, 원가 상승, 수요 둔화"
Agnico Eagle,AEM.TO,ok,캐나다,중간배당,0.614,2.853,1.2,2026-03-02,2026-06-01,91,중간배당 · 최근 0.61 CAD · 연 2.85 CAD · 배당률 1.20% · 최근 지급일 2026-03-02 · 다음 예상 2026-06-01,0.0,0.0,,,,0.0,0.0,,,0.0,,0.0,대기,,AI 관망,4,지금은 확실한 우위가 부족합니다.,캐나다/금광,보류,🚫 제외,리스크 과다,0,21.0,0.0,12.0,0.0,7.0,2.0,32.0,False,False,중립장,11.0,238.35,238.35,fast_quote,calculated,0.0,-3.83,-1.16,1.51,1.39,True,298247362.0,38.4,False,4.14,일반 모멘텀,"거래량 증가(1.5x), 뉴스 키워드: 보통 호재: 승인 / 약한 호재: 상승","거래대금 부족, 리스크 26 이상으로 신규 관심 제외, 캐나다/금광 섹터 약세",수급 확인 불가,no_code,0.0,0.0,보통 호재: 승인 / 약한 호재: 상승,google_news,호재 뉴스: 1년간 86% 급등했던 아그니코 이글 광산(AEM)을 재평가할 때가 되었나? - simplywall.st (2026-05-14),medium,1년간 86% 급등했던 아그니코 이글 광산(AEM)을 재평가할 때가 되었나? - simplywall.st (2026-05-14) | 아그니코 이글 광산(AEM)은 20억 달러 규모의 주식 환매 프로그램을 승인한 후 7.4% 상승했습니다. - simplywall.st (2026-05-11),"yahoo_daily, fast_quote, news:google_news, flow:no_code",0.0,6.0,캐나다/금광 섹터 약세,2026-05-19 21:07:50 PDT,23,관망 · 거래량 1.5배 · 호재 뉴스: 1년간 86% 급등했던 아그니코 이글 광산(AEM)을 재평가할 때가 되었나? - simplywall.st (202,선행 신호 대기,놓침 위험 낮음,위험 신호 보통,급변 신호 없음,"금광 흐름 · 평균 -2.52% · 거래량 1.5배 · 대표 Franco-Nevada, Agnico Eagle",공격장 · 평균 +0.65% · 하락비중 30% · 관심 종목 압축,수급 확인 불가,대표 테마 연결 대기,기준 현재가 238 · 손절 참고 228 · 1차 익절 참고 251,"최대 호재: 수주, 계약, 실적 개선, 정책 수혜 / 최대 악재: 실적 부진, 규제, 원가 상승, 수요 둔화",호재 영향 예상: +3.8~+6.8% (254.60 CAD 부근까지 시도) · 이탈 기준 233.58 CAD,"호재 뉴스: 1년간 86% 급등했던 아그니코 이글 광산(AEM)을 재평가할 때가 되었나? - simplywall.st (2026-05-14) · 최대 호재: 수주, 계약, 실적 개선, 정책 수혜 / 최대 악재: 실적 부진, 규제, 원가 상승, 수요 둔화"
Nutrien,NTR.TO,ok,캐나다,중간배당,0.766,3.798,3.86,2026-03-31,2026-06-30,91,중간배당 · 최근 0.77 CAD · 연 3.80 CAD · 배당률 3.86% · 최근 지급일 2026-03-31 · 다음 예상 2026-06-30,0.0,0.0,,,,0.0,0.0,,,0.0,,0.0,대기,,AI 관망,1,지금은 확실한 우위가 부족합니다.,캐나다/비료,보류,🚫 제외,리스크 과다,0,6.0,0.0,0.0,0.0,4.0,2.0,30.0,False,False,중립장,11.0,98.45,98.45,fast_quote,calculated,0.0,0.0,0.0,0.81,0.8,False,106788711.0,47.5,False,3.22,일반 모멘텀,뉴스 키워드: 보통 호재: 실적 / 악재: 하락,"거래대금 부족, 뉴스 리스크: 보통 호재: 실적 / 악재: 하락, 매수 확인 부족: 거래량 0.81x / 거래대금 0.80x, 리스크 30 이상으로 신규 관심 제외",수급 확인 불가,no_code,0.0,0.0,보통 호재: 실적 / 악재: 하락,google_news,"악재 뉴스: 화학섹터: 기업, 실적 및 주식 (2026-05-16)",medium,"화학섹터: 기업, 실적 및 주식 (2026-05-16) | Nutrien (TSX :NTR)은 고품질의 현금 창출 자산을 중심으로 포트폴리오를 조용히 재건하고 있습니까? - simplywall.st (2026-05-13)","yahoo_daily, fast_quote, news:google_news, flow:no_code",,,섹터 확인 부족,2026-05-19 21:07:50 PDT,11,"관망 · 추격 부담 낮음 · 악재 뉴스: 화학섹터: 기업, 실적 및 주식 (2026-05-16)",선행 신호 대기,놓침 위험 낮음,위험 신호 보통,급변 신호 없음,비료 흐름 · 평균 +0.00% · 거래량 0.8배 · 대표 Nutrien,공격장 · 평균 +0.65% · 하락비중 30% · 관심 종목 압축,수급 확인 불가,대표 테마 연결 대기,기준 현재가 98 · 손절 참고 95 · 1차 익절 참고 102,"최대 호재: 수주, 계약, 실적 개선, 정책 수혜 / 최대 악재: 실적 부진, 규제, 원가 상승, 수요 둔화",악재 영향 예상: -3.0~-4.5% (94.02 CAD 부근까지 경계) · 회복 기준 100.42 CAD 돌파,"악재 뉴스: 화학섹터: 기업, 실적 및 주식 (2026-05-16) · 최대 호재: 수주, 계약, 실적 개선, 정책 수혜 / 최대 악재: 실적 부진, 규제, 원가 상승, 수요 둔화"
Teck Resources,TECK-B.TO,ok,캐나다,중간배당,0.125,0.625,0.77,2026-03-13,2026-06-12,91,중간배당 · 최근 0.12 CAD · 연 0.62 CAD · 배당률 0.77% · 최근 지급일 2026-03-13 · 다음 예상 2026-06-12,0.0,0.0,,,,0.0,0.0,,,0.0,,0.0,대기,,AI 관망,0,지금은 확실한 우위가 부족합니다.,캐나다/광산,보류,🚫 제외,리스크 과다,0,32.0,30.0,0.0,0.0,0.0,2.0,40.0,False,False,중립장,11.0,81.65,81.65,fast_quote,calculated,0.0,-3.19,-3.94,1.03,1.01,True,83818298.0,53.8,False,4.37,일반 모멘텀,"추세 상승, RSI 건강 구간","갭 하락 경계, 거래대금 부족, 뉴스 리스크: 악재: 하락, 리스크 40 이상으로 신규 관심 제외",수급 확인 불가,no_code,0.0,0.0,악재: 하락,google_news,"악재 뉴스: Anglo American 주식, 오늘 왜 하락했나? - Investing.com 한국어 (2026-05-15)",none,"Anglo American 주식, 오늘 왜 하락했나? - Investing.com 한국어 (2026-05-15)","yahoo_daily, fast_quote, news:google_news, flow:no_code",,,섹터 확인 부족,2026-05-19 21:07:50 PDT,0,"관망 · 악재 뉴스: Anglo American 주식, 오늘 왜 하락했나? - Investing.com 한국어 (2026-05-15)",선행 신호 대기,놓침 위험 낮음,위험 신호 보통,급변 신호 없음,광산 흐름 · 평균 -3.19% · 거래량 1.0배 · 대표 Teck Resources,공격장 · 평균 +0.65% · 하락비중 30% · 관심 종목 압축,수급 확인 불가,대표 테마 연결 대기,기준 현재가 82 · 손절 참고 78 · 1차 익절 참고 86,"최대 호재: 수주, 계약, 실적 개선, 정책 수혜 / 최대 악재: 실적 부진, 규제, 원가 상승, 수요 둔화",악재 영향 예상: -3.4~-6.2% (76.63 CAD 부근까지 경계) · 회복 기준 83.28 CAD 돌파,"악재 뉴스: Anglo American 주식, 오늘 왜 하락했나? - Investing.com 한국어 (2026-05-15) · 최대 호재: 수주, 계약, 실적 개선, 정책 수혜 / 최대 악재: 실적 부진, 규제, 원가 상승, 수요 둔화"
Franco-Nevada,FNV.TO,ok,캐나다,중간배당,0.598,2.721,0.89,2026-03-12,2026-06-11,91,중간배당 · 최근 0.60 CAD · 연 2.72 CAD · 배당률 0.89% · 최근 지급일 2026-03-12 · 다음 예상 2026-06-11,0.0,0.0,,,,0.0,0.0,,,0.0,,0.0,대기,,AI 관망,12,지금은 확실한 우위가 부족합니다.,캐나다/금광,보류,🚫 제외,리스크 과다,0,32.0,10.0,12.0,0.0,8.0,2.0,32.0,False,False,중립장,11.0,306.26,306.26,fast_quote,calculated,0.0,-1.22,-0.98,1.55,1.48,True,165012893.0,42.6,True,3.33,일반 모멘텀,"거래량 증가(1.6x), MACD 상승, 뉴스 키워드: 보통 호재: 투자, 실적","거래대금 부족, 리스크 26 이상으로 신규 관심 제외, 캐나다/금광 섹터 약세",수급 확인 불가,no_code,0.0,0.0,"보통 호재: 투자, 실적",google_news,호재 뉴스: 2026 년 1 분기 기록적인 수익과 AAA ESG 지위가 프랑코 네바다 (TSX :FNV)의 투자 사례를 바꾸고 있습니까? - simplywall… (2026-05-16),medium,2026 년 1 분기 기록적인 수익과 AAA ESG 지위가 프랑코 네바다 (TSX :FNV)의 투자 사례를 바꾸고 있습니까? - simplywall.st (2026-05-16) | 프랑코-네바다 주주총회서 이사 9인 선출 - Investing.com 한국어 (2026-05-14),"yahoo_daily, fast_quote, news:google_news, flow:no_code",0.0,6.0,캐나다/금광 섹터 약세,2026-05-19 21:07:50 PDT,27,관망 · 거래량 1.6배 · 호재 뉴스: 2026 년 1 분기 기록적인 수익과 AAA ESG 지위가 프랑코 네바다 (TSX :FNV)의 투자 사례를 바꾸고,선행 신호 대기,놓침 위험 낮음,위험 신호 보통,급변 신호 없음,"금광 흐름 · 평균 -2.52% · 거래량 1.5배 · 대표 Franco-Nevada, Agnico Eagle",공격장 · 평균 +0.65% · 하락비중 30% · 관심 종목 압축,수급 확인 불가,대표 테마 연결 대기,기준 현재가 306 · 손절 참고 296 · 1차 익절 참고 319,"최대 호재: 수주, 계약, 실적 개선, 정책 수혜 / 최대 악재: 실적 부진, 규제, 원가 상승, 수요 둔화",호재 영향 예상: +2.0~+3.3% (316.27 CAD 부근까지 시도) · 이탈 기준 300.13 CAD,"호재 뉴스: 2026 년 1 분기 기록적인 수익과 AAA ESG 지위가 프랑코 네바다 (TSX :FNV)의 투자 사례를 바꾸고 있습니까? - simplywall… (2026-05-16) · 최대 호재: 수주, 계약, 실적 개선, 정책 수혜 / 최대 악재: 실적 부진, 규제, 원가 상승, 수요 둔화"
Cameco,CCO.TO,ok,캐나다,저배당,0.24,0.4,0.28,2025-12-01,2026-12-01,365,저배당 · 최근 0.24 CAD · 연 0.40 CAD · 배당률 0.28% · 최근 지급일 2025-12-01 · 다음 예상 2026-12-01,0.0,0.0,,,,0.0,0.0,,,0.0,,0.0,대기,,AI 관망,0,지금은 확실한 우위가 부족합니다.,캐나다/우라늄,보류,🚫 제외,리스크 과다,0,16.0,0.0,0.0,0.0,14.0,2.0,51.0,False,False,중립장,11.0,142.25,142.25,fast_quote,calculated,0.0,-3.88,-3.43,1.18,1.04,True,153174800.0,38.3,False,6.18,일반 모멘텀,뉴스 키워드: 강한 호재: 계약 / 보통 호재: 실적 / 약한 호재: 상승,"갭 하락 경계, 변동성 과다, 거래대금 부족, 리스크 51 이상으로 신규 관심 제외",수급 확인 불가,no_code,0.0,0.0,강한 호재: 계약 / 보통 호재: 실적 / 약한 호재: 상승,google_news,호재 뉴스: Cameco(TSX:CCO) 1분기 호실적·인도·미국 원전 계약 이후 밸류에이션은 합리적일까 - simplywall.st (2026-05-18),strong,Cameco(TSX:CCO) 1분기 호실적·인도·미국 원전 계약 이후 밸류에이션은 합리적일까 - simplywall.st (2026-05-18) | Cameco (TSX :CCO)는 1 분기 실적 강화로 핵 가치 사슬 역할을 조용히 재조명하고 있습니까? - simplywall.st (2026-05-18),"yahoo_daily, fast_quote, news:google_news, flow:no_code",,,섹터 확인 부족,2026-05-19 21:07:50 PDT,24,관망 · 호재 뉴스: Cameco(TSX:CCO) 1분기 호실적·인도·미국 원전 계약 이후 밸류에이션은 합리적일까 - simplywal,선행 신호 대기,놓침 위험 낮음,위험 신호 보통,급변 신호 없음,우라늄 흐름 · 평균 -3.88% · 거래량 1.2배 · 대표 Cameco,공격장 · 평균 +0.65% · 하락비중 30% · 관심 종목 압축,수급 확인 불가,원전 → 기자재 → 전력기기 → 방사선/검사,기준 현재가 142 · 손절 참고 133 · 1차 익절 참고 153,섹터 최대 호재: 계약,호재 영향 예상: +4.3~+7.9% (153.47 CAD 부근까지 시도) · 이탈 기준 138.29 CAD,호재 뉴스: Cameco(TSX:CCO) 1분기 호실적·인도·미국 원전 계약 이후 밸류에이션은 합리적일까 - simplywall.st (2026-05-18) · 섹터 최대 호재: 계약
Wheaton Precious Metals,WPM.TO,ok,캐나다,중간배당,0.271,1.197,0.7,2026-03-31,2026-06-30,91,중간배당 · 최근 0.27 CAD · 연 1.20 CAD · 배당률 0.70% · 최근 지급일 2026-03-31 · 다음 예상 2026-06-30,0.0,0.0,,,,0.0,0.0,,,0.0,,0.0,대기,,AI 관망,1,지금은 확실한 우위가 부족합니다.,캐나다/귀금속,보류,🚫 제외,리스크 과다,0,22.0,0.0,12.0,0.0,8.0,2.0,30.0,False,False,중립장,11.0,170.82,170.82,fast_quote,calculated,0.0,-4.78,-2.55,1.42,1.32,True,171144565.0,45.6,False,4.77,일반 모멘텀,"거래량 증가(1.4x), 뉴스 키워드: 보통 호재: 실적, 투자 / 악재: 하락","거래대금 부족, 뉴스 리스크: 보통 호재: 실적, 투자 / 악재: 하락, 리스크 30 이상으로 신규 관심 제외",수급 확인 불가,no_code,0.0,0.0,"보통 호재: 실적, 투자 / 악재: 하락",google_news,악재 뉴스: 최근 주가 하락 후 휘튼 귀금속 (TSX :WPM) 재평가 할 때인가? - simplywall.st (2026-05-16),medium,최근 주가 하락 후 휘튼 귀금속 (TSX :WPM) 재평가 할 때인가? - simplywall.st (2026-05-16) | TradingKey (2026-05-12),"yahoo_daily, fast_quote, news:google_news, flow:no_code",,,섹터 확인 부족,2026-05-19 21:07:50 PDT,3,관망 · 거래량 1.4배 · 악재 뉴스: 최근 주가 하락 후 휘튼 귀금속 (TSX :WPM) 재평가 할 때인가? - simplywall.st (2026-0,선행 신호 대기,놓침 위험 낮음,급락 위험 · 거래량 1.4배 동반 하락,급변 신호 없음,귀금속 흐름 · 평균 -4.78% · 거래량 1.4배 · 대표 Wheaton Precious Metals,공격장 · 평균 +0.65% · 하락비중 30% · 관심 종목 압축,수급 확인 불가,대표 테마 연결 대기,기준 현재가 171 · 손절 참고 163 · 1차 익절 참고 181,"최대 호재: 수주, 계약, 실적 개선, 정책 수혜 / 최대 악재: 실적 부진, 규제, 원가 상승, 수요 둔화",악재 영향 예상: -3.7~-6.7% (159.37 CAD 부근까지 경계) · 회복 기준 174.49 CAD 돌파,"악재 뉴스: 최근 주가 하락 후 휘튼 귀금속 (TSX :WPM) 재평가 할 때인가? - simplywall.st (2026-05-16) · 최대 호재: 수주, 계약, 실적 개선, 정책 수혜 / 최대 악재: 실적 부진, 규제, 원가 상승, 수요 둔화"
Power Corp,POW.TO,ok,캐나다,고배당,0.668,3.12,3.87,2026-03-31,2026-06-30,91,고배당 · 최근 0.67 CAD · 연 3.12 CAD · 배당률 3.87% · 최근 지급일 2026-03-31 · 다음 예상 2026-06-30,0.0,0.0,,,,0.0,0.0,,,0.0,,0.0,대기,,AI 관망,0,지금은 확실한 우위가 부족합니다.,캐나다/금융지주,보류,🚫 제외,리스크 과다,0,38.0,36.0,0.0,0.0,0.0,2.0,52.0,False,True,중립장,11.0,80.65,80.65,fast_quote,calculated,0.0,1.12,0.3,0.92,0.98,True,140024532.0,71.9,True,1.89,일반 모멘텀,"추세 상승, MACD 상승, 건전한 갭 상승","20일 범위 상단 추격, 거래대금 부족, 뉴스 리스크: 악재: 하락, 하향, 리스크 52 이상으로 신규 관심 제외",수급 확인 불가,no_code,0.0,0.0,"악재: 하락, 하향",google_news,악재 뉴스: Bloom Energy Corp (BE) 주식 움직였습니다 하락 6.39%에 5월18일: 핵심 원인 공개 (2026-05-19),none,Bloom Energy Corp (BE) 주식 움직였습니다 하락 6.39%에 5월18일: 핵심 원인 공개 (2026-05-19) | Nextera Energy Inc (NEE) 주식 움직였습니다 하락 3.06%에 5월15일: 전체 분석 (2026-05-16),"yahoo_daily, fast_quote, news:google_news, flow:no_code",,,섹터 확인 부족,2026-05-19 21:07:50 PDT,0,관망 · 추격 부담 낮음 · 악재 뉴스: Bloom Energy Corp (BE) 주식 움직였습니다 하락 6.39%에 5월18일: 핵심 원인 공개 (202,선행 신호 대기,놓침 위험 낮음,위험 신호 보통,급변 신호 없음,금융지주 흐름 · 평균 +1.12% · 거래량 0.9배 · 대표 Power Corp,공격장 · 평균 +0.65% · 하락비중 30% · 관심 종목 압축,수급 확인 불가,대표 테마 연결 대기,기준 현재가 81 · 손절 참고 78 · 1차 익절 참고 84,"최대 호재: 금리 수혜, 주주환원, 배당 확대, 자사주 / 최대 악재: PF 손실, 충당금, 연체율, 규제",악재 영향 예상: -3.0~-4.5% (77.02 CAD 부근까지 경계) · 회복 기준 82.26 CAD 돌파,"악재 뉴스: Bloom Energy Corp (BE) 주식 움직였습니다 하락 6.39%에 5월18일: 핵심 원인 공개 (2026-05-19) · 최대 호재: 금리 수혜, 주주환원, 배당 확대, 자사주 / 최대 악재: PF 손실, 충당금, 연체율, 규제"
First Quantum Minerals,FM.TO,ok,캐나다,중간배당,0.08,0.37,1.09,2023-08-25,2024-01-07,135,중간배당 · 최근 0.08 CAD · 연 0.37 CAD · 배당률 1.09% · 최근 지급일 2023-08-25 · 다음 예상 2024-01-07,0.0,0.0,,,,0.0,0.0,,,0.0,,0.0,대기,,AI 관망,0,지금은 확실한 우위가 부족합니다.,캐나다/구리,보류,🚫 제외,리스크 과다,0,19.0,10.0,0.0,0.0,7.0,2.0,26.0,False,False,중립장,11.0,34.0,34.0,fast_quote,calculated,0.0,-2.41,-1.49,0.69,0.67,False,87920600.0,49.0,True,4.94,일반 모멘텀,"MACD 상승, 뉴스 키워드: 보통 호재: 투자 / 약한 호재: 확대","거래대금 부족, 매수 확인 부족: 거래량 0.69x / 거래대금 0.67x, 리스크 26 이상으로 신규 관심 제외",수급 확인 불가,no_code,0.0,0.0,보통 호재: 투자 / 약한 호재: 확대,google_news,호재 뉴스: 퍼스트 퀀텀의 2026 년 구리 가이던스 전환과 1 분기 손실 확대가 퍼스트 퀀텀 미네랄 (TSX :FM) 투자자에게 미치는 영향 - simplyw… (2026-05-10),medium,퍼스트 퀀텀의 2026 년 구리 가이던스 전환과 1 분기 손실 확대가 퍼스트 퀀텀 미네랄 (TSX :FM) 투자자에게 미치는 영향 - simplywall.st (2026-05-10),"yahoo_daily, fast_quote, news:google_news, flow:no_code",,,섹터 확인 부족,2026-05-19 21:07:50 PDT,12,관망 · 호재 뉴스: 퍼스트 퀀텀의 2026 년 구리 가이던스 전환과 1 분기 손실 확대가 퍼스트 퀀텀 미네랄 (TSX :FM) 투자자,선행 신호 대기,놓침 위험 낮음,위험 신호 보통,급변 신호 없음,구리 흐름 · 평균 -2.41% · 거래량 0.7배 · 대표 First Quantum Minerals,공격장 · 평균 +0.65% · 하락비중 30% · 관심 종목 압축,수급 확인 불가,전력 → 전선 → 구리 → 원전/데이터센터,기준 현재가 34 · 손절 참고 32 · 1차 익절 참고 36,"최대 호재: 수주, 계약, 실적 개선, 정책 수혜 / 최대 악재: 실적 부진, 규제, 원가 상승, 수요 둔화",호재 영향 예상: +2.0~+3.7% (35.26 CAD 부근까지 시도) · 이탈 기준 33.24 CAD,"호재 뉴스: 퍼스트 퀀텀의 2026 년 구리 가이던스 전환과 1 분기 손실 확대가 퍼스트 퀀텀 미네랄 (TSX :FM) 투자자에게 미치는 영향 - simplyw… (2026-05-10) · 최대 호재: 수주, 계약, 실적 개선, 정책 수혜 / 최대 악재: 실적 부진, 규제, 원가 상승, 수요 둔화"
National Bank,NA.TO,ok,캐나다,고배당,1.24,5.98,2.89,2026-03-30,2026-06-29,91,고배당 · 최근 1.24 CAD · 연 5.98 CAD · 배당률 2.89% · 최근 지급일 2026-03-30 · 다음 예상 2026-06-29,0.0,0.0,,,,0.0,0.0,,,0.0,,0.0,대기,,AI 관망,4,지금은 확실한 우위가 부족합니다.,캐나다/은행,보류,🚫 제외,리스크 과다,0,32.0,30.0,0.0,0.0,0.0,2.0,42.0,False,False,중립장,11.0,207.04,207.04,fast_quote,calculated,0.0,1.18,-0.13,1.01,1.02,True,229317496.0,60.1,False,1.67,일반 모멘텀,"추세 상승, RSI 건강 구간","거래대금 부족, 뉴스 호재 강도 약함, 뉴스 리스크: 약한 호재: 증가 / 악재: 지분율, 주식등의 수, 매각, 리스크 42 이상으로 신규 관심 제외",수급 확인 불가,no_code,0.0,0.0,"약한 호재: 증가 / 악재: 지분율, 주식등의 수, 매각",google_news,"악재 뉴스: 뱅크 퍼스트, PSB 홀딩스 2.029억 달러 규모 주식 인수 합의 - Investing.com 한국어 (2026-05-20)",weak,"뱅크 퍼스트, PSB 홀딩스 2.029억 달러 규모 주식 인수 합의 - Investing.com 한국어 (2026-05-20) | 성광벤드 주주 제이피모건에셋 매니지먼트, 성광벤드 주식등의 수 29만7472주 증가…총 지분율 6.2% (2026-05-18)","yahoo_daily, fast_quote, news:google_news, flow:no_code",0.0,0.0,중립,2026-05-19 21:07:50 PDT,18,"관망 · 추격 부담 낮음 · 악재 뉴스: 뱅크 퍼스트, PSB 홀딩스 2.029억 달러 규모 주식 인수 합의 - Investing.com 한국어 (2026",선행 신호 대기,놓침 위험 낮음,위험 신호 보통,급변 신호 없음,"은행 흐름 · 평균 +0.34% · 거래량 1.0배 · 대표 Royal Bank of Canada, Bank of Montreal, CIBC",공격장 · 평균 +0.65% · 하락비중 30% · 관심 종목 압축,수급 확인 불가,대표 테마 연결 대기,기준 현재가 207 · 손절 참고 201 · 1차 익절 참고 215,"최대 호재: 금리 수혜, 배당 확대, 자사주, 충당금 감소 / 최대 악재: 연체율 상승, 충당금 증가, 부실채권, 규제",악재 영향 예상: -3.0~-4.5% (197.72 CAD 부근까지 경계) · 회복 기준 211.18 CAD 돌파,"악재 뉴스: 뱅크 퍼스트, PSB 홀딩스 2.029억 달러 규모 주식 인수 합의 - Investing.com 한국어 (2026-05-20) · 최대 호재: 금리 수혜, 배당 확대, 자사주, 충당금 감소 / 최대 악재: 연체율 상승, 충당금 증가, 부실채권, 규제"
Equitable Bank,EQB.TO,ok,캐나다,중간배당,0.59,2.75,2.4,2026-03-13,2026-06-12,91,중간배당 · 최근 0.59 CAD · 연 2.75 CAD · 배당률 2.40% · 최근 지급일 2026-03-13 · 다음 예상 2026-06-12,0.0,0.0,,,,0.0,0.0,,,0.0,,0.0,대기,,AI 관망,0,지금은 확실한 우위가 부족합니다.,캐나다/은행,보류,🚫 제외,리스크 과다,0,8.0,6.0,0.0,0.0,0.0,2.0,26.0,False,False,중립장,11.0,114.5,114.5,fast_quote,calculated,0.0,-0.43,0.35,0.89,0.85,True,8816500.0,26.4,False,2.65,일반 모멘텀,건전한 갭 상승,"거래대금 부족, 리스크 26 이상으로 신규 관심 제외",수급 확인 불가,no_code,0.0,0.0,뉴스 수집 실패,none,뉴스를 가져오지 못해 가격 흐름만 참고하세요.,none,-,"yahoo_daily, fast_quote, news:none, flow:no_code",0.0,0.0,중립,2026-05-19 21:07:50 PDT,12,관망 · 추격 부담 낮음 · 뉴스를 가져오지 못해 가격 흐름만 참고하세요.,선행 신호 대기,놓침 위험 낮음,위험 신호 보통,급변 신호 없음,"은행 흐름 · 평균 +0.34% · 거래량 1.0배 · 대표 Royal Bank of Canada, Bank of Montreal, CIBC",공격장 · 평균 +0.65% · 하락비중 30% · 관심 종목 압축,수급 확인 불가,대표 테마 연결 대기,기준 현재가 114 · 손절 참고 111 · 1차 익절 참고 119,"최대 호재: 금리 수혜, 배당 확대, 자사주, 충당금 감소 / 최대 악재: 연체율 상승, 충당금 증가, 부실채권, 규제",뉴스 영향 예상: 방향성 약함 · 가격/거래량 확인 우선,"뉴스를 가져오지 못해 가격 흐름만 참고하세요. · 최대 호재: 금리 수혜, 배당 확대, 자사주, 충당금 감소 / 최대 악재: 연체율 상승, 충당금 증가, 부실채권, 규제"
Laurentian Bank,LB.TO,ok,캐나다,고배당,0.47,2.35,5.83,2026-04-01,2026-06-30,90,고배당 · 최근 0.47 CAD · 연 2.35 CAD · 배당률 5.83% · 최근 지급일 2026-04-01 · 다음 예상 2026-06-30,0.0,0.0,,,,0.0,0.0,,,0.0,,0.0,대기,,AI 관망,9,지금은 확실한 우위가 부족합니다.,캐나다/은행,보류,🚫 제외,리스크 과다,0,20.0,6.0,12.0,0.0,0.0,2.0,26.0,False,False,중립장,11.0,40.33,40.33,fast_quote,calculated,0.0,0.12,0.05,1.53,1.53,True,6606054.0,48.3,False,0.2,일반 모멘텀,"거래량 증가(1.5x), 건전한 갭 상승","거래대금 부족, 리스크 26 이상으로 신규 관심 제외",수급 확인 불가,no_code,0.0,0.0,뉴스 수집 실패,none,뉴스를 가져오지 못해 가격 흐름만 참고하세요.,none,-,"yahoo_daily, fast_quote, news:none, flow:no_code",0.0,0.0,중립,2026-05-19 21:07:50 PDT,28,관망 · 거래량 1.5배 · 추격 부담 낮음 · 뉴스를 가져오지 못해 가격 흐름만 참고하세요.,선행 신호 대기,놓침 위험 낮음,위험 신호 보통,급변 신호 없음,"은행 흐름 · 평균 +0.34% · 거래량 1.0배 · 대표 Royal Bank of Canada, Bank of Montreal, CIBC",공격장 · 평균 +0.65% · 하락비중 30% · 관심 종목 압축,수급 확인 불가,대표 테마 연결 대기,기준 현재가 40 · 손절 참고 39 · 1차 익절 참고 42,"최대 호재: 금리 수혜, 배당 확대, 자사주, 충당금 감소 / 최대 악재: 연체율 상승, 충당금 증가, 부실채권, 규제",뉴스 영향 예상: 방향성 약함 · 가격/거래량 확인 우선,"뉴스를 가져오지 못해 가격 흐름만 참고하세요. · 최대 호재: 금리 수혜, 배당 확대, 자사주, 충당금 감소 / 최대 악재: 연체율 상승, 충당금 증가, 부실채권, 규제"
Fairfax Financial,FFH.TO,ok,캐나다,저배당,20.817,42.321,1.92,2026-01-15,2027-01-14,364,저배당 · 최근 20.82 CAD · 연 42.32 CAD · 배당률 1.92% · 최근 지급일 2026-01-15 · 다음 예상 2027-01-14,0.0,0.0,,,,0.0,0.0,,,0.0,,0.0,대기,,AI 관망,0,지금은 확실한 우위가 부족합니다.,캐나다/보험,보류,🚫 제외,리스크 과다,0,12.0,6.0,0.0,0.0,4.0,2.0,35.0,False,False,중립장,11.0,2206.99,2206.99,fast_quote,calculated,0.0,1.66,0.44,0.98,0.95,True,134405690.0,36.4,False,2.88,일반 모멘텀,"건전한 갭 상승, 뉴스 키워드: 보통 호재: 실적 / 악재: 하락, 부진","거래대금 부족, 뉴스 리스크: 보통 호재: 실적 / 악재: 하락, 부진, 리스크 35 이상으로 신규 관심 제외",수급 확인 불가,no_code,0.0,0.0,"보통 호재: 실적 / 악재: 하락, 부진",google_news,악재 뉴스: 최근 조정 이후 Fairfax Financial Holdings(TSX:FFH) 주가와 내재 가치 괴리 점검하기 - simplywall.st (2026-05-17),medium,"최근 조정 이후 Fairfax Financial Holdings(TSX:FFH) 주가와 내재 가치 괴리 점검하기 - simplywall.st (2026-05-17) | Fairfax Financial과 Prem Watsa, 언더아머 주식 587만 달러 매수 By Investing.com - Investing.com 한국어 (2026-05-15)","yahoo_daily, fast_quote, news:google_news, flow:no_code",0.0,0.0,중립,2026-05-19 21:07:50 PDT,22,관망 · 추격 부담 낮음 · 악재 뉴스: 최근 조정 이후 Fairfax Financial Holdings(TSX:FFH) 주가와 내재 가치 괴리 점검하기 ,선행 신호 대기,놓침 위험 낮음,위험 신호 보통,급변 신호 없음,"보험 흐름 · 평균 +0.57% · 거래량 1.3배 · 대표 Intact Financial, Sun Life, Great-West Lifeco",공격장 · 평균 +0.65% · 하락비중 30% · 관심 종목 압축,수급 확인 불가,대표 테마 연결 대기,"기준 현재가 2,207 · 손절 참고 2,141 · 1차 익절 참고 2,295","최대 호재: 수주, 계약, 실적 개선, 정책 수혜 / 최대 악재: 실적 부진, 규제, 원가 상승, 수요 둔화","악재 영향 예상: -3.0~-4.5% (2,107.68 CAD 부근까지 경계) · 회복 기준 2,251.13 CAD 돌파","악재 뉴스: 최근 조정 이후 Fairfax Financial Holdings(TSX:FFH) 주가와 내재 가치 괴리 점검하기 - simplywall.st (2026-05-17) · 최대 호재: 수주, 계약, 실적 개선, 정책 수혜 / 최대 악재: 실적 부진, 규제, 원가 상승, 수요 둔화"
iA Financial,IAG.TO,ok,캐나다,고배당,1.1,4.97,2.93,2026-05-15,2026-08-14,91,고배당 · 최근 1.10 CAD · 연 4.97 CAD · 배당률 2.93% · 최근 지급일 2026-05-15 · 다음 예상 2026-08-14,0.0,0.0,,,,0.0,0.0,,,0.0,,0.0,대기,,AI 관망,4,지금은 확실한 우위가 부족합니다.,캐나다/보험,보류,🚫 제외,리스크 과다,0,2.0,0.0,0.0,0.0,0.0,2.0,37.0,False,False,중립장,11.0,169.51,169.51,fast_quote,calculated,0.0,-0.85,-1.1,1.21,1.21,True,84975360.0,45.4,False,2.53,일반 모멘텀,-,"거래대금 부족, 뉴스 리스크: 악재: 하락, 급락, 리스크 37 이상으로 신규 관심 제외",수급 확인 불가,no_code,0.0,0.0,"악재: 하락, 급락",google_news,악재 뉴스: iA Financial (TSX :IAG) 환매 확장은 새로운 자본 수익 플레이 북을 보여줄까요? - simplywall.st (2026-05-09),none,"iA Financial (TSX :IAG) 환매 확장은 새로운 자본 수익 플레이 북을 보여줄까요? - simplywall.st (2026-05-09) | iA Financial, 2026년 1분기 목표 달성에도 EPS 미달로 주가 하락 - Investing.com 한국어 (2026-05-09)","yahoo_daily, fast_quote, news:google_news, flow:no_code",0.0,0.0,중립,2026-05-19 21:07:50 PDT,4,관망 · 거래량 1.2배 · 추격 부담 낮음 · 악재 뉴스: iA Financial (TSX :IAG) 환매 확장은 새로운 자본 수익 플레이 북을 보여줄까요? - simply,선행 신호 대기,놓침 위험 낮음,위험 신호 보통,급변 신호 없음,"보험 흐름 · 평균 +0.57% · 거래량 1.3배 · 대표 Intact Financial, Sun Life, Great-West Lifeco",공격장 · 평균 +0.65% · 하락비중 30% · 관심 종목 압축,수급 확인 불가,대표 테마 연결 대기,기준 현재가 170 · 손절 참고 164 · 1차 익절 참고 176,"최대 호재: 수주, 계약, 실적 개선, 정책 수혜 / 최대 악재: 실적 부진, 규제, 원가 상승, 수요 둔화",악재 영향 예상: -3.0~-4.5% (161.88 CAD 부근까지 경계) · 회복 기준 172.90 CAD 돌파,"악재 뉴스: iA Financial (TSX :IAG) 환매 확장은 새로운 자본 수익 플레이 북을 보여줄까요? - simplywall.st (2026-05-09) · 최대 호재: 수주, 계약, 실적 개선, 정책 수혜 / 최대 악재: 실적 부진, 규제, 원가 상승, 수요 둔화"
West Fraser Timber,WFG.TO,ok,캐나다,중간배당,0.436,2.219,2.73,2026-03-13,2026-06-12,91,중간배당 · 최근 0.44 CAD · 연 2.22 CAD · 배당률 2.73% · 최근 지급일 2026-03-13 · 다음 예상 2026-06-12,0.0,0.0,,,,0.0,0.0,,,0.0,,0.0,대기,,AI 관망,0,지금은 확실한 우위가 부족합니다.,캐나다/목재,보류,🚫 제외,리스크 과다,0,2.0,0.0,0.0,0.0,0.0,2.0,26.0,False,False,중립장,11.0,81.21,81.21,fast_quote,calculated,0.0,-0.44,-0.29,1.02,0.97,True,12595670.0,31.7,False,3.17,일반 모멘텀,-,"거래대금 부족, 리스크 26 이상으로 신규 관심 제외",수급 확인 불가,no_code,0.0,0.0,뉴스 수집 실패,none,뉴스를 가져오지 못해 가격 흐름만 참고하세요.,none,-,"yahoo_daily, fast_quote, news:none, flow:no_code",,,섹터 확인 부족,2026-05-19 21:07:50 PDT,7,관망 · 추격 부담 낮음 · 뉴스를 가져오지 못해 가격 흐름만 참고하세요.,선행 신호 대기,놓침 위험 낮음,위험 신호 보통,급변 신호 없음,목재 흐름 · 평균 -0.44% · 거래량 1.0배 · 대표 West Fraser Timber,공격장 · 평균 +0.65% · 하락비중 30% · 관심 종목 압축,수급 확인 불가,대표 테마 연결 대기,기준 현재가 81 · 손절 참고 79 · 1차 익절 참고 84,"최대 호재: 수주, 계약, 실적 개선, 정책 수혜 / 최대 악재: 실적 부진, 규제, 원가 상승, 수요 둔화",뉴스 영향 예상: 방향성 약함 · 가격/거래량 확인 우선,"뉴스를 가져오지 못해 가격 흐름만 참고하세요. · 최대 호재: 수주, 계약, 실적 개선, 정책 수혜 / 최대 악재: 실적 부진, 규제, 원가 상승, 수요 둔화"
Canadian Tire,CTC-A.TO,ok,캐나다,중간배당,1.8,8.925,5.21,2026-04-30,2026-07-30,91,중간배당 · 최근 1.80 CAD · 연 8.92 CAD · 배당률 5.21% · 최근 지급일 2026-04-30 · 다음 예상 2026-07-30,0.0,0.0,,,,0.0,0.0,,,0.0,,0.0,대기,,AI 관망,0,지금은 확실한 우위가 부족합니다.,캐나다/소매,보류,🚫 제외,리스크 과다,0,8.0,6.0,0.0,0.0,0.0,2.0,26.0,False,False,중립장,11.0,171.34,171.34,fast_quote,calculated,0.0,0.25,0.05,0.94,0.87,True,42989205.0,23.6,False,2.5,일반 모멘텀,건전한 갭 상승,"거래대금 부족, 리스크 26 이상으로 신규 관심 제외",수급 확인 불가,no_code,0.0,0.0,뉴스 수집 실패,none,뉴스를 가져오지 못해 가격 흐름만 참고하세요.,none,-,"yahoo_daily, fast_quote, news:none, flow:no_code",0.0,0.0,중립,2026-05-19 21:07:50 PDT,17,관망 · 추격 부담 낮음 · 뉴스를 가져오지 못해 가격 흐름만 참고하세요.,선행 신호 대기,놓침 위험 낮음,위험 신호 보통,급변 신호 없음,"소매 흐름 · 평균 +0.04% · 거래량 1.1배 · 대표 Dollarama, Canadian Tire",공격장 · 평균 +0.65% · 하락비중 30% · 관심 종목 압축,수급 확인 불가,대표 테마 연결 대기,기준 현재가 171 · 손절 참고 166 · 1차 익절 참고 178,"최대 호재: 수주, 계약, 실적 개선, 정책 수혜 / 최대 악재: 실적 부진, 규제, 원가 상승, 수요 둔화",뉴스 영향 예상: 방향성 약함 · 가격/거래량 확인 우선,"뉴스를 가져오지 못해 가격 흐름만 참고하세요. · 최대 호재: 수주, 계약, 실적 개선, 정책 수혜 / 최대 악재: 실적 부진, 규제, 원가 상승, 수요 둔화"
Restaurant Brands,QSR.TO,ok,캐나다,중간배당,0.892,4.341,4.17,2026-03-19,2026-06-18,91,중간배당 · 최근 0.89 CAD · 연 4.34 CAD · 배당률 4.17% · 최근 지급일 2026-03-19 · 다음 예상 2026-06-18,0.0,0.0,,,,0.0,0.0,,,0.0,,0.0,대기,,AI 관망,9,지금은 확실한 우위가 부족합니다.,캐나다/외식,보류,🚫 제외,리스크 과다,0,14.0,0.0,12.0,0.0,0.0,2.0,26.0,False,False,중립장,11.0,104.03,104.03,fast_quote,calculated,0.0,-0.31,-0.22,1.58,1.53,True,142063366.0,43.1,False,2.76,일반 모멘텀,거래량 증가(1.6x),"거래대금 부족, 리스크 26 이상으로 신규 관심 제외",수급 확인 불가,no_code,0.0,0.0,뉴스 수집 실패,none,뉴스를 가져오지 못해 가격 흐름만 참고하세요.,none,-,"yahoo_daily, fast_quote, news:none, flow:no_code",,,섹터 확인 부족,2026-05-19 21:07:50 PDT,22,관망 · 거래량 1.6배 · 추격 부담 낮음 · 뉴스를 가져오지 못해 가격 흐름만 참고하세요.,선행 신호 대기,놓침 위험 낮음,위험 신호 보통,급변 신호 없음,외식 흐름 · 평균 -0.31% · 거래량 1.6배 · 대표 Restaurant Brands,공격장 · 평균 +0.65% · 하락비중 30% · 관심 종목 압축,수급 확인 불가,대표 테마 연결 대기,기준 현재가 104 · 손절 참고 101 · 1차 익절 참고 108,"최대 호재: 수주, 계약, 실적 개선, 정책 수혜 / 최대 악재: 실적 부진, 규제, 원가 상승, 수요 둔화",뉴스 영향 예상: 방향성 약함 · 가격/거래량 확인 우선,"뉴스를 가져오지 못해 가격 흐름만 참고하세요. · 최대 호재: 수주, 계약, 실적 개선, 정책 수혜 / 최대 악재: 실적 부진, 규제, 원가 상승, 수요 둔화"
Premium Brands,PBH.TO,ok,캐나다,중간배당,0.85,4.25,4.78,2026-03-31,2026-06-30,91,중간배당 · 최근 0.85 CAD · 연 4.25 CAD · 배당률 4.78% · 최근 지급일 2026-03-31 · 다음 예상 2026-06-30,0.0,0.0,,,,0.0,0.0,,,0.0,,0.0,대기,,AI 관망,13,지금은 확실한 우위가 부족합니다.,캐나다/식품,보류,🚫 제외,리스크 과다,0,26.0,20.0,0.0,0.0,4.0,2.0,26.0,False,False,중립장,11.0,88.96,88.96,fast_quote,calculated,0.0,2.61,-0.53,1.26,1.31,True,24659711.0,65.4,True,3.0,일반 모멘텀,"RSI 건강 구간, MACD 상승, 뉴스 키워드: 보통 호재: 투자","거래대금 부족, 리스크 26 이상으로 신규 관심 제외",수급 확인 불가,no_code,0.0,0.0,보통 호재: 투자,google_news,호재 뉴스: 기록적인 1 분기 수익과 재확인 된 2026 년 가이던스가 프리미엄 브랜드 (TSX :PBH)에 대한 투자 사례를 변경합니까? - simplywal… (2026-05-09),medium,기록적인 1 분기 수익과 재확인 된 2026 년 가이던스가 프리미엄 브랜드 (TSX :PBH)에 대한 투자 사례를 변경합니까? - simplywall.st (2026-05-09),"yahoo_daily, fast_quote, news:google_news, flow:no_code",0.0,0.0,중립,2026-05-19 21:07:50 PDT,52,관망 · 거래량 1.3배 · 추격 부담 낮음 · 호재 뉴스: 기록적인 1 분기 수익과 재확인 된 2026 년 가이던스가 프리미엄 브랜드 (TSX :PBH)에 대한 투자 사례를,선행 신호 대기,놓침 위험 낮음,위험 신호 보통,급변 신호 없음,"식품 흐름 · 평균 +3.03% · 거래량 1.5배 · 대표 Saputo, Premium Brands",공격장 · 평균 +0.65% · 하락비중 30% · 관심 종목 압축,수급 확인 불가,대표 테마 연결 대기,기준 현재가 89 · 손절 참고 86 · 1차 익절 참고 93,"최대 호재: 수주, 계약, 실적 개선, 정책 수혜 / 최대 악재: 실적 부진, 규제, 원가 상승, 수요 둔화",호재 영향 예상: +2.0~+3.2% (91.81 CAD 부근까지 시도) · 이탈 기준 87.18 CAD,"호재 뉴스: 기록적인 1 분기 수익과 재확인 된 2026 년 가이던스가 프리미엄 브랜드 (TSX :PBH)에 대한 투자 사례를 변경합니까? - simplywal… (2026-05-09) · 최대 호재: 수주, 계약, 실적 개선, 정책 수혜 / 최대 악재: 실적 부진, 규제, 원가 상승, 수요 둔화"
George Weston,WN.TO,ok,캐나다,중간배당,0.298,1.4653,1.53,2026-03-13,2026-06-12,91,중간배당 · 최근 0.30 CAD · 연 1.47 CAD · 배당률 1.53% · 최근 지급일 2026-03-13 · 다음 예상 2026-06-12,0.0,0.0,,,,0.0,0.0,,,0.0,,0.0,대기,,AI 관망,4,지금은 확실한 우위가 부족합니다.,캐나다/소비,보류,🚫 제외,리스크 과다,0,8.0,6.0,0.0,0.0,0.0,2.0,26.0,False,False,중립장,11.0,95.95,95.95,fast_quote,calculated,0.0,0.76,0.01,1.27,1.27,True,39051648.0,48.4,False,2.06,일반 모멘텀,건전한 갭 상승,"거래대금 부족, 리스크 26 이상으로 신규 관심 제외",수급 확인 불가,no_code,0.0,0.0,뉴스 수집 실패,none,뉴스를 가져오지 못해 가격 흐름만 참고하세요.,none,-,"yahoo_daily, fast_quote, news:none, flow:no_code",0.0,0.0,중립,2026-05-19 21:07:50 PDT,27,관망 · 거래량 1.3배 · 추격 부담 낮음 · 뉴스를 가져오지 못해 가격 흐름만 참고하세요.,선행 신호 대기,놓침 위험 낮음,위험 신호 보통,급변 신호 없음,"소비 흐름 · 평균 +0.84% · 거래량 1.2배 · 대표 Empire, Loblaw, Metro",공격장 · 평균 +0.65% · 하락비중 30% · 관심 종목 압축,수급 확인 불가,대표 테마 연결 대기,기준 현재가 96 · 손절 참고 93 · 1차 익절 참고 100,"최대 호재: 수주, 계약, 실적 개선, 정책 수혜 / 최대 악재: 실적 부진, 규제, 원가 상승, 수요 둔화",뉴스 영향 예상: 방향성 약함 · 가격/거래량 확인 우선,"뉴스를 가져오지 못해 가격 흐름만 참고하세요. · 최대 호재: 수주, 계약, 실적 개선, 정책 수혜 / 최대 악재: 실적 부진, 규제, 원가 상승, 수요 둔화"
CAE,CAE.TO,ok,캐나다,중간배당,0.11,0.53,1.46,2020-03-12,2020-06-11,91,중간배당 · 최근 0.11 CAD · 연 0.53 CAD · 배당률 1.46% · 최근 지급일 2020-03-12 · 다음 예상 2020-06-11,0.0,0.0,,,,0.0,0.0,,,0.0,,0.0,대기,,AI 관망,0,지금은 확실한 우위가 부족합니다.,캐나다/항공훈련,보류,🚫 제외,리스크 과다,0,28.0,26.0,0.0,0.0,0.0,2.0,30.0,False,False,중립장,11.0,36.19,36.19,fast_quote,calculated,0.0,3.28,0.66,1.2,1.23,True,35904097.0,59.5,True,2.4,일반 모멘텀,"RSI 건강 구간, MACD 상승, 건전한 갭 상승","거래대금 부족, 뉴스 리스크: 악재: 하락, 리스크 30 이상으로 신규 관심 제외",수급 확인 불가,no_code,0.0,0.0,악재: 하락,google_news,"악재 뉴스: 인도, 인공지능 열차 놓치며 시가총액 오위권 밖으로 밀려나 - Foro3D (2026-05-19)",none,"인도, 인공지능 열차 놓치며 시가총액 오위권 밖으로 밀려나 - Foro3D (2026-05-19) | TradingKey (2026-05-12)","yahoo_daily, fast_quote, news:google_news, flow:no_code",,,섹터 확인 부족,2026-05-19 21:07:50 PDT,12,"관망 · 거래량 1.2배 · 추격 부담 낮음 · 악재 뉴스: 인도, 인공지능 열차 놓치며 시가총액 오위권 밖으로 밀려나 - Foro3D (2026-05-19)",선행 신호 대기,놓침 위험 낮음,위험 신호 보통,급변 신호 없음,항공훈련 흐름 · 평균 +3.28% · 거래량 1.2배 · 대표 CAE,공격장 · 평균 +0.65% · 하락비중 30% · 관심 종목 압축,수급 확인 불가,우주항공 → 위성 → 통신장비 → 소재,기준 현재가 36 · 손절 참고 35 · 1차 익절 참고 38,"최대 호재: 수주, 계약, 실적 개선, 정책 수혜 / 최대 악재: 실적 부진, 규제, 원가 상승, 수요 둔화",악재 영향 예상: -3.0~-4.5% (34.56 CAD 부근까지 경계) · 회복 기준 36.91 CAD 돌파,"악재 뉴스: 인도, 인공지능 열차 놓치며 시가총액 오위권 밖으로 밀려나 - Foro3D (2026-05-19) · 최대 호재: 수주, 계약, 실적 개선, 정책 수혜 / 최대 악재: 실적 부진, 규제, 원가 상승, 수요 둔화"
Stantec,STN.TO,ok,캐나다,저배당,0.245,1.145,1.08,2026-03-31,2026-06-30,91,저배당 · 최근 0.24 CAD · 연 1.15 CAD · 배당률 1.08% · 최근 지급일 2026-03-31 · 다음 예상 2026-06-30,0.0,0.0,,,,0.0,0.0,,,0.0,,0.0,대기,,AI 관망,0,지금은 확실한 우위가 부족합니다.,캐나다/엔지니어링,보류,🚫 제외,리스크 과다,0,14.0,0.0,12.0,0.0,0.0,2.0,30.0,False,False,중립장,11.0,105.72,105.72,fast_quote,calculated,0.0,-0.63,-0.34,1.57,1.43,True,74268300.0,26.7,False,3.96,일반 모멘텀,거래량 증가(1.6x),"거래대금 부족, 뉴스 리스크: 악재: 하락, 리스크 30 이상으로 신규 관심 제외",수급 확인 불가,no_code,0.0,0.0,악재: 하락,google_news,악재 뉴스: 최근 주가 하락 이후 스탠텍 (TSX :STN) 재고 할 때인가? - simplywall.st (2026-05-16),none,최근 주가 하락 이후 스탠텍 (TSX :STN) 재고 할 때인가? - simplywall.st (2026-05-16) | Stantec (TSX :STN)은 고수익 환경 허가 전문가로 조용히 재조명하고 있습니까? - simplywall.st (2026-05-14),"yahoo_daily, fast_quote, news:google_news, flow:no_code",0.0,0.0,중립,2026-05-19 21:07:50 PDT,2,관망 · 거래량 1.6배 · 추격 부담 낮음 · 악재 뉴스: 최근 주가 하락 이후 스탠텍 (TSX :STN) 재고 할 때인가? - simplywall.st (2026-05-1,선행 신호 대기,놓침 위험 낮음,위험 신호 보통,급변 신호 없음,"엔지니어링 흐름 · 평균 -0.02% · 거래량 1.5배 · 대표 WSP Global, Stantec",공격장 · 평균 +0.65% · 하락비중 30% · 관심 종목 압축,수급 확인 불가,대표 테마 연결 대기,기준 현재가 106 · 손절 참고 102 · 1차 익절 참고 111,"최대 호재: 수주, 계약, 실적 개선, 정책 수혜 / 최대 악재: 실적 부진, 규제, 원가 상승, 수요 둔화",악재 영향 예상: -3.2~-5.8% (99.55 CAD 부근까지 경계) · 회복 기준 107.83 CAD 돌파,"악재 뉴스: 최근 주가 하락 이후 스탠텍 (TSX :STN) 재고 할 때인가? - simplywall.st (2026-05-16) · 최대 호재: 수주, 계약, 실적 개선, 정책 수혜 / 최대 악재: 실적 부진, 규제, 원가 상승, 수요 둔화"
Algonquin Power,AQN.TO,ok,캐나다,고배당,0.09,0.452,5.68,2026-03-31,2026-06-30,91,고배당 · 최근 0.09 CAD · 연 0.45 CAD · 배당률 5.68% · 최근 지급일 2026-03-31 · 다음 예상 2026-06-30,0.0,0.0,,,,0.0,0.0,,,0.0,,0.0,대기,,AI 관망,6,지금은 확실한 우위가 부족합니다.,캐나다/유틸리티,보류,🚫 제외,리스크 과다,0,6.0,0.0,0.0,0.0,4.0,2.0,26.0,False,False,중립장,11.0,7.96,7.96,fast_quote,calculated,0.0,0.25,-0.5,1.3,1.23,True,24280388.0,24.8,False,2.42,일반 모멘텀,뉴스 키워드: 보통 호재: 투자,"거래대금 부족, 리스크 26 이상으로 신규 관심 제외",수급 확인 불가,no_code,0.0,0.0,보통 호재: 투자,google_news,호재 뉴스: 알곤퀸의 부채 재융자 및 유동성 추진이 알곤퀸 파워 & 유틸리티(TSX:AQN)의 투자 스토리를 바꾼 방법 - simplywall.st (2026-05-17),medium,알곤퀸의 부채 재융자 및 유동성 추진이 알곤퀸 파워 & 유틸리티(TSX:AQN)의 투자 스토리를 바꾼 방법 - simplywall.st (2026-05-17) | Algonquin Power & Utilities(TSX:AQN) 최근 조정 이후 공정가치 대비 저평가 매력 점검 - simplywall.st (2026-05-15),"yahoo_daily, fast_quote, news:google_news, flow:no_code",0.0,0.0,중립,2026-05-19 21:07:50 PDT,45,관망 · 거래량 1.3배 · 추격 부담 낮음 · 호재 뉴스: 알곤퀸의 부채 재융자 및 유동성 추진이 알곤퀸 파워 & 유틸리티(TSX:AQN)의 투자 스토리를 바꾼 방법 - s,선행 신호 대기,놓침 위험 낮음,위험 신호 보통,급변 신호 없음,"유틸리티 흐름 · 평균 +1.36% · 거래량 1.1배 · 대표 Hydro One, Canadian Utilities, Emera",공격장 · 평균 +0.65% · 하락비중 30% · 관심 종목 압축,수급 확인 불가,대표 테마 연결 대기,기준 현재가 8 · 손절 참고 8 · 1차 익절 참고 8,"최대 호재: 수주, 계약, 실적 개선, 정책 수혜 / 최대 악재: 실적 부진, 규제, 원가 상승, 수요 둔화",호재 영향 예상: +2.0~+3.2% (8.21 CAD 부근까지 시도) · 이탈 기준 7.80 CAD,"호재 뉴스: 알곤퀸의 부채 재융자 및 유동성 추진이 알곤퀸 파워 & 유틸리티(TSX:AQN)의 투자 스토리를 바꾼 방법 - simplywall.st (2026-05-17) · 최대 호재: 수주, 계약, 실적 개선, 정책 수혜 / 최대 악재: 실적 부진, 규제, 원가 상승, 수요 둔화"
Capital Power,CPX.TO,ok,캐나다,고배당,0.691,3.377,5.36,2026-03-31,2026-06-30,91,고배당 · 최근 0.69 CAD · 연 3.38 CAD · 배당률 5.36% · 최근 지급일 2026-03-31 · 다음 예상 2026-06-30,0.0,0.0,,,,0.0,0.0,,,0.0,,0.0,대기,,AI 관망,0,지금은 확실한 우위가 부족합니다.,캐나다/전력,보류,🚫 제외,리스크 과다,0,2.0,0.0,0.0,0.0,0.0,2.0,26.0,False,False,중립장,11.0,62.97,62.97,fast_quote,calculated,0.0,-1.33,-0.31,1.03,1.0,True,39457002.0,35.5,False,3.23,일반 모멘텀,-,"거래대금 부족, 리스크 26 이상으로 신규 관심 제외",수급 확인 불가,no_code,0.0,0.0,뉴스 중립,google_news,관련 뉴스: 현재까지 70%의 서지가 발생한 후 플러그 전원(PLUG)을 고려하기에는 너무 늦은 것일까요? - simplywall.st (2026-05-15),none,현재까지 70%의 서지가 발생한 후 플러그 전원(PLUG)을 고려하기에는 너무 늦은 것일까요? - simplywall.st (2026-05-15),"yahoo_daily, fast_quote, news:google_news, flow:no_code",0.0,0.0,중립,2026-05-19 21:07:50 PDT,4,관망 · 관련 뉴스: 현재까지 70%의 서지가 발생한 후 플러그 전원(PLUG)을 고려하기에는 너무 늦은 것일까요? - simplywa,선행 신호 대기,놓침 위험 낮음,위험 신호 보통,급변 신호 없음,"전력 흐름 · 평균 -1.23% · 거래량 0.9배 · 대표 Northland Power, Capital Power",공격장 · 평균 +0.65% · 하락비중 30% · 관심 종목 압축,수급 확인 불가,전력 → 전선 → 구리 → 원전/데이터센터,기준 현재가 63 · 손절 참고 61 · 1차 익절 참고 66,"최대 호재: 전력망 투자, 변압기 수주, 데이터센터 전력, 송전망 증설 / 최대 악재: 정책 지연, 원가 상승, 납기 지연, 안전사고",뉴스 영향 예상: 방향성 약함 · 가격/거래량 확인 우선,"관련 뉴스: 현재까지 70%의 서지가 발생한 후 플러그 전원(PLUG)을 고려하기에는 너무 늦은 것일까요? - simplywall.st (2026-05-15) · 최대 호재: 전력망 투자, 변압기 수주, 데이터센터 전력, 송전망 증설 / 최대 악재: 정책 지연, 원가 상승, 납기 지연, 안전사고"
Northland Power,NPI.TO,ok,캐나다,고배당,0.06,1.1,4.84,2026-04-30,2026-05-30,30,고배당 · 최근 0.06 CAD · 연 1.10 CAD · 배당률 4.84% · 최근 지급일 2026-04-30 · 다음 예상 2026-05-30,0.0,0.0,,,,0.0,0.0,,,0.0,,0.0,대기,,AI 관망,5,지금은 확실한 우위가 부족합니다.,캐나다/전력,보류,🚫 제외,리스크 과다,0,18.0,0.0,0.0,0.0,16.0,2.0,34.0,False,False,중립장,11.0,22.72,22.72,fast_quote,calculated,0.0,-1.13,-0.35,0.86,0.84,True,17274015.0,36.4,False,2.2,일반 모멘텀,"뉴스 키워드: 강한 호재: 흑자 / 보통 호재: 실적, 투자 / 악재: 적자","거래대금 부족, 뉴스 리스크: 강한 호재: 흑자 / 보통 호재: 실적, 투자 / 악재: 적자, 리스크 34 이상으로 신규 관심 제외",수급 확인 불가,no_code,0.0,0.0,"강한 호재: 흑자 / 보통 호재: 실적, 투자 / 악재: 적자",google_news,악재 뉴스: 노스랜드 파워(TSX:NPI) 2026년 1분기 실적·프로젝트 진척 이후 주가와 밸류에이션 다시 보기 - simplywall.st (2026-05-19),strong,노스랜드 파워(TSX:NPI) 2026년 1분기 실적·프로젝트 진척 이후 주가와 밸류에이션 다시 보기 - simplywall.st (2026-05-19) | 1분기 실적 강세와 하이롱 PPA가 노스랜드 파워(TSX:NPI)의 투자 내러티브를 바꿨나요? - simplywall.st (2026-05-16),"yahoo_daily, fast_quote, news:google_news, flow:no_code",0.0,0.0,중립,2026-05-19 21:07:50 PDT,3,관망 · 악재 뉴스: 노스랜드 파워(TSX:NPI) 2026년 1분기 실적·프로젝트 진척 이후 주가와 밸류에이션 다시 보기 - simp,선행 신호 대기,놓침 위험 낮음,중대 리스크 · 악재 뉴스 우선 확인,급변 신호 없음,"전력 흐름 · 평균 -1.23% · 거래량 0.9배 · 대표 Northland Power, Capital Power",공격장 · 평균 +0.65% · 하락비중 30% · 관심 종목 압축,수급 확인 불가,전력 → 전선 → 구리 → 원전/데이터센터,기준 현재가 23 · 손절 참고 22 · 1차 익절 참고 24,"최대 호재: 전력망 투자, 변압기 수주, 데이터센터 전력, 송전망 증설 / 최대 악재: 정책 지연, 원가 상승, 납기 지연, 안전사고",악재 영향 예상: -3.0~-4.5% (21.70 CAD 부근까지 경계) · 회복 기준 23.17 CAD 돌파,"악재 뉴스: 노스랜드 파워(TSX:NPI) 2026년 1분기 실적·프로젝트 진척 이후 주가와 밸류에이션 다시 보기 - simplywall.st (2026-05-19) · 최대 호재: 전력망 투자, 변압기 수주, 데이터센터 전력, 송전망 증설 / 최대 악재: 정책 지연, 원가 상승, 납기 지연, 안전사고"
Brookfield Infrastructure,BIP-UN.TO,ok,캐나다,고배당,0.6258,2.9913,5.67,2026-02-27,2026-05-29,91,고배당 · 최근 0.63 CAD · 연 2.99 CAD · 배당률 5.67% · 최근 지급일 2026-02-27 · 다음 예상 2026-05-29,0.0,0.0,,,,0.0,0.0,,,0.0,,0.0,대기,,AI 관망,0,지금은 확실한 우위가 부족합니다.,캐나다/인프라,보류,🚫 제외,리스크 과다,0,33.0,31.0,0.0,0.0,0.0,2.0,34.0,False,True,중립장,11.0,52.79,52.79,fast_quote,calculated,0.0,1.01,0.67,0.86,0.91,True,24993742.0,77.6,True,2.6,일반 모멘텀,"20일 고점 돌파, MACD 상승, 건전한 갭 상승","20일 범위 상단 추격, 거래대금 부족, 리스크 34 이상으로 신규 관심 제외",수급 확인 불가,no_code,0.0,0.0,뉴스 중립,google_news,관련 뉴스: TradingKey (2026-05-12),none,TradingKey (2026-05-12),"yahoo_daily, fast_quote, news:google_news, flow:no_code",,,섹터 확인 부족,2026-05-19 21:07:50 PDT,13,관망 · 추격 부담 낮음 · 관련 뉴스: TradingKey (2026-05-12),선행 신호 대기,놓침 위험 낮음,위험 신호 보통,급변 신호 없음,인프라 흐름 · 평균 +1.01% · 거래량 0.9배 · 대표 Brookfield Infrastructure,공격장 · 평균 +0.65% · 하락비중 30% · 관심 종목 압축,수급 확인 불가,대표 테마 연결 대기,기준 현재가 53 · 손절 참고 51 · 1차 익절 참고 55,"최대 호재: 수주, 계약, 실적 개선, 정책 수혜 / 최대 악재: 실적 부진, 규제, 원가 상승, 수요 둔화",뉴스 영향 예상: 방향성 약함 · 가격/거래량 확인 우선,"관련 뉴스: TradingKey (2026-05-12) · 최대 호재: 수주, 계약, 실적 개선, 정책 수혜 / 최대 악재: 실적 부진, 규제, 원가 상승, 수요 둔화"
Canadian Apartment REIT,CAR-UN.TO,ok,캐나다,고배당,0.1292,1.55,4.61,2026-04-30,2026-05-30,30,고배당 · 최근 0.13 CAD · 연 1.55 CAD · 배당률 4.61% · 최근 지급일 2026-04-30 · 다음 예상 2026-05-30,0.0,0.0,,,,0.0,0.0,,,0.0,,0.0,대기,,AI 관망,2,지금은 확실한 우위가 부족합니다.,캐나다/REIT,보류,🚫 제외,리스크 과다,0,20.0,6.0,12.0,0.0,0.0,2.0,26.0,False,False,중립장,11.0,33.6,33.6,fast_quote,calculated,0.0,0.72,0.54,1.57,1.5,True,23501216.0,19.0,False,2.01,일반 모멘텀,"거래량 증가(1.6x), 건전한 갭 상승","거래대금 부족, 리스크 26 이상으로 신규 관심 제외",수급 확인 불가,no_code,0.0,0.0,뉴스 수집 실패,none,뉴스를 가져오지 못해 가격 흐름만 참고하세요.,none,-,"yahoo_daily, fast_quote, news:none, flow:no_code",0.0,0.0,중립,2026-05-19 21:07:50 PDT,22,관망 · 거래량 1.6배 · 추격 부담 낮음 · 뉴스를 가져오지 못해 가격 흐름만 참고하세요.,선행 신호 대기,놓침 위험 낮음,위험 신호 보통,급변 신호 없음,"REIT 흐름 · 평균 -0.26% · 거래량 1.1배 · 대표 SmartCentres REIT, Granite REIT, Canadian Apartment REIT",공격장 · 평균 +0.65% · 하락비중 30% · 관심 종목 압축,수급 확인 불가,대표 테마 연결 대기,기준 현재가 34 · 손절 참고 33 · 1차 익절 참고 35,"최대 호재: 수주, 계약, 실적 개선, 정책 수혜 / 최대 악재: 실적 부진, 규제, 원가 상승, 수요 둔화",뉴스 영향 예상: 방향성 약함 · 가격/거래량 확인 우선,"뉴스를 가져오지 못해 가격 흐름만 참고하세요. · 최대 호재: 수주, 계약, 실적 개선, 정책 수혜 / 최대 악재: 실적 부진, 규제, 원가 상승, 수요 둔화"
RioCan REIT,REI-UN.TO,ok,캐나다,고배당,0.0965,1.2545,5.9,2026-04-30,2026-05-30,30,고배당 · 최근 0.10 CAD · 연 1.25 CAD · 배당률 5.90% · 최근 지급일 2026-04-30 · 다음 예상 2026-05-30,0.0,0.0,,,,0.0,0.0,,,0.0,,0.0,대기,,AI 관망,0,지금은 확실한 우위가 부족합니다.,캐나다/REIT,보류,🚫 제외,리스크 과다,0,18.0,16.0,0.0,0.0,0.0,2.0,26.0,False,False,중립장,11.0,21.27,21.27,fast_quote,calculated,0.0,-0.09,0.14,0.78,0.78,False,10924995.0,51.3,False,1.71,일반 모멘텀,"RSI 건강 구간, 건전한 갭 상승","거래대금 부족, 매수 확인 부족: 거래량 0.78x / 거래대금 0.78x, 리스크 26 이상으로 신규 관심 제외",수급 확인 불가,no_code,0.0,0.0,뉴스 수집 실패,none,뉴스를 가져오지 못해 가격 흐름만 참고하세요.,none,-,"yahoo_daily, fast_quote, news:none, flow:no_code",0.0,0.0,중립,2026-05-19 21:07:50 PDT,8,관망 · 추격 부담 낮음 · 뉴스를 가져오지 못해 가격 흐름만 참고하세요.,선행 신호 대기,놓침 위험 낮음,위험 신호 보통,급변 신호 없음,"REIT 흐름 · 평균 -0.26% · 거래량 1.1배 · 대표 SmartCentres REIT, Granite REIT, Canadian Apartment REIT",공격장 · 평균 +0.65% · 하락비중 30% · 관심 종목 압축,수급 확인 불가,대표 테마 연결 대기,기준 현재가 21 · 손절 참고 21 · 1차 익절 참고 22,"최대 호재: 수주, 계약, 실적 개선, 정책 수혜 / 최대 악재: 실적 부진, 규제, 원가 상승, 수요 둔화",뉴스 영향 예상: 방향성 약함 · 가격/거래량 확인 우선,"뉴스를 가져오지 못해 가격 흐름만 참고하세요. · 최대 호재: 수주, 계약, 실적 개선, 정책 수혜 / 최대 악재: 실적 부진, 규제, 원가 상승, 수요 둔화"
Granite REIT,GRT-UN.TO,ok,캐나다,고배당,0.296,3.744,4.04,2026-04-30,2026-05-30,30,고배당 · 최근 0.30 CAD · 연 3.74 CAD · 배당률 4.04% · 최근 지급일 2026-04-30 · 다음 예상 2026-05-30,0.0,0.0,,,,0.0,0.0,,,0.0,,0.0,대기,,AI 관망,9,지금은 확실한 우위가 부족합니다.,캐나다/REIT,보류,🚫 제외,리스크 과다,0,12.0,10.0,0.0,0.0,0.0,2.0,26.0,False,False,중립장,11.0,92.61,92.61,fast_quote,calculated,0.0,0.67,0.0,1.04,1.05,True,9890748.0,54.3,False,2.44,일반 모멘텀,RSI 건강 구간,"거래대금 부족, 리스크 26 이상으로 신규 관심 제외",수급 확인 불가,no_code,0.0,0.0,뉴스 중립,google_news,관련 뉴스: 2026 년 1 분기 임대 및 수익 강화는 Granite REIT (TSX :GRT.UN)의 판도를 바꿀 수 있습니다. - simplywall.st (2026-05-09),none,2026 년 1 분기 임대 및 수익 강화는 Granite REIT (TSX :GRT.UN)의 판도를 바꿀 수 있습니다. - simplywall.st (2026-05-09),"yahoo_daily, fast_quote, news:google_news, flow:no_code",0.0,0.0,중립,2026-05-19 21:07:50 PDT,22,관망 · 추격 부담 낮음 · 관련 뉴스: 2026 년 1 분기 임대 및 수익 강화는 Granite REIT (TSX :GRT.UN)의 판도를 바꿀 수 있습,선행 신호 대기,놓침 위험 낮음,위험 신호 보통,급변 신호 없음,"REIT 흐름 · 평균 -0.26% · 거래량 1.1배 · 대표 SmartCentres REIT, Granite REIT, Canadian Apartment REIT",공격장 · 평균 +0.65% · 하락비중 30% · 관심 종목 압축,수급 확인 불가,대표 테마 연결 대기,기준 현재가 93 · 손절 참고 90 · 1차 익절 참고 96,"최대 호재: 수주, 계약, 실적 개선, 정책 수혜 / 최대 악재: 실적 부진, 규제, 원가 상승, 수요 둔화",뉴스 영향 예상: 방향성 약함 · 가격/거래량 확인 우선,"관련 뉴스: 2026 년 1 분기 임대 및 수익 강화는 Granite REIT (TSX :GRT.UN)의 판도를 바꿀 수 있습니다. - simplywall.st (2026-05-09) · 최대 호재: 수주, 계약, 실적 개선, 정책 수혜 / 최대 악재: 실적 부진, 규제, 원가 상승, 수요 둔화"
Microsoft,MSFT,ok,미장,해당 없음,0.0,0.0,0.0,,,0,해당 없음,0.0,0.0,,,,0.0,0.0,,,0.0,,0.0,대기,,AI 관망,12,지금은 확실한 우위가 부족합니다.,미장/빅테크,보류,대기,매매 근거 부족,0,8.0,6.0,0.0,0.0,0.0,2.0,11.0,False,False,중립장,11.0,417.42,417.42,fast_quote,calculated,0.0,-1.44,1.5,0.95,0.95,True,13750984018.0,45.4,False,2.88,일반 모멘텀,건전한 갭 상승,-,수급 확인 불가,no_code,0.0,0.0,뉴스 중립,google_news,관련 뉴스: 게이츠 재단의 이탈로 Microsoft 주가 모멘텀이 제한됨 (2026-05-19),none,게이츠 재단의 이탈로 Microsoft 주가 모멘텀이 제한됨 (2026-05-19) | 퍼싱 스퀘어의 지분과 주요 AI 승리에 따라 Microsoft (MSFT)의 강세 사례가 바뀔 수 있습니다 - 그 이유 알아보기 - simplywall.st (2026-05-19),"yahoo_daily, fast_quote, news:google_news, flow:no_code",0.0,0.0,중립,2026-05-19 21:07:50 PDT,17,관망 · 관련 뉴스: 게이츠 재단의 이탈로 Microsoft 주가 모멘텀이 제한됨 (2026-05-19),선행 신호 대기,놓침 위험 낮음,시장 방어장 · 신규 매수는 작게,급변 신호 없음,"빅테크 흐름 · 평균 -0.53% · 거래량 0.9배 · 대표 Microsoft, Apple",방어장 · 평균 -0.75% · 하락비중 66% · 현금 비중 높게,수급 확인 불가,대표 테마 연결 대기,기준 현재가 417 · 손절 참고 405 · 1차 익절 참고 434,"최대 호재: 수주, 계약, 실적 개선, 정책 수혜 / 최대 악재: 실적 부진, 규제, 원가 상승, 수요 둔화",뉴스 영향 예상: 방향성 약함 · 가격/거래량 확인 우선,"관련 뉴스: 게이츠 재단의 이탈로 Microsoft 주가 모멘텀이 제한됨 (2026-05-19) · 최대 호재: 수주, 계약, 실적 개선, 정책 수혜 / 최대 악재: 실적 부진, 규제, 원가 상승, 수요 둔화"
SmartCentres REIT,SRU-UN.TO,ok,캐나다,고배당,0.154,2.002,7.11,2026-04-30,2026-05-30,30,고배당 · 최근 0.15 CAD · 연 2.00 CAD · 배당률 7.11% · 최근 지급일 2026-04-30 · 다음 예상 2026-05-30,0.0,0.0,,,,0.0,0.0,,,0.0,,0.0,대기,,AI 관망,9,지금은 확실한 우위가 부족합니다.,캐나다/REIT,보류,🚫 제외,리스크 과다,0,8.0,6.0,0.0,0.0,0.0,2.0,26.0,False,False,중립장,11.0,28.15,28.15,fast_quote,calculated,0.0,0.21,1.17,1.19,1.19,True,8954514.0,49.0,False,1.17,일반 모멘텀,건전한 갭 상승,"거래대금 부족, 뉴스 호재 강도 약함, 리스크 26 이상으로 신규 관심 제외",수급 확인 불가,no_code,0.0,0.0,약한 호재: 상승,google_news,호재 뉴스: 최근 다년간의 가격 상승 이후에도 여전히 매력적입니까 SmartCentres REIT (TSX :SRU.UN) - simplywall.st (2026-05-10),weak,최근 다년간의 가격 상승 이후에도 여전히 매력적입니까 SmartCentres REIT (TSX :SRU.UN) - simplywall.st (2026-05-10),"yahoo_daily, fast_quote, news:google_news, flow:no_code",0.0,0.0,중립,2026-05-19 21:07:50 PDT,36,관망 · 추격 부담 낮음 · 호재 뉴스: 최근 다년간의 가격 상승 이후에도 여전히 매력적입니까 SmartCentres REIT (TSX :SRU.UN) -,선행 신호 대기,놓침 위험 낮음,위험 신호 보통,급변 신호 없음,"REIT 흐름 · 평균 -0.26% · 거래량 1.1배 · 대표 SmartCentres REIT, Granite REIT, Canadian Apartment REIT",공격장 · 평균 +0.65% · 하락비중 30% · 관심 종목 압축,수급 확인 불가,대표 테마 연결 대기,기준 현재가 28 · 손절 참고 27 · 1차 익절 참고 29,"최대 호재: 수주, 계약, 실적 개선, 정책 수혜 / 최대 악재: 실적 부진, 규제, 원가 상승, 수요 둔화",호재 영향 예상: +2.0~+3.2% (29.05 CAD 부근까지 시도) · 이탈 기준 27.59 CAD,"호재 뉴스: 최근 다년간의 가격 상승 이후에도 여전히 매력적입니까 SmartCentres REIT (TSX :SRU.UN) - simplywall.st (2026-05-10) · 최대 호재: 수주, 계약, 실적 개선, 정책 수혜 / 최대 악재: 실적 부진, 규제, 원가 상승, 수요 둔화"
Amazon,AMZN,ok,미장,해당 없음,0.0,0.0,0.0,,,0,해당 없음,0.0,0.0,,,,0.0,0.0,,,0.0,,0.0,대기,,AI 관망,8,지금은 확실한 우위가 부족합니다.,미장/이커머스,보류,🚫 제외,리스크 과다,0,6.0,0.0,0.0,0.0,4.0,2.0,27.0,False,False,중립장,11.0,259.34,259.34,fast_quote,calculated,0.0,-2.08,-1.06,0.89,0.87,True,10443388246.0,45.5,False,2.86,일반 모멘텀,"뉴스 키워드: 보통 호재: 투자 / 악재: 매각, 하락","뉴스 리스크: 보통 호재: 투자 / 악재: 매각, 하락, 미장/이커머스 섹터 약세",수급 확인 불가,no_code,0.0,0.0,"보통 호재: 투자 / 악재: 매각, 하락",google_news,"악재 뉴스: 아마존 웹 서비스 CEO 가먼, 301만 달러 아마존 주식 매각 - Investing.com 한국어 (2026-05-20)",medium,"아마존 웹 서비스 CEO 가먼, 301만 달러 아마존 주식 매각 - Investing.com 한국어 (2026-05-20) | Amazon.com Inc (AMZN) 주식 움직였습니다 하락 3.03%에 5월19일: 어떤 신호인가요? (2026-05-20)","yahoo_daily, fast_quote, news:google_news, flow:no_code",0.0,6.0,미장/이커머스 섹터 약세,2026-05-19 21:07:50 PDT,4,"관망 · 악재 뉴스: 아마존 웹 서비스 CEO 가먼, 301만 달러 아마존 주식 매각 - Investing.com 한국어 (2026-0",선행 신호 대기,놓침 위험 낮음,시장 방어장 · 신규 매수는 작게,급변 신호 없음,"이커머스 흐름 · 평균 -1.72% · 거래량 0.9배 · 대표 Amazon, Shopify US",방어장 · 평균 -0.75% · 하락비중 66% · 현금 비중 높게,수급 확인 불가,대표 테마 연결 대기,기준 현재가 259 · 손절 참고 252 · 1차 익절 참고 270,"최대 호재: 수주, 계약, 실적 개선, 정책 수혜 / 최대 악재: 실적 부진, 규제, 원가 상승, 수요 둔화",악재 영향 예상: -3.0~-4.5% (247.67 USD 부근까지 경계) · 회복 기준 264.53 USD 돌파,"악재 뉴스: 아마존 웹 서비스 CEO 가먼, 301만 달러 아마존 주식 매각 - Investing.com 한국어 (2026-05-20) · 최대 호재: 수주, 계약, 실적 개선, 정책 수혜 / 최대 악재: 실적 부진, 규제, 원가 상승, 수요 둔화"
H&R REIT,HR-UN.TO,ok,캐나다,고배당,0.05,0.65,6.44,2026-04-30,2026-05-30,30,고배당 · 최근 0.05 CAD · 연 0.65 CAD · 배당률 6.44% · 최근 지급일 2026-04-30 · 다음 예상 2026-05-30,0.0,0.0,,,,0.0,0.0,,,0.0,,0.0,대기,,AI 관망,2,지금은 확실한 우위가 부족합니다.,캐나다/REIT,보류,🚫 제외,리스크 과다,0,20.0,6.0,12.0,0.0,0.0,2.0,26.0,False,False,중립장,11.0,10.1,10.1,fast_quote,calculated,0.0,-2.13,0.29,1.3,1.25,True,8961730.0,34.9,False,2.1,일반 모멘텀,"거래량 증가(1.3x), 건전한 갭 상승","거래대금 부족, 리스크 26 이상으로 신규 관심 제외",수급 확인 불가,no_code,0.0,0.0,뉴스 중립,google_news,관련 뉴스: H&R 리츠(TSX:HR.UN) FFO 안정 흐름이 강세·약세 서사 중 어느 쪽에 힘을 실을까 - simplywall.st (2026-05-17),none,H&R 리츠(TSX:HR.UN) FFO 안정 흐름이 강세·약세 서사 중 어느 쪽에 힘을 실을까 - simplywall.st (2026-05-17),"yahoo_daily, fast_quote, news:google_news, flow:no_code",0.0,0.0,중립,2026-05-19 21:07:50 PDT,12,관망 · 거래량 1.3배 · 관련 뉴스: H&R 리츠(TSX:HR.UN) FFO 안정 흐름이 강세·약세 서사 중 어느 쪽에 힘을 실을까 - simplywa,선행 신호 대기,놓침 위험 낮음,위험 신호 보통,급변 신호 없음,"REIT 흐름 · 평균 -0.26% · 거래량 1.1배 · 대표 SmartCentres REIT, Granite REIT, Canadian Apartment REIT",공격장 · 평균 +0.65% · 하락비중 30% · 관심 종목 압축,수급 확인 불가,대표 테마 연결 대기,기준 현재가 10 · 손절 참고 10 · 1차 익절 참고 11,"최대 호재: 수주, 계약, 실적 개선, 정책 수혜 / 최대 악재: 실적 부진, 규제, 원가 상승, 수요 둔화",뉴스 영향 예상: 방향성 약함 · 가격/거래량 확인 우선,"관련 뉴스: H&R 리츠(TSX:HR.UN) FFO 안정 흐름이 강세·약세 서사 중 어느 쪽에 힘을 실을까 - simplywall.st (2026-05-17) · 최대 호재: 수주, 계약, 실적 개선, 정책 수혜 / 최대 악재: 실적 부진, 규제, 원가 상승, 수요 둔화"
Dream Industrial REIT,DIR-UN.TO,ok,캐나다,고배당,0.0583,0.7583,5.58,2026-04-30,2026-05-30,30,고배당 · 최근 0.06 CAD · 연 0.76 CAD · 배당률 5.58% · 최근 지급일 2026-04-30 · 다음 예상 2026-05-30,0.0,0.0,,,,0.0,0.0,,,0.0,,0.0,대기,,AI 관망,0,지금은 확실한 우위가 부족합니다.,캐나다/REIT,보류,🚫 제외,리스크 과다,0,12.0,6.0,0.0,0.0,4.0,2.0,26.0,False,False,중립장,11.0,13.58,13.58,fast_quote,calculated,0.0,-0.95,0.22,0.74,0.72,False,5231980.0,45.1,False,2.03,일반 모멘텀,"건전한 갭 상승, 뉴스 키워드: 보통 호재: 실적","거래대금 부족, 매수 확인 부족: 거래량 0.74x / 거래대금 0.72x, 리스크 26 이상으로 신규 관심 제외",수급 확인 불가,no_code,0.0,0.0,보통 호재: 실적,google_news,호재 뉴스: 드림 인더스트리얼 리츠의 강세 사례 (TSX :DIR.UN) 1 분기 실적 호조와 자본 재활용에 따라 변경 될 수 있습니다 - 이유 알아보기 - s… (2026-05-09),medium,드림 인더스트리얼 리츠의 강세 사례 (TSX :DIR.UN) 1 분기 실적 호조와 자본 재활용에 따라 변경 될 수 있습니다 - 이유 알아보기 - simplywall.st (2026-05-09),"yahoo_daily, fast_quote, news:google_news, flow:no_code",0.0,0.0,중립,2026-05-19 21:07:50 PDT,20,관망 · 추격 부담 낮음 · 호재 뉴스: 드림 인더스트리얼 리츠의 강세 사례 (TSX :DIR.UN) 1 분기 실적 호조와 자본 재활용에 따라 변경 될 수,선행 신호 대기,놓침 위험 낮음,위험 신호 보통,급변 신호 없음,"REIT 흐름 · 평균 -0.26% · 거래량 1.1배 · 대표 SmartCentres REIT, Granite REIT, Canadian Apartment REIT",공격장 · 평균 +0.65% · 하락비중 30% · 관심 종목 압축,수급 확인 불가,대표 테마 연결 대기,기준 현재가 14 · 손절 참고 13 · 1차 익절 참고 14,"최대 호재: 수주, 계약, 실적 개선, 정책 수혜 / 최대 악재: 실적 부진, 규제, 원가 상승, 수요 둔화",호재 영향 예상: +2.0~+3.2% (14.01 CAD 부근까지 시도) · 이탈 기준 13.31 CAD,"호재 뉴스: 드림 인더스트리얼 리츠의 강세 사례 (TSX :DIR.UN) 1 분기 실적 호조와 자본 재활용에 따라 변경 될 수 있습니다 - 이유 알아보기 - s… (2026-05-09) · 최대 호재: 수주, 계약, 실적 개선, 정책 수혜 / 최대 악재: 실적 부진, 규제, 원가 상승, 수요 둔화"
Colliers,CIGI.TO,ok,캐나다,저배당,0.205,0.625,0.49,2025-12-31,2026-07-02,183,저배당 · 최근 0.20 CAD · 연 0.62 CAD · 배당률 0.49% · 최근 지급일 2025-12-31 · 다음 예상 2026-07-02,0.0,0.0,,,,0.0,0.0,,,0.0,,0.0,대기,,AI 관망,0,지금은 확실한 우위가 부족합니다.,캐나다/부동산서비스,보류,🚫 제외,리스크 과다,0,8.0,6.0,0.0,0.0,0.0,2.0,30.0,False,False,중립장,11.0,128.42,128.42,fast_quote,calculated,0.0,1.3,0.69,0.8,0.74,False,12598001.0,28.6,False,4.74,일반 모멘텀,건전한 갭 상승,"거래대금 부족, 뉴스 리스크: 악재: 하락, 매수 확인 부족: 거래량 0.80x / 거래대금 0.74x, 리스크 30 이상으로 신규 관심 제외",수급 확인 불가,no_code,0.0,0.0,악재: 하락,google_news,악재 뉴스: TradingKey (2026-05-12),none,TradingKey (2026-05-12) | 콜리어스 인터내셔널 그룹 (TSX :CIGI)은 올해의 급격한 주가 하락 이후 기회를 제공하고 있습니까? - simplywall.st (2026-05-11),"yahoo_daily, fast_quote, news:google_news, flow:no_code",,,섹터 확인 부족,2026-05-19 21:07:50 PDT,0,관망 · 추격 부담 낮음 · 악재 뉴스: TradingKey (2026-05-12),선행 신호 대기,놓침 위험 낮음,위험 신호 보통,급변 신호 없음,부동산서비스 흐름 · 평균 +1.30% · 거래량 0.8배 · 대표 Colliers,공격장 · 평균 +0.65% · 하락비중 30% · 관심 종목 압축,수급 확인 불가,대표 테마 연결 대기,기준 현재가 128 · 손절 참고 122 · 1차 익절 참고 136,"최대 호재: 수주, 계약, 실적 개선, 정책 수혜 / 최대 악재: 실적 부진, 규제, 원가 상승, 수요 둔화",악재 영향 예상: -3.4~-6.2% (120.51 CAD 부근까지 경계) · 회복 기준 131.16 CAD 돌파,"악재 뉴스: TradingKey (2026-05-12) · 최대 호재: 수주, 계약, 실적 개선, 정책 수혜 / 최대 악재: 실적 부진, 규제, 원가 상승, 수요 둔화"
Meta Platforms,META,ok,미장,해당 없음,0.0,0.0,0.0,,,0,해당 없음,0.0,0.0,,,,0.0,0.0,,,0.0,,0.0,대기,,AI 관망,0,지금은 확실한 우위가 부족합니다.,미장/인터넷,보류,대기,매매 근거 부족,0,2.0,0.0,0.0,0.0,0.0,2.0,21.0,False,False,중립장,11.0,602.61,602.61,fast_quote,calculated,0.0,-1.41,-0.37,0.73,0.7,False,7063131377.0,24.9,False,2.89,일반 모멘텀,-,"뉴스 호재 강도 약함, 뉴스 리스크: 약한 호재: 상승 / 악재: 하락, 매수 확인 부족: 거래량 0.73x / 거래대금 0.70x, 미장/인터넷 섹터 약세",수급 확인 불가,no_code,0.0,0.0,약한 호재: 상승 / 악재: 하락,google_news,악재 뉴스: 최근 주가 약세 이후 메타 플랫폼(META)은 가치를 제공할 수 있을까요? - simplywall.st (2026-05-20),weak,최근 주가 약세 이후 메타 플랫폼(META)은 가치를 제공할 수 있을까요? - simplywall.st (2026-05-20) | Meta 주가는 장기 MA-200 지지선 위를 유지: 주간 보고서 (2026-05-19),"yahoo_daily, fast_quote, news:google_news, flow:no_code",0.0,6.0,미장/인터넷 섹터 약세,2026-05-19 21:07:50 PDT,7,관망 · 악재 뉴스: 최근 주가 약세 이후 메타 플랫폼(META)은 가치를 제공할 수 있을까요? - simplywall.st (2026,선행 신호 대기,놓침 위험 낮음,시장 방어장 · 신규 매수는 작게,급변 신호 없음,"인터넷 흐름 · 평균 -1.88% · 거래량 1.0배 · 대표 Alphabet A, Meta Platforms",방어장 · 평균 -0.75% · 하락비중 66% · 현금 비중 높게,수급 확인 불가,대표 테마 연결 대기,기준 현재가 603 · 손절 참고 585 · 1차 익절 참고 627,"최대 호재: 수주, 계약, 실적 개선, 정책 수혜 / 최대 악재: 실적 부진, 규제, 원가 상승, 수요 둔화",악재 영향 예상: -3.0~-4.5% (575.49 USD 부근까지 경계) · 회복 기준 614.66 USD 돌파,"악재 뉴스: 최근 주가 약세 이후 메타 플랫폼(META)은 가치를 제공할 수 있을까요? - simplywall.st (2026-05-20) · 최대 호재: 수주, 계약, 실적 개선, 정책 수혜 / 최대 악재: 실적 부진, 규제, 원가 상승, 수요 둔화"
JPMorgan Chase,JPM,ok,미장,해당 없음,0.0,0.0,0.0,,,0,해당 없음,0.0,0.0,,,,0.0,0.0,,,0.0,,0.0,대기,,AI 관망,0,지금은 확실한 우위가 부족합니다.,미장/금융,보류,🚫 제외,리스크 과다,0,15.0,6.0,0.0,0.0,7.0,2.0,25.0,False,False,중립장,11.0,295.7,295.7,fast_quote,calculated,0.0,-1.67,0.12,1.04,1.01,True,2384081348.0,36.9,False,2.1,일반 모멘텀,"건전한 갭 상승, 뉴스 키워드: 보통 호재: 투자 / 약한 호재: 상승, 증가 / 악재: 하락, 지분율, 주식등의 수","뉴스 리스크: 보통 호재: 투자 / 약한 호재: 상승, 증가 / 악재: 하락, 지분율, 주식등의 수, 리스크 25 이상으로 신규 관심 제외",수급 확인 불가,no_code,0.0,0.0,"보통 호재: 투자 / 약한 호재: 상승, 증가 / 악재: 하락, 지분율, 주식등의 수",google_news,악재 뉴스: BlackRock Inc (BLK) 주식 움직였습니다 하락 3.21%에 5월19일: 투자자가 알아야 할 정보 (2026-05-20),medium,BlackRock Inc (BLK) 주식 움직였습니다 하락 3.21%에 5월19일: 투자자가 알아야 할 정보 (2026-05-20) | Mizuho Financial Group Inc (MFG) 주식 움직였습니다 상승 3.40%에 5월19일: 전체 분석 (2026-05-20),"yahoo_daily, fast_quote, news:google_news, flow:no_code",0.0,0.0,중립,2026-05-19 21:07:50 PDT,8,관망 · 악재 뉴스: BlackRock Inc (BLK) 주식 움직였습니다 하락 3.21%에 5월19일: 투자자가 알아야 할 정보 (2,선행 신호 대기,놓침 위험 낮음,시장 방어장 · 신규 매수는 작게,급변 신호 없음,"금융 흐름 · 평균 -0.85% · 거래량 1.1배 · 대표 Wells Fargo, Bank of America, JPMorgan Chase",방어장 · 평균 -0.75% · 하락비중 66% · 현금 비중 높게,수급 확인 불가,대표 테마 연결 대기,기준 현재가 296 · 손절 참고 287 · 1차 익절 참고 308,"최대 호재: 금리 수혜, 주주환원, 배당 확대, 자사주 / 최대 악재: PF 손실, 충당금, 연체율, 규제",악재 영향 예상: -3.0~-4.5% (282.39 USD 부근까지 경계) · 회복 기준 301.61 USD 돌파,"악재 뉴스: BlackRock Inc (BLK) 주식 움직였습니다 하락 3.21%에 5월19일: 투자자가 알아야 할 정보 (2026-05-20) · 최대 호재: 금리 수혜, 주주환원, 배당 확대, 자사주 / 최대 악재: PF 손실, 충당금, 연체율, 규제"
Salesforce,CRM,ok,미장,해당 없음,0.0,0.0,0.0,,,0,해당 없음,0.0,0.0,,,,0.0,0.0,,,0.0,,0.0,대기,,AI 관망,4,지금은 확실한 우위가 부족합니다.,미장/소프트웨어,보류,대기,매매 근거 부족,0,14.0,0.0,12.0,0.0,0.0,2.0,15.0,False,False,중립장,11.0,179.42,179.42,fast_quote,calculated,0.0,-0.03,3.08,1.41,1.41,True,3140226749.0,48.5,False,4.21,일반 모멘텀,거래량 증가(1.4x),"뉴스 호재 강도 약함, 뉴스 리스크: 약한 호재: 상승 / 악재: 하락",수급 확인 불가,no_code,0.0,0.0,약한 호재: 상승 / 악재: 하락,google_news,악재 뉴스: Salesforce Inc (CRM) 주식 시작했습니다 상승 3.66%에 5월19일: 핵심 원인 공개 (2026-05-19),weak,Salesforce Inc (CRM) 주식 시작했습니다 상승 3.66%에 5월19일: 핵심 원인 공개 (2026-05-19) | 세일즈포스(CRM)는 1년간 37% 주가 하락 후에도 가치를 제공할까요? - simplywall.st (2026-05-19),"yahoo_daily, fast_quote, news:google_news, flow:no_code",0.0,0.0,중립,2026-05-19 21:07:50 PDT,19,관망 · 거래량 1.4배 · 추격 부담 낮음 · 악재 뉴스: Salesforce Inc (CRM) 주식 시작했습니다 상승 3.66%에 5월19일: 핵심 원인 공개 (2026-,선행 신호 대기,놓침 위험 낮음,시장 방어장 · 신규 매수는 작게,급변 신호 없음,"소프트웨어 흐름 · 평균 -1.01% · 거래량 1.1배 · 대표 Oracle, Adobe, Salesforce",방어장 · 평균 -0.75% · 하락비중 66% · 현금 비중 높게,수급 확인 불가,대표 테마 연결 대기,기준 현재가 179 · 손절 참고 172 · 1차 익절 참고 189,"최대 호재: 수주, 계약, 실적 개선, 정책 수혜 / 최대 악재: 실적 부진, 규제, 원가 상승, 수요 둔화",악재 영향 예상: -3.0~-5.3% (169.85 USD 부근까지 경계) · 회복 기준 183.01 USD 돌파,"악재 뉴스: Salesforce Inc (CRM) 주식 시작했습니다 상승 3.66%에 5월19일: 핵심 원인 공개 (2026-05-19) · 최대 호재: 수주, 계약, 실적 개선, 정책 수혜 / 최대 악재: 실적 부진, 규제, 원가 상승, 수요 둔화"
Qualcomm,QCOM,ok,미장,해당 없음,0.0,0.0,0.0,,,0,해당 없음,0.0,0.0,,,,0.0,0.0,,,0.0,,0.0,대기,,AI 관망,0,지금은 확실한 우위가 부족합니다.,미장/반도체,보류,🚫 제외,리스크 과다,0,39.0,30.0,0.0,0.0,7.0,2.0,44.0,False,False,중립장,11.0,195.61,195.61,fast_quote,calculated,0.0,-3.94,-3.33,0.64,0.67,False,3829437420.0,62.5,False,10.1,일반 모멘텀,"추세 상승, RSI 건강 구간, 뉴스 키워드: 보통 호재: 투자 / 약한 호재: 상승 / 악재: 하락","갭 하락 경계, 변동성 과다, 뉴스 리스크: 보통 호재: 투자 / 약한 호재: 상승 / 악재: 하락, 매수 확인 부족: 거래량 0.64x / 거래대금 0.67x, 리스크 44 이상으로 신규 관심 제외",수급 확인 불가,no_code,0.0,0.0,보통 호재: 투자 / 약한 호재: 상승 / 악재: 하락,google_news,악재 뉴스: Qualcomm Inc (QCOM) 주식 움직였습니다 하락 3.72%에 5월19일: 변동을 뒷받침하는 사실 (2026-05-19),medium,Qualcomm Inc (QCOM) 주식 움직였습니다 하락 3.72%에 5월19일: 변동을 뒷받침하는 사실 (2026-05-19) | Qualcomm Inc (QCOM) 주식 시작했습니다 상승 3.13%에 5월18일: 투자자가 알아야 할 정보 (2026-05-18),"yahoo_daily, fast_quote, news:google_news, flow:no_code",0.0,0.0,중립,2026-05-19 21:07:50 PDT,0,관망 · 악재 뉴스: Qualcomm Inc (QCOM) 주식 움직였습니다 하락 3.72%에 5월19일: 변동을 뒷받침하는 사실 (20,선행 신호 대기,놓침 위험 낮음,시장 방어장 · 신규 매수는 작게,급변 신호 없음,"반도체 흐름 · 평균 -0.98% · 거래량 0.8배 · 대표 Broadcom, Intel, Texas Instruments",방어장 · 평균 -0.75% · 하락비중 66% · 현금 비중 높게,수급 확인 불가,AI/반도체 → 전력 → 냉각 → 데이터센터 → 광통신,기준 현재가 196 · 손절 참고 176 · 1차 익절 참고 220,"최대 호재: HBM 수주, 엔비디아 공급, 장비 발주, 수율 개선 / 최대 악재: 어닝 쇼크, 컨센서스 하회, 수출 통제, 재고 급증",악재 영향 예상: -8.0~-14.5% (167.16 USD 부근까지 경계) · 회복 기준 204.50 USD 돌파,"악재 뉴스: Qualcomm Inc (QCOM) 주식 움직였습니다 하락 3.72%에 5월19일: 변동을 뒷받침하는 사실 (2026-05-19) · 최대 호재: HBM 수주, 엔비디아 공급, 장비 발주, 수율 개선 / 최대 악재: 어닝 쇼크, 컨센서스 하회, 수출 통제, 재고 급증"
Super Micro Computer,SMCI,ok,미장,해당 없음,0.0,0.0,0.0,,,0,해당 없음,0.0,0.0,,,,0.0,0.0,,,0.0,,0.0,대기,,AI 관망,0,지금은 확실한 우위가 부족합니다.,미장/AI서버,보류,🚫 제외,리스크 과다,0,32.0,30.0,0.0,0.0,0.0,2.0,41.0,False,False,중립장,11.0,30.56,30.56,fast_quote,calculated,0.0,-0.94,-1.88,0.6,0.59,False,707188947.0,61.3,False,7.61,일반 모멘텀,"추세 상승, RSI 건강 구간","변동성 과다, 거래대금 부족, 매수 확인 부족: 거래량 0.60x / 거래대금 0.59x, 리스크 41 이상으로 신규 관심 제외",수급 확인 불가,no_code,0.0,0.0,뉴스 중립,google_news,"관련 뉴스: Super Micro SWOT 분석: 주식, 거버넌스 역풍 직면 By Investing.com - Investing.com 한국어 (2026-05-20)",none,"Super Micro SWOT 분석: 주식, 거버넌스 역풍 직면 By Investing.com - Investing.com 한국어 (2026-05-20) | 최근의 AI 분위기 변화 이후 슈퍼마이크로컴퓨터(SMCI)를 재고해야 할 때인가요? - simplywall.st (2026-05-20)","yahoo_daily, fast_quote, news:google_news, flow:no_code",,,섹터 확인 부족,2026-05-19 21:07:50 PDT,0,"관망 · 추격 부담 낮음 · 관련 뉴스: Super Micro SWOT 분석: 주식, 거버넌스 역풍 직면 By Investing.com - Investin",선행 신호 대기,놓침 위험 낮음,시장 방어장 · 신규 매수는 작게,급변 신호 없음,AI서버 흐름 · 평균 -0.94% · 거래량 0.6배 · 대표 Super Micro Computer,방어장 · 평균 -0.75% · 하락비중 66% · 현금 비중 높게,수급 확인 불가,대표 테마 연결 대기,기준 현재가 31 · 손절 참고 28 · 1차 익절 참고 33,"최대 호재: 수주, 계약, 실적 개선, 정책 수혜 / 최대 악재: 실적 부진, 규제, 원가 상승, 수요 둔화",뉴스 영향 예상: 방향성 약함 · 가격/거래량 확인 우선,"관련 뉴스: Super Micro SWOT 분석: 주식, 거버넌스 역풍 직면 By Investing.com - Investing.com 한국어 (2026-05-20) · 최대 호재: 수주, 계약, 실적 개선, 정책 수혜 / 최대 악재: 실적 부진, 규제, 원가 상승, 수요 둔화"
Palantir,PLTR,ok,미장,해당 없음,0.0,0.0,0.0,,,0,해당 없음,0.0,0.0,,,,0.0,0.0,,,0.0,,0.0,대기,,AI 관망,0,지금은 확실한 우위가 부족합니다.,미장/AI소프트웨어,보류,대기,매매 근거 부족,0,15.0,6.0,0.0,0.0,7.0,2.0,15.0,False,False,중립장,11.0,135.26,135.26,fast_quote,calculated,0.0,0.09,0.02,0.68,0.67,False,4017397674.0,46.4,False,4.15,일반 모멘텀,"건전한 갭 상승, 뉴스 키워드: 강한 호재: 계약 / 악재: 하락","뉴스 리스크: 강한 호재: 계약 / 악재: 하락, 매수 확인 부족: 거래량 0.68x / 거래대금 0.67x",수급 확인 불가,no_code,0.0,0.0,강한 호재: 계약 / 악재: 하락,google_news,"악재 뉴스: 트럼프, 팔란티어 매수 뒤 홍보 논란…부통령 ""직접 매매 아니다"" 반박 (2026-05-20)",strong,"트럼프, 팔란티어 매수 뒤 홍보 논란…부통령 ""직접 매매 아니다"" 반박 (2026-05-20) | 트럼프 PLTR 개인 매매와 방산 계약, 팔란티어 리스크 재조명 - simplywall.st (2026-05-19)","yahoo_daily, fast_quote, news:google_news, flow:no_code",,,섹터 확인 부족,2026-05-19 21:07:50 PDT,29,"관망 · 추격 부담 낮음 · 악재 뉴스: 트럼프, 팔란티어 매수 뒤 홍보 논란…부통령 ""직접 매매 아니다"" 반박 (2026-05-20)",선행 신호 대기,놓침 위험 낮음,시장 방어장 · 신규 매수는 작게,급변 신호 없음,AI소프트웨어 흐름 · 평균 +0.09% · 거래량 0.7배 · 대표 Palantir,방어장 · 평균 -0.75% · 하락비중 66% · 현금 비중 높게,수급 확인 불가,대표 테마 연결 대기,기준 현재가 135 · 손절 참고 130 · 1차 익절 참고 142,섹터 최대 호재: 계약,악재 영향 예상: -3.0~-4.8% (128.80 USD 부근까지 경계) · 회복 기준 137.97 USD 돌파,"악재 뉴스: 트럼프, 팔란티어 매수 뒤 홍보 논란…부통령 ""직접 매매 아니다"" 반박 (2026-05-20) · 섹터 최대 호재: 계약"
Shopify US,SHOP,ok,미장,해당 없음,0.0,0.0,0.0,,,0,해당 없음,0.0,0.0,,,,0.0,0.0,,,0.0,,0.0,대기,,AI 관망,0,지금은 확실한 우위가 부족합니다.,미장/이커머스,보류,🚫 제외,리스크 과다,0,16.0,6.0,0.0,0.0,8.0,2.0,36.0,False,False,중립장,11.0,101.01,101.01,fast_quote,calculated,0.0,-1.35,0.57,0.86,0.8,True,1182887731.0,33.1,False,6.34,일반 모멘텀,"건전한 갭 상승, 뉴스 키워드: 보통 호재: 실적, 투자 / 악재: 하락","변동성 과다, 뉴스 리스크: 보통 호재: 실적, 투자 / 악재: 하락, 리스크 30 이상으로 신규 관심 제외, 미장/이커머스 섹터 약세",수급 확인 불가,no_code,0.0,0.0,"보통 호재: 실적, 투자 / 악재: 하락",google_news,악재 뉴스: Shopify Inc (SHOP) 주식 움직였습니다 하락 3.68%에 5월13일: 변동을 뒷받침하는 사실 (2026-05-13),medium,Shopify Inc (SHOP) 주식 움직였습니다 하락 3.68%에 5월13일: 변동을 뒷받침하는 사실 (2026-05-13) | Shopify Inc. 수익이 애널리스트 예상치를 하회했습니다: 현재 애널리스트가 예측하는 실적은 다음과 같습니다. - simplywall.st (2026-05-07),"yahoo_daily, fast_quote, news:google_news, flow:no_code",0.0,6.0,미장/이커머스 섹터 약세,2026-05-19 21:07:50 PDT,0,관망 · 악재 뉴스: Shopify Inc (SHOP) 주식 움직였습니다 하락 3.68%에 5월13일: 변동을 뒷받침하는 사실 (202,선행 신호 대기,놓침 위험 낮음,시장 방어장 · 신규 매수는 작게,급변 신호 없음,"이커머스 흐름 · 평균 -1.72% · 거래량 0.9배 · 대표 Amazon, Shopify US",방어장 · 평균 -0.75% · 하락비중 66% · 현금 비중 높게,수급 확인 불가,대표 테마 연결 대기,기준 현재가 101 · 손절 참고 95 · 1차 익절 참고 109,"최대 호재: 수주, 계약, 실적 개선, 정책 수혜 / 최대 악재: 실적 부진, 규제, 원가 상승, 수요 둔화",악재 영향 예상: -4.7~-8.6% (92.30 USD 부근까지 경계) · 회복 기준 103.89 USD 돌파,"악재 뉴스: Shopify Inc (SHOP) 주식 움직였습니다 하락 3.68%에 5월13일: 변동을 뒷받침하는 사실 (2026-05-13) · 최대 호재: 수주, 계약, 실적 개선, 정책 수혜 / 최대 악재: 실적 부진, 규제, 원가 상승, 수요 둔화"
Uber,UBER,ok,미장,해당 없음,0.0,0.0,0.0,,,0,해당 없음,0.0,0.0,,,,0.0,0.0,,,0.0,,0.0,대기,,AI 관망,12,지금은 확실한 우위가 부족합니다.,미장/모빌리티,보류,대기,매매 근거 부족,0,8.0,6.0,0.0,0.0,0.0,2.0,11.0,False,False,중립장,11.0,74.09,74.09,fast_quote,calculated,0.0,-1.32,0.55,0.99,0.97,True,1288884394.0,48.9,False,3.48,일반 모멘텀,건전한 갭 상승,-,수급 확인 불가,no_code,0.0,0.0,뉴스 중립,google_news,"관련 뉴스: 우버, 배민 모회사 DH 최대주주 등극… 지분 19.5% 취득 (2026-05-20)",none,"우버, 배민 모회사 DH 최대주주 등극… 지분 19.5% 취득 (2026-05-20) | 우버, 배달의민족 모회사 DH 최대주주 됐다…네이버 컨소시엄 가능성 주목 (2026-05-19)","yahoo_daily, fast_quote, news:google_news, flow:no_code",,,섹터 확인 부족,2026-05-19 21:07:50 PDT,20,"관망 · 관련 뉴스: 우버, 배민 모회사 DH 최대주주 등극… 지분 19.5% 취득 (2026-05-20)",선행 신호 대기,놓침 위험 낮음,시장 방어장 · 신규 매수는 작게,급변 신호 없음,모빌리티 흐름 · 평균 -1.32% · 거래량 1.0배 · 대표 Uber,방어장 · 평균 -0.75% · 하락비중 66% · 현금 비중 높게,수급 확인 불가,대표 테마 연결 대기,기준 현재가 74 · 손절 참고 72 · 1차 익절 참고 77,"최대 호재: 수주, 계약, 실적 개선, 정책 수혜 / 최대 악재: 실적 부진, 규제, 원가 상승, 수요 둔화",뉴스 영향 예상: 방향성 약함 · 가격/거래량 확인 우선,"관련 뉴스: 우버, 배민 모회사 DH 최대주주 등극… 지분 19.5% 취득 (2026-05-20) · 최대 호재: 수주, 계약, 실적 개선, 정책 수혜 / 최대 악재: 실적 부진, 규제, 원가 상승, 수요 둔화"
Airbnb,ABNB,ok,미장,해당 없음,0.0,0.0,0.0,,,0,해당 없음,0.0,0.0,,,,0.0,0.0,,,0.0,,0.0,대기,,AI 관망,0,지금은 확실한 우위가 부족합니다.,미장/여행,보류,🚫 제외,리스크 과다,0,2.0,0.0,0.0,0.0,0.0,2.0,26.0,False,False,중립장,11.0,131.16,131.16,fast_quote,calculated,0.0,-2.34,-0.92,0.98,0.93,True,494460097.0,28.7,False,3.52,일반 모멘텀,-,"거래대금 부족, 리스크 26 이상으로 신규 관심 제외",수급 확인 불가,no_code,0.0,0.0,뉴스 중립,google_news,관련 뉴스: 최근 주가 약세와 성장 기대감 이후 에어비앤비(ABNB)에 대한 재평가 - simplywall.st (2026-05-17),none,"최근 주가 약세와 성장 기대감 이후 에어비앤비(ABNB)에 대한 재평가 - simplywall.st (2026-05-17) | 에어비앤비, AI 효율화와 글로벌 스포츠 후원으로 비즈니스 재편 - simplywall.st (2026-05-14)","yahoo_daily, fast_quote, news:google_news, flow:no_code",,,섹터 확인 부족,2026-05-19 21:07:50 PDT,1,관망 · 관련 뉴스: 최근 주가 약세와 성장 기대감 이후 에어비앤비(ABNB)에 대한 재평가 - simplywall.st (2026-0,선행 신호 대기,놓침 위험 낮음,시장 방어장 · 신규 매수는 작게,급변 신호 없음,여행 흐름 · 평균 -2.34% · 거래량 1.0배 · 대표 Airbnb,방어장 · 평균 -0.75% · 하락비중 66% · 현금 비중 높게,수급 확인 불가,대표 테마 연결 대기,기준 현재가 131 · 손절 참고 127 · 1차 익절 참고 137,"최대 호재: 수주, 계약, 실적 개선, 정책 수혜 / 최대 악재: 실적 부진, 규제, 원가 상승, 수요 둔화",뉴스 영향 예상: 방향성 약함 · 가격/거래량 확인 우선,"관련 뉴스: 최근 주가 약세와 성장 기대감 이후 에어비앤비(ABNB)에 대한 재평가 - simplywall.st (2026-05-17) · 최대 호재: 수주, 계약, 실적 개선, 정책 수혜 / 최대 악재: 실적 부진, 규제, 원가 상승, 수요 둔화"
DoorDash,DASH,ok,미장,해당 없음,0.0,0.0,0.0,,,0,해당 없음,0.0,0.0,,,,0.0,0.0,,,0.0,,0.0,대기,,AI 관망,0,지금은 확실한 우위가 부족합니다.,미장/플랫폼,보류,🚫 제외,리스크 과다,0,6.0,0.0,0.0,0.0,4.0,2.0,30.0,False,False,중립장,11.0,154.65,154.65,fast_quote,calculated,0.0,-4.93,-0.88,1.21,1.13,True,938648137.0,39.0,False,5.11,일반 모멘텀,뉴스 키워드: 보통 호재: 실적 / 악재: 하락,"거래대금 부족, 뉴스 리스크: 보통 호재: 실적 / 악재: 하락, 리스크 30 이상으로 신규 관심 제외",수급 확인 불가,no_code,0.0,0.0,보통 호재: 실적 / 악재: 하락,google_news,악재 뉴스: 도어대시(DASH) 1분기 호실적과 어반아웃피터스 제휴 이후 밸류에이션 괴리 점검 - simplywall.st (2026-05-19),medium,도어대시(DASH) 1분기 호실적과 어반아웃피터스 제휴 이후 밸류에이션 괴리 점검 - simplywall.st (2026-05-19) | DoorDash Stock Down 46% From Its 52-Week High: Can Strong Q1 Results Drive a Recovery? - TIKR.com (2026-05-16),"yahoo_daily, fast_quote, news:google_news, flow:no_code",,,섹터 확인 부족,2026-05-19 21:07:50 PDT,1,관망 · 거래량 1.2배 · 악재 뉴스: 도어대시(DASH) 1분기 호실적과 어반아웃피터스 제휴 이후 밸류에이션 괴리 점검 - simplywall.st (,선행 신호 대기,놓침 위험 낮음,시장 방어장 · 신규 매수는 작게,급변 신호 없음,플랫폼 흐름 · 평균 -4.93% · 거래량 1.2배 · 대표 DoorDash,방어장 · 평균 -0.75% · 하락비중 66% · 현금 비중 높게,수급 확인 불가,대표 테마 연결 대기,기준 현재가 155 · 손절 참고 147 · 1차 익절 참고 165,"최대 호재: 수주, 계약, 실적 개선, 정책 수혜 / 최대 악재: 실적 부진, 규제, 원가 상승, 수요 둔화",악재 영향 예상: -3.8~-6.9% (143.99 USD 부근까지 경계) · 회복 기준 158.21 USD 돌파,"악재 뉴스: 도어대시(DASH) 1분기 호실적과 어반아웃피터스 제휴 이후 밸류에이션 괴리 점검 - simplywall.st (2026-05-19) · 최대 호재: 수주, 계약, 실적 개선, 정책 수혜 / 최대 악재: 실적 부진, 규제, 원가 상승, 수요 둔화"
Robinhood,HOOD,ok,미장,해당 없음,0.0,0.0,0.0,,,0,해당 없음,0.0,0.0,,,,0.0,0.0,,,0.0,,0.0,대기,,AI 관망,0,지금은 확실한 우위가 부족합니다.,미장/증권,보류,대기,매매 근거 부족,0,19.0,10.0,0.0,0.0,7.0,2.0,23.0,False,False,중립장,11.0,74.16,74.16,fast_quote,calculated,0.0,-3.88,-1.3,0.76,0.73,False,1513924562.0,55.0,False,5.33,일반 모멘텀,"RSI 건강 구간, 뉴스 키워드: 보통 호재: 투자 / 약한 호재: 확대 / 악재: 매각","뉴스 리스크: 보통 호재: 투자 / 약한 호재: 확대 / 악재: 매각, 매수 확인 부족: 거래량 0.76x / 거래대금 0.73x, 미장/증권 섹터 약세",수급 확인 불가,no_code,0.0,0.0,보통 호재: 투자 / 약한 호재: 확대 / 악재: 매각,google_news,악재 뉴스: Robinhood의 SWOT 분석: 예측 시장 확대로 주가 항해 - Investing.com 한국어 (2026-05-20),medium,"Robinhood의 SWOT 분석: 예측 시장 확대로 주가 항해 - Investing.com 한국어 (2026-05-20) | Robinhood CFO 시브 베르마, 회사 주식 42만 달러 매각 - Investing.com 한국어 (2026-05-20)","yahoo_daily, fast_quote, news:google_news, flow:no_code",0.0,6.0,미장/증권 섹터 약세,2026-05-19 21:07:50 PDT,5,관망 · 악재 뉴스: Robinhood의 SWOT 분석: 예측 시장 확대로 주가 항해 - Investing.com 한국어 (2026-0,선행 신호 대기,놓침 위험 낮음,시장 방어장 · 신규 매수는 작게,급변 신호 없음,"증권 흐름 · 평균 -1.99% · 거래량 1.0배 · 대표 Goldman Sachs, Morgan Stanley, Charles Schwab",방어장 · 평균 -0.75% · 하락비중 66% · 현금 비중 높게,수급 확인 불가,대표 테마 연결 대기,기준 현재가 74 · 손절 참고 70 · 1차 익절 참고 79,"최대 호재: 거래대금 증가, 금리 인하, IB 회복, 자사주 / 최대 악재: 부동산PF 손실, 충당금, 순매도, IB 부진",악재 영향 예상: -3.6~-6.6% (69.30 USD 부근까지 경계) · 회복 기준 75.94 USD 돌파,"악재 뉴스: Robinhood의 SWOT 분석: 예측 시장 확대로 주가 항해 - Investing.com 한국어 (2026-05-20) · 최대 호재: 거래대금 증가, 금리 인하, IB 회복, 자사주 / 최대 악재: 부동산PF 손실, 충당금, 순매도, IB 부진"
Block,XYZ,ok,미장,해당 없음,0.0,0.0,0.0,,,0,해당 없음,0.0,0.0,,,,0.0,0.0,,,0.0,,0.0,대기,,AI 관망,4,지금은 확실한 우위가 부족합니다.,미장/핀테크,보류,🚫 제외,리스크 과다,0,8.0,6.0,0.0,0.0,0.0,2.0,26.0,False,False,중립장,11.0,69.17,69.17,fast_quote,calculated,0.0,-2.07,0.31,1.05,1.02,True,395783812.0,49.2,False,3.81,일반 모멘텀,건전한 갭 상승,"거래대금 부족, 리스크 26 이상으로 신규 관심 제외",수급 확인 불가,no_code,0.0,0.0,뉴스 중립,google_news,"관련 뉴스: 로블록스, 상장 후 첫 자사주 매입…시간외 '강세' (2026-05-20)",none,"로블록스, 상장 후 첫 자사주 매입…시간외 '강세' (2026-05-20) | 두산로보틱스, 5300억 PRS 블록딜 (2026-05-19)","yahoo_daily, fast_quote, news:google_news, flow:no_code",0.0,0.0,중립,2026-05-19 21:07:50 PDT,7,"관망 · 관련 뉴스: 로블록스, 상장 후 첫 자사주 매입…시간외 '강세' (2026-05-20)",선행 신호 대기,놓침 위험 낮음,시장 방어장 · 신규 매수는 작게,급변 신호 없음,"핀테크 흐름 · 평균 -1.25% · 거래량 0.9배 · 대표 Affirm, Block, PayPal",방어장 · 평균 -0.75% · 하락비중 66% · 현금 비중 높게,수급 확인 불가,대표 테마 연결 대기,기준 현재가 69 · 손절 참고 67 · 1차 익절 참고 72,"최대 호재: 수주, 계약, 실적 개선, 정책 수혜 / 최대 악재: 실적 부진, 규제, 원가 상승, 수요 둔화",뉴스 영향 예상: 방향성 약함 · 가격/거래량 확인 우선,"관련 뉴스: 로블록스, 상장 후 첫 자사주 매입…시간외 '강세' (2026-05-20) · 최대 호재: 수주, 계약, 실적 개선, 정책 수혜 / 최대 악재: 실적 부진, 규제, 원가 상승, 수요 둔화"
PayPal,PYPL,ok,미장,해당 없음,0.0,0.0,0.0,,,0,해당 없음,0.0,0.0,,,,0.0,0.0,,,0.0,,0.0,대기,,AI 관망,0,지금은 확실한 우위가 부족합니다.,미장/핀테크,보류,🚫 제외,리스크 과다,0,2.0,0.0,0.0,0.0,0.0,2.0,31.0,False,False,중립장,11.0,43.83,43.83,fast_quote,calculated,0.0,-1.25,-0.01,0.92,0.86,True,600541153.0,7.9,False,3.26,일반 모멘텀,-,"거래대금 부족, 뉴스 리스크: 악재: 부진, 리스크 31 이상으로 신규 관심 제외",수급 확인 불가,no_code,0.0,0.0,악재: 부진,google_news,"악재 뉴스: 마이클 버리 '""메르카도리브레·어도비·페이팔 추가 매수"" (2026-05-20)",none,"마이클 버리 '""메르카도리브레·어도비·페이팔 추가 매수"" (2026-05-20) | 메사리 ""솔라나, 기관 금융·결제 인프라로 확장 중"" - 뉴스1 (2026-05-19)","yahoo_daily, fast_quote, news:google_news, flow:no_code",0.0,0.0,중립,2026-05-19 21:07:50 PDT,0,"관망 · 악재 뉴스: 마이클 버리 '""메르카도리브레·어도비·페이팔 추가 매수"" (2026-05-20)",선행 신호 대기,놓침 위험 낮음,시장 방어장 · 신규 매수는 작게,급변 신호 없음,"핀테크 흐름 · 평균 -1.25% · 거래량 0.9배 · 대표 Affirm, Block, PayPal",방어장 · 평균 -0.75% · 하락비중 66% · 현금 비중 높게,수급 확인 불가,대표 테마 연결 대기,기준 현재가 44 · 손절 참고 42 · 1차 익절 참고 46,"최대 호재: 수주, 계약, 실적 개선, 정책 수혜 / 최대 악재: 실적 부진, 규제, 원가 상승, 수요 둔화",악재 영향 예상: -3.0~-4.5% (41.86 USD 부근까지 경계) · 회복 기준 44.71 USD 돌파,"악재 뉴스: 마이클 버리 '""메르카도리브레·어도비·페이팔 추가 매수"" (2026-05-20) · 최대 호재: 수주, 계약, 실적 개선, 정책 수혜 / 최대 악재: 실적 부진, 규제, 원가 상승, 수요 둔화"
SoFi,SOFI,ok,미장,해당 없음,0.0,0.0,0.0,,,0,해당 없음,0.0,0.0,,,,0.0,0.0,,,0.0,,0.0,대기,,AI 관망,0,지금은 확실한 우위가 부족합니다.,미장/핀테크,보류,🚫 제외,리스크 과다,0,2.0,0.0,0.0,0.0,0.0,2.0,44.0,False,False,중립장,11.0,15.23,15.23,fast_quote,calculated,0.0,-3.06,-0.67,0.93,0.87,True,968522883.0,47.2,False,4.57,일반 모멘텀,-,"거래대금 부족, 뉴스 리스크: 악재: 하락, 감소, 리스크 44 이상으로 신규 관심 제외",수급 확인 불가,no_code,0.0,0.0,"악재: 하락, 감소",google_news,악재 뉴스: 올해 급격한 주가 하락 이후 소파이 테크놀로지스(SOFI)를 재고하기에는 너무 이르나요? - simplywall.st (2026-05-20),none,올해 급격한 주가 하락 이후 소파이 테크놀로지스(SOFI)를 재고하기에는 너무 이르나요? - simplywall.st (2026-05-20) | SoFi 주가의 최근 하락을 촉발한 요인 (2026-05-20),"yahoo_daily, fast_quote, news:google_news, flow:no_code",0.0,0.0,중립,2026-05-19 21:07:50 PDT,0,관망 · 악재 뉴스: 올해 급격한 주가 하락 이후 소파이 테크놀로지스(SOFI)를 재고하기에는 너무 이르나요? - simplywall.,선행 신호 대기,놓침 위험 낮음,시장 방어장 · 신규 매수는 작게,급변 신호 없음,"핀테크 흐름 · 평균 -1.25% · 거래량 0.9배 · 대표 Affirm, Block, PayPal",방어장 · 평균 -0.75% · 하락비중 66% · 현금 비중 높게,수급 확인 불가,대표 테마 연결 대기,기준 현재가 15 · 손절 참고 15 · 1차 익절 참고 16,"최대 호재: 수주, 계약, 실적 개선, 정책 수혜 / 최대 악재: 실적 부진, 규제, 원가 상승, 수요 둔화",악재 영향 예상: -3.6~-6.6% (14.23 USD 부근까지 경계) · 회복 기준 15.54 USD 돌파,"악재 뉴스: 올해 급격한 주가 하락 이후 소파이 테크놀로지스(SOFI)를 재고하기에는 너무 이르나요? - simplywall.st (2026-05-20) · 최대 호재: 수주, 계약, 실적 개선, 정책 수혜 / 최대 악재: 실적 부진, 규제, 원가 상승, 수요 둔화"
Disney,DIS,ok,미장,해당 없음,0.0,0.0,0.0,,,0,해당 없음,0.0,0.0,,,,0.0,0.0,,,0.0,,0.0,대기,,AI 관망,0,지금은 확실한 우위가 부족합니다.,미장/콘텐츠,보류,🚫 제외,리스크 과다,0,12.0,10.0,0.0,0.0,0.0,2.0,32.0,False,False,중립장,11.0,102.29,102.29,fast_quote,calculated,0.0,-1.56,-0.19,0.78,0.77,False,718822523.0,51.9,False,2.78,일반 모멘텀,RSI 건강 구간,"거래대금 부족, 뉴스 리스크: 악재: 소송, 매수 확인 부족: 거래량 0.78x / 거래대금 0.77x, 리스크 32 이상으로 신규 관심 제외",수급 확인 불가,no_code,0.0,0.0,악재: 소송,google_news,악재 뉴스: 월트 디즈니 (DIS)의 강세 사례는 2 분기 호조와 공격적인 환매로 바뀔 수 있습니다 - 그 이유를 알아보십시오. - simplywall.st (2026-05-19),none,"월트 디즈니 (DIS)의 강세 사례는 2 분기 호조와 공격적인 환매로 바뀔 수 있습니다 - 그 이유를 알아보십시오. - simplywall.st (2026-05-19) | 지오스타의 지 엔터테인먼트 소송, 디즈니 인도 성장성 시험대 - simplywall.st (2026-05-17)","yahoo_daily, fast_quote, news:google_news, flow:no_code",0.0,0.0,중립,2026-05-19 21:07:50 PDT,0,관망 · 악재 뉴스: 월트 디즈니 (DIS)의 강세 사례는 2 분기 호조와 공격적인 환매로 바뀔 수 있습니다 - 그 이유를 알아보십시오,선행 신호 대기,놓침 위험 낮음,중대 리스크 · 악재 뉴스 우선 확인,급변 신호 없음,"콘텐츠 흐름 · 평균 -0.96% · 거래량 0.9배 · 대표 Netflix, Disney",방어장 · 평균 -0.75% · 하락비중 66% · 현금 비중 높게,수급 확인 불가,대표 테마 연결 대기,기준 현재가 102 · 손절 참고 99 · 1차 익절 참고 106,"최대 호재: 수주, 계약, 실적 개선, 정책 수혜 / 최대 악재: 실적 부진, 규제, 원가 상승, 수요 둔화",악재 영향 예상: -3.0~-4.5% (97.69 USD 부근까지 경계) · 회복 기준 104.34 USD 돌파,"악재 뉴스: 월트 디즈니 (DIS)의 강세 사례는 2 분기 호조와 공격적인 환매로 바뀔 수 있습니다 - 그 이유를 알아보십시오. - simplywall.st (2026-05-19) · 최대 호재: 수주, 계약, 실적 개선, 정책 수혜 / 최대 악재: 실적 부진, 규제, 원가 상승, 수요 둔화"
Nike,NKE,ok,미장,해당 없음,0.0,0.0,0.0,,,0,해당 없음,0.0,0.0,,,,0.0,0.0,,,0.0,,0.0,대기,,AI 관망,0,지금은 확실한 우위가 부족합니다.,미장/소비재,보류,🚫 제외,리스크 과다,0,18.0,16.0,0.0,0.0,0.0,2.0,30.0,False,False,중립장,11.0,42.42,42.42,fast_quote,calculated,0.0,-0.35,0.07,1.19,1.16,True,972397860.0,33.9,True,2.41,일반 모멘텀,"MACD 상승, 건전한 갭 상승","거래대금 부족, 뉴스 리스크: 악재: 하락, 리스크 30 이상으로 신규 관심 제외",수급 확인 불가,no_code,0.0,0.0,악재: 하락,google_news,악재 뉴스: 해외주식 양도세 100% 면제 'D-2주'…RIA계좌 잔고 2조 육박 - supple.kr (2026-05-19),none,해외주식 양도세 100% 면제 'D-2주'…RIA계좌 잔고 2조 육박 - supple.kr (2026-05-19) | Ferguson Enterprises Inc (FERG) 주식 움직였습니다 하락 3.65%에 5월15일: 어떤 신호인가요? (2026-05-16),"yahoo_daily, fast_quote, news:google_news, flow:no_code",,,섹터 확인 부족,2026-05-19 21:07:50 PDT,0,관망 · 추격 부담 낮음 · 악재 뉴스: 해외주식 양도세 100% 면제 'D-2주'…RIA계좌 잔고 2조 육박 - supple.kr (2026-05-19),선행 신호 대기,놓침 위험 낮음,시장 방어장 · 신규 매수는 작게,급변 신호 없음,소비재 흐름 · 평균 -0.35% · 거래량 1.2배 · 대표 Nike,방어장 · 평균 -0.75% · 하락비중 66% · 현금 비중 높게,수급 확인 불가,대표 테마 연결 대기,기준 현재가 42 · 손절 참고 41 · 1차 익절 참고 44,"최대 호재: 수주, 계약, 실적 개선, 정책 수혜 / 최대 악재: 실적 부진, 규제, 원가 상승, 수요 둔화",악재 영향 예상: -3.0~-4.5% (40.51 USD 부근까지 경계) · 회복 기준 43.27 USD 돌파,"악재 뉴스: 해외주식 양도세 100% 면제 'D-2주'…RIA계좌 잔고 2조 육박 - supple.kr (2026-05-19) · 최대 호재: 수주, 계약, 실적 개선, 정책 수혜 / 최대 악재: 실적 부진, 규제, 원가 상승, 수요 둔화"
McDonald's,MCD,ok,미장,해당 없음,0.0,0.0,0.0,,,0,해당 없음,0.0,0.0,,,,0.0,0.0,,,0.0,,0.0,대기,,AI 관망,0,지금은 확실한 우위가 부족합니다.,미장/외식,보류,대기,매매 근거 부족,0,18.0,16.0,0.0,0.0,0.0,2.0,19.0,False,False,중립장,11.0,280.8,280.8,fast_quote,calculated,0.0,-0.59,0.33,0.97,0.95,True,1146899470.0,37.0,True,2.1,일반 모멘텀,"MACD 상승, 건전한 갭 상승",뉴스 리스크: 악재: 하락,수급 확인 불가,no_code,0.0,0.0,악재: 하락,google_news,"악재 뉴스: UBS, McDonald’s 매수 등급 재확인: 가치 강점 언급 By Investing.com - Investing.com 한국어 (2026-05-19)",none,"UBS, McDonald’s 매수 등급 재확인: 가치 강점 언급 By Investing.com - Investing.com 한국어 (2026-05-19) | 맥도날드(MCD)의 시카고 파이어 스타디움 딜은 브랜드와 성장 스토리를 재구성했을까요? - simplywall.st (2026-05-18)","yahoo_daily, fast_quote, news:google_news, flow:no_code",0.0,0.0,중립,2026-05-19 21:07:50 PDT,0,"관망 · 추격 부담 낮음 · 악재 뉴스: UBS, McDonald’s 매수 등급 재확인: 가치 강점 언급 By Investing.com - Investin",선행 신호 대기,놓침 위험 낮음,시장 방어장 · 신규 매수는 작게,급변 신호 없음,"외식 흐름 · 평균 -0.40% · 거래량 0.8배 · 대표 Starbucks, McDonald's",방어장 · 평균 -0.75% · 하락비중 66% · 현금 비중 높게,수급 확인 불가,대표 테마 연결 대기,기준 현재가 281 · 손절 참고 272 · 1차 익절 참고 292,"최대 호재: 수주, 계약, 실적 개선, 정책 수혜 / 최대 악재: 실적 부진, 규제, 원가 상승, 수요 둔화",악재 영향 예상: -3.0~-4.5% (268.16 USD 부근까지 경계) · 회복 기준 286.42 USD 돌파,"악재 뉴스: UBS, McDonald’s 매수 등급 재확인: 가치 강점 언급 By Investing.com - Investing.com 한국어 (2026-05-19) · 최대 호재: 수주, 계약, 실적 개선, 정책 수혜 / 최대 악재: 실적 부진, 규제, 원가 상승, 수요 둔화"
Procter & Gamble,PG,ok,미장,해당 없음,0.0,0.0,0.0,,,0,해당 없음,0.0,0.0,,,,0.0,0.0,,,0.0,,0.0,대기,,AI 관망,0,지금은 확실한 우위가 부족합니다.,미장/필수소비재,보류,대기,매매 근거 부족,0,8.0,6.0,0.0,0.0,0.0,2.0,15.0,False,False,중립장,11.0,141.3,141.3,fast_quote,calculated,0.0,-0.77,0.06,0.97,0.94,True,1180123495.0,37.2,False,2.03,일반 모멘텀,건전한 갭 상승,뉴스 리스크: 악재: 하락,수급 확인 불가,no_code,0.0,0.0,악재: 하락,google_news,"악재 뉴스: 프로터앤갬블(PG) 주가 조정 이후 가치 평가, 고평가와 저평가 시그널이 엇갈리는 이유 - simplywall.st (2026-05-19)",none,"프로터앤갬블(PG) 주가 조정 이후 가치 평가, 고평가와 저평가 시그널이 엇갈리는 이유 - simplywall.st (2026-05-19) | 네이티브의 보바에서 영감을 받은 출시가 프록터앤갬블(PG)의 뷰티 플레이북에 미묘한 변화를 가져올까요? - simplywall.st (2026-05-19)","yahoo_daily, fast_quote, news:google_news, flow:no_code",0.0,0.0,중립,2026-05-19 21:07:50 PDT,8,"관망 · 추격 부담 낮음 · 악재 뉴스: 프로터앤갬블(PG) 주가 조정 이후 가치 평가, 고평가와 저평가 시그널이 엇갈리는 이유 - simplywall.s",선행 신호 대기,놓침 위험 낮음,시장 방어장 · 신규 매수는 작게,급변 신호 없음,"필수소비재 흐름 · 평균 +0.33% · 거래량 1.3배 · 대표 Coca-Cola, PepsiCo, Procter & Gamble",방어장 · 평균 -0.75% · 하락비중 66% · 현금 비중 높게,수급 확인 불가,대표 테마 연결 대기,기준 현재가 141 · 손절 참고 137 · 1차 익절 참고 147,"최대 호재: 수주, 계약, 실적 개선, 정책 수혜 / 최대 악재: 실적 부진, 규제, 원가 상승, 수요 둔화",악재 영향 예상: -3.0~-4.5% (134.94 USD 부근까지 경계) · 회복 기준 144.13 USD 돌파,"악재 뉴스: 프로터앤갬블(PG) 주가 조정 이후 가치 평가, 고평가와 저평가 시그널이 엇갈리는 이유 - simplywall.st (2026-05-19) · 최대 호재: 수주, 계약, 실적 개선, 정책 수혜 / 최대 악재: 실적 부진, 규제, 원가 상승, 수요 둔화"
Merck,MRK,ok,미장,해당 없음,0.0,0.0,0.0,,,0,해당 없음,0.0,0.0,,,,0.0,0.0,,,0.0,,0.0,대기,,AI 관망,0,지금은 확실한 우위가 부족합니다.,미장/제약,보류,🚫 제외,리스크 과다,0,25.0,20.0,0.0,0.0,3.0,2.0,26.0,False,True,중립장,11.0,114.24,114.24,fast_quote,calculated,0.0,1.49,0.0,0.89,0.91,True,862557679.0,60.6,True,2.29,일반 모멘텀,"RSI 건강 구간, MACD 상승, 뉴스 키워드: 약한 호재: 상승, 확대","거래대금 부족, 뉴스 호재 강도 약함, 리스크 26 이상으로 신규 관심 제외",수급 확인 불가,no_code,0.0,0.0,"약한 호재: 상승, 확대",google_news,"호재 뉴스: Exelixis, Merck와 대장암 임상시험 협력 By Investing.com - Investing.com 한국어 (2026-05-19)",weak,"Exelixis, Merck와 대장암 임상시험 협력 By Investing.com - Investing.com 한국어 (2026-05-19) | Merck의 SWOT 분석: 강력한 파이프라인으로 주가 상승세 - Investing.com 한국어 (2026-05-19)","yahoo_daily, fast_quote, news:google_news, flow:no_code",0.0,0.0,중립,2026-05-19 21:07:50 PDT,39,"관망 · 추격 부담 낮음 · 호재 뉴스: Exelixis, Merck와 대장암 임상시험 협력 By Investing.com - Investing.com 한",선행 신호 대기,놓침 위험 낮음,시장 방어장 · 신규 매수는 작게,급변 신호 없음,"제약 흐름 · 평균 +2.06% · 거래량 1.0배 · 대표 AbbVie, Eli Lilly, Pfizer",방어장 · 평균 -0.75% · 하락비중 66% · 현금 비중 높게,수급 확인 불가,의료/제약 → 임상/승인 → 장비/소모품,기준 현재가 114 · 손절 참고 111 · 1차 익절 참고 119,"최대 호재: FDA 승인, 임상 성공, 기술수출, 신약 허가 / 최대 악재: 임상 실패, 허가 반려, 부작용, 특허 소송",호재 영향 예상: +2.0~+3.2% (117.90 USD 부근까지 시도) · 이탈 기준 111.96 USD,"호재 뉴스: Exelixis, Merck와 대장암 임상시험 협력 By Investing.com - Investing.com 한국어 (2026-05-19) · 최대 호재: FDA 승인, 임상 성공, 기술수출, 신약 허가 / 최대 악재: 임상 실패, 허가 반려, 부작용, 특허 소송"
Pfizer,PFE,ok,미장,해당 없음,0.0,0.0,0.0,,,0,해당 없음,0.0,0.0,,,,0.0,0.0,,,0.0,,0.0,대기,,AI 관망,12,지금은 확실한 우위가 부족합니다.,미장/제약,보류,대기,매매 근거 부족,0,13.0,0.0,0.0,0.0,11.0,2.0,15.0,False,False,중립장,11.0,25.66,25.66,fast_quote,calculated,0.0,1.3,-0.12,1.06,1.05,True,1052065125.0,46.8,False,1.93,일반 모멘텀,"뉴스 키워드: 보통 호재: 투자, 실적 / 약한 호재: 확대 / 악재: 하락","뉴스 리스크: 보통 호재: 투자, 실적 / 약한 호재: 확대 / 악재: 하락",수급 확인 불가,no_code,0.0,0.0,"보통 호재: 투자, 실적 / 약한 호재: 확대 / 악재: 하락",google_news,"악재 뉴스: 유럽 HYMPAVZI 적응증 확대, 화이자 희귀 혈우병 투자포인트 부각 - simplywall.st (2026-05-15)",medium,"유럽 HYMPAVZI 적응증 확대, 화이자 희귀 혈우병 투자포인트 부각 - simplywall.st (2026-05-15) | TradingKey (2026-05-12)","yahoo_daily, fast_quote, news:google_news, flow:no_code",0.0,0.0,중립,2026-05-19 21:07:50 PDT,35,"관망 · 추격 부담 낮음 · 악재 뉴스: 유럽 HYMPAVZI 적응증 확대, 화이자 희귀 혈우병 투자포인트 부각 - simplywall.st (2026-0",선행 신호 대기,놓침 위험 낮음,시장 방어장 · 신규 매수는 작게,급변 신호 없음,"제약 흐름 · 평균 +2.06% · 거래량 1.0배 · 대표 AbbVie, Eli Lilly, Pfizer",방어장 · 평균 -0.75% · 하락비중 66% · 현금 비중 높게,수급 확인 불가,의료/제약 → 임상/승인 → 장비/소모품,기준 현재가 26 · 손절 참고 25 · 1차 익절 참고 27,"최대 호재: FDA 승인, 임상 성공, 기술수출, 신약 허가 / 최대 악재: 임상 실패, 허가 반려, 부작용, 특허 소송",악재 영향 예상: -3.0~-4.5% (24.51 USD 부근까지 경계) · 회복 기준 26.17 USD 돌파,"악재 뉴스: 유럽 HYMPAVZI 적응증 확대, 화이자 희귀 혈우병 투자포인트 부각 - simplywall.st (2026-05-15) · 최대 호재: FDA 승인, 임상 성공, 기술수출, 신약 허가 / 최대 악재: 임상 실패, 허가 반려, 부작용, 특허 소송"
Amgen,AMGN,ok,미장,해당 없음,0.0,0.0,0.0,,,0,해당 없음,0.0,0.0,,,,0.0,0.0,,,0.0,,0.0,대기,,AI 관망,8,지금은 확실한 우위가 부족합니다.,미장/바이오,보류,대기,매매 근거 부족,0,16.0,10.0,0.0,0.0,4.0,2.0,17.0,False,False,중립장,11.0,330.75,330.75,fast_quote,calculated,0.0,1.96,-0.35,1.11,1.11,True,1005281550.0,46.5,True,2.53,일반 모멘텀,"MACD 상승, 뉴스 키워드: 보통 호재: 투자 / 악재: 하향",뉴스 리스크: 보통 호재: 투자 / 악재: 하향,수급 확인 불가,no_code,0.0,0.0,보통 호재: 투자 / 악재: 하향,google_news,악재 뉴스: 다년간의 주가 강세 이후 암젠 (AMGN)을 재평가 할 때인가? - simplywall.st (2026-05-20),medium,다년간의 주가 강세 이후 암젠 (AMGN)을 재평가 할 때인가? - simplywall.st (2026-05-20) | Amgen Stock Analysis: Repatha Surges 34% But Tax Litigation Clouds the Return Case. Here’s What to Expect - TIKR.com (2026-05-18),"yahoo_daily, fast_quote, news:google_news, flow:no_code",0.0,0.0,중립,2026-05-19 21:07:50 PDT,18,관망 · 추격 부담 낮음 · 악재 뉴스: 다년간의 주가 강세 이후 암젠 (AMGN)을 재평가 할 때인가? - simplywall.st (2026-05-20,선행 신호 대기,놓침 위험 낮음,시장 방어장 · 신규 매수는 작게,급변 신호 없음,"바이오 흐름 · 평균 -0.79% · 거래량 0.9배 · 대표 Amgen, Gilead, Moderna",방어장 · 평균 -0.75% · 하락비중 66% · 현금 비중 높게,수급 확인 불가,의료/제약 → 임상/승인 → 장비/소모품,기준 현재가 331 · 손절 참고 321 · 1차 익절 참고 344,"최대 호재: 수주, 계약, 실적 개선, 정책 수혜 / 최대 악재: 실적 부진, 규제, 원가 상승, 수요 둔화",악재 영향 예상: -3.0~-4.5% (315.87 USD 부근까지 경계) · 회복 기준 337.37 USD 돌파,"악재 뉴스: 다년간의 주가 강세 이후 암젠 (AMGN)을 재평가 할 때인가? - simplywall.st (2026-05-20) · 최대 호재: 수주, 계약, 실적 개선, 정책 수혜 / 최대 악재: 실적 부진, 규제, 원가 상승, 수요 둔화"
Gilead,GILD,ok,미장,해당 없음,0.0,0.0,0.0,,,0,해당 없음,0.0,0.0,,,,0.0,0.0,,,0.0,,0.0,대기,,AI 관망,0,지금은 확실한 우위가 부족합니다.,미장/바이오,보류,🚫 제외,리스크 과다,0,22.0,20.0,0.0,0.0,0.0,2.0,26.0,False,False,중립장,11.0,130.5,130.5,fast_quote,calculated,0.0,0.64,-0.13,0.8,0.79,False,653596200.0,53.7,True,2.65,일반 모멘텀,"RSI 건강 구간, MACD 상승","거래대금 부족, 매수 확인 부족: 거래량 0.80x / 거래대금 0.79x, 리스크 26 이상으로 신규 관심 제외",수급 확인 불가,no_code,0.0,0.0,뉴스 중립,google_news,관련 뉴스: Gilead Sciences Just Told Investors What to Watch Before December 23. Here’s What… (2026-05-15),none,Gilead Sciences Just Told Investors What to Watch Before December 23. Here’s What the Data Says About GILD Stock. - TIKR.com (2026-05-15) | TradingKey (2026-05-13),"yahoo_daily, fast_quote, news:google_news, flow:no_code",0.0,0.0,중립,2026-05-19 21:07:50 PDT,11,관망 · 추격 부담 낮음 · 관련 뉴스: Gilead Sciences Just Told Investors What to Watch Before Decemb,선행 신호 대기,놓침 위험 낮음,시장 방어장 · 신규 매수는 작게,급변 신호 없음,"바이오 흐름 · 평균 -0.79% · 거래량 0.9배 · 대표 Amgen, Gilead, Moderna",방어장 · 평균 -0.75% · 하락비중 66% · 현금 비중 높게,수급 확인 불가,의료/제약 → 임상/승인 → 장비/소모품,기준 현재가 130 · 손절 참고 127 · 1차 익절 참고 136,"최대 호재: 수주, 계약, 실적 개선, 정책 수혜 / 최대 악재: 실적 부진, 규제, 원가 상승, 수요 둔화",뉴스 영향 예상: 방향성 약함 · 가격/거래량 확인 우선,"관련 뉴스: Gilead Sciences Just Told Investors What to Watch Before December 23. Here’s What… (2026-05-15) · 최대 호재: 수주, 계약, 실적 개선, 정책 수혜 / 최대 악재: 실적 부진, 규제, 원가 상승, 수요 둔화"
Moderna,MRNA,ok,미장,해당 없음,0.0,0.0,0.0,,,0,해당 없음,0.0,0.0,,,,0.0,0.0,,,0.0,,0.0,대기,,AI 관망,0,지금은 확실한 우위가 부족합니다.,미장/바이오,보류,🚫 제외,리스크 과다,0,12.0,10.0,0.0,0.0,0.0,2.0,41.0,False,False,중립장,11.0,45.72,45.72,fast_quote,calculated,0.0,-4.97,-1.04,0.68,0.62,False,247235478.0,50.0,False,8.07,일반 모멘텀,RSI 건강 구간,"변동성 과다, 거래대금 부족, 뉴스 호재 강도 약함, 매수 확인 부족: 거래량 0.68x / 거래대금 0.62x, 리스크 41 이상으로 신규 관심 제외",수급 확인 불가,no_code,0.0,0.0,약한 호재: 상승,google_news,호재 뉴스: 한타바이러스 공포…코로나 시기 주식 3종 재조명 (2026-05-13),weak,한타바이러스 공포…코로나 시기 주식 3종 재조명 (2026-05-13) | TradingKey (2026-05-12),"yahoo_daily, fast_quote, news:google_news, flow:no_code",0.0,0.0,중립,2026-05-19 21:07:50 PDT,12,관망 · 호재 뉴스: 한타바이러스 공포…코로나 시기 주식 3종 재조명 (2026-05-13),선행 신호 대기,놓침 위험 낮음,시장 방어장 · 신규 매수는 작게,급변 신호 없음,"바이오 흐름 · 평균 -0.79% · 거래량 0.9배 · 대표 Amgen, Gilead, Moderna",방어장 · 평균 -0.75% · 하락비중 66% · 현금 비중 높게,수급 확인 불가,의료/제약 → 임상/승인 → 장비/소모품,기준 현재가 46 · 손절 참고 42 · 1차 익절 참고 50,"최대 호재: 수주, 계약, 실적 개선, 정책 수혜 / 최대 악재: 실적 부진, 규제, 원가 상승, 수요 둔화",호재 영향 예상: +3.3~+6.1% (48.49 USD 부근까지 시도) · 이탈 기준 44.06 USD,"호재 뉴스: 한타바이러스 공포…코로나 시기 주식 3종 재조명 (2026-05-13) · 최대 호재: 수주, 계약, 실적 개선, 정책 수혜 / 최대 악재: 실적 부진, 규제, 원가 상승, 수요 둔화"
GE Vernova,GEV,ok,미장,해당 없음,0.0,0.0,0.0,,,0,해당 없음,0.0,0.0,,,,0.0,0.0,,,0.0,,0.0,대기,,AI 관망,0,지금은 확실한 우위가 부족합니다.,미장/전력에너지,보류,대기,매매 근거 부족,0,2.0,0.0,0.0,0.0,0.0,2.0,19.0,False,False,중립장,11.0,1011.8,1011.8,fast_quote,calculated,0.0,-0.04,-1.77,0.82,0.77,False,2269669732.0,42.1,False,4.55,일반 모멘텀,-,"뉴스 리스크: 악재: 하락, 매수 확인 부족: 거래량 0.82x / 거래대금 0.77x",수급 확인 불가,no_code,0.0,0.0,악재: 하락,google_news,"악재 뉴스: GE Vernova, 주당 0.50달러 분기 배당 선언 - Investing.com 한국어 (2026-05-20)",none,"GE Vernova, 주당 0.50달러 분기 배당 선언 - Investing.com 한국어 (2026-05-20) | GE Vernova 최고회계책임자, 247만 달러 규모 주식 매도 - Investing.com 한국어 (2026-05-19)","yahoo_daily, fast_quote, news:google_news, flow:no_code",0.0,0.0,중립,2026-05-19 21:07:50 PDT,3,"관망 · 추격 부담 낮음 · 악재 뉴스: GE Vernova, 주당 0.50달러 분기 배당 선언 - Investing.com 한국어 (2026-05-20)",선행 신호 대기,놓침 위험 낮음,시장 방어장 · 신규 매수는 작게,급변 신호 없음,"전력에너지 흐름 · 평균 +0.55% · 거래량 1.5배 · 대표 NextEra Energy, GE Vernova",방어장 · 평균 -0.75% · 하락비중 66% · 현금 비중 높게,수급 확인 불가,전력 → 전선 → 구리 → 원전/데이터센터,"기준 현재가 1,012 · 손절 참고 966 · 1차 익절 참고 1,069","최대 호재: 전력망 투자, 변압기 수주, 데이터센터 전력, 송전망 증설 / 최대 악재: 정책 지연, 원가 상승, 납기 지연, 안전사고","악재 영향 예상: -3.0~-5.4% (957.02 USD 부근까지 경계) · 회복 기준 1,032.52 USD 돌파","악재 뉴스: GE Vernova, 주당 0.50달러 분기 배당 선언 - Investing.com 한국어 (2026-05-20) · 최대 호재: 전력망 투자, 변압기 수주, 데이터센터 전력, 송전망 증설 / 최대 악재: 정책 지연, 원가 상승, 납기 지연, 안전사고"
Deere,DE,ok,미장,해당 없음,0.0,0.0,0.0,,,0,해당 없음,0.0,0.0,,,,0.0,0.0,,,0.0,,0.0,대기,,AI 관망,0,지금은 확실한 우위가 부족합니다.,미장/기계,보류,🚫 제외,리스크 과다,0,2.0,0.0,0.0,0.0,0.0,2.0,30.0,False,False,중립장,11.0,558.07,558.07,fast_quote,calculated,0.0,-1.14,-0.34,1.06,1.02,True,573640160.0,49.2,False,2.69,일반 모멘텀,-,"거래대금 부족, 뉴스 리스크: 악재: 하락, 리스크 30 이상으로 신규 관심 제외",수급 확인 불가,no_code,0.0,0.0,악재: 하락,google_news,악재 뉴스: 디어(NYSE:DE) 단기 조정 후 15% 저평가 내러티브와 높은 P/E를 둘러싼 밸류에이션 점검 - simplywall.st (2026-05-19),none,디어(NYSE:DE) 단기 조정 후 15% 저평가 내러티브와 높은 P/E를 둘러싼 밸류에이션 점검 - simplywall.st (2026-05-19) | 정밀 농업의 마진 압력에 따라 디어(DE)의 불황 사례는 바뀔 수 있습니다 - 그 이유 알아보기 - simplywall.st (2026-05-16),"yahoo_daily, fast_quote, news:google_news, flow:no_code",,,섹터 확인 부족,2026-05-19 21:07:50 PDT,0,관망 · 악재 뉴스: 디어(NYSE:DE) 단기 조정 후 15% 저평가 내러티브와 높은 P/E를 둘러싼 밸류에이션 점검 - simply,선행 신호 대기,놓침 위험 낮음,시장 방어장 · 신규 매수는 작게,급변 신호 없음,기계 흐름 · 평균 -1.14% · 거래량 1.1배 · 대표 Deere,방어장 · 평균 -0.75% · 하락비중 66% · 현금 비중 높게,수급 확인 불가,대표 테마 연결 대기,기준 현재가 558 · 손절 참고 541 · 1차 익절 참고 580,"최대 호재: 수주, 계약, 실적 개선, 정책 수혜 / 최대 악재: 실적 부진, 규제, 원가 상승, 수요 둔화",악재 영향 예상: -3.0~-4.5% (532.96 USD 부근까지 경계) · 회복 기준 569.23 USD 돌파,"악재 뉴스: 디어(NYSE:DE) 단기 조정 후 15% 저평가 내러티브와 높은 P/E를 둘러싼 밸류에이션 점검 - simplywall.st (2026-05-19) · 최대 호재: 수주, 계약, 실적 개선, 정책 수혜 / 최대 악재: 실적 부진, 규제, 원가 상승, 수요 둔화"
Boeing,BA,ok,미장,해당 없음,0.0,0.0,0.0,,,0,해당 없음,0.0,0.0,,,,0.0,0.0,,,0.0,,0.0,대기,,AI 관망,0,지금은 확실한 우위가 부족합니다.,미장/항공,보류,대기,매매 근거 부족,0,6.0,0.0,0.0,0.0,4.0,2.0,21.0,False,False,중립장,11.0,215.01,215.01,fast_quote,calculated,0.0,-2.54,-0.8,0.74,0.69,False,1147486839.0,42.5,False,3.32,일반 모멘텀,"뉴스 키워드: 보통 호재: 투자 / 악재: 소송, 하락","뉴스 리스크: 보통 호재: 투자 / 악재: 소송, 하락, 매수 확인 부족: 거래량 0.74x / 거래대금 0.69x",수급 확인 불가,no_code,0.0,0.0,"보통 호재: 투자 / 악재: 소송, 하락",google_news,악재 뉴스: 보잉(BA) 주가는 지속적인 안전 우려 이후 회복세를 반영하고 있나요? - simplywall.st (2026-05-19),medium,보잉(BA) 주가는 지속적인 안전 우려 이후 회복세를 반영하고 있나요? - simplywall.st (2026-05-19) | Boeing Stock Fell on China’s 200-Jet Order. Was the Selloff Warranted? - TIKR.com (2026-05-18),"yahoo_daily, fast_quote, news:google_news, flow:no_code",0.0,0.0,중립,2026-05-19 21:07:50 PDT,3,관망 · 악재 뉴스: 보잉(BA) 주가는 지속적인 안전 우려 이후 회복세를 반영하고 있나요? - simplywall.st (2026-0,선행 신호 대기,놓침 위험 낮음,중대 리스크 · 악재 뉴스 우선 확인,급변 신호 없음,"항공 흐름 · 평균 -1.40% · 거래량 0.8배 · 대표 GE Aerospace, Boeing",방어장 · 평균 -0.75% · 하락비중 66% · 현금 비중 높게,수급 확인 불가,우주항공 → 위성 → 통신장비 → 소재,기준 현재가 215 · 손절 참고 208 · 1차 익절 참고 224,"최대 호재: 수주, 계약, 실적 개선, 정책 수혜 / 최대 악재: 실적 부진, 규제, 원가 상승, 수요 둔화",악재 영향 예상: -3.0~-4.5% (205.33 USD 부근까지 경계) · 회복 기준 219.31 USD 돌파,"악재 뉴스: 보잉(BA) 주가는 지속적인 안전 우려 이후 회복세를 반영하고 있나요? - simplywall.st (2026-05-19) · 최대 호재: 수주, 계약, 실적 개선, 정책 수혜 / 최대 악재: 실적 부진, 규제, 원가 상승, 수요 둔화"
Lockheed Martin,LMT,ok,미장,해당 없음,0.0,0.0,0.0,,,0,해당 없음,0.0,0.0,,,,0.0,0.0,,,0.0,,0.0,대기,,AI 관망,0,지금은 확실한 우위가 부족합니다.,미장/방산,보류,🚫 제외,리스크 과다,0,22.0,20.0,0.0,0.0,0.0,2.0,36.0,False,False,중립장,11.0,526.63,526.63,fast_quote,calculated,0.0,-0.32,-0.15,0.68,0.69,False,583032078.0,61.1,True,2.03,일반 모멘텀,"RSI 건강 구간, MACD 상승","거래대금 부족, 뉴스 리스크: 악재: 하향, 하락, 매수 확인 부족: 거래량 0.68x / 거래대금 0.69x, 리스크 36 이상으로 신규 관심 제외",수급 확인 불가,no_code,0.0,0.0,"악재: 하향, 하락",google_news,"악재 뉴스: 록히드 마틴, F-35 전자전 업그레이드와 데이터 통합으로 재평가 주목 - simplywall.st (2026-05-19)",none,"록히드 마틴, F-35 전자전 업그레이드와 데이터 통합으로 재평가 주목 - simplywall.st (2026-05-19) | 번스타인, 약화된 방위 환경에 록히드 마틴 목표주가 하향 조정 - Investing.com 한국어 (2026-05-18)","yahoo_daily, fast_quote, news:google_news, flow:no_code",0.0,0.0,중립,2026-05-19 21:07:50 PDT,0,"관망 · 추격 부담 낮음 · 악재 뉴스: 록히드 마틴, F-35 전자전 업그레이드와 데이터 통합으로 재평가 주목 - simplywall.st (2026-0",선행 신호 대기,놓침 위험 낮음,시장 방어장 · 신규 매수는 작게,급변 신호 없음,"방산 흐름 · 평균 -0.00% · 거래량 0.9배 · 대표 RTX, Northrop Grumman, Lockheed Martin",방어장 · 평균 -0.75% · 하락비중 66% · 현금 비중 높게,수급 확인 불가,대표 테마 연결 대기,기준 현재가 527 · 손절 참고 511 · 1차 익절 참고 548,"최대 호재: 수주, 계약, 실적 개선, 정책 수혜 / 최대 악재: 실적 부진, 규제, 원가 상승, 수요 둔화",악재 영향 예상: -3.0~-4.5% (502.93 USD 부근까지 경계) · 회복 기준 537.16 USD 돌파,"악재 뉴스: 록히드 마틴, F-35 전자전 업그레이드와 데이터 통합으로 재평가 주목 - simplywall.st (2026-05-19) · 최대 호재: 수주, 계약, 실적 개선, 정책 수혜 / 최대 악재: 실적 부진, 규제, 원가 상승, 수요 둔화"
General Motors,GM,ok,미장,해당 없음,0.0,0.0,0.0,,,0,해당 없음,0.0,0.0,,,,0.0,0.0,,,0.0,,0.0,대기,,AI 관망,0,지금은 확실한 우위가 부족합니다.,미장/자동차,보류,🚫 제외,리스크 과다,0,6.0,0.0,0.0,0.0,4.0,2.0,34.0,False,False,중립장,11.0,72.63,72.63,fast_quote,calculated,0.0,-0.64,-1.18,0.99,0.93,True,508054093.0,38.6,False,3.1,일반 모멘텀,뉴스 키워드: 보통 호재: 투자 / 악재: 하락,"거래대금 부족, 뉴스 리스크: 보통 호재: 투자 / 악재: 하락, 리스크 34 이상으로 신규 관심 제외",수급 확인 불가,no_code,0.0,0.0,보통 호재: 투자 / 악재: 하락,google_news,악재 뉴스: 최근 주가 하락 이후 제너럴 모터스(GM)를 고려하기에는 너무 늦은 것일까? - simplywall.st (2026-05-19),medium,"최근 주가 하락 이후 제너럴 모터스(GM)를 고려하기에는 너무 늦은 것일까? - simplywall.st (2026-05-19) | Mobileye SWOT 분석: 자율주행 주식, 엇갈린 전망 직면 - Investing.com 한국어 (2026-05-19)","yahoo_daily, fast_quote, news:google_news, flow:no_code",0.0,0.0,중립,2026-05-19 21:07:50 PDT,5,관망 · 추격 부담 낮음 · 악재 뉴스: 최근 주가 하락 이후 제너럴 모터스(GM)를 고려하기에는 너무 늦은 것일까? - simplywall.st (202,선행 신호 대기,놓침 위험 낮음,시장 방어장 · 신규 매수는 작게,급변 신호 없음,"자동차 흐름 · 평균 -0.21% · 거래량 0.8배 · 대표 Ford, General Motors",방어장 · 평균 -0.75% · 하락비중 66% · 현금 비중 높게,수급 확인 불가,대표 테마 연결 대기,기준 현재가 73 · 손절 참고 70 · 1차 익절 참고 76,"최대 호재: 판매 증가, 환율 수혜, 신차 효과, 전기차 보조금 / 최대 악재: 리콜, 파업, 관세, 판매 부진",악재 영향 예상: -3.0~-4.5% (69.36 USD 부근까지 경계) · 회복 기준 74.08 USD 돌파,"악재 뉴스: 최근 주가 하락 이후 제너럴 모터스(GM)를 고려하기에는 너무 늦은 것일까? - simplywall.st (2026-05-19) · 최대 호재: 판매 증가, 환율 수혜, 신차 효과, 전기차 보조금 / 최대 악재: 리콜, 파업, 관세, 판매 부진"
Rivian,RIVN,ok,미장,해당 없음,0.0,0.0,0.0,,,0,해당 없음,0.0,0.0,,,,0.0,0.0,,,0.0,,0.0,대기,,AI 관망,0,지금은 확실한 우위가 부족합니다.,미장/전기차,보류,🚫 제외,리스크 과다,0,14.0,0.0,12.0,0.0,0.0,2.0,44.0,False,False,중립장,11.0,12.9,12.9,fast_quote,calculated,0.0,-3.37,-0.9,1.41,1.22,True,529962944.0,19.8,False,5.26,일반 모멘텀,거래량 증가(1.4x),"거래대금 부족, 뉴스 리스크: 악재: 하락, 리스크 38 이상으로 신규 관심 제외, 미장/전기차 섹터 약세",수급 확인 불가,no_code,0.0,0.0,악재: 하락,google_news,악재 뉴스: Tesla Inc (TSLA) 주식 움직였습니다 하락 3.19%에 5월19일: 변동을 뒷받침하는 사실 (2026-05-20),none,Tesla Inc (TSLA) 주식 움직였습니다 하락 3.19%에 5월19일: 변동을 뒷받침하는 사실 (2026-05-20) | 새로운 자본 조달 및 확장 계획에 따라 리비안 오토모티브 (RIVN)의 강세 사례가 바뀔 수 있습니다. - simplywall.st (2026-05-16),"yahoo_daily, fast_quote, news:google_news, flow:no_code",0.0,6.0,미장/전기차 섹터 약세,2026-05-19 21:07:50 PDT,0,관망 · 거래량 1.4배 · 악재 뉴스: Tesla Inc (TSLA) 주식 움직였습니다 하락 3.19%에 5월19일: 변동을 뒷받침하는 사실 (2026-,선행 신호 대기,놓침 위험 낮음,시장 방어장 · 신규 매수는 작게,급변 신호 없음,"전기차 흐름 · 평균 -2.32% · 거래량 0.9배 · 대표 Tesla, Rivian, NIO",방어장 · 평균 -0.75% · 하락비중 66% · 현금 비중 높게,수급 확인 불가,대표 테마 연결 대기,기준 현재가 13 · 손절 참고 12 · 1차 익절 참고 14,"최대 호재: 수주, 계약, 실적 개선, 정책 수혜 / 최대 악재: 실적 부진, 규제, 원가 상승, 수요 둔화",악재 영향 예상: -4.4~-8.1% (11.86 USD 부근까지 경계) · 회복 기준 13.21 USD 돌파,"악재 뉴스: Tesla Inc (TSLA) 주식 움직였습니다 하락 3.19%에 5월19일: 변동을 뒷받침하는 사실 (2026-05-20) · 최대 호재: 수주, 계약, 실적 개선, 정책 수혜 / 최대 악재: 실적 부진, 규제, 원가 상승, 수요 둔화"
Lucid,LCID,ok,미장,해당 없음,0.0,0.0,0.0,,,0,해당 없음,0.0,0.0,,,,0.0,0.0,,,0.0,,0.0,대기,,AI 관망,0,지금은 확실한 우위가 부족합니다.,미장/전기차,보류,🚫 제외,리스크 과다,0,20.0,10.0,0.0,0.0,8.0,2.0,47.0,False,False,중립장,11.0,5.61,5.61,fast_quote,calculated,0.0,-2.09,-0.61,0.6,0.55,False,65026072.0,47.8,True,7.91,일반 모멘텀,"MACD 상승, 뉴스 키워드: 보통 호재: 실적, 투자","변동성 과다, 거래대금 부족, 매수 확인 부족: 거래량 0.60x / 거래대금 0.55x, 리스크 41 이상으로 신규 관심 제외, 미장/전기차 섹터 약세",수급 확인 불가,no_code,0.0,0.0,"보통 호재: 실적, 투자",google_news,"호재 뉴스: 루시드 주식, 어려운 한 해 속 5.61달러로 52주 신저가 기록 - Investing.com 한국어 (2026-05-19)",medium,"루시드 주식, 어려운 한 해 속 5.61달러로 52주 신저가 기록 - Investing.com 한국어 (2026-05-19) | Lucid Diagnostics Q1 실적 예상치와 일치, 수익 에상치보다 저조 - Investing.com 한국어 (2026-05-14)","yahoo_daily, fast_quote, news:google_news, flow:no_code",0.0,6.0,미장/전기차 섹터 약세,2026-05-19 21:07:50 PDT,7,"관망 · 호재 뉴스: 루시드 주식, 어려운 한 해 속 5.61달러로 52주 신저가 기록 - Investing.com 한국어 (2026-",선행 신호 대기,놓침 위험 낮음,시장 방어장 · 신규 매수는 작게,급변 신호 없음,"전기차 흐름 · 평균 -2.32% · 거래량 0.9배 · 대표 Tesla, Rivian, NIO",방어장 · 평균 -0.75% · 하락비중 66% · 현금 비중 높게,수급 확인 불가,대표 테마 연결 대기,기준 현재가 6 · 손절 참고 5 · 1차 익절 참고 6,"최대 호재: 수주, 계약, 실적 개선, 정책 수혜 / 최대 악재: 실적 부진, 규제, 원가 상승, 수요 둔화",호재 영향 예상: +3.3~+5.9% (5.94 USD 부근까지 시도) · 이탈 기준 5.41 USD,"호재 뉴스: 루시드 주식, 어려운 한 해 속 5.61달러로 52주 신저가 기록 - Investing.com 한국어 (2026-05-19) · 최대 호재: 수주, 계약, 실적 개선, 정책 수혜 / 최대 악재: 실적 부진, 규제, 원가 상승, 수요 둔화"
NIO,NIO,ok,미장,해당 없음,0.0,0.0,0.0,,,0,해당 없음,0.0,0.0,,,,0.0,0.0,,,0.0,,0.0,대기,,AI 관망,0,지금은 확실한 우위가 부족합니다.,미장/전기차,보류,🚫 제외,리스크 과다,0,13.0,0.0,0.0,0.0,11.0,2.0,36.0,False,False,중립장,11.0,5.74,5.74,fast_quote,calculated,0.0,-2.38,-2.21,0.75,0.71,False,130501190.0,36.2,False,5.03,일반 모멘텀,"뉴스 키워드: 보통 호재: 실적, 투자 / 약한 호재: 확대 / 악재: 하락","거래대금 부족, 뉴스 리스크: 보통 호재: 실적, 투자 / 약한 호재: 확대 / 악재: 하락, 매수 확인 부족: 거래량 0.75x / 거래대금 0.71x, 리스크 30 이상으로 신규 관심 제외, 미장/전기차 섹터 약세",수급 확인 불가,no_code,0.0,0.0,"보통 호재: 실적, 투자 / 약한 호재: 확대 / 악재: 하락",google_news,악재 뉴스: Alphabet 주식은 강력한 1분기 실적과 매출 호조가 주가를 지지하면서 조정 국면에 있습니다. (2026-05-19),medium,Alphabet 주식은 강력한 1분기 실적과 매출 호조가 주가를 지지하면서 조정 국면에 있습니다. (2026-05-19) | 오늘 거래에서 매도 압력으로 인해 Nio 주가가 하락했습니다. (2026-05-19),"yahoo_daily, fast_quote, news:google_news, flow:no_code",0.0,6.0,미장/전기차 섹터 약세,2026-05-19 21:07:50 PDT,0,관망 · 악재 뉴스: Alphabet 주식은 강력한 1분기 실적과 매출 호조가 주가를 지지하면서 조정 국면에 있습니다. (2026-05,선행 신호 대기,놓침 위험 낮음,시장 방어장 · 신규 매수는 작게,급변 신호 없음,"전기차 흐름 · 평균 -2.32% · 거래량 0.9배 · 대표 Tesla, Rivian, NIO",방어장 · 평균 -0.75% · 하락비중 66% · 현금 비중 높게,수급 확인 불가,대표 테마 연결 대기,기준 현재가 6 · 손절 참고 5 · 1차 익절 참고 6,"최대 호재: 수주, 계약, 실적 개선, 정책 수혜 / 최대 악재: 실적 부진, 규제, 원가 상승, 수요 둔화",악재 영향 예상: -3.8~-6.8% (5.35 USD 부근까지 경계) · 회복 기준 5.87 USD 돌파,"악재 뉴스: Alphabet 주식은 강력한 1분기 실적과 매출 호조가 주가를 지지하면서 조정 국면에 있습니다. (2026-05-19) · 최대 호재: 수주, 계약, 실적 개선, 정책 수혜 / 최대 악재: 실적 부진, 규제, 원가 상승, 수요 둔화"
ConocoPhillips,COP,ok,미장,해당 없음,0.0,0.0,0.0,,,0,해당 없음,0.0,0.0,,,,0.0,0.0,,,0.0,,0.0,대기,,AI 관망,0,지금은 확실한 우위가 부족합니다.,미장/에너지,보류,🚫 제외,리스크 과다,0,25.0,16.0,0.0,0.0,7.0,2.0,42.0,False,False,중립장,11.0,125.11,125.11,fast_quote,calculated,0.0,0.46,1.06,0.73,0.76,False,754000440.0,46.4,True,2.64,일반 모멘텀,"MACD 상승, 건전한 갭 상승, 뉴스 키워드: 보통 호재: 투자 / 약한 호재: 확대 / 악재: 감소, 하락","거래대금 부족, 뉴스 리스크: 보통 호재: 투자 / 약한 호재: 확대 / 악재: 감소, 하락, 매수 확인 부족: 거래량 0.73x / 거래대금 0.76x, 리스크 42 이상으로 신규 관심 제외",수급 확인 불가,no_code,0.0,0.0,"보통 호재: 투자 / 약한 호재: 확대 / 악재: 감소, 하락",google_news,"악재 뉴스: ConocoPhillips, 시리아 해상 복귀로 장기 가스 옵션 확대 주목 - simplywall.st (2026-05-18)",medium,"ConocoPhillips, 시리아 해상 복귀로 장기 가스 옵션 확대 주목 - simplywall.st (2026-05-18) | TradingKey (2026-05-12)","yahoo_daily, fast_quote, news:google_news, flow:no_code",0.0,0.0,중립,2026-05-19 21:07:50 PDT,18,"관망 · 추격 부담 낮음 · 악재 뉴스: ConocoPhillips, 시리아 해상 복귀로 장기 가스 옵션 확대 주목 - simplywall.st (2026",선행 신호 대기,놓침 위험 낮음,시장 방어장 · 신규 매수는 작게,급변 신호 없음,"에너지 흐름 · 평균 +1.00% · 거래량 1.1배 · 대표 Exxon Mobil, Chevron, Occidental",방어장 · 평균 -0.75% · 하락비중 66% · 현금 비중 높게,수급 확인 불가,대표 테마 연결 대기,기준 현재가 125 · 손절 참고 121 · 1차 익절 참고 130,"최대 호재: 유가 상승, 가스 가격 상승, 정책 지원, 수소 투자 / 최대 악재: 유가 급락, 정제마진 하락, 환경 규제, 사고",악재 영향 예상: -3.0~-4.5% (119.48 USD 부근까지 경계) · 회복 기준 127.61 USD 돌파,"악재 뉴스: ConocoPhillips, 시리아 해상 복귀로 장기 가스 옵션 확대 주목 - simplywall.st (2026-05-18) · 최대 호재: 유가 상승, 가스 가격 상승, 정책 지원, 수소 투자 / 최대 악재: 유가 급락, 정제마진 하락, 환경 규제, 사고"
Occidental,OXY,ok,미장,해당 없음,0.0,0.0,0.0,,,0,해당 없음,0.0,0.0,,,,0.0,0.0,,,0.0,,0.0,대기,,AI 관망,0,지금은 확실한 우위가 부족합니다.,미장/에너지,보류,🚫 제외,리스크 과다,0,18.0,16.0,0.0,0.0,0.0,2.0,26.0,False,True,중립장,11.0,60.7,60.7,fast_quote,calculated,0.0,1.68,0.72,1.05,1.11,True,768553059.0,49.8,True,3.2,일반 모멘텀,"MACD 상승, 건전한 갭 상승","거래대금 부족, 뉴스 호재 강도 약함, 리스크 26 이상으로 신규 관심 제외",수급 확인 불가,no_code,0.0,0.0,약한 호재: 상승,google_news,호재 뉴스: BP PLC (BP) 주식 마감했습니다 상승 3.02%에 5월18일: 핵심 원인 공개 (2026-05-19),weak,BP PLC (BP) 주식 마감했습니다 상승 3.02%에 5월18일: 핵심 원인 공개 (2026-05-19) | Occidental Petroleum Stock Beats Q1 by 80% While Debt Falls to $13.3 Billion: What Comes Next - TIKR.com (2026-05-19),"yahoo_daily, fast_quote, news:google_news, flow:no_code",0.0,0.0,중립,2026-05-19 21:07:50 PDT,37,관망 · 추격 부담 낮음 · 호재 뉴스: BP PLC (BP) 주식 마감했습니다 상승 3.02%에 5월18일: 핵심 원인 공개 (2026-05-19),선행 신호 대기,놓침 위험 낮음,시장 방어장 · 신규 매수는 작게,급변 신호 없음,"에너지 흐름 · 평균 +1.00% · 거래량 1.1배 · 대표 Exxon Mobil, Chevron, Occidental",방어장 · 평균 -0.75% · 하락비중 66% · 현금 비중 높게,수급 확인 불가,대표 테마 연결 대기,기준 현재가 61 · 손절 참고 59 · 1차 익절 참고 63,"최대 호재: 유가 상승, 가스 가격 상승, 정책 지원, 수소 투자 / 최대 악재: 유가 급락, 정제마진 하락, 환경 규제, 사고",호재 영향 예상: +2.0~+3.2% (62.64 USD 부근까지 시도) · 이탈 기준 59.49 USD,"호재 뉴스: BP PLC (BP) 주식 마감했습니다 상승 3.02%에 5월18일: 핵심 원인 공개 (2026-05-19) · 최대 호재: 유가 상승, 가스 가격 상승, 정책 지원, 수소 투자 / 최대 악재: 유가 급락, 정제마진 하락, 환경 규제, 사고"
Duke Energy,DUK,ok,미장,해당 없음,0.0,0.0,0.0,,,0,해당 없음,0.0,0.0,,,,0.0,0.0,,,0.0,,0.0,대기,,AI 관망,11,지금은 확실한 우위가 부족합니다.,미장/전력,보류,🚫 제외,리스크 과다,0,21.0,0.0,12.0,0.0,7.0,2.0,26.0,False,False,중립장,11.0,124.56,124.56,fast_quote,calculated,0.0,1.4,-0.02,1.39,1.39,True,545772085.0,47.4,False,1.66,일반 모멘텀,"거래량 증가(1.4x), 뉴스 키워드: 보통 호재: 투자 / 약한 호재: 상승","거래대금 부족, 리스크 26 이상으로 신규 관심 제외",수급 확인 불가,no_code,0.0,0.0,보통 호재: 투자 / 약한 호재: 상승,google_news,호재 뉴스: 최근 주가 상승 이후 듀크 에너지(DUK)의 주가가 늘어날까요? - simplywall.st (2026-05-20),medium,"최근 주가 상승 이후 듀크 에너지(DUK)의 주가가 늘어날까요? - simplywall.st (2026-05-20) | 듀크 에너지 부사장 렌젤, 보통주 438,025달러 매도 - Investing.com 한국어 (2026-05-13)","yahoo_daily, fast_quote, news:google_news, flow:no_code",0.0,0.0,중립,2026-05-19 21:07:50 PDT,43,관망 · 거래량 1.4배 · 추격 부담 낮음 · 호재 뉴스: 최근 주가 상승 이후 듀크 에너지(DUK)의 주가가 늘어날까요? - simplywall.st (2026-05-20,선행 신호 대기,놓침 위험 낮음,시장 방어장 · 신규 매수는 작게,급변 신호 없음,"전력 흐름 · 평균 +0.94% · 거래량 1.3배 · 대표 Southern, Duke Energy, American Electric Power",방어장 · 평균 -0.75% · 하락비중 66% · 현금 비중 높게,수급 확인 불가,전력 → 전선 → 구리 → 원전/데이터센터,기준 현재가 125 · 손절 참고 121 · 1차 익절 참고 130,"최대 호재: 전력망 투자, 변압기 수주, 데이터센터 전력, 송전망 증설 / 최대 악재: 정책 지연, 원가 상승, 납기 지연, 안전사고",호재 영향 예상: +2.0~+3.2% (128.55 USD 부근까지 시도) · 이탈 기준 122.07 USD,"호재 뉴스: 최근 주가 상승 이후 듀크 에너지(DUK)의 주가가 늘어날까요? - simplywall.st (2026-05-20) · 최대 호재: 전력망 투자, 변압기 수주, 데이터센터 전력, 송전망 증설 / 최대 악재: 정책 지연, 원가 상승, 납기 지연, 안전사고"
American Electric Power,AEP,ok,미장,해당 없음,0.0,0.0,0.0,,,0,해당 없음,0.0,0.0,,,,0.0,0.0,,,0.0,,0.0,대기,,AI 관망,4,지금은 확실한 우위가 부족합니다.,미장/전력,보류,🚫 제외,리스크 과다,0,2.0,0.0,0.0,0.0,0.0,2.0,40.0,False,False,중립장,11.0,128.92,128.92,fast_quote,calculated,0.0,0.97,-0.53,1.06,1.05,True,579430931.0,41.6,False,2.33,일반 모멘텀,-,"거래대금 부족, 뉴스 리스크: 악재: 하락, 하향, 리스크 40 이상으로 신규 관심 제외",수급 확인 불가,no_code,0.0,0.0,"악재: 하락, 하향",google_news,악재 뉴스: 아메리칸 일렉트릭 파워 컴퍼니(AEP) 26억달러 후속 공모 이후 밸류에이션은 적정할까 - simplywall.st (2026-05-17),none,아메리칸 일렉트릭 파워 컴퍼니(AEP) 26억달러 후속 공모 이후 밸류에이션은 적정할까 - simplywall.st (2026-05-17) | Nextera Energy Inc (NEE) 주식 움직였습니다 하락 3.06%에 5월15일: 전체 분석 (2026-05-16),"yahoo_daily, fast_quote, news:google_news, flow:no_code",0.0,0.0,중립,2026-05-19 21:07:50 PDT,7,관망 · 추격 부담 낮음 · 악재 뉴스: 아메리칸 일렉트릭 파워 컴퍼니(AEP) 26억달러 후속 공모 이후 밸류에이션은 적정할까 - simplywall.s,선행 신호 대기,놓침 위험 낮음,시장 방어장 · 신규 매수는 작게,급변 신호 없음,"전력 흐름 · 평균 +0.94% · 거래량 1.3배 · 대표 Southern, Duke Energy, American Electric Power",방어장 · 평균 -0.75% · 하락비중 66% · 현금 비중 높게,수급 확인 불가,전력 → 전선 → 구리 → 원전/데이터센터,기준 현재가 129 · 손절 참고 125 · 1차 익절 참고 134,"최대 호재: 전력망 투자, 변압기 수주, 데이터센터 전력, 송전망 증설 / 최대 악재: 정책 지연, 원가 상승, 납기 지연, 안전사고",악재 영향 예상: -3.0~-4.5% (123.12 USD 부근까지 경계) · 회복 기준 131.50 USD 돌파,"악재 뉴스: 아메리칸 일렉트릭 파워 컴퍼니(AEP) 26억달러 후속 공모 이후 밸류에이션은 적정할까 - simplywall.st (2026-05-17) · 최대 호재: 전력망 투자, 변압기 수주, 데이터센터 전력, 송전망 증설 / 최대 악재: 정책 지연, 원가 상승, 납기 지연, 안전사고"
Freeport-McMoRan,FCX,ok,미장,해당 없음,0.0,0.0,0.0,,,0,해당 없음,0.0,0.0,,,,0.0,0.0,,,0.0,,0.0,대기,,AI 관망,0,지금은 확실한 우위가 부족합니다.,미장/구리,보류,🚫 제외,리스크 과다,0,16.0,10.0,0.0,0.0,4.0,2.0,42.0,False,False,중립장,11.0,58.7,58.7,fast_quote,calculated,0.0,-2.98,-2.38,0.76,0.72,False,712394949.0,53.7,False,4.56,일반 모멘텀,"RSI 건강 구간, 뉴스 키워드: 보통 호재: 투자 / 악재: 하락","거래대금 부족, 뉴스 리스크: 보통 호재: 투자 / 악재: 하락, 매수 확인 부족: 거래량 0.76x / 거래대금 0.72x, 리스크 42 이상으로 신규 관심 제외",수급 확인 불가,no_code,0.0,0.0,보통 호재: 투자 / 악재: 하락,google_news,악재 뉴스: Newmont Corporation (NEM) 주식 움직였습니다 하락 3.85%에 5월19일: 어떤 신호인가요? (2026-05-20),medium,Newmont Corporation (NEM) 주식 움직였습니다 하락 3.85%에 5월19일: 어떤 신호인가요? (2026-05-20) | BHP Group Ltd (BHP) 주식 움직였습니다 하락 3.28%에 5월19일: 핵심 원인 공개 (2026-05-20),"yahoo_daily, fast_quote, news:google_news, flow:no_code",,,섹터 확인 부족,2026-05-19 21:07:50 PDT,0,관망 · 악재 뉴스: Newmont Corporation (NEM) 주식 움직였습니다 하락 3.85%에 5월19일: 어떤 신호인가요? ,선행 신호 대기,놓침 위험 낮음,시장 방어장 · 신규 매수는 작게,급변 신호 없음,구리 흐름 · 평균 -2.98% · 거래량 0.8배 · 대표 Freeport-McMoRan,방어장 · 평균 -0.75% · 하락비중 66% · 현금 비중 높게,수급 확인 불가,전력 → 전선 → 구리 → 원전/데이터센터,기준 현재가 59 · 손절 참고 56 · 1차 익절 참고 62,"최대 호재: 수주, 계약, 실적 개선, 정책 수혜 / 최대 악재: 실적 부진, 규제, 원가 상승, 수요 둔화",악재 영향 예상: -3.6~-6.5% (54.90 USD 부근까지 경계) · 회복 기준 59.90 USD 돌파,"악재 뉴스: Newmont Corporation (NEM) 주식 움직였습니다 하락 3.85%에 5월19일: 어떤 신호인가요? (2026-05-20) · 최대 호재: 수주, 계약, 실적 개선, 정책 수혜 / 최대 악재: 실적 부진, 규제, 원가 상승, 수요 둔화"
Nucor,NUE,ok,미장,해당 없음,0.0,0.0,0.0,,,0,해당 없음,0.0,0.0,,,,0.0,0.0,,,0.0,,0.0,대기,,AI 관망,12,지금은 확실한 우위가 부족합니다.,미장/철강,보류,🚫 제외,리스크 과다,0,30.0,20.0,0.0,0.0,8.0,2.0,38.0,False,False,중립장,11.0,221.73,221.73,fast_quote,calculated,0.0,-2.1,-1.57,0.84,0.83,True,295255662.0,49.2,False,2.5,일반 모멘텀,"추세 상승, 뉴스 키워드: 보통 호재: 실적, 투자 / 악재: 매각","거래대금 부족, 뉴스 리스크: 보통 호재: 실적, 투자 / 악재: 매각, 리스크 32 이상으로 신규 관심 제외, 미장/철강 섹터 약세",수급 확인 불가,no_code,0.0,0.0,"보통 호재: 실적, 투자 / 악재: 매각",google_news,"악재 뉴스: Nucor CEO 레온 토팔리안, $1,180만 규모 NUE 보통주 매각 - Investing.com 한국어 (2026-05-20)",medium,"Nucor CEO 레온 토팔리안, $1,180만 규모 NUE 보통주 매각 - Investing.com 한국어 (2026-05-20) | Hershey Stock Analysis: How a GLP-1 Tailwind and Margin Restoration Set Up a $281 Target - TIKR.com (2026-05-20)","yahoo_daily, fast_quote, news:google_news, flow:no_code",0.0,6.0,미장/철강 섹터 약세,2026-05-19 21:07:50 PDT,2,"관망 · 악재 뉴스: Nucor CEO 레온 토팔리안, $1,180만 규모 NUE 보통주 매각 - Investing.com 한국어 (2",선행 신호 대기,놓침 위험 낮음,시장 방어장 · 신규 매수는 작게,급변 신호 없음,"철강 흐름 · 평균 -3.05% · 거래량 1.0배 · 대표 Nucor, Steel Dynamics, Cleveland-Cliffs",방어장 · 평균 -0.75% · 하락비중 66% · 현금 비중 높게,수급 확인 불가,대표 테마 연결 대기,기준 현재가 222 · 손절 참고 215 · 1차 익절 참고 231,"최대 호재: 수주, 계약, 실적 개선, 정책 수혜 / 최대 악재: 실적 부진, 규제, 원가 상승, 수요 둔화",악재 영향 예상: -3.0~-4.5% (211.75 USD 부근까지 경계) · 회복 기준 226.16 USD 돌파,"악재 뉴스: Nucor CEO 레온 토팔리안, $1,180만 규모 NUE 보통주 매각 - Investing.com 한국어 (2026-05-20) · 최대 호재: 수주, 계약, 실적 개선, 정책 수혜 / 최대 악재: 실적 부진, 규제, 원가 상승, 수요 둔화"
Steel Dynamics,STLD,ok,미장,해당 없음,0.0,0.0,0.0,,,0,해당 없음,0.0,0.0,,,,0.0,0.0,,,0.0,,0.0,대기,,AI 관망,8,지금은 확실한 우위가 부족합니다.,미장/철강,보류,🚫 제외,리스크 과다,0,6.0,0.0,0.0,0.0,4.0,2.0,32.0,False,False,중립장,11.0,223.37,223.37,fast_quote,calculated,0.0,-2.28,-2.32,1.17,1.13,True,279480537.0,49.0,False,2.92,일반 모멘텀,뉴스 키워드: 보통 호재: 투자,"거래대금 부족, 리스크 26 이상으로 신규 관심 제외, 미장/철강 섹터 약세",수급 확인 불가,no_code,0.0,0.0,보통 호재: 투자,google_news,"호재 뉴스: 배당금 인상, 크레이머 버즈, 스테이트 스트리트 지분이 스틸 다이내믹스(STLD)의 투자 내러티브를 바꿨을까? - simplywall.st (2026-05-16)",medium,"배당금 인상, 크레이머 버즈, 스테이트 스트리트 지분이 스틸 다이내믹스(STLD)의 투자 내러티브를 바꿨을까? - simplywall.st (2026-05-16) | Steel Dynamics 상무 그레이엄, 주식 213만 달러 매도 - Investing.com 한국어 (2026-05-16)","yahoo_daily, fast_quote, news:google_news, flow:no_code",0.0,6.0,미장/철강 섹터 약세,2026-05-19 21:07:50 PDT,18,"관망 · 호재 뉴스: 배당금 인상, 크레이머 버즈, 스테이트 스트리트 지분이 스틸 다이내믹스(STLD)의 투자 내러티브를 바꿨을까? -",선행 신호 대기,놓침 위험 낮음,시장 방어장 · 신규 매수는 작게,급변 신호 없음,"철강 흐름 · 평균 -3.05% · 거래량 1.0배 · 대표 Nucor, Steel Dynamics, Cleveland-Cliffs",방어장 · 평균 -0.75% · 하락비중 66% · 현금 비중 높게,수급 확인 불가,대표 테마 연결 대기,기준 현재가 223 · 손절 참고 217 · 1차 익절 참고 232,"최대 호재: 수주, 계약, 실적 개선, 정책 수혜 / 최대 악재: 실적 부진, 규제, 원가 상승, 수요 둔화",호재 영향 예상: +2.0~+3.2% (230.52 USD 부근까지 시도) · 이탈 기준 218.90 USD,"호재 뉴스: 배당금 인상, 크레이머 버즈, 스테이트 스트리트 지분이 스틸 다이내믹스(STLD)의 투자 내러티브를 바꿨을까? - simplywall.st (2026-05-16) · 최대 호재: 수주, 계약, 실적 개선, 정책 수혜 / 최대 악재: 실적 부진, 규제, 원가 상승, 수요 둔화"
Alcoa,AA,ok,미장,해당 없음,0.0,0.0,0.0,,,0,해당 없음,0.0,0.0,,,,0.0,0.0,,,0.0,,0.0,대기,,AI 관망,4,지금은 확실한 우위가 부족합니다.,미장/알루미늄,보류,🚫 제외,리스크 과다,0,12.0,10.0,0.0,0.0,0.0,2.0,26.0,False,False,중립장,11.0,63.93,63.93,fast_quote,calculated,0.0,2.14,-1.6,1.12,1.11,True,282954181.0,54.3,False,3.94,일반 모멘텀,RSI 건강 구간,"거래대금 부족, 리스크 26 이상으로 신규 관심 제외",수급 확인 불가,no_code,0.0,0.0,뉴스 수집 실패,none,뉴스를 가져오지 못해 가격 흐름만 참고하세요.,none,-,"yahoo_daily, fast_quote, news:none, flow:no_code",,,섹터 확인 부족,2026-05-19 21:07:50 PDT,26,관망 · 추격 부담 낮음 · 뉴스를 가져오지 못해 가격 흐름만 참고하세요.,선행 신호 대기,놓침 위험 낮음,시장 방어장 · 신규 매수는 작게,급변 신호 없음,알루미늄 흐름 · 평균 +2.14% · 거래량 1.1배 · 대표 Alcoa,방어장 · 평균 -0.75% · 하락비중 66% · 현금 비중 높게,수급 확인 불가,대표 테마 연결 대기,기준 현재가 64 · 손절 참고 61 · 1차 익절 참고 67,"최대 호재: 수주, 계약, 실적 개선, 정책 수혜 / 최대 악재: 실적 부진, 규제, 원가 상승, 수요 둔화",뉴스 영향 예상: 방향성 약함 · 가격/거래량 확인 우선,"뉴스를 가져오지 못해 가격 흐름만 참고하세요. · 최대 호재: 수주, 계약, 실적 개선, 정책 수혜 / 최대 악재: 실적 부진, 규제, 원가 상승, 수요 둔화"
Cleveland-Cliffs,CLF,ok,미장,해당 없음,0.0,0.0,0.0,,,0,해당 없음,0.0,0.0,,,,0.0,0.0,,,0.0,,0.0,대기,,AI 관망,0,지금은 확실한 우위가 부족합니다.,미장/철강,보류,🚫 제외,리스크 과다,0,22.0,20.0,0.0,0.0,0.0,2.0,32.0,False,False,중립장,11.0,10.15,10.15,fast_quote,calculated,0.0,-4.78,-1.5,0.92,0.9,True,163364243.0,49.0,False,5.1,일반 모멘텀,추세 상승,"거래대금 부족, 리스크 26 이상으로 신규 관심 제외, 미장/철강 섹터 약세",수급 확인 불가,no_code,0.0,0.0,뉴스 수집 실패,none,뉴스를 가져오지 못해 가격 흐름만 참고하세요.,none,-,"yahoo_daily, fast_quote, news:none, flow:no_code",0.0,6.0,미장/철강 섹터 약세,2026-05-19 21:07:50 PDT,0,관망 · 뉴스를 가져오지 못해 가격 흐름만 참고하세요.,선행 신호 대기,놓침 위험 낮음,시장 방어장 · 신규 매수는 작게,급변 신호 없음,"철강 흐름 · 평균 -3.05% · 거래량 1.0배 · 대표 Nucor, Steel Dynamics, Cleveland-Cliffs",방어장 · 평균 -0.75% · 하락비중 66% · 현금 비중 높게,수급 확인 불가,대표 테마 연결 대기,기준 현재가 10 · 손절 참고 10 · 1차 익절 참고 11,"최대 호재: 수주, 계약, 실적 개선, 정책 수혜 / 최대 악재: 실적 부진, 규제, 원가 상승, 수요 둔화",뉴스 영향 예상: 방향성 약함 · 가격/거래량 확인 우선,"뉴스를 가져오지 못해 가격 흐름만 참고하세요. · 최대 호재: 수주, 계약, 실적 개선, 정책 수혜 / 최대 악재: 실적 부진, 규제, 원가 상승, 수요 둔화"
Newmont,NEM,ok,미장,해당 없음,0.0,0.0,0.0,,,0,해당 없음,0.0,0.0,,,,0.0,0.0,,,0.0,,0.0,대기,,AI 관망,0,지금은 확실한 우위가 부족합니다.,미장/금,보류,🚫 제외,리스크 과다,0,2.0,0.0,0.0,0.0,0.0,2.0,52.0,False,False,중립장,11.0,105.09,105.09,fast_quote,calculated,0.0,-4.33,-2.41,1.28,1.19,True,999017032.0,46.8,False,4.36,일반 모멘텀,-,"거래대금 부족, 뉴스 리스크: 악재: 하락, 리스크 46 이상으로 신규 관심 제외, 미장/금 섹터 약세",수급 확인 불가,no_code,0.0,0.0,악재: 하락,google_news,악재 뉴스: Newmont Corporation (NEM) 주식 움직였습니다 하락 3.85%에 5월19일: 어떤 신호인가요? (2026-05-20),none,Newmont Corporation (NEM) 주식 움직였습니다 하락 3.85%에 5월19일: 어떤 신호인가요? (2026-05-20) | Southern Copper Corp (SCCO) 주식 움직였습니다 하락 3.86%에 5월18일: 변동을 뒷받침하는 사실 (2026-05-19),"yahoo_daily, fast_quote, news:google_news, flow:no_code",0.0,6.0,미장/금 섹터 약세,2026-05-19 21:07:50 PDT,0,관망 · 거래량 1.3배 · 악재 뉴스: Newmont Corporation (NEM) 주식 움직였습니다 하락 3.85%에 5월19일: 어떤 신호인가요? ,선행 신호 대기,놓침 위험 낮음,시장 방어장 · 신규 매수는 작게,급변 신호 없음,"금 흐름 · 평균 -2.14% · 거래량 1.0배 · 대표 Barrick Gold, Newmont",방어장 · 평균 -0.75% · 하락비중 66% · 현금 비중 높게,수급 확인 불가,대표 테마 연결 대기,기준 현재가 105 · 손절 참고 101 · 1차 익절 참고 111,"최대 호재: 금리 수혜, 주주환원, 배당 확대, 자사주 / 최대 악재: PF 손실, 충당금, 연체율, 규제",악재 영향 예상: -3.8~-6.9% (97.86 USD 부근까지 경계) · 회복 기준 107.19 USD 돌파,"악재 뉴스: Newmont Corporation (NEM) 주식 움직였습니다 하락 3.85%에 5월19일: 어떤 신호인가요? (2026-05-20) · 최대 호재: 금리 수혜, 주주환원, 배당 확대, 자사주 / 최대 악재: PF 손실, 충당금, 연체율, 규제"
Charles Schwab,SCHW,ok,미장,해당 없음,0.0,0.0,0.0,,,0,해당 없음,0.0,0.0,,,,0.0,0.0,,,0.0,,0.0,대기,,AI 관망,4,지금은 확실한 우위가 부족합니다.,미장/증권,보류,🚫 제외,리스크 과다,0,22.0,20.0,0.0,0.0,0.0,2.0,32.0,False,False,중립장,11.0,91.81,91.81,fast_quote,calculated,0.0,-0.63,-0.21,0.84,0.86,True,797020950.0,53.4,True,2.4,일반 모멘텀,"RSI 건강 구간, MACD 상승","거래대금 부족, 리스크 26 이상으로 신규 관심 제외, 미장/증권 섹터 약세",수급 확인 불가,no_code,0.0,0.0,뉴스 중립,google_news,"관련 뉴스: 찰스 R. 슈왑 공동회장, 슈왑 주식 254만 달러어치 매도 - Investing.com 한국어 (2026-05-19)",none,"찰스 R. 슈왑 공동회장, 슈왑 주식 254만 달러어치 매도 - Investing.com 한국어 (2026-05-19) | 바클레이즈, 찰스 슈왑 주가 목표 상향... 성장 전망 긍정적 By Investing.com - Investing.com 한국어 (2026-05-15)","yahoo_daily, fast_quote, news:google_news, flow:no_code",0.0,6.0,미장/증권 섹터 약세,2026-05-19 21:07:50 PDT,7,"관망 · 추격 부담 낮음 · 관련 뉴스: 찰스 R. 슈왑 공동회장, 슈왑 주식 254만 달러어치 매도 - Investing.com 한국어 (2026-05-",선행 신호 대기,놓침 위험 낮음,시장 방어장 · 신규 매수는 작게,급변 신호 없음,"증권 흐름 · 평균 -1.99% · 거래량 1.0배 · 대표 Goldman Sachs, Morgan Stanley, Charles Schwab",방어장 · 평균 -0.75% · 하락비중 66% · 현금 비중 높게,수급 확인 불가,대표 테마 연결 대기,기준 현재가 92 · 손절 참고 89 · 1차 익절 참고 95,"최대 호재: 거래대금 증가, 금리 인하, IB 회복, 자사주 / 최대 악재: 부동산PF 손실, 충당금, 순매도, IB 부진",뉴스 영향 예상: 방향성 약함 · 가격/거래량 확인 우선,"관련 뉴스: 찰스 R. 슈왑 공동회장, 슈왑 주식 254만 달러어치 매도 - Investing.com 한국어 (2026-05-19) · 최대 호재: 거래대금 증가, 금리 인하, IB 회복, 자사주 / 최대 악재: 부동산PF 손실, 충당금, 순매도, IB 부진"
Citigroup,C,ok,미장,해당 없음,0.0,0.0,0.0,,,0,해당 없음,0.0,0.0,,,,0.0,0.0,,,0.0,,0.0,대기,,AI 관망,0,지금은 확실한 우위가 부족합니다.,미장/금융,보류,대기,매매 근거 부족,0,6.0,0.0,0.0,0.0,4.0,2.0,17.0,False,False,중립장,11.0,119.97,119.97,fast_quote,calculated,0.0,-1.99,-0.78,1.01,0.96,True,1329903454.0,31.2,False,2.74,일반 모멘텀,뉴스 키워드: 보통 호재: 투자 / 악재: 매각,뉴스 리스크: 보통 호재: 투자 / 악재: 매각,수급 확인 불가,no_code,0.0,0.0,보통 호재: 투자 / 악재: 매각,google_news,악재 뉴스: 씨티그룹의 새로운 중국 증권 라이선스는 기관 중심의 투자 내러티브를 재구성한 것일까요? - simplywall.st (2026-05-19),medium,"씨티그룹의 새로운 중국 증권 라이선스는 기관 중심의 투자 내러티브를 재구성한 것일까요? - simplywall.st (2026-05-19) | KL & Partners, 맘스터치 매각 주관사로 Citi Global Market Securities 선정 (2026-05-19)","yahoo_daily, fast_quote, news:google_news, flow:no_code",0.0,0.0,중립,2026-05-19 21:07:50 PDT,10,관망 · 악재 뉴스: 씨티그룹의 새로운 중국 증권 라이선스는 기관 중심의 투자 내러티브를 재구성한 것일까요? - simplywall.s,선행 신호 대기,놓침 위험 낮음,시장 방어장 · 신규 매수는 작게,급변 신호 없음,"금융 흐름 · 평균 -0.85% · 거래량 1.1배 · 대표 Wells Fargo, Bank of America, JPMorgan Chase",방어장 · 평균 -0.75% · 하락비중 66% · 현금 비중 높게,수급 확인 불가,대표 테마 연결 대기,기준 현재가 120 · 손절 참고 116 · 1차 익절 참고 125,"최대 호재: 금리 수혜, 주주환원, 배당 확대, 자사주 / 최대 악재: PF 손실, 충당금, 연체율, 규제",악재 영향 예상: -3.0~-4.5% (114.57 USD 부근까지 경계) · 회복 기준 122.37 USD 돌파,"악재 뉴스: 씨티그룹의 새로운 중국 증권 라이선스는 기관 중심의 투자 내러티브를 재구성한 것일까요? - simplywall.st (2026-05-19) · 최대 호재: 금리 수혜, 주주환원, 배당 확대, 자사주 / 최대 악재: PF 손실, 충당금, 연체율, 규제"
Atkore,ATKR,ok,미장,해당 없음,0.0,0.0,0.0,,,0,해당 없음,0.0,0.0,,,,0.0,0.0,,,0.0,,0.0,대기,,AI 관망,0,지금은 확실한 우위가 부족합니다.,미장/전선,보류,🚫 제외,리스크 과다,0,2.0,0.0,0.0,0.0,0.0,2.0,32.0,False,False,중립장,11.0,71.74,71.74,fast_quote,calculated,0.0,-3.72,-1.87,1.17,1.12,True,41013756.0,41.5,False,4.04,일반 모멘텀,-,"거래대금 부족, 리스크 26 이상으로 신규 관심 제외, 미장/전선 섹터 약세",수급 확인 불가,no_code,0.0,0.0,뉴스 중립,google_news,관련 뉴스: TradingKey (2026-05-12),none,TradingKey (2026-05-12),"yahoo_daily, fast_quote, news:google_news, flow:no_code",0.0,6.0,미장/전선 섹터 약세,2026-05-19 21:07:50 PDT,1,관망 · 관련 뉴스: TradingKey (2026-05-12),선행 신호 대기,놓침 위험 낮음,시장 방어장 · 신규 매수는 작게,급변 신호 없음,"전선 흐름 · 평균 -3.06% · 거래량 0.9배 · 대표 nVent Electric, Powell Industries, Hubbell",방어장 · 평균 -0.75% · 하락비중 66% · 현금 비중 높게,수급 확인 불가,전력 → 전선 → 구리 → 원전/데이터센터,기준 현재가 72 · 손절 참고 69 · 1차 익절 참고 75,"최대 호재: 해저케이블 수주, 전력망 투자, 구리 가격 상승 수혜, 북미 수주 / 최대 악재: 구리 원가 급등, 공급 지연, 마진 하락, 수주 취소",뉴스 영향 예상: 방향성 약함 · 가격/거래량 확인 우선,"관련 뉴스: TradingKey (2026-05-12) · 최대 호재: 해저케이블 수주, 전력망 투자, 구리 가격 상승 수혜, 북미 수주 / 최대 악재: 구리 원가 급등, 공급 지연, 마진 하락, 수주 취소"
Hubbell,HUBB,ok,미장,해당 없음,0.0,0.0,0.0,,,0,해당 없음,0.0,0.0,,,,0.0,0.0,,,0.0,,0.0,대기,,AI 관망,0,지금은 확실한 우위가 부족합니다.,미장/전선,보류,🚫 제외,리스크 과다,0,2.0,0.0,0.0,0.0,0.0,2.0,32.0,False,False,중립장,11.0,461.5,461.5,fast_quote,calculated,0.0,-1.99,-1.12,0.8,0.73,False,248495598.0,7.8,False,3.48,일반 모멘텀,-,"거래대금 부족, 매수 확인 부족: 거래량 0.80x / 거래대금 0.73x, 리스크 26 이상으로 신규 관심 제외, 미장/전선 섹터 약세",수급 확인 불가,no_code,0.0,0.0,뉴스 중립,google_news,"관련 뉴스: 허벨의 SWOT 분석: 산업재 주식, 엇갈린 신호에 직면 - Investing.com 한국어 (2026-05-19)",none,"허벨의 SWOT 분석: 산업재 주식, 엇갈린 신호에 직면 - Investing.com 한국어 (2026-05-19)","yahoo_daily, fast_quote, news:google_news, flow:no_code",0.0,6.0,미장/전선 섹터 약세,2026-05-19 21:07:50 PDT,0,"관망 · 관련 뉴스: 허벨의 SWOT 분석: 산업재 주식, 엇갈린 신호에 직면 - Investing.com 한국어 (2026-05-19",선행 신호 대기,놓침 위험 낮음,시장 방어장 · 신규 매수는 작게,급변 신호 없음,"전선 흐름 · 평균 -3.06% · 거래량 0.9배 · 대표 nVent Electric, Powell Industries, Hubbell",방어장 · 평균 -0.75% · 하락비중 66% · 현금 비중 높게,수급 확인 불가,전력 → 전선 → 구리 → 원전/데이터센터,기준 현재가 462 · 손절 참고 445 · 1차 익절 참고 482,"최대 호재: 해저케이블 수주, 전력망 투자, 구리 가격 상승 수혜, 북미 수주 / 최대 악재: 구리 원가 급등, 공급 지연, 마진 하락, 수주 취소",뉴스 영향 예상: 방향성 약함 · 가격/거래량 확인 우선,"관련 뉴스: 허벨의 SWOT 분석: 산업재 주식, 엇갈린 신호에 직면 - Investing.com 한국어 (2026-05-19) · 최대 호재: 해저케이블 수주, 전력망 투자, 구리 가격 상승 수혜, 북미 수주 / 최대 악재: 구리 원가 급등, 공급 지연, 마진 하락, 수주 취소"
nVent Electric,NVT,ok,미장,해당 없음,0.0,0.0,0.0,,,0,해당 없음,0.0,0.0,,,,0.0,0.0,,,0.0,,0.0,대기,,AI 관망,4,지금은 확실한 우위가 부족합니다.,미장/전선,보류,🚫 제외,리스크 과다,0,32.0,30.0,0.0,0.0,0.0,2.0,32.0,False,False,중립장,11.0,158.23,158.23,fast_quote,calculated,0.0,-1.53,-2.51,1.12,1.12,True,430876101.0,65.1,False,5.43,일반 모멘텀,"추세 상승, RSI 건강 구간","거래대금 부족, 뉴스 호재 강도 약함, 리스크 26 이상으로 신규 관심 제외, 미장/전선 섹터 약세",수급 확인 불가,no_code,0.0,0.0,약한 호재: 상승,google_news,호재 뉴스: nVent Electric SWOT 분석: 데이터센터 붐에 주가 상승 기대 - Investing.com 한국어 (2026-05-19),weak,nVent Electric SWOT 분석: 데이터센터 붐에 주가 상승 기대 - Investing.com 한국어 (2026-05-19) | TradingKey (2026-05-14),"yahoo_daily, fast_quote, news:google_news, flow:no_code",0.0,6.0,미장/전선 섹터 약세,2026-05-19 21:07:50 PDT,16,관망 · 호재 뉴스: nVent Electric SWOT 분석: 데이터센터 붐에 주가 상승 기대 - Investing.com 한국어 (,선행 신호 대기,놓침 위험 낮음,시장 방어장 · 신규 매수는 작게,급변 신호 없음,"전선 흐름 · 평균 -3.06% · 거래량 0.9배 · 대표 nVent Electric, Powell Industries, Hubbell",방어장 · 평균 -0.75% · 하락비중 66% · 현금 비중 높게,수급 확인 불가,전력 → 전선 → 구리 → 원전/데이터센터,기준 현재가 158 · 손절 참고 150 · 1차 익절 참고 169,"최대 호재: 해저케이블 수주, 전력망 투자, 구리 가격 상승 수혜, 북미 수주 / 최대 악재: 구리 원가 급등, 공급 지연, 마진 하락, 수주 취소",호재 영향 예상: +2.3~+4.2% (164.94 USD 부근까지 시도) · 이탈 기준 154.36 USD,"호재 뉴스: nVent Electric SWOT 분석: 데이터센터 붐에 주가 상승 기대 - Investing.com 한국어 (2026-05-19) · 최대 호재: 해저케이블 수주, 전력망 투자, 구리 가격 상승 수혜, 북미 수주 / 최대 악재: 구리 원가 급등, 공급 지연, 마진 하락, 수주 취소"
Powell Industries,POWL,ok,미장,해당 없음,0.0,0.0,0.0,,,0,해당 없음,0.0,0.0,,,,0.0,0.0,,,0.0,,0.0,대기,,AI 관망,0,지금은 확실한 우위가 부족합니다.,미장/전선,보류,🚫 제외,리스크 과다,0,32.0,30.0,0.0,0.0,0.0,2.0,47.0,False,False,중립장,11.0,261.58,261.58,fast_quote,calculated,0.0,-1.96,-2.4,0.81,0.74,False,162545803.0,52.3,False,8.67,일반 모멘텀,"추세 상승, RSI 건강 구간","변동성 과다, 거래대금 부족, 매수 확인 부족: 거래량 0.81x / 거래대금 0.74x, 리스크 41 이상으로 신규 관심 제외, 미장/전선 섹터 약세",수급 확인 불가,no_code,0.0,0.0,뉴스 수집 실패,none,뉴스를 가져오지 못해 가격 흐름만 참고하세요.,none,-,"yahoo_daily, fast_quote, news:none, flow:no_code",0.0,6.0,미장/전선 섹터 약세,2026-05-19 21:07:50 PDT,0,관망 · 뉴스를 가져오지 못해 가격 흐름만 참고하세요.,선행 신호 대기,놓침 위험 낮음,시장 방어장 · 신규 매수는 작게,급변 신호 없음,"전선 흐름 · 평균 -3.06% · 거래량 0.9배 · 대표 nVent Electric, Powell Industries, Hubbell",방어장 · 평균 -0.75% · 하락비중 66% · 현금 비중 높게,수급 확인 불가,전력 → 전선 → 구리 → 원전/데이터센터,기준 현재가 262 · 손절 참고 239 · 1차 익절 참고 290,"최대 호재: 해저케이블 수주, 전력망 투자, 구리 가격 상승 수혜, 북미 수주 / 최대 악재: 구리 원가 급등, 공급 지연, 마진 하락, 수주 취소",뉴스 영향 예상: 방향성 약함 · 가격/거래량 확인 우선,"뉴스를 가져오지 못해 가격 흐름만 참고하세요. · 최대 호재: 해저케이블 수주, 전력망 투자, 구리 가격 상승 수혜, 북미 수주 / 최대 악재: 구리 원가 급등, 공급 지연, 마진 하락, 수주 취소"
American Superconductor,AMSC,ok,미장,해당 없음,0.0,0.0,0.0,,,0,해당 없음,0.0,0.0,,,,0.0,0.0,,,0.0,,0.0,대기,,AI 관망,0,지금은 확실한 우위가 부족합니다.,미장/전선,보류,🚫 제외,리스크 과다,0,22.0,20.0,0.0,0.0,0.0,2.0,57.0,False,False,중립장,11.0,47.09,47.09,fast_quote,calculated,0.0,-6.1,-4.09,0.76,0.7,False,54883395.0,49.2,False,9.72,일반 모멘텀,추세 상승,"갭 하락 경계, 변동성 과다, 거래대금 부족, 매수 확인 부족: 거래량 0.76x / 거래대금 0.70x, 리스크 51 이상으로 신규 관심 제외, 미장/전선 섹터 약세",수급 확인 불가,no_code,0.0,0.0,뉴스 수집 실패,none,뉴스를 가져오지 못해 가격 흐름만 참고하세요.,none,-,"yahoo_daily, fast_quote, news:none, flow:no_code",0.0,6.0,미장/전선 섹터 약세,2026-05-19 21:07:50 PDT,0,관망 · 뉴스를 가져오지 못해 가격 흐름만 참고하세요.,선행 신호 대기,놓침 위험 낮음,시장 방어장 · 신규 매수는 작게,급변 감지 · 당일 -6.10%,"전선 흐름 · 평균 -3.06% · 거래량 0.9배 · 대표 nVent Electric, Powell Industries, Hubbell",방어장 · 평균 -0.75% · 하락비중 66% · 현금 비중 높게,수급 확인 불가,전력 → 전선 → 구리 → 원전/데이터센터,기준 현재가 47 · 손절 참고 43 · 1차 익절 참고 53,"최대 호재: 해저케이블 수주, 전력망 투자, 구리 가격 상승 수혜, 북미 수주 / 최대 악재: 구리 원가 급등, 공급 지연, 마진 하락, 수주 취소",뉴스 영향 예상: 방향성 약함 · 가격/거래량 확인 우선,"뉴스를 가져오지 못해 가격 흐름만 참고하세요. · 최대 호재: 해저케이블 수주, 전력망 투자, 구리 가격 상승 수혜, 북미 수주 / 최대 악재: 구리 원가 급등, 공급 지연, 마진 하락, 수주 취소"
인터플렉스,051370.KQ,ok,국장,해당 없음,0.0,0.0,0.0,,,0,해당 없음,0.0,0.0,,,,0.0,0.0,,,-8.0,본장 전/초반 1시간 약세 · 초반 -2.50% · 방어 우선,6.0,양호,1분봉 양호 · 장중 -3.15% · 최근 +0.10%,AI 관망,0,지금은 확실한 우위가 부족합니다.,전자부품,보류,🚫 제외,리스크 과다,0,8.0,6.0,0.0,0.0,0.0,2.0,40.0,False,False,중립장,11.0,10560.0,10950.0,naver_realtime,naver_realtime_calculated,-3.56,-7.53,0.0,0.6,0.48,False,1515159360.0,24.0,False,7.72,일반 모멘텀,1분봉 양호 · 장중 -3.15% · 최근 +0.10%,"변동성 과다, 본장 전/초반 1시간 약세 · 초반 -2.50% · 방어 우선, 매수 확인 부족: 거래량 0.60x / 거래대금 0.48x, 리스크 34 이상으로 신규 관심 제외, 전자부품 섹터 약세",수급 수집 실패,unavailable,0.0,0.0,뉴스 수집 실패,none,뉴스를 가져오지 못해 가격 흐름만 참고하세요.,none,-,"naver_daily, naver_realtime, news:none, flow:unavailable, intraday_1m",0.0,6.0,전자부품 섹터 약세,2026-05-19 21:07:50 PDT,0,관망 · 뉴스를 가져오지 못해 가격 흐름만 참고하세요.,선행 신호 대기,놓침 위험 낮음,시장 방어장 · 신규 매수는 작게,급변 감지 · 당일 -7.53%,"전자부품 흐름 · 평균 -3.95% · 거래량 1.0배 · 대표 코리아써키트, 비에이치, LG이노텍",방어장 · 평균 -5.68% · 하락비중 91% · 현금 비중 높게,수급 수집 실패,대표 테마 연결 대기,"기준 현재가 10,560 · 손절 참고 9,745 · 1차 익절 참고 11,579","최대 호재: 수주, 계약, 실적 개선, 정책 수혜 / 최대 악재: 실적 부진, 규제, 원가 상승, 수요 둔화",뉴스 영향 예상: 방향성 약함 · 가격/거래량 확인 우선,"뉴스를 가져오지 못해 가격 흐름만 참고하세요. · 최대 호재: 수주, 계약, 실적 개선, 정책 수혜 / 최대 악재: 실적 부진, 규제, 원가 상승, 수요 둔화"
파트론,091700.KQ,ok,국장,해당 없음,0.0,0.0,0.0,,,0,해당 없음,0.0,0.0,,,,0.0,0.0,,,-8.0,본장 전/초반 1시간 약세 · 초반 -2.82% · 방어 우선,0.0,중립,1분봉 중립 · 장중 -3.95% · 최근 -0.15%,AI 관망,0,지금은 확실한 우위가 부족합니다.,전자부품,보류,🚫 제외,리스크 과다,0,2.0,0.0,0.0,0.0,0.0,2.0,37.0,False,False,중립장,11.0,6820.0,7030.0,naver_realtime,naver_realtime_calculated,-2.99,-5.54,0.0,0.78,0.69,False,1715966560.0,15.5,False,3.84,일반 모멘텀,-,"뉴스 리스크: 악재: 감소, 본장 전/초반 1시간 약세 · 초반 -2.82% · 방어 우선, 매수 확인 부족: 거래량 0.78x / 거래대금 0.69x, 리스크 31 이상으로 신규 관심 제외, 전자부품 섹터 약세",수급 수집 실패,unavailable,0.0,0.0,악재: 감소,google_news,"악재 뉴스: 주요주주 파트론, 엘컴텍 주식병합으로 주식 수 감소 (2026-05-08)",none,"주요주주 파트론, 엘컴텍 주식병합으로 주식 수 감소 (2026-05-08) | 파트론, 무상감자 변경상장→상장주식수 5,000,000주 감소 (2026-05-08)","naver_daily, naver_realtime, news:google_news, flow:unavailable, intraday_1m",0.0,6.0,전자부품 섹터 약세,2026-05-19 21:07:50 PDT,0,"관망 · 악재 뉴스: 주요주주 파트론, 엘컴텍 주식병합으로 주식 수 감소 (2026-05-08)",선행 신호 대기,놓침 위험 낮음,시장 방어장 · 신규 매수는 작게,급변 신호 없음,"전자부품 흐름 · 평균 -3.95% · 거래량 1.0배 · 대표 코리아써키트, 비에이치, LG이노텍",방어장 · 평균 -5.68% · 하락비중 91% · 현금 비중 높게,수급 수집 실패,대표 테마 연결 대기,"기준 현재가 6,820 · 손절 참고 6,558 · 1차 익절 참고 7,147","최대 호재: 수주, 계약, 실적 개선, 정책 수혜 / 최대 악재: 실적 부진, 규제, 원가 상승, 수요 둔화","악재 영향 예상: -3.0~-4.5% (6,513원 부근까지 경계) · 회복 기준 6,956원 돌파","악재 뉴스: 주요주주 파트론, 엘컴텍 주식병합으로 주식 수 감소 (2026-05-08) · 최대 호재: 수주, 계약, 실적 개선, 정책 수혜 / 최대 악재: 실적 부진, 규제, 원가 상승, 수요 둔화"
TIGER 반도체TOP10,396500.KS,ok,국장,해당 없음,0.0,0.0,0.0,,,0,해당 없음,43206.11,-0.05,"NAV 43,206원 · 괴리율 -0.05% · 저평가",,,0.0,0.0,,ETF NOW 보유/매수 신호 없음 · 2026-05-20 기준,-8.0,본장 전/초반 1시간 약세 · 초반 -1.76% · 방어 우선,0.0,중립,1분봉 중립 · 장중 -2.46% · 최근 -0.12%,AI 관망,0,지금은 확실한 우위가 부족합니다.,국장/TIGER ETF/국내반도체,보류,🚫 제외,리스크 과다,0,32.0,30.0,0.0,0.0,0.0,2.0,34.0,False,False,중립장,11.0,43185.0,43560.0,naver_realtime,naver_realtime_calculated,-0.86,-5.33,-1.92,0.65,0.64,False,725220819750.0,57.8,False,6.23,일반 모멘텀,"추세 상승, RSI 건강 구간","변동성 과다, 본장 전/초반 1시간 약세 · 초반 -1.76% · 방어 우선, 매수 확인 부족: 거래량 0.65x / 거래대금 0.64x, 리스크 34 이상으로 신규 관심 제외",수급 수집 실패,unavailable,0.0,0.0,뉴스 중립,google_news,"관련 뉴스: ""TIGER반도체TOP10레버리지 ETF 연초 이후 개인 순매수 4000억"" (2026-05-14)",none,"""TIGER반도체TOP10레버리지 ETF 연초 이후 개인 순매수 4000억"" (2026-05-14) | 미래에셋 ‘TIGER 반도체TOP10레버리지’, 연초 이후 개인 순매수 4000억 넘어 (2026-05-14)","naver_daily, naver_realtime, news:google_news, flow:unavailable, intraday_1m, etf_now",,,섹터 확인 부족,2026-05-19 21:07:50 PDT,0,"관망 · 관련 뉴스: ""TIGER반도체TOP10레버리지 ETF 연초 이후 개인 순매수 4000억"" (2026-05-14)",선행 신호 대기,놓침 위험 낮음,시장 방어장 · 신규 매수는 작게,급변 신호 없음,TIGER ETF/국내반도체 흐름 · 평균 -5.33% · 거래량 0.7배 · 대표 TIGER 반도체TOP10,방어장 · 평균 -5.68% · 하락비중 91% · 현금 비중 높게,수급 수집 실패,AI/반도체 → 전력 → 냉각 → 데이터센터 → 광통신,"기준 현재가 43,185 · 손절 참고 40,495 · 1차 익절 참고 46,548","최대 호재: 수주, 계약, 실적 개선, 정책 수혜 / 최대 악재: 실적 부진, 규제, 원가 상승, 수요 둔화",뉴스 영향 예상: 방향성 약함 · 가격/거래량 확인 우선,"관련 뉴스: ""TIGER반도체TOP10레버리지 ETF 연초 이후 개인 순매수 4000억"" (2026-05-14) · 최대 호재: 수주, 계약, 실적 개선, 정책 수혜 / 최대 악재: 실적 부진, 규제, 원가 상승, 수요 둔화"
TIGER 2차전지TOP10,364980.KS,ok,국장,해당 없음,0.0,0.0,0.0,,,0,해당 없음,11657.87,-0.11,"NAV 11,658원 · 괴리율 -0.11% · 저평가",,,0.0,0.0,,ETF NOW 보유/매수 신호 없음 · 2026-05-20 기준,-8.0,본장 전/초반 1시간 약세 · 초반 -3.13% · 방어 우선,0.0,중립,1분봉 중립 · 장중 -4.81% · 최근 -0.13%,AI 관망,0,지금은 확실한 우위가 부족합니다.,국장/TIGER ETF/2차전지,보류,🚫 제외,리스크 과다,0,25.0,6.0,0.0,0.0,17.0,2.0,38.0,False,False,중립장,11.0,11645.0,12225.0,naver_realtime,naver_realtime_calculated,-4.74,-8.74,0.04,0.73,0.62,False,71352187245.0,40.3,False,6.09,일반 모멘텀,"건전한 갭 상승, 뉴스 키워드: 강한 호재: 공급, 계약 / 약한 호재: 상승 / 악재: 하락","변동성 과다, 뉴스 리스크: 강한 호재: 공급, 계약 / 약한 호재: 상승 / 악재: 하락, 본장 전/초반 1시간 약세 · 초반 -3.13% · 방어 우선, 매수 확인 부족: 거래량 0.73x / 거래대금 0.62x, 리스크 38 이상으로 신규 관심 제외",수급 수집 실패,unavailable,0.0,0.0,"강한 호재: 공급, 계약 / 약한 호재: 상승 / 악재: 하락",google_news,악재 뉴스: [주식마감] 글로벌 빅테크 보안칩 공급에 아이씨티케이 상한가... 코스모로보틱스·티엠씨 등 강세 (2026-05-19),strong,[주식마감] 글로벌 빅테크 보안칩 공급에 아이씨티케이 상한가... 코스모로보틱스·티엠씨 등 강세 (2026-05-19) | [ETF 시황] 코스피 3% 하락에 인버스 ETF 상승…로봇·2차전지 약세 (2026-05-19),"naver_daily, naver_realtime, news:google_news, flow:unavailable, intraday_1m, etf_now",,,섹터 확인 부족,2026-05-19 21:07:50 PDT,10,관망 · 악재 뉴스: [주식마감] 글로벌 빅테크 보안칩 공급에 아이씨티케이 상한가... 코스모로보틱스·티엠씨 등 강세 (2026-05-,선행 신호 대기,놓침 위험 낮음,시장 방어장 · 신규 매수는 작게,급변 감지 · 당일 -8.74%,TIGER ETF/2차전지 흐름 · 평균 -8.74% · 거래량 0.7배 · 대표 TIGER 2차전지TOP10,방어장 · 평균 -5.68% · 하락비중 91% · 현금 비중 높게,수급 수집 실패,대표 테마 연결 대기,"기준 현재가 11,645 · 손절 참고 10,936 · 1차 익절 참고 12,531",섹터 최대 호재: 계약,"악재 영향 예상: -3.9~-7.1% (10,813원 부근까지 경계) · 회복 기준 11,964원 돌파",악재 뉴스: [주식마감] 글로벌 빅테크 보안칩 공급에 아이씨티케이 상한가... 코스모로보틱스·티엠씨 등 강세 (2026-05-19) · 섹터 최대 호재: 계약
KH바텍,060720.KQ,ok,국장,해당 없음,0.0,0.0,0.0,,,0,해당 없음,0.0,0.0,,,,0.0,0.0,,,-8.0,본장 전/초반 1시간 약세 · 초반 -3.33% · 방어 우선,0.0,중립,1분봉 중립 · 장중 -4.91% · 최근 -0.09%,AI 관망,0,지금은 확실한 우위가 부족합니다.,전자부품,보류,🚫 제외,리스크 과다,0,6.0,0.0,0.0,0.0,4.0,2.0,25.0,False,False,중립장,11.0,11530.0,12020.0,naver_realtime,naver_realtime_calculated,-4.08,-5.41,-1.07,0.74,0.62,False,3083341070.0,13.2,False,5.98,일반 모멘텀,뉴스 키워드: 보통 호재: 승인,"본장 전/초반 1시간 약세 · 초반 -3.33% · 방어 우선, 매수 확인 부족: 거래량 0.74x / 거래대금 0.62x, 전자부품 섹터 약세",수급 수집 실패,unavailable,0.0,0.0,보통 호재: 승인,google_news,"호재 뉴스: KH바텍, 스마트폰 중심 포트폴리오가 자동차·로봇으로 전환…'매수'-대신 (2026-05-19)",medium,"KH바텍, 스마트폰 중심 포트폴리오가 자동차·로봇으로 전환…'매수'-대신 (2026-05-19) | ""美증권거래위, 상장사 승인 없는 ‘주식 토큰’ 허용 검토"" (2026-05-19)","naver_daily, naver_realtime, news:google_news, flow:unavailable, intraday_1m",0.0,6.0,전자부품 섹터 약세,2026-05-19 21:07:50 PDT,13,"관망 · 호재 뉴스: KH바텍, 스마트폰 중심 포트폴리오가 자동차·로봇으로 전환…'매수'-대신 (2026-05-19)",선행 신호 대기,놓침 위험 낮음,시장 방어장 · 신규 매수는 작게,급변 신호 없음,"전자부품 흐름 · 평균 -3.95% · 거래량 1.0배 · 대표 코리아써키트, 비에이치, LG이노텍",방어장 · 평균 -5.68% · 하락비중 91% · 현금 비중 높게,수급 수집 실패,로봇 → 감속기 → 자동화 장비 → 센서,"기준 현재가 11,530 · 손절 참고 10,841 · 1차 익절 참고 12,392","최대 호재: 수주, 계약, 실적 개선, 정책 수혜 / 최대 악재: 실적 부진, 규제, 원가 상승, 수요 둔화","호재 영향 예상: +4.1~+7.5% (12,393원 부근까지 시도) · 이탈 기준 11,220원","호재 뉴스: KH바텍, 스마트폰 중심 포트폴리오가 자동차·로봇으로 전환…'매수'-대신 (2026-05-19) · 최대 호재: 수주, 계약, 실적 개선, 정책 수혜 / 최대 악재: 실적 부진, 규제, 원가 상승, 수요 둔화"
코리아써키트,007810.KS,ok,국장,해당 없음,0.0,0.0,0.0,,,0,해당 없음,0.0,0.0,,,,0.0,0.0,,,0.0,본장 전/초반 1시간 중립 · 초반 +1.63%,16.0,강함,1분봉 강함 · 장중 +1.16% · 최근 +0.35% · 거래 0.1배,AI 관망,0,지금은 확실한 우위가 부족합니다.,전자부품,보류,🚫 제외,리스크 과다,0,26.0,12.0,12.0,0.0,0.0,2.0,42.0,False,False,중립장,11.0,87500.0,80800.0,naver_realtime,naver_realtime_calculated,8.29,6.06,-3.03,1.35,1.26,True,40159875000.0,32.7,False,11.06,일반 모멘텀,"거래량 증가(1.4x), 1분봉 강함 · 장중 +1.16% · 최근 +0.35% · 거래 0.1배","갭 하락 경계, 변동성 과다, 리스크 36 이상으로 신규 관심 제외, 전자부품 섹터 약세",수급 수집 실패,unavailable,0.0,0.0,뉴스 중립,google_news,"관련 뉴스: 코리아써키트, -13.85% VI 발동 (2026-05-18)",none,"코리아써키트, -13.85% VI 발동 (2026-05-18) | (5/15) 내일의 관심종목 (2026-05-15)","naver_daily, naver_realtime, news:google_news, flow:unavailable, intraday_1m",0.0,6.0,전자부품 섹터 약세,2026-05-19 21:07:50 PDT,0,"관망 · 거래량 1.4배 · 추격 부담 높음 · 관련 뉴스: 코리아써키트, -13.85% VI 발동 (2026-05-18)",추격 주의 · 이미 오른 구간이라 눌림 확인 우선,놓침 위험 낮음,시장 방어장 · 신규 매수는 작게,급변 감지 · 당일 +6.06%,"전자부품 흐름 · 평균 -3.95% · 거래량 1.0배 · 대표 코리아써키트, 비에이치, LG이노텍",방어장 · 평균 -5.68% · 하락비중 91% · 현금 비중 높게,수급 수집 실패,대표 테마 연결 대기,"기준 현재가 87,500 · 손절 참고 77,822 · 1차 익절 참고 99,597","최대 호재: 수주, 계약, 실적 개선, 정책 수혜 / 최대 악재: 실적 부진, 규제, 원가 상승, 수요 둔화",뉴스 영향 예상: 방향성 약함 · 가격/거래량 확인 우선,"관련 뉴스: 코리아써키트, -13.85% VI 발동 (2026-05-18) · 최대 호재: 수주, 계약, 실적 개선, 정책 수혜 / 최대 악재: 실적 부진, 규제, 원가 상승, 수요 둔화"
세종텔레콤,036630.KQ,ok,국장,해당 없음,0.0,0.0,0.0,,,0,해당 없음,0.0,0.0,,,,0.0,0.0,,,0.0,본장 전/초반 1시간 중립 · 초반 -0.38%,-8.0,위험,1분봉 약함 · 장중 -0.58% · 최근 -1.90% · 거래 0.4배,AI 관망,0,지금은 확실한 우위가 부족합니다.,통신,보류,🚫 제외,리스크 과다,0,22.0,20.0,0.0,0.0,0.0,2.0,55.0,False,False,중립장,11.0,10200.0,10400.0,naver_realtime,naver_realtime_calculated,-1.92,-4.4,0.0,0.99,0.97,True,165648000.0,44.9,False,6.33,일반 모멘텀,추세 상승,"변동성 과다, 거래대금 부족, 1분봉 약함 · 장중 -0.58% · 최근 -1.90% · 거래 0.4배, 리스크 49 이상으로 신규 관심 제외, 통신 섹터 약세",수급 수집 실패,unavailable,0.0,0.0,뉴스 중립,google_news,"관련 뉴스: 세종텔레콤, +3.10% VI 발동 (2026-05-18)",none,"세종텔레콤, +3.10% VI 발동 (2026-05-18)","naver_daily, naver_realtime, news:google_news, flow:unavailable, intraday_1m",0.0,6.0,통신 섹터 약세,2026-05-19 21:07:50 PDT,0,"관망 · 관련 뉴스: 세종텔레콤, +3.10% VI 발동 (2026-05-18)",선행 신호 대기,놓침 위험 낮음,시장 방어장 · 신규 매수는 작게,급변 신호 없음,"통신 흐름 · 평균 -2.12% · 거래량 0.8배 · 대표 SK텔레콤, LG유플러스, 인스코비",방어장 · 평균 -5.68% · 하락비중 91% · 현금 비중 높게,수급 수집 실패,대표 테마 연결 대기,"기준 현재가 10,200 · 손절 참고 9,554 · 1차 익절 참고 11,007","최대 호재: 요금제 개편, AI 데이터센터, 주주환원, 5G 투자 / 최대 악재: 과징금, 해킹, 통신 장애, 규제",뉴스 영향 예상: 방향성 약함 · 가격/거래량 확인 우선,"관련 뉴스: 세종텔레콤, +3.10% VI 발동 (2026-05-18) · 최대 호재: 요금제 개편, AI 데이터센터, 주주환원, 5G 투자 / 최대 악재: 과징금, 해킹, 통신 장애, 규제"
아이즈비전,031310.KQ,ok,국장,해당 없음,0.0,0.0,0.0,,,0,해당 없음,0.0,0.0,,,,0.0,0.0,,,-8.0,본장 전/초반 1시간 약세 · 초반 -4.95% · 방어 우선,-8.0,위험,1분봉 약함 · 장중 -6.38% · 최근 -0.92% · 거래 0.2배,AI 관망,0,지금은 확실한 우위가 부족합니다.,통신,보류,🚫 제외,리스크 과다,0,6.0,0.0,0.0,0.0,4.0,2.0,79.0,False,False,중립장,11.0,1533.0,1596.0,naver_realtime,naver_realtime_calculated,-3.95,-4.72,0.0,0.45,0.39,False,717076080.0,38.3,False,7.33,일반 모멘텀,"뉴스 키워드: 보통 호재: 투자 / 악재: 감소, 지분율, 주식등의 수","변동성 과다, 거래대금 부족, 뉴스 리스크: 보통 호재: 투자 / 악재: 감소, 지분율, 주식등의 수, 1분봉 약함 · 장중 -6.38% · 최근 -0.92% · 거래 0.2배, 본장 전/초반 1시간 약세 · 초반 -4.95% · 방어 우선, 매수 확인 부족: 거래량 0.45x / 거래대금 0.39x, 리스크 73 이상으로 신규 관심 제외, 통신 섹터 약세",수급 수집 실패,unavailable,0.0,0.0,"보통 호재: 투자 / 악재: 감소, 지분율, 주식등의 수",google_news,"악재 뉴스: 아이즈비전 주주 시너지아이비투자, 아이즈비전 주식등의 수 99만84주 감소…총 지분율 3.61% (2026-05-08)",medium,"아이즈비전 주주 시너지아이비투자, 아이즈비전 주식등의 수 99만84주 감소…총 지분율 3.61% (2026-05-08) | 아이즈비전, 통신장비주 고ROE+저PER+저PBR 1위 (2026-05-07)","naver_daily, naver_realtime, news:google_news, flow:unavailable, intraday_1m",0.0,6.0,통신 섹터 약세,2026-05-19 21:07:50 PDT,0,"관망 · 악재 뉴스: 아이즈비전 주주 시너지아이비투자, 아이즈비전 주식등의 수 99만84주 감소…총 지분율 3.61% (2026-05-",선행 신호 대기,놓침 위험 낮음,시장 방어장 · 신규 매수는 작게,급변 신호 없음,"통신 흐름 · 평균 -2.12% · 거래량 0.8배 · 대표 SK텔레콤, LG유플러스, 인스코비",방어장 · 평균 -5.68% · 하락비중 91% · 현금 비중 높게,수급 수집 실패,대표 테마 연결 대기,"기준 현재가 1,533 · 손절 참고 1,421 · 1차 익절 참고 1,673","최대 호재: 요금제 개편, AI 데이터센터, 주주환원, 5G 투자 / 최대 악재: 과징금, 해킹, 통신 장애, 규제","악재 영향 예상: -6.0~-11.0% (1,364원 부근까지 경계) · 회복 기준 1,584원 돌파","악재 뉴스: 아이즈비전 주주 시너지아이비투자, 아이즈비전 주식등의 수 99만84주 감소…총 지분율 3.61% (2026-05-08) · 최대 호재: 요금제 개편, AI 데이터센터, 주주환원, 5G 투자 / 최대 악재: 과징금, 해킹, 통신 장애, 규제"
인스코비,006490.KS,ok,국장,해당 없음,0.0,0.0,0.0,,,0,해당 없음,0.0,0.0,,,,0.0,0.0,,,0.0,본장 전/초반 1시간 중립 · 초반 +5.08%,16.0,강함,1분봉 강함 · 장중 +4.55% · 최근 +1.30% · 거래 0.3배,AI 관망,0,지금은 확실한 우위가 부족합니다.,통신,보류,🚫 제외,리스크 과다,0,14.0,12.0,0.0,0.0,0.0,2.0,55.0,False,False,중립장,11.0,387.0,374.0,naver_realtime,naver_realtime_calculated,3.48,1.31,0.0,0.27,0.23,False,203030262.0,26.3,False,10.65,일반 모멘텀,1분봉 강함 · 장중 +4.55% · 최근 +1.30% · 거래 0.3배,"변동성 과다, 거래대금 부족, 뉴스 리스크: 악재: 유상증자, 매수 확인 부족: 거래량 0.27x / 거래대금 0.23x, 리스크 49 이상으로 신규 관심 제외, 통신 섹터 약세",수급 수집 실패,unavailable,0.0,0.0,악재: 유상증자,google_news,"악재 뉴스: 인스코비, 유상증자 배정대상자 변경...네모바이오벤처스로, 채무상환 25억 7,200만 원 추가 - Investing.com 한국어 (2026-05-19)",none,"인스코비, 유상증자 배정대상자 변경...네모바이오벤처스로, 채무상환 25억 7,200만 원 추가 - Investing.com 한국어 (2026-05-19) | '동전주' 210개 상폐 위기…액면병합 난립 (2026-05-14)","naver_daily, naver_realtime, news:google_news, flow:unavailable, intraday_1m",0.0,6.0,통신 섹터 약세,2026-05-19 21:07:50 PDT,0,"관망 · 추격 부담 낮음 · 악재 뉴스: 인스코비, 유상증자 배정대상자 변경...네모바이오벤처스로, 채무상환 25억 7,200만 원 추가 - Investi",선행 신호 대기,놓침 위험 낮음,시장 방어장 · 신규 매수는 작게,급변 신호 없음,"통신 흐름 · 평균 -2.12% · 거래량 0.8배 · 대표 SK텔레콤, LG유플러스, 인스코비",방어장 · 평균 -5.68% · 하락비중 91% · 현금 비중 높게,수급 수집 실패,의료/제약 → 임상/승인 → 장비/소모품,기준 현재가 387 · 손절 참고 346 · 1차 익절 참고 439,"최대 호재: 요금제 개편, AI 데이터센터, 주주환원, 5G 투자 / 최대 악재: 과징금, 해킹, 통신 장애, 규제",악재 영향 예상: -8.8~-16.0% (325원 부근까지 경계) · 회복 기준 406원 돌파,"악재 뉴스: 인스코비, 유상증자 배정대상자 변경...네모바이오벤처스로, 채무상환 25억 7,200만 원 추가 - Investing.com 한국어 (2026-05-19) · 최대 호재: 요금제 개편, AI 데이터센터, 주주환원, 5G 투자 / 최대 악재: 과징금, 해킹, 통신 장애, 규제"
